step,channel_121,channel_57,channel_249,channel_86,channel_377,channel_95,channel_185,channel_313,channel_214,channel_22,channel_73,channel_247,channel_223,channel_110,channel_80,channel_76,channel_441,channel_119,channel_700,channel_666,channel_31,channel_342,channel_74,channel_375,channel_831,channel_703,channel_670,channel_69,channel_664,channel_669,channel_702,channel_671,channel_250,channel_667,channel_697,channel_102,channel_255,channel_159,channel_691,channel_278,channel_183,channel_661,channel_696,channel_150,channel_575,channel_695,channel_701,channel_793,channel_58,channel_91
0,0.0002845051640179008,6.58575736451894e-05,0.00012538430746644735,0.0001602943375473842,6.977062730584294e-05,7.600357639603317e-05,8.471204637316987e-05,8.791191066848114e-05,7.385897333733737e-05,3.91004687116947e-05,6.932987889740616e-05,4.629374234355055e-05,5.0072256271960214e-05,6.070862218621187e-05,4.6286677388707176e-05,0.00010768192441901192,7.477688632206991e-05,0.00011397198977647349,1.265139326278586e-05,1.4850123989162967e-05,1.5196438653219957e-05,3.825457679340616e-05,6.555466097779572e-05,2.0285118807805702e-05,6.291532918112352e-05,2.5250999897252768e-05,2.5261984774260782e-05,5.8190402342006564e-05,1.3650213077198714e-05,1.7266584109165706e-05,1.5596586308674887e-05,1.6819452866911888e-05,3.358014873811044e-05,1.3628243323182687e-05,1.4073676538828295e-05,8.222726319218054e-05,4.286202238290571e-05,2.9268412617966533e-05,1.3887380191590637e-05,4.706942127086222e-05,2.4303986720042303e-05,1.4178954188537318e-05,1.2292224710108712e-05,5.1903825806220993e-05,1.4867491699988022e-05,9.363232493342366e-06,1.6399462765548378e-05,3.9853908674558625e-05,1.678250373515766e-05,0.00010644544090609998
100,0.0005923031712882221,0.0005343747907318175,0.0005146159674040973,0.0003335716319270432,0.0004078124766238034,0.00028057306190021336,0.00032054269104264677,0.0003082597104366869,0.0002888337185140699,0.0002864149573724717,0.0002036341611528769,0.0001651315833441913,0.00024291194858960807,0.0002040745021076873,0.0001521060330560431,0.00017715553985908628,0.00021125721104908735,0.00013265162124298513,0.00012253921886440367,0.00012552451516967267,0.00013683181896340102,0.00021028360060881823,0.00015071920643094927,0.00011509207979543135,0.00019810358935501426,0.0001553810725454241,9.740491077536717e-05,0.0001586370199220255,7.488067058147863e-05,0.00010271147766616195,0.00011583073501242325,8.86217676452361e-05,0.00015369433094747365,9.640781354391947e-05,6.518365989904851e-05,0.0001643729192437604,8.56998231029138e-05,0.00018104075570590794,7.525317778345197e-05,0.00015874965174589306,0.00010447314707562327,0.00010283271694788709,7.308050408028066e-05,0.0001686745381448418,0.00016719676204957068,6.513355037895963e-05,0.0001056671972037293,7.898810872575268e-05,0.00016189843881875277,9.606414823792875e-05
200,0.0004903344670310616,0.0003362409770488739,0.0004039795894641429,0.00027401142870076,0.00024186955124605447,0.0002753454609774053,0.00027739498182199895,0.0003021225275006145,0.00023876667546574026,0.00018646851822268218,0.0001846987142926082,0.00019353811512701213,0.0002236817526863888,0.0001710898068267852,0.00014737379387952387,0.000154508525156416,0.0001798530138330534,0.00014458179066423327,0.0001324919576290995,0.00011106194870080799,0.00020945770666003227,0.0001426534727215767,0.00014488138549495488,0.00020215861150063574,0.00014759264013264328,0.00019805962801910937,9.416044485988095e-05,0.00015874950622674078,9.996578592108563e-05,0.00013755880354437977,0.00019105272076558322,0.00011447157157817855,0.00010364178888266906,7.841124897822738e-05,9.517876605968922e-05,0.00013951821892987937,9.181395580526441e-05,0.00017237178690265864,0.00011686004290822893,0.0001788536465028301,0.00011073257337557152,0.00011958838149439543,8.31112774903886e-05,0.0001541083911433816,7.193005149019882e-05,0.00011674476991174743,8.614378020865843e-05,8.897626685211435e-05,7.913709850981832e-05,9.548147500026971e-05
300,0.0007940416689962149,0.00034470047103241086,0.0004334383411332965,0.0004114547627978027,0.0003174903686158359,0.0003807385510299355,0.00025150299188680947,0.00028351516812108457,0.0002607254427857697,0.00019416038412600756,0.0002799818175844848,0.0002706522063817829,0.0002544235612731427,0.00024969869991764426,0.00024692423176020384,0.0002442177210468799,0.00022361257288139313,0.00023321379558183253,0.00023205795150715858,9.707669232739136e-05,0.00021326422574929893,0.00018710410222411156,0.00020450966258067638,0.0001879111077869311,0.00017288984963670373,0.00018882579752244055,0.00019750195497181267,0.00019709033949766308,8.665533823659644e-05,0.00019175405032001436,0.00015219580382108688,0.0001876773458207026,0.00018697920313570648,0.00016140271327458322,8.372382581001148e-05,0.00018244243983644992,0.00018197695317212492,0.00015351369802374393,0.00018057425040751696,0.00015625548257958144,0.00017471348110120744,0.0001737186685204506,0.00011727656965376809,0.00013466569362208247,0.00011674969573505223,0.00016611501632723957,0.00016329581558238715,0.0001621913688722998,0.00013618743105325848,0.00016170971503015608
400,0.0003959709720220417,0.00013916936586610973,0.0002707894891500473,0.0002163410244975239,0.00017701926117297262,0.00022431254910770804,0.00018177393940277398,0.00012750249879900366,0.00015537258877884597,7.728648779448122e-05,0.0001412493729731068,5.6153610785258934e-05,0.0002325067762285471,0.00015032305964268744,0.00011545303277671337,0.00013456020678859204,0.00010914597078226507,8.680756582180038e-05,7.018144970061257e-05,2.6372497814008966e-05,7.576723874080926e-05,9.631457214709371e-05,0.00011436408385634422,5.118428816786036e-05,7.07488288753666e-05,5.6535911426180974e-05,4.4865118979942054e-05,0.00010456761083332822,4.0314753277925774e-05,3.8044378015911207e-05,4.331260788603686e-05,3.8860416680108756e-05,6.202860095072538e-05,3.842161822831258e-05,4.234898369759321e-05,0.00011153479135828093,5.235151184024289e-05,9.634956222726032e-05,2.9396815079962835e-05,6.802978896303102e-05,5.2827715990133584e-05,4.857034218730405e-05,3.4228945878567174e-05,9.759006934473291e-05,4.030910349683836e-05,2.5395860575372353e-05,3.704694609041326e-05,5.2400417189346626e-05,3.6229612305760384e-05,6.0818169004051015e-05
500,0.00026098857051692903,0.00017999703413806856,0.00019299416453577578,0.0001491628063376993,0.00016913449508138,0.00014950736658647656,0.00013270534691400826,0.0001060424474417232,0.00010376454156357795,9.650284482631832e-05,9.634562593419105e-05,7.935430039651692e-05,0.00011458529479568824,0.00010078844206873327,7.173835911089554e-05,8.377558697247878e-05,0.00010123792890226468,7.991393795236945e-05,3.521342296153307e-05,2.838552427419927e-05,7.097092020558193e-05,8.867016003932804e-05,7.169465970946476e-05,5.617033093585633e-05,0.00010455377196194604,5.612728637061082e-05,2.7669435439747758e-05,7.940483192214742e-05,2.768097874650266e-05,3.356568777235225e-05,4.619718674803153e-05,4.1607472667237744e-05,6.689503788948059e-05,4.7537516365991905e-05,3.016498521901667e-05,6.961581675568596e-05,3.7846239138161764e-05,7.641435513505712e-05,4.059603452333249e-05,5.847710053785704e-05,3.534752249834128e-05,3.805285086855292e-05,2.9649592761415988e-05,7.576103234896436e-05,4.077771882293746e-05,1.976769453904126e-05,4.753598841489293e-05,4.835317304241471e-05,3.229224603273906e-05,5.883443736820482e-05
600,0.0003423625894356519,0.00012441152648534626,0.00029195210663601756,0.00018391729099676013,0.00011245791392866522,0.00014491552428808063,0.00013564132677856833,0.0001368221128359437,0.00016433130076620728,6.652202864643186e-05,0.00011110168270533904,9.322079858975485e-05,0.00014235572598408908,0.00011315063602523878,9.765052527654916e-05,9.996740845963359e-05,9.527630027150735e-05,9.689139551483095e-05,5.757534017902799e-05,6.72296664561145e-05,5.4680487664882094e-05,6.200780626386404e-05,8.982848521554843e-05,5.345811587176286e-05,0.00018990466196555644,0.0001799564779503271,8.34949387353845e-05,7.335263944696635e-05,5.353356755222194e-05,0.00010489559645066038,5.3801904869033024e-05,0.00010198355448665097,5.76140773773659e-05,5.760034400736913e-05,5.2535691793309525e-05,6.863378075649962e-05,6.011548248352483e-05,7.723091403022408e-05,9.4573013484478e-05,7.066351099638268e-05,5.06036049046088e-05,8.935480582294986e-05,0.00010181634570471942,6.862024747533724e-05,8.486973092658445e-05,6.436061084968969e-05,0.00013598325313068926,5.4406827985076234e-05,4.213948341202922e-05,6.0415441112127155e-05
700,0.0002754020388238132,0.00011496617662487552,0.00022992149752099067,0.00015190092381089926,0.00015650656132493168,0.0001358797017019242,0.00012579791655298322,0.00013100908836349845,0.00013365797349251807,6.75504925311543e-05,9.262855019187555e-05,0.00010310757352272049,0.00011642841127468273,9.72348207142204e-05,6.821540591772646e-05,8.71289157657884e-05,0.00018473189265932888,7.870756962802261e-05,4.460472337086685e-05,4.046872345497832e-05,6.86974308337085e-05,8.87904898263514e-05,7.965773693285882e-05,6.908403156558052e-05,9.851859795162454e-05,8.16665415186435e-05,4.236662789480761e-05,7.761370943626389e-05,3.9940387068782e-05,0.00010426440712762997,6.33131930953823e-05,5.350059655029327e-05,4.7364916099468246e-05,6.75037081236951e-05,6.168406252982095e-05,7.107906276360154e-05,5.440798486233689e-05,7.836217264411971e-05,4.037642429466359e-05,7.272289803950116e-05,4.1768173105083406e-05,4.614998397300951e-05,3.573714639060199e-05,6.954090349609032e-05,5.2790914196521044e-05,3.2443833333672956e-05,4.099504803889431e-05,3.15442266582977e-05,3.669636134873144e-05,4.805474600289017e-05
800,0.00032630263012833893,0.00014728923270013183,0.00025668201851658523,0.00018008191545959562,0.00020175187091808766,0.00020861747907474637,0.0001186019362648949,0.00013830864918418229,0.00013975091860629618,8.11990539659746e-05,0.00012354383943602443,0.00010673874203348532,0.0001591820182511583,0.0001235552626894787,8.775931928539649e-05,0.00010179042146774009,9.440079156775028e-05,5.239212987362407e-05,4.594658093992621e-05,3.1188654247671366e-05,7.945051766000688e-05,0.00011277445446467027,9.672604937804863e-05,5.687604425475001e-05,8.564643940189853e-05,5.983043593005277e-05,3.6700512282550335e-05,0.00012178876932011917,2.6735493520391174e-05,3.9253514842130244e-05,3.175306846969761e-05,3.761594416573644e-05,5.106356547912583e-05,3.9920345443533733e-05,5.184214751352556e-05,9.309499728260562e-05,3.804692460107617e-05,7.599577656947076e-05,3.50883201463148e-05,6.777061935281381e-05,4.894517405773513e-05,4.52647109341342e-05,3.0508281270158477e-05,6.782948184991255e-05,3.3454613003414124e-05,2.948415385617409e-05,3.443198875174858e-05,4.861419802182354e-05,2.7790401873062365e-05,4.6343033318407834e-05
900,0.0003753939236048609,0.0001377094886265695,0.00024089236103463918,0.00021929801732767373,0.00016694329679012299,0.00019332124793436378,0.00021566003852058202,0.00013521331129595637,0.00014159597049001604,7.441480556735769e-05,0.00012232951121404767,0.00011044136044802144,0.0001235827076015994,0.00013020899496041238,0.0001107915595639497,0.00013447878882288933,0.00013399231829680502,0.00012532150140032172,5.116034299135208e-05,4.481627547647804e-05,5.996507388772443e-05,0.00010178764205193147,9.816937381401658e-05,0.00010440075129736215,7.649556209798902e-05,8.878450171323493e-05,4.3649866711348295e-05,0.00010503888188395649,3.644119715318084e-05,4.438302494236268e-05,5.0516624469310045e-05,5.883339326828718e-05,7.550667214673012e-05,0.00010794121772050858,4.253926454111934e-05,9.524908091407269e-05,6.010619836160913e-05,0.00013506611867342144,5.656062421621755e-05,7.61997071094811e-05,5.8287059800932184e-05,6.807075260439888e-05,3.5150733310729265e-05,0.00012423520092852414,6.930203380761668e-05,3.1473409762838855e-05,0.0001379940949846059,5.031019099988043e-05,4.315529076848179e-05,8.669633825775236e-05
1000,0.000316718767862767,0.00018481852021068335,0.00020549041801132262,0.00017099424439948052,0.00017774778825696558,0.00014115922385826707,0.00013371075328905135,0.00010766263585537672,0.00011450978490756825,9.590026456862688e-05,0.00010826462676050141,9.101946488954127e-05,0.00010668649338185787,0.00010634268255671486,8.105181041173637e-05,9.037910058395937e-05,8.565153257222846e-05,0.00010696089157136157,4.885923772235401e-05,5.813533061882481e-05,8.895559585653245e-05,8.924231951823458e-05,7.984464173205197e-05,4.906260801362805e-05,0.00014393296441994607,0.00012840598355978727,6.694345938740298e-05,8.577122207498178e-05,4.8433874326292425e-05,4.380451355245896e-05,6.533363921334967e-05,8.367029658984393e-05,6.398735422408208e-05,4.9416281399317086e-05,5.520384002011269e-05,8.565091411583126e-05,4.535638800007291e-05,8.795946632744744e-05,9.155977750197053e-05,5.88311959290877e-05,5.0794373237295076e-05,9.263605170417577e-05,4.241990245645866e-05,7.623209239682183e-05,4.4307416828814894e-05,4.630573312169872e-05,4.746937338495627e-05,6.394590309355408e-05,4.1617702663643286e-05,6.517367000924423e-05
1100,0.00036018824903294444,0.0001153116681962274,0.00021052516240160912,0.00018707331037148833,0.00015787342272233218,0.0001820594334276393,0.00015993615670595318,9.405319724464789e-05,0.00011543761502252892,7.014354196144268e-05,0.00013606317224912345,7.330186053877696e-05,0.00013324567407835275,0.00011538161925273016,0.00010727944027166814,0.00012173976574558765,9.898646385408938e-05,8.992478251457214e-05,4.6936707803979516e-05,3.1462728657061234e-05,5.893514753552154e-05,8.115631499094889e-05,0.00012671411968767643,5.189094736124389e-05,8.973461808636785e-05,5.876805153093301e-05,3.9115941035561264e-05,0.00010984691471094266,3.49331421602983e-05,4.892194920103066e-05,5.931632040301338e-05,3.6962963349651545e-05,5.4216463468037546e-05,4.319339132052846e-05,3.0613253329647705e-05,8.86544439708814e-05,5.1341154176043347e-05,9.100074385059997e-05,3.256092531955801e-05,5.323172445059754e-05,5.544264422496781e-05,3.9578495488967746e-05,3.4958444302901626e-05,8.984706801129505e-05,3.168735929648392e-05,3.240510341129266e-05,4.921689833281562e-05,4.0477108996128663e-05,3.534432835294865e-05,8.690974209457636e-05
1200,0.00024912410299293697,0.00013029905676376075,0.00024031870998442173,0.00014127061876934022,0.00011679583258228377,0.00013204579590819776,0.00013798732834402472,0.0001319864677498117,0.00012778928794432431,7.477350300177932e-05,8.25823299237527e-05,9.580139158060774e-05,0.00017590710194781423,8.699904719833285e-05,6.086474968469702e-05,9.067523205885664e-05,7.972966704983264e-05,6.512655090773478e-05,4.024224472232163e-05,6.312091136351228e-05,8.279839676106349e-05,6.624618981732056e-05,6.758098606951535e-05,5.0260277930647135e-05,0.00010146482236450538,8.306511153932661e-05,5.219542435952462e-05,6.958543235668913e-05,4.512683881330304e-05,4.194812208879739e-05,3.819563062279485e-05,4.9514528654981405e-05,8.92476164153777e-05,3.73358852812089e-05,2.9951374017400667e-05,6.006034163874574e-05,3.779582038987428e-05,8.321136556332931e-05,5.5351894843624905e-05,7.078244379954413e-05,4.6358069084817544e-05,5.635942216031253e-05,6.333619239740074e-05,7.325556362047791e-05,6.65642655803822e-05,4.2439871322130784e-05,4.4678956328425556e-05,7.976503547979519e-05,3.130103141302243e-05,4.445978265721351e-05
1300,0.0003401444118935615,0.00014415614714380354,0.0003213192685507238,0.00019019830506294966,0.00015062808233778924,0.0001574031775817275,0.0001494080206612125,0.0001487919653300196,0.00017871517047751695,8.571655780542642e-05,0.00011027163418475538,7.694336090935394e-05,0.0001382478658342734,0.00011877372162416577,8.296048326883465e-05,0.00010339079017285258,0.00012041269656037912,0.00011193584214197472,4.614383215084672e-05,4.898490442428738e-05,7.743356400169432e-05,8.518757385900244e-05,9.794010111363605e-05,5.933495776844211e-05,8.999543206300586e-05,7.811745308572426e-05,4.19058051193133e-05,9.561859769746661e-05,5.315728049026802e-05,3.205627217539586e-05,4.018447361886501e-05,4.9893049435922876e-05,5.4674506827723235e-05,5.7208293583244085e-05,4.391067705000751e-05,8.427348075201735e-05,8.129619527608156e-05,8.788071863818914e-05,5.1919949328294024e-05,8.146856271196157e-05,3.972729973611422e-05,5.879847230971791e-05,5.755343590863049e-05,8.56362166814506e-05,4.1760431486181915e-05,3.355392982484773e-05,4.343377804616466e-05,3.843485319521278e-05,3.1309693440562114e-05,0.0001039131311699748
1400,0.00040893140248954296,0.00017439606017433107,0.00025172161986120045,0.0002036663208855316,0.00018054629617836326,0.0001915532920975238,0.000155555535457097,0.00014806217222940177,0.00013268995098769665,9.347544255433604e-05,0.00014580189599655569,9.347625746158883e-05,0.0001460390631109476,0.00014154691598378122,0.00011214071128051728,0.00012380816042423248,0.00019144159159623086,6.45507825538516e-05,4.786829958902672e-05,5.8807672758121043e-05,6.969978858251125e-05,0.00010237948299618438,0.0001081730515579693,6.457677227444947e-05,9.221255459124222e-05,9.047563798958436e-05,6.219345959834754e-05,0.00011049014574382454,4.8833549953997135e-05,5.960823182249442e-05,5.2864852477796376e-05,4.83174626424443e-05,4.871048076893203e-05,6.280164234340191e-05,5.743053770856932e-05,9.290278103435412e-05,6.195506284711882e-05,7.103212556103244e-05,4.974732655682601e-05,7.956798799568787e-05,5.784896347904578e-05,5.003893602406606e-05,4.7137316869338974e-05,8.921378321247175e-05,5.360581781133078e-05,4.313996760174632e-05,4.897588223684579e-05,5.1553735829656944e-05,7.222014392027631e-05,7.88532561273314e-05
1500,0.0003699060180224478,0.0001669111952651292,0.00019298717961646616,0.0002127936895703897,0.00014016774366609752,0.0001477766636526212,0.00015506606723647565,0.00012942761532031,0.00011835469922516495,9.571738337399438e-05,0.00012263283133506775,5.7261044275946915e-05,0.00010591821774141863,0.00013869651593267918,8.640893793199211e-05,0.00010838698653969914,0.00010400245082564652,8.005578274605796e-05,4.97282890137285e-05,3.70372727047652e-05,7.613954949192703e-05,7.864380313549191e-05,0.00010543280222918838,5.670110112987459e-05,0.0001504698011558503,0.00011795638420153409,5.437760046334006e-05,9.55446666921489e-05,6.369391485350206e-05,5.98539445491042e-05,5.653226617141627e-05,7.736592669971287e-05,4.5738532207906246e-05,3.764991197385825e-05,5.753510049544275e-05,9.913309622788802e-05,4.089209687663242e-05,8.1286569184158e-05,6.783016578992829e-05,6.686285632895306e-05,3.7649722798960283e-05,0.00010104080865858123,4.021495260531083e-05,7.93727085692808e-05,4.082906525582075e-05,5.760031126555987e-05,4.5369444706011564e-05,5.389655052567832e-05,4.197771704639308e-05,8.92535099410452e-05
1600,0.00027782321558333933,0.0002662920451257378,0.0002201293973485008,0.0001520510413683951,0.00012932259414810687,0.0001437649189028889,0.0002354193857172504,0.00010848179226741195,0.00012103948392905295,0.00014785250823479146,0.00010799436131492257,8.310271368827671e-05,0.000123331556096673,9.806746675167233e-05,9.06625937204808e-05,8.408492431044579e-05,0.00017495985957793891,7.242013816721737e-05,6.007470437907614e-05,3.8183716242201626e-05,8.438693475909531e-05,6.730684981448576e-05,8.089088078122586e-05,5.910874097025953e-05,8.648944640299305e-05,7.607995939906687e-05,6.897681305417791e-05,7.742843445157632e-05,4.674750016420148e-05,4.6313722123159096e-05,4.4792239350499585e-05,4.5341497752815485e-05,6.586249219253659e-05,6.70050794724375e-05,3.6613775591831654e-05,6.374018994392827e-05,6.888464122312143e-05,0.0001479695929447189,5.961544593446888e-05,5.960341513855383e-05,3.2319981983164325e-05,5.276437877910212e-05,2.777075133053586e-05,0.0001148031369666569,5.046603109803982e-05,2.917647361755371e-05,3.204031236236915e-05,4.884602822130546e-05,6.56062038615346e-05,6.381517596310005e-05
1700,0.00027083235909231007,0.00011264332715654746,0.00023282374604605138,0.00015294307377189398,0.00011093816283391789,0.00013043278886470944,0.00013821563334204257,0.00010932460281765088,0.0001316783163929358,6.603045767406002e-05,9.412483632331714e-05,7.586270658066496e-05,0.0001534767507109791,9.357593080494553e-05,8.666577195981517e-05,8.315321611007676e-05,0.00010637362720444798,6.580220360774547e-05,5.836041964357719e-05,4.481038195081055e-05,5.7087770983343944e-05,5.856740244780667e-05,7.805496716173366e-05,6.057661448721774e-05,6.620349449804053e-05,6.331152690108865e-05,5.623421020573005e-05,7.811024261172861e-05,2.5257835659431294e-05,4.817687295144424e-05,3.368006582604721e-05,4.1691680962685496e-05,5.6816388678271323e-05,4.2366718844277784e-05,4.446028469828889e-05,7.207931048469618e-05,5.0218084652442485e-05,8.571660873712972e-05,4.382807674119249e-05,5.998362030368298e-05,3.430025026318617e-05,4.4159183744341135e-05,4.468495535547845e-05,7.379939779639244e-05,5.7503704738337547e-05,2.4963001123978756e-05,5.2123094064882025e-05,5.4688040108885616e-05,2.7794671041192487e-05,5.5994358262978494e-05
1800,0.00040975993033498526,0.00017152499640360475,0.00026935359346680343,0.00022091717983130366,0.00016886387311387807,0.0001833387796068564,0.00014096016820985824,0.00011314783478155732,0.00015128673112485558,9.315952775068581e-05,0.00013431768456939608,8.917938976082951e-05,0.00015255481412168592,0.00012609211262315512,9.300282545154914e-05,0.00012840627459809184,0.00014292688865680248,7.331874076044187e-05,5.932769272476435e-05,4.560122761176899e-05,7.989442383404821e-05,9.528044029138982e-05,0.00010142441897187382,5.126583346282132e-05,0.00010718109842855483,9.051676897797734e-05,7.006864325376227e-05,0.00010049400589196011,4.4329957745503634e-05,5.212057658354752e-05,4.5193151890998706e-05,6.255050539039075e-05,5.8856468967860565e-05,5.448612500913441e-05,3.8675647374475375e-05,7.992576865945011e-05,4.9805614253273234e-05,7.817640289431438e-05,4.7465764509979635e-05,6.286033749347553e-05,5.4994801757857203e-05,6.082582694943994e-05,5.0001839554170147e-05,7.780176383676007e-05,4.533624814939685e-05,3.0042674552532844e-05,4.8292422434315085e-05,7.106220436980948e-05,6.204478268045932e-05,9.930423402693123e-05
1900,0.0002298143517691642,0.00013841137115377933,0.00029240359435789287,0.00012761603284161538,0.0001398486492689699,0.00013352646783459932,0.00012161459744675085,0.00010450051922816783,0.00015617889584973454,7.101026130840182e-05,8.214081753976643e-05,0.0001115075865527615,0.00013077506446279585,7.634738722117618e-05,6.852405203972012e-05,7.226767775136977e-05,9.696794586488977e-05,8.26699542813003e-05,6.67125204927288e-05,3.8524951378349215e-05,8.239458838943392e-05,7.513014134019613e-05,7.206938607851043e-05,4.151190660195425e-05,0.0001216443270095624,7.693989027757198e-05,3.660219590528868e-05,6.64733670419082e-05,4.7989204176701605e-05,4.03583180741407e-05,4.2877960368059576e-05,5.0985614507226273e-05,4.384723797556944e-05,7.71242193877697e-05,5.308576874085702e-05,7.147529686335474e-05,3.6911627830704674e-05,8.707033703103662e-05,4.8032299673650414e-05,5.562045771512203e-05,6.237188790692016e-05,5.05804164276924e-05,3.7564521335298195e-05,6.259609654080123e-05,4.758227805723436e-05,3.992924757767469e-05,8.074063225649297e-05,3.976362859248184e-05,2.499520269338973e-05,6.57730852253735e-05
2000,0.0003136351297143847,0.00019428523955866694,0.0003070636885240674,0.00016010826220735908,0.00019056469318456948,0.00015827748575247824,0.0001674807572271675,0.00017015694174915552,0.00016234145732596517,0.00011400321818655357,9.256461635231972e-05,7.888077379902825e-05,0.0001390048855682835,8.78488935995847e-05,8.73527314979583e-05,9.675043838797137e-05,0.00010457450116518885,8.559041452826932e-05,9.98318282654509e-05,0.00021618128812406212,8.46464026835747e-05,9.895399853121489e-05,7.371502579189837e-05,6.221127114258707e-05,8.240854367613792e-05,0.0001551677705720067,0.00011511764751048759,8.66753252921626e-05,8.530796185368672e-05,7.055006426526234e-05,3.4214521292597055e-05,8.51534932735376e-05,5.285975930746645e-05,5.537113975151442e-05,0.00010616752115311101,7.233044016174972e-05,4.2472220229683444e-05,9.564530046191067e-05,5.754091762355529e-05,9.008140477817506e-05,6.087878500693478e-05,8.22193396743387e-05,0.0001730497897369787,8.496810914948583e-05,5.0026810640702024e-05,0.00011930069013033062,0.00010878757893806323,5.592210800386965e-05,3.8840902561787516e-05,6.14223099546507e-05
2100,0.0003315050562378019,0.00019008980598300695,0.0002471652696840465,0.00018330053717363626,0.00014944896975066513,0.0001602605771040544,0.00015598433674313128,0.00011542394349817187,0.00013985033729113638,9.564446372678503e-05,0.00012263156531844288,9.667003905633464e-05,0.00017688123625703156,0.00012686336413025856,8.009465091163293e-05,9.597776079317555e-05,0.000130535161588341,7.377619476756081e-05,6.534886051667854e-05,4.5605298510054126e-05,8.288395474664867e-05,7.808709051460028e-05,8.002763206604868e-05,5.574324677581899e-05,0.00010316643601981923,6.244965334190056e-05,3.403647497179918e-05,0.00010205269063590094,4.396796430228278e-05,4.02072946599219e-05,5.25865689269267e-05,4.8398713261121884e-05,6.142211350379512e-05,5.6135395425371826e-05,4.747784259961918e-05,9.082337055588141e-05,4.31855623901356e-05,9.25915373954922e-05,4.9301987019134685e-05,6.171572749735788e-05,6.040206426405348e-05,4.73839754704386e-05,3.363729774719104e-05,8.842843089951202e-05,3.5190936614526436e-05,2.9020358851994388e-05,3.990299592260271e-05,4.160578464507125e-05,6.007996489643119e-05,5.1634142437251285e-05
2200,0.00030585291096940637,0.00017207191558554769,0.000240763503825292,0.00016513110313098878,0.00014422426465898752,0.0001912946318043396,0.00017569192277733237,0.00012307814904488623,0.00013051799032837152,9.491664241068065e-05,0.00010963728709612042,0.00012022845476167277,0.00013356147974263877,0.0001189057802548632,8.616293780505657e-05,9.870850772131234e-05,0.0001269880449399352,6.368412141455337e-05,5.25324976479169e-05,6.272396421991289e-05,7.958097558002919e-05,7.84330622991547e-05,8.346045069629326e-05,6.57648706692271e-05,0.00010701888095354661,0.00012038974819006398,5.216065619606525e-05,9.003353625303134e-05,4.318074570619501e-05,4.88181431137491e-05,6.03501612204127e-05,7.360744348261505e-05,5.5917262216098607e-05,5.387711280491203e-05,3.280636155977845e-05,9.891072841128334e-05,5.822870662086643e-05,0.00010705189197324216,7.867552631068975e-05,6.875763938296586e-05,4.144304693909362e-05,8.846272976370528e-05,3.9303275116253644e-05,9.229502029484138e-05,8.864293340593576e-05,3.5767880035564303e-05,7.778954022796825e-05,5.694964056601748e-05,4.608679228113033e-05,5.525923188542947e-05
2300,0.0003024721809197217,0.00018752912001218647,0.0002695921575650573,0.000162197626195848,0.00018200266640633345,0.00013721341383643448,0.0001432175049558282,0.00010371041571488604,0.0001511634181952104,0.00011361851647961885,0.00010474946611793712,0.00010875102452700958,0.00012798592797480524,9.171072451863438e-05,8.382970554521307e-05,9.184699592879042e-05,0.00011293392162770033,0.00010444661893416196,5.913068525842391e-05,6.959146412555128e-05,0.00010057191684609279,9.553344716550782e-05,7.871689012972638e-05,6.0499587561935186e-05,0.00011050285684177652,0.0001171929543488659,4.427408566698432e-05,7.79199181124568e-05,7.018963515292853e-05,9.042186866281554e-05,0.00013371094246394932,7.73858482716605e-05,7.429817196680233e-05,7.221147825475782e-05,5.2979910833528265e-05,7.237426325445995e-05,5.268404129310511e-05,7.409514364553615e-05,8.316302410094067e-05,5.8770430769072846e-05,5.675607462762855e-05,6.831630889791995e-05,6.703953113174066e-05,7.925833051558584e-05,6.225304969120771e-05,8.470104512525722e-05,5.9304376918589696e-05,6.472341920016333e-05,5.1649603847181424e-05,8.832112507661805e-05
2400,0.00048404373228549957,0.00016122126544360071,0.00022306121536530554,0.0002440522366669029,0.00012687884736806154,0.000301286083413288,0.00016498740296810865,0.00012008471094304696,0.00011808724229922518,8.889864693628624e-05,0.00019576841441448778,0.00010297109838575125,0.00014579761773347855,0.00017519194807391614,0.00013716513058170676,0.00014071819896344095,0.00010561759700067341,8.502833225065842e-05,7.570612797280774e-05,9.490419324720278e-05,9.010242501972243e-05,6.972376286284998e-05,0.00011242682376177981,4.237095345160924e-05,9.54088318394497e-05,0.00016376002167817205,6.819156260462478e-05,0.00016619949019514024,5.199010047363117e-05,9.059602598426864e-05,9.816566307563335e-05,0.00010625262802932411,8.219355368055403e-05,0.00010869533434743062,4.5591390517074615e-05,0.00010829732491401955,8.312657882925123e-05,0.00011212462413823232,0.00011017240467481315,6.64636172587052e-05,4.86185381305404e-05,8.211963722715154e-05,4.5347012928687036e-05,8.460410026600584e-05,9.415233216714114e-05,7.496250327676535e-05,5.554293966270052e-05,7.180770626291633e-05,4.076708137290552e-05,6.628702249145135e-05
2500,0.00034327348112128675,0.000164463504916057,0.00022965243260841817,0.0001821632031351328,0.00013896552263759077,0.00017160958668682724,0.0001444994704797864,0.00012034535029670224,0.00012165354564785957,8.844969124766067e-05,0.0001346547360299155,7.138054206734523e-05,0.00018061169248539954,0.00012233805318828672,9.736877109389752e-05,0.00011621291196206585,0.00015041531878523529,0.00010588424629531801,0.0001257926196558401,6.712352478643879e-05,6.210662104422227e-05,7.552462193416432e-05,0.00010602493421174586,4.626100053428672e-05,0.00010824945638887584,0.00016447945381514728,9.453921666136011e-05,9.994105494115502e-05,0.0001945473486557603,0.0001550447486806661,0.00014142923464532942,0.0001284704776480794,5.3756495617562905e-05,0.00018541097233537585,0.00018378288950771093,0.00012231931032147259,4.1269478970207274e-05,8.440605597570539e-05,0.00013852438132744282,6.21670697000809e-05,6.3128667534329e-05,0.00011497064406285062,7.509819988626987e-05,7.429224206134677e-05,7.439860928570852e-05,4.34351823059842e-05,0.0001383572816848755,6.972317351028323e-05,2.570289871073328e-05,5.222236359259114e-05
2600,0.00029039979563094676,0.00015003210864961147,0.0003294779162388295,0.00015466635522898287,0.00018348036974202842,0.00016436951409559697,0.00012249939027242362,0.00014420688967220485,0.00017654290422797203,8.25908500701189e-05,0.00011263711348874494,8.172124216798693e-05,0.00019148753199260682,0.00010780685261124745,8.750712731853127e-05,9.343778947368264e-05,0.00022386344789993018,7.895434828242287e-05,4.3472249672049657e-05,9.540612518321723e-05,7.497440674342215e-05,0.0001021264324663207,8.813105523586273e-05,5.086591045255773e-05,0.00010197875963058323,0.00010967637354042381,9.164927178062499e-05,8.48801209940575e-05,5.743609290220775e-05,7.028957043075934e-05,6.21002254774794e-05,5.9353340475354344e-05,5.579771823249757e-05,6.315201608231291e-05,9.159004548564553e-05,8.187489584088326e-05,3.730544267455116e-05,8.08330878498964e-05,7.475439633708447e-05,7.803065091138706e-05,4.700920180766843e-05,6.0590566135942936e-05,4.426194936968386e-05,6.851756188552827e-05,5.4117466788738966e-05,6.921077147126198e-05,4.34208195656538e-05,6.375952216330916e-05,3.240352452849038e-05,5.3700681746704504e-05
2700,0.00040435264236293733,0.00013397078146226704,0.0002821821253746748,0.00022180458472575992,0.00027743351529352367,0.00017198424029629678,0.00015068468928802758,0.0002229734236607328,0.0001523027749499306,7.71485356381163e-05,0.00014130884665064514,8.134118979796767e-05,0.00016121013322845101,0.00012138427700847387,0.00010580208618193865,0.00011899640958290547,0.0001777749421307817,6.570309051312506e-05,0.00010489920532563701,5.201245949137956e-05,7.44388162274845e-05,0.00014759821351617575,0.00010418424062663689,5.9135105402674526e-05,9.97243623714894e-05,0.000122240322525613,5.6508353736717254e-05,0.00010898985055973753,4.326942507759668e-05,6.244584801606834e-05,5.703750503016636e-05,7.648627070011571e-05,5.929021426709369e-05,0.00014017136709298939,7.703096343902871e-05,9.294594201492146e-05,6.185110396472737e-05,8.534354128642008e-05,6.502840551547706e-05,0.00012079919542884454,5.120975765748881e-05,8.461634570267051e-05,4.397601878736168e-05,8.342147339135408e-05,6.446340557886288e-05,5.009477899875492e-05,7.565104897366837e-05,5.743854126194492e-05,3.162080975016579e-05,8.146183972712606e-05
2800,0.00034485419746488333,0.00016267565661109984,0.0002707985113374889,0.0001921312214108184,0.00013435044093057513,0.00014669381198473275,0.00019391429668758065,0.0001446764072170481,0.000156549402163364,8.727765816729516e-05,0.0001193775242427364,0.00013224828580860049,0.00014421613013837487,0.00011397171329008415,9.32411930989474e-05,0.00010709258640417829,0.00011444541451055557,0.00011919765529455617,8.753099973546341e-05,5.32238045707345e-05,7.527587149525061e-05,7.53910280764103e-05,9.937073627952486e-05,6.277256761677563e-05,0.00011294335126876831,0.00011388181883376092,5.9955033066216856e-05,9.87107414402999e-05,3.650512371677905e-05,8.418159268330783e-05,5.3331528761191294e-05,6.887459312565625e-05,6.685956759611145e-05,4.9391441280022264e-05,4.629222530638799e-05,9.698810754343867e-05,5.5199358030222356e-05,9.72387715592049e-05,7.326064223889261e-05,7.963924872456118e-05,7.912371802376583e-05,6.556100561283529e-05,9.112232510233298e-05,0.00011836558405775577,5.689708996214904e-05,4.811214603250846e-05,4.2855157516896725e-05,3.597614704631269e-05,4.471592910704203e-05,7.868845568737015e-05
2900,0.0003978171735070646,0.00014108032337389886,0.0002619123551994562,0.00021818377717863768,0.00014788196131121367,0.00015482265735045075,0.00017256196588277817,0.0001345182245131582,0.0001471777359256521,7.806811481714249e-05,0.00012139874161221087,0.00010250160994473845,0.00014164322055876255,0.00012119590246584266,8.08371405582875e-05,0.00011859386722790077,9.653239976614714e-05,9.722729009808972e-05,4.848487878916785e-05,4.8084923037094995e-05,6.286797724897042e-05,8.78665377967991e-05,0.00011414605978643522,6.198267510626465e-05,9.605007653590292e-05,8.66282862261869e-05,4.760853698826395e-05,9.372691420139745e-05,5.8573317801347e-05,5.834300827700645e-05,5.1920636906288564e-05,5.6077515182550997e-05,5.328267070581205e-05,6.129508255980909e-05,4.56504785688594e-05,9.556562872603536e-05,6.35304968454875e-05,8.59315405250527e-05,5.416904605226591e-05,7.272615766851231e-05,4.973226896254346e-05,5.860699093318544e-05,3.9023962017381564e-05,8.486068691127002e-05,4.0254439227283e-05,3.6491135688265786e-05,3.844887396553531e-05,4.455442831385881e-05,3.1359166314359754e-05,9.856172982836142e-05
3000,0.00035424664383754134,0.00012459282879717648,0.0002502312418073416,0.00020058528752997518,0.00019473262364044785,0.0001750473747961223,0.00016886040975805372,0.00011659519077511504,0.00014436709170695394,6.954761920496821e-05,0.00013091295841149986,0.00010490087879588827,0.00014482172264251858,0.00014001873205415905,8.506500307703391e-05,0.000105141538369935,0.00012697649071924388,7.643514982191846e-05,4.585517308441922e-05,5.6702505389694124e-05,9.447066986467689e-05,8.485824218951166e-05,9.314208728028461e-05,9.139195753959939e-05,0.00010218663373962045,9.173375292448327e-05,3.941099930671044e-05,0.00010253240907331929,4.138536314712837e-05,7.961994560901076e-05,4.223698488203809e-05,5.355487155611627e-05,9.31002723518759e-05,4.288067793822847e-05,5.203149703447707e-05,9.400298586115241e-05,4.388253000797704e-05,0.00010378023580415174,4.7791225370019674e-05,6.812543870182708e-05,5.937625974183902e-05,5.2142444474156946e-05,5.1081482524750754e-05,8.756953320698813e-05,4.5262666390044615e-05,4.701510624727234e-05,4.327367787482217e-05,4.8898345994530246e-05,3.104439747403376e-05,5.827646964462474e-05
3100,0.000426528014941141,0.00017751871200744063,0.000250331504503265,0.00022060882474761456,0.00015523495676461607,0.00023072381736710668,0.000149421306559816,0.00010488351108506322,0.0001583798002684489,9.583291830495e-05,0.00014944332360755652,0.00011482743138913065,0.00017954761278815567,0.00015544697816949338,0.00010838080197572708,0.0001222047721967101,0.00010240956908091903,7.912638102425262e-05,7.617317896801978e-05,6.312792538665235e-05,8.242479816544801e-05,7.955535693326965e-05,0.00013606523862108588,5.893061825190671e-05,0.00012469787907321006,0.00014068905147723854,4.883750079898164e-05,0.00010608239972498268,4.09309686801862e-05,0.00011592987721087411,6.85335835441947e-05,0.00010632362682372332,8.870624878909439e-05,0.00010634095087880269,5.132307705935091e-05,0.00010326026676921174,7.386996003333479e-05,9.264656546292827e-05,9.160062472801656e-05,5.760327258030884e-05,4.591912875184789e-05,9.374434739584103e-05,8.631535456515849e-05,8.007261931197718e-05,4.346859350334853e-05,4.199058821541257e-05,7.945780816953629e-05,5.7816596381599084e-05,4.535789412329905e-05,6.83903053868562e-05
3200,0.00033663411159068346,0.00013943049998488277,0.00023243887699209154,0.00017928560555446893,0.00017229942022822797,0.00016607333964202553,0.00027051466167904437,0.00014597403060179204,0.00012502238678280264,8.196724229492247e-05,0.00011485522554721683,0.00011212823301320896,0.00011446929420344532,0.00011679250019369647,9.219101048074663e-05,0.000102487530966755,9.088015940506011e-05,7.627693412359804e-05,4.131261812290177e-05,4.850966070080176e-05,6.933023541932926e-05,9.374021465191618e-05,9.158947068499401e-05,7.56640438339673e-05,0.00010641880362527445,6.744822167092934e-05,6.966874934732914e-05,8.653811528347433e-05,2.785430297080893e-05,4.574643389787525e-05,3.613717490225099e-05,4.8803427489474416e-05,4.8338217311538756e-05,5.110298661747947e-05,4.181244730716571e-05,7.643576100235805e-05,4.737461858894676e-05,0.00014859037764836103,5.191181480768137e-05,7.682060095248744e-05,6.370452319970354e-05,5.438161679194309e-05,5.081579729449004e-05,0.00014625048788730055,3.605207893997431e-05,4.0086037188302726e-05,5.763130684499629e-05,5.39987777301576e-05,3.1248673622030765e-05,5.2699397201649845e-05
3300,0.00038393030990846455,0.00019735998648684472,0.0003696777857840061,0.00021479243878275156,0.0001270681241294369,0.00020306471560616046,0.00020132290956098586,0.00018206222739536315,0.00019222473201807588,0.00010417846351629123,0.00015118900046218187,9.523520566290244e-05,0.00020788205438293517,0.00013649270113091916,0.00010232705244561657,0.00011788809206336737,0.0001426364469807595,6.943783955648541e-05,5.906900696572848e-05,3.862076482619159e-05,7.741333683952689e-05,7.07244616933167e-05,0.00010847219527931884,4.5764725655317307e-05,0.0001228809851454571,7.526561239501461e-05,3.916932473657653e-05,0.00011368621198926121,3.589193875086494e-05,3.891985397785902e-05,4.407231244840659e-05,4.79255395475775e-05,5.669055462931283e-05,4.113023169338703e-05,4.258325498085469e-05,9.690220031188801e-05,5.046599108027294e-05,0.00011804520909208804,4.173020352027379e-05,9.880317520583048e-05,6.249900616239756e-05,4.725737380795181e-05,4.438014730112627e-05,0.00010898375330725685,6.586991366930306e-05,4.3946693040197715e-05,5.0352780817775056e-05,4.607383016264066e-05,3.7160243664402515e-05,8.257159788627177e-05
3400,0.00048424911801703274,0.00016191937902476639,0.0002612198586575687,0.0002606108319014311,0.0001917280605994165,0.00021286295668687671,0.00018942324095405638,0.0001425085065420717,0.00014516495866701007,8.32308578537777e-05,0.00014513083442579955,8.440966485068202e-05,0.00011988106416538358,0.00016412079276051372,0.0001222931023221463,0.0001344665652140975,0.0001199702310259454,0.00012936255370732397,5.1481420086929575e-05,7.26779835531488e-05,7.696384273003787e-05,0.00010259544069413096,0.00011672392429318279,5.48889693163801e-05,0.00011412234744057059,0.00013151593157090247,8.141213038470596e-05,0.00012353475904092193,3.954983185394667e-05,5.084639269625768e-05,7.282523438334465e-05,8.443269325653091e-05,4.558701766654849e-05,8.654588600620627e-05,4.601389809977263e-05,0.00011803527013398707,6.222105730557814e-05,0.00011124244338134304,7.546321285190061e-05,7.552701572421938e-05,5.295309529174119e-05,7.745608309051022e-05,8.194091060431674e-05,0.00010096970800077543,5.9655467339325696e-05,4.2563395254546776e-05,6.727273284923285e-05,5.5043172324076295e-05,5.0282244046684355e-05,7.625287980772555e-05
3500,0.0003114829305559397,0.00016949813289102167,0.00027355068596079946,0.00017820496577769518,0.000207951627089642,0.00015116702707018703,0.00015741812239866704,0.00011176051339134574,0.00014781070058234036,9.797759412322193e-05,0.0001212323913932778,0.00010144330008188263,0.00013187230797484517,0.0001034132728818804,9.432839578948915e-05,0.00010171831672778353,0.0001312614040216431,0.0001039778653648682,7.638919487362728e-05,4.727319173980504e-05,7.310746877919883e-05,0.00011803820234490559,7.58753449190408e-05,9.820403647609055e-05,8.664642518851906e-05,8.035814971663058e-05,5.3591051255352795e-05,9.108623635256663e-05,4.0486349462298676e-05,6.627594848396257e-05,8.510142652085051e-05,5.195967969484627e-05,6.398113328032196e-05,6.196996400831267e-05,4.938034908263944e-05,7.66132798162289e-05,5.247551962384023e-05,9.06460263649933e-05,4.577013532980345e-05,6.182517245179042e-05,5.332441651262343e-05,6.494636181741953e-05,5.622330354526639e-05,8.294264262076467e-05,3.583943180274218e-05,4.2663443309720606e-05,5.544100349652581e-05,4.7244080633390695e-05,3.58384131686762e-05,6.829141057096422e-05
3600,0.0005838557262904942,0.0002749783161561936,0.0002915215154644102,0.0003131413832306862,0.0001547260326333344,0.00025755996466614306,0.00014971512428019196,0.00014871654275339097,0.00016459097969345748,0.00016233616042882204,0.00020404590759426355,8.893333142623305e-05,0.00012537183647509664,0.00019105499086435884,0.0001418382307747379,0.0001751818199409172,0.00015222960792016238,0.0001223543076775968,4.326469570514746e-05,5.2826937462668866e-05,0.00011963853467023,7.747428026050329e-05,0.00015542942855972797,5.212729229242541e-05,0.00012959800369571894,9.102402691496536e-05,4.952987364958972e-05,0.00016063479415606707,4.778825677931309e-05,4.6396584366448224e-05,5.230450551607646e-05,5.827525819768198e-05,5.845927444170229e-05,4.5855555072193965e-05,5.5102766054915264e-05,0.0001439445186406374,6.045995178283192e-05,7.811698014847934e-05,5.777967453468591e-05,7.45414145058021e-05,5.0220674893353134e-05,5.157604755368084e-05,3.1547624530503526e-05,7.51956322346814e-05,4.6880893933121115e-05,4.6735214709769934e-05,4.465113306650892e-05,6.025441689416766e-05,3.769796239794232e-05,0.00012010818318231031
3700,0.00041082684765569866,0.00018518688739277422,0.0002487882738932967,0.00022442310000769794,0.00017376059258822352,0.0002005525166168809,0.00013325779582373798,0.00018241608631797135,0.00013825108180753887,9.955638233805075e-05,0.00014808982086833566,6.519455928355455e-05,0.00012083753244951367,0.0001399977772962302,9.162236528936774e-05,0.0001153307021013461,0.0001323353935731575,8.164090104401112e-05,5.606317427009344e-05,7.445322989951819e-05,7.912227010820061e-05,9.236848563887179e-05,9.13776020752266e-05,6.252628372749314e-05,0.00010117301280843094,0.00011613512469921261,5.05301941302605e-05,0.00010748694330686703,3.6879991966998205e-05,5.668816447723657e-05,4.898819315712899e-05,8.87531423359178e-05,4.684915620600805e-05,5.924783545196988e-05,4.0793886000756174e-05,0.00011457779328338802,4.6359517000382766e-05,6.63974424242042e-05,7.278941484401003e-05,9.214032616000623e-05,3.4250024327775463e-05,7.833614654373378e-05,6.059447696316056e-05,6.949471571715549e-05,4.0439281292492524e-05,3.690690209623426e-05,6.071637471904978e-05,7.112519961083308e-05,3.312817352707498e-05,6.057979408069514e-05
3800,0.00029350401018746197,0.00025927997194230556,0.0002584720205049962,0.00016785608022473752,0.00016697944374755025,0.00017511093756183982,0.00018836522940546274,0.0001359871675958857,0.00014562699652742594,0.00014371538418345153,0.00012111260002711788,8.302933565573767e-05,0.00015927612548694015,0.00012179958139313385,8.553956286050379e-05,9.268165013054386e-05,0.00011224827903788537,0.00012459233403205872,8.838673238642514e-05,6.55372059554793e-05,8.09118791949004e-05,9.42872284213081e-05,7.942904630908743e-05,5.3170835599303246e-05,0.00012215909373480827,9.386020974488929e-05,6.947853398742154e-05,9.394641529070213e-05,3.829493289231323e-05,5.278184835333377e-05,6.849609053460881e-05,6.438954005716369e-05,5.6141525419661775e-05,8.777567563811317e-05,6.0720947658410296e-05,9.479464642936364e-05,3.6411893233889714e-05,0.00012401252752169967,5.823677929583937e-05,7.143294351408258e-05,5.4822750826133415e-05,6.079865852370858e-05,7.26438156561926e-05,0.00010288444900652394,4.747440470964648e-05,5.478884122567251e-05,6.046408452675678e-05,5.586056431639008e-05,5.955835149507038e-05,5.0948274292750284e-05
3900,0.00032065174309536815,0.00013414706336334348,0.0003071331011597067,0.00017352720897179097,0.00013803498586639762,0.0001805403153412044,0.00017199032299686223,0.0001686653558863327,0.00016490578127559274,7.530298898927867e-05,0.00011149365309393033,0.00010536860645515844,0.00017468737496528774,0.0001298072747886181,7.79067850089632e-05,0.0001022032811306417,0.0001885711244540289,7.653003558516502e-05,4.897694816463627e-05,6.205577665241435e-05,6.591571582248434e-05,7.708006160100922e-05,9.231614967575297e-05,6.702127575408667e-05,0.00012158297613495961,7.696553802816197e-05,3.6154142435407266e-05,9.7814088803716e-05,3.89189190173056e-05,4.533658648142591e-05,3.877819835906848e-05,3.6299486964708194e-05,5.4170555813470855e-05,5.739274638472125e-05,5.157204941497184e-05,9.913337999023497e-05,4.822023038286716e-05,8.013535989448428e-05,4.329452713136561e-05,9.283827239414677e-05,4.9951453547691926e-05,4.834042920265347e-05,3.159440529998392e-05,9.663143282523379e-05,6.89083753968589e-05,3.7427649658638984e-05,5.9736026742029935e-05,5.002595207770355e-05,3.714303966262378e-05,5.101715578348376e-05
4000,0.00029773160349577665,0.0001726457558106631,0.00037447328213602304,0.00015874287055339664,0.000175207169377245,0.00015687871200498194,0.0002288975811097771,0.00013522744120564312,0.0002014196797972545,9.094449342228472e-05,0.00011500420805532485,0.00014231029490474612,0.00014740333426743746,0.00010030654811998829,9.111005056183785e-05,8.879521192284301e-05,0.00015546768554486334,8.942651038523763e-05,6.224492972251028e-05,5.9720765420934185e-05,7.996011845534667e-05,8.777034236118197e-05,8.597490523243323e-05,6.956748256925493e-05,0.0001327017234871164,0.00010368820221628994,6.007442425470799e-05,8.730290574021637e-05,4.664413791033439e-05,7.309566717594862e-05,6.326205766526982e-05,5.63670982955955e-05,6.535212742164731e-05,7.077961345203221e-05,5.533151124836877e-05,7.923453085822985e-05,4.436934978002682e-05,0.0001148819865193218,6.031697557773441e-05,6.651366857113317e-05,4.870721750194207e-05,6.224264507181942e-05,4.81066235806793e-05,0.00011617317795753479,4.775314300786704e-05,3.844171078526415e-05,0.00011284678475931287,5.864273043698631e-05,3.791716881096363e-05,6.867909542052075e-05
4100,0.0003808067995123565,0.0001998316147364676,0.0002911399642471224,0.0002110668719979003,0.0001552088069729507,0.00015338660159613937,0.00017486712022218853,0.00011258381709922105,0.00015512654499616474,0.00011215845734113827,0.00013416845467872918,8.422312384936959e-05,0.00015807527233846486,0.00012031166988890618,0.00010985312837874517,0.0001119501976063475,0.00011799560888903216,9.57401207415387e-05,6.905978807481006e-05,5.817772762384266e-05,7.554620242444798e-05,8.56910046422854e-05,0.00011738140892703086,6.137830496300012e-05,0.00010481771460035816,7.573902257718146e-05,7.444751099683344e-05,9.716783097246662e-05,5.14151543029584e-05,6.624582601943985e-05,4.5651122491108254e-05,4.9969654355663806e-05,7.564847328467295e-05,5.352374500944279e-05,3.6653291317634284e-05,8.953340875450522e-05,4.501487273955718e-05,9.335819777334109e-05,4.2153838876402006e-05,6.342185952235013e-05,5.980128844385035e-05,5.22843147336971e-05,3.8019774365238845e-05,9.702261013444513e-05,4.463863660930656e-05,3.68475702998694e-05,4.3497959268279374e-05,4.8507416067877784e-05,4.309727228246629e-05,8.484946738462895e-05
4200,0.00027212343411520123,0.0002157449343940243,0.00021678971825167537,0.0001570896420162171,0.0001345847122138366,0.00012616933963727206,0.00017911140457727015,0.00011423650721553713,0.00011353292939020321,0.00011696981528075412,9.705748379928991e-05,9.355806832900271e-05,0.00015359028475359082,9.759476961335167e-05,6.758490781066939e-05,8.233421976910904e-05,0.00016024234355427325,9.311019675806165e-05,5.5978922318900004e-05,4.823955532629043e-05,9.579791367286816e-05,7.486079266527668e-05,7.071535219438374e-05,5.652728214045055e-05,0.00011687515507219359,8.230746607296169e-05,5.4875963542144746e-05,8.168054046109319e-05,3.3762422390282154e-05,8.189758955268189e-05,5.36116240255069e-05,4.859698674408719e-05,5.105119271320291e-05,4.911098949378356e-05,4.321642700233497e-05,6.673883035546169e-05,5.784899985883385e-05,0.00011513247591210529,5.486634108819999e-05,6.304874113993719e-05,5.027050428907387e-05,4.79252303193789e-05,6.091585601097904e-05,0.00010133081377716735,3.304611527710222e-05,2.7224794393987395e-05,6.584989023394883e-05,5.114319355925545e-05,4.9931764806387946e-05,8.662236359668896e-05
4300,0.00045859601232223213,0.00018317460489924997,0.0004374406998977065,0.000239087370573543,0.00013984771794639528,0.00022850585810374469,0.00020452204626053572,0.00013359534204937518,0.0002432510955259204,0.00010224126890534535,0.00017947808373719454,0.00010482533980393782,0.00020753391436301172,0.00014979338448029011,0.00014297031157184392,0.0001345199125353247,0.0002360939106438309,0.00010417544399388134,6.909911462571472e-05,5.2338011300889775e-05,6.84360638842918e-05,7.722360169282183e-05,0.00011165312025696039,4.9825714086182415e-05,9.157208842225373e-05,9.575878357281908e-05,3.9966827898751944e-05,0.00013246633170638233,4.380334576126188e-05,3.8541824324056506e-05,5.511238123290241e-05,5.490639523486607e-05,8.095819066511467e-05,4.7693116357550025e-05,4.31214393756818e-05,9.516708814771846e-05,7.255617674672976e-05,0.00013908596883993596,5.395904736360535e-05,7.738082786090672e-05,8.27550538815558e-05,5.1643059123307467e-05,5.176701961318031e-05,0.00010325852781534195,5.1680337492143735e-05,2.816758023982402e-05,4.999854718334973e-05,5.096361201140098e-05,4.373035335447639e-05,6.648714770562947e-05
4400,0.0002956882235594094,0.00018066160555463284,0.0002814424515236169,0.00016068032709881663,0.0001471279247198254,0.00018046658078674227,0.000129647582070902,0.0001163511915365234,0.00015561928739771247,0.00010081866639666259,0.00011110152263427153,0.00011351412831572816,0.00012379369582049549,0.0001084906907635741,9.98710238491185e-05,9.60720208240673e-05,0.0001247914624400437,8.452576730633155e-05,6.829712219769135e-05,5.890144166187383e-05,0.0001004248988465406,8.110806811600924e-05,9.838218102231622e-05,0.00010177191870752722,0.0001159996390924789,0.00013774762919638306,6.158547330414876e-05,8.02347858552821e-05,3.353286228957586e-05,5.937504465691745e-05,4.6051522076595575e-05,6.762250268366188e-05,5.8980582252843305e-05,6.126495281932876e-05,4.7187040763674304e-05,8.983373845694587e-05,4.807735967915505e-05,0.00010372056567575783,5.060176408733241e-05,6.115122232586145e-05,6.071223833714612e-05,8.652488759253174e-05,5.0279668357688934e-05,6.549368845298886e-05,0.0001366427168250084,5.147890260559507e-05,5.705429066438228e-05,6.757453957106918e-05,4.251003701938316e-05,6.109010428190231e-05
4500,0.0005306763341650367,0.00017130431660916656,0.00026705992058850825,0.0002815810439642519,0.0002508022589609027,0.0002678502642083913,0.00016460308688692749,0.00012872429215349257,0.00015254643221851438,8.949945186031982e-05,0.00018392603669781238,9.100949682760984e-05,0.0001635955850360915,0.00017274278798140585,0.0001198849713546224,0.00017127118189819157,0.00010418083547847345,9.21650935197249e-05,5.580278593697585e-05,7.280457066372037e-05,6.405017484212294e-05,0.00013948706327937543,0.0001431749842595309,5.318319745128974e-05,0.0001248194748768583,0.00010448664397699758,7.40370960556902e-05,0.0001511257141828537,7.693142106290907e-05,0.00010197616211371496,5.570305438595824e-05,6.933562690392137e-05,7.002466008998454e-05,8.307609823532403e-05,5.8870089560514316e-05,0.00013913350994698703,3.8708956708433107e-05,9.107572986977175e-05,6.918532017152756e-05,7.238370017148554e-05,5.3744010074296966e-05,6.089959424571134e-05,4.922616062685847e-05,8.885766146704555e-05,5.8253510360373184e-05,4.7549536247970536e-05,9.24686246435158e-05,8.655345300212502e-05,4.3139596527908e-05,8.018431253731251e-05
4600,0.0005020879907533526,0.00015246914699673653,0.0002459427632857114,0.0002841697714757174,0.00015560102474410087,0.0003038518188986927,0.00016543474339414388,0.000156837806571275,0.00013628191663883626,8.08967524790205e-05,0.0002171827363781631,0.00010827232472365722,0.00015834167425055057,0.00018804744468070567,0.0001412141864420846,0.00014750368427485228,0.00012997463636565953,0.00010794099216582254,4.317865750635974e-05,8.587541378801689e-05,0.00010524348181206733,8.190317021217197e-05,0.00013195507926866412,5.3985186241334304e-05,9.853259689407423e-05,0.00011028174048988149,0.0001042326694005169,0.00018596476002130657,3.786003799177706e-05,7.319213909795508e-05,6.840434070909396e-05,6.225095421541482e-05,8.028304728213698e-05,7.030925917206332e-05,5.5976583098527044e-05,0.00015933830582071096,7.776792335789651e-05,0.0001326613564742729,5.7303175708511844e-05,9.072745888261124e-05,4.614286808646284e-05,5.728915493818931e-05,7.283825834747404e-05,8.498178067384288e-05,8.083923603408039e-05,4.4195061491336673e-05,7.748981443000957e-05,5.212421456235461e-05,4.142512989346869e-05,7.482816727133468e-05
4700,0.00038234490784816444,0.00019484214135445654,0.00023530957696493715,0.00020304718054831028,0.0001546470884932205,0.00022206080029718578,0.0003164691152051091,0.00014927671873010695,0.00013173070328775793,0.00010697887773858383,0.0001380531321046874,9.053759276866913e-05,0.00015053017705213279,0.00013734001549892128,0.00011734619329217821,0.00011667148646665737,0.00013911900168750435,6.989135727053508e-05,6.576431769644842e-05,4.4506519770948216e-05,8.959181286627427e-05,7.896581519162282e-05,0.00010834005661308765,5.483968561748043e-05,0.00011592437658691779,8.303932554554194e-05,4.678550976677798e-05,0.00010898497566813603,4.6058001316851005e-05,6.37587727396749e-05,4.726319821202196e-05,6.267127173487097e-05,6.672441668342799e-05,6.819468399044126e-05,5.3649931942345574e-05,0.00010416042641736567,5.640656308969483e-05,0.00017551575729157776,5.512346251634881e-05,8.07803007774055e-05,4.6186480176402256e-05,5.961222996120341e-05,6.242051313165575e-05,0.00016566045815125108,5.1588485803222284e-05,3.066849603783339e-05,4.205115692457184e-05,7.605462451465428e-05,4.626664303941652e-05,6.903297617100179e-05
4800,0.00040857482235878706,0.00015811511548236012,0.0002669491514097899,0.00023370700364466757,0.000153320434037596,0.00017611667863093317,0.00015314677148126066,0.00017063705308828503,0.00014802846999373287,8.8129861978814e-05,0.00014232863031793386,9.836726530920714e-05,0.00014420572551898658,0.000118274285341613,0.00011337512114550918,0.00013061003119219095,0.000153379121911712,0.00014209137589205056,5.504928412847221e-05,5.950763079454191e-05,8.024145063245669e-05,8.4621315181721e-05,0.00011783541413024068,7.836338045308366e-05,0.00010511543223401532,8.44701862661168e-05,5.4450531024485826e-05,9.606105595594272e-05,4.9979898903984576e-05,5.761642751167528e-05,5.616353155346587e-05,5.306430466589518e-05,7.872268179198727e-05,4.413080387166701e-05,4.46672311227303e-05,9.694781329017133e-05,4.316100967116654e-05,0.00012986111687496305,4.6813820517854765e-05,9.18338555493392e-05,5.5344728025374934e-05,5.643762415274978e-05,5.132146907271817e-05,7.915992318885401e-05,4.6270968596218154e-05,4.0980343328556046e-05,4.30203290306963e-05,7.295801333384588e-05,4.200661715003662e-05,8.32474761409685e-05
4900,0.0005007479339838028,0.00012604682706296444,0.00029115352663211524,0.0002846061543095857,0.00014712836127728224,0.00016635229985695332,0.00017861330707091838,0.00019283645087853074,0.00016015504661481827,7.052477303659543e-05,0.0001599510433152318,0.00011987434118054807,0.00014931266196072102,0.00017016894707921892,0.00011338598415022716,0.00013332263915799558,0.00013988683349452913,0.00015654733579140157,4.612867996911518e-05,4.8565245378995314e-05,6.540385220432654e-05,8.356221223948523e-05,0.0001227313478011638,8.91599920578301e-05,0.00011395906039979309,0.00010069285781355575,6.091908289818093e-05,0.0001092828533728607,4.647903551813215e-05,8.267263183370233e-05,5.3218544053379446e-05,6.352711352519691e-05,5.970628626528196e-05,9.218952618539333e-05,5.766556569142267e-05,0.0001264493475900963,5.251301627140492e-05,0.00011397099297028035,6.291552563197911e-05,0.00010564127296674997,6.485011545009911e-05,7.151134923333302e-05,4.922592415823601e-05,9.078732546186075e-05,6.400954589480534e-05,3.6759840440936387e-05,8.395008626393974e-05,6.611121352761984e-05,3.546808147802949e-05,0.00013152536121197045
5000,0.0004250307392794639,0.00018326011195313185,0.000235205254284665,0.00023266297648660839,0.00016626453725621104,0.00015239686763379723,0.00013419131573755294,0.00013224389113020152,0.00013592926552519202,0.00010268350160913542,0.00012707331916317344,7.673117215745151e-05,0.00015063608589116484,0.0001412696292391047,0.00010691706847865134,0.00014039907546248287,0.0001326833589700982,9.544855856802315e-05,7.201139669632539e-05,6.327148003038019e-05,7.545688276877627e-05,9.044615580933169e-05,0.00012040875299135223,4.680714482674375e-05,9.723991388455033e-05,0.00014925403229426593,6.377545651048422e-05,0.00010331895464332774,8.097833051579073e-05,5.7959470723289996e-05,8.994693052954972e-05,0.0001062764713424258,7.533076859544963e-05,6.284192932071164e-05,5.878055890207179e-05,0.00010721980652306229,4.577537038130686e-05,6.63126993458718e-05,8.608568896306679e-05,7.132201426429674e-05,5.4944724979577586e-05,0.00011832473683170974,5.630369923892431e-05,7.357418508036062e-05,8.714740397408605e-05,5.8836179960053414e-05,5.1527738833101466e-05,8.1458012573421e-05,4.0603448724141344e-05,8.973257354227826e-05
5100,0.00040478428127244115,0.00019874799181707203,0.0003680797526612878,0.00021435880626086146,0.00016676315863151103,0.00020234745170455426,0.00015532321413047612,0.00016866112127900124,0.0001931613078340888,0.0001102811293094419,0.00014928773452993482,9.326261351816356e-05,0.00016342832532245666,0.00013659233809448779,9.780713298823684e-05,0.0001143736153608188,0.00017918158846441656,8.777177572483197e-05,7.211279444163665e-05,6.298808875726536e-05,8.542428986402228e-05,8.881646499503404e-05,0.00010490158456377685,5.608010178548284e-05,0.00011610888759605587,0.00012517381401266903,7.448781980201602e-05,0.00011863667896250263,7.013690628809854e-05,0.00011741963680833578,7.863464270485565e-05,7.442611240549013e-05,8.494660869473591e-05,5.188781506149098e-05,9.645455429563299e-05,0.00010489999840501696,5.221800893195905e-05,0.00010085156827699393,8.31868383102119e-05,9.09947557374835e-05,4.981776510248892e-05,6.25175453023985e-05,5.509304901352152e-05,8.235814311774448e-05,7.336572161875665e-05,4.515875843935646e-05,9.69859684119001e-05,8.693299605511129e-05,4.6564655349357054e-05,6.329068128252402e-05
5200,0.0003488051879685372,0.00017660082085058093,0.00023356042220257223,0.00019232535851188004,0.0001252148940693587,0.0001568539155414328,0.00020546218729577959,0.0001213413561345078,0.00012809968029614538,9.927258361130953e-05,0.00011734596773749217,7.628976891282946e-05,0.00012706757115665823,0.00011087939492426813,8.29783093649894e-05,0.000111320499854628,9.105498611461371e-05,7.789944356773049e-05,7.282391743501648e-05,4.871842611464672e-05,6.279595254454762e-05,6.563911301782355e-05,0.00010031572310253978,3.7616882764268667e-05,9.590551781002432e-05,7.078814815031365e-05,4.591438846546225e-05,8.51108125061728e-05,3.988414027844556e-05,6.883890455355868e-05,5.2848456107312813e-05,4.259714114596136e-05,4.3359294068068266e-05,6.0865553678013384e-05,4.7101704694796354e-05,9.297327051172033e-05,5.4611788073088974e-05,0.00012843194417655468,4.339255974628031e-05,6.705275154672563e-05,5.905790749238804e-05,3.9259692130144686e-05,3.499901504255831e-05,0.00010312262020306662,5.460516695166007e-05,4.704354068962857e-05,4.997102587367408e-05,4.813319173990749e-05,3.490381277515553e-05,6.68517968733795e-05
