step,channel_113,channel_116,channel_73,channel_87,channel_9,channel_109,channel_45,channel_86,channel_104,channel_84,channel_111,channel_42,channel_8,channel_40,channel_11,channel_36,channel_105,channel_10,channel_77,channel_85,channel_89,channel_120,channel_119,channel_121,channel_48,channel_53,channel_115,channel_90,channel_16,channel_81,channel_117,channel_122,channel_82,channel_41,channel_108,channel_83,channel_20,channel_72,channel_4,channel_47,channel_13,channel_57,channel_43,channel_79,channel_107,channel_75,channel_114,channel_76,channel_25,channel_55
0,0.0002666724321898073,0.00025322899455204606,0.00022132715093903244,0.0001994012709474191,4.630909825209528e-05,0.00012795449583791196,6.531365215778351e-05,2.129700078512542e-05,3.829623892670497e-05,6.702230894006789e-05,6.98516596457921e-05,4.267637268640101e-05,2.01894454221474e-05,6.638380727963522e-05,4.890319178230129e-05,1.9816248823190108e-05,6.353514618240297e-05,2.1124371414771304e-05,6.242678500711918e-05,6.227957783266902e-05,2.6613304726197384e-05,4.8691847041482106e-05,5.78178878640756e-05,5.77751052333042e-05,2.953643888758961e-05,5.615806730929762e-05,2.1214129446889274e-05,2.553343256295193e-05,3.4992095606867224e-05,2.949222289316822e-05,3.0398427043110132e-05,1.2980777682969347e-05,1.4704324712511152e-05,3.939002999686636e-05,2.9673148674191907e-05,3.8003123336238787e-05,1.8750704839476384e-05,4.163826088188216e-05,4.034616722492501e-05,3.315264984848909e-05,1.0723777450039051e-05,7.510619980166666e-06,6.839069556008326e-06,2.4777857106528245e-05,1.9538536434993148e-05,2.5109529815381393e-05,2.455262074363418e-05,3.0871149647282436e-05,1.211003473144956e-05,7.311582066904521e-06
100,0.00010258590191369876,0.0002039941755356267,0.00015321806131396443,8.245689241448417e-05,0.0001486705441493541,3.8586571463383734e-05,0.00011944244761252776,0.00011874087795149535,0.00011252036347286776,0.00011148554040119052,6.664938700851053e-05,4.467155667953193e-05,8.43916495796293e-05,6.426352047128603e-05,5.651410901919007e-05,7.219897088361904e-05,5.9716061514336616e-05,4.949747017235495e-05,1.6063662769738585e-05,4.101715603610501e-05,6.216226756805554e-05,4.2008083255495876e-05,4.320144944358617e-05,3.9388185541611165e-05,4.076255936524831e-05,3.303688936284743e-05,2.714648871915415e-05,5.116439933772199e-05,4.872271165368147e-05,4.7205550799844787e-05,3.634500899352133e-05,4.423056452651508e-05,3.301330070826225e-05,2.3107648303266615e-05,4.204888682579622e-05,2.854623380699195e-05,3.929542799596675e-05,2.797117122099735e-05,2.6346289814682677e-05,3.6135894333710894e-05,2.2956346583669074e-05,3.1467781809624285e-05,1.9685952793224715e-05,3.4481789043638855e-05,3.366686723893508e-05,2.9090499083395116e-05,2.4373843189096078e-05,2.6543768399278633e-05,2.3931657779030502e-05,2.8097132599214092e-05
200,0.00017845886759459972,0.00012567074736580253,0.00020878281793557107,7.73650681367144e-05,5.480923573486507e-05,7.323275349335745e-05,5.465433423523791e-05,5.281153062242083e-05,7.000293408054858e-05,8.210738451452926e-05,5.9281937865307555e-05,7.133706094464287e-05,3.249734436394647e-05,2.9935556085547432e-05,3.7961683119647205e-05,2.2879772586748004e-05,7.169524906203151e-05,7.024453952908516e-05,2.203715303039644e-05,5.664318086928688e-05,3.689734512590803e-05,5.154592145117931e-05,4.184037243248895e-05,3.2386156817665324e-05,5.671173130394891e-05,1.9976609110017307e-05,3.504345295368694e-05,2.9795864975312725e-05,3.3370211895089597e-05,2.8736010790453292e-05,4.601302134688012e-05,1.6652431440888904e-05,2.8266829758649692e-05,2.6276864446117543e-05,2.2573509340872988e-05,2.6498113584239036e-05,2.484766810084693e-05,3.0066410545259714e-05,2.6711235477705486e-05,1.179402261186624e-05,4.027737304568291e-05,3.727825969690457e-05,3.587209357647225e-05,2.0509962268988602e-05,3.117930100415833e-05,2.5106770408456214e-05,3.169112460454926e-05,1.9386134226806462e-05,2.8471833502408117e-05,2.2804610125604086e-05
300,9.701558155938983e-05,0.00014613315579481423,0.00017286004731431603,0.00012426264584064484,0.00011477364751044661,5.552454967983067e-05,9.229154966305941e-05,5.012545079807751e-05,7.452501449733973e-05,6.568087701452896e-05,9.782618872122839e-05,3.428279887884855e-05,5.789885108242743e-05,4.5277938625076786e-05,7.470513810403645e-05,3.5064334952039644e-05,5.158671774552204e-05,4.2028237658087164e-05,1.9095217794529162e-05,5.6045282690320164e-05,2.3970773327164352e-05,4.65229713881854e-05,4.6039011067477986e-05,4.6728695451747626e-05,3.366792225278914e-05,3.519757592584938e-05,5.196159690967761e-05,2.2725913368049078e-05,4.654452277463861e-05,1.852692184911575e-05,3.848518099403009e-05,2.4325501726707444e-05,4.404877472552471e-05,1.752438402036205e-05,3.8091176975285634e-05,4.2040734115289524e-05,2.3725728169665672e-05,2.1287491108523682e-05,1.8754815755528398e-05,3.1630272133043036e-05,2.1662181097781286e-05,2.2534781237482093e-05,1.4605549040425103e-05,3.134998769382946e-05,1.954519575519953e-05,3.175694291712716e-05,2.661778671608772e-05,2.4762979592196643e-05,1.6196476281038485e-05,1.7643269529799e-05
400,5.224949200055562e-05,7.409194950014353e-05,6.0927861341042444e-05,4.044743036502041e-05,5.541136852116324e-05,2.3920649255160242e-05,4.1760569729376584e-05,2.895827310567256e-05,3.318074232083745e-05,3.693563485285267e-05,3.397055115783587e-05,3.708429358084686e-05,2.079306068480946e-05,4.085662658326328e-05,2.9819206247339025e-05,2.053788375633303e-05,2.1135587303433567e-05,1.5232445548463147e-05,9.222794687957503e-06,1.9959705241490155e-05,1.56792357302038e-05,1.4097689017944504e-05,1.9543089365470223e-05,1.8368737073615193e-05,1.775767668732442e-05,2.016302096308209e-05,1.3356187992030755e-05,1.079102457879344e-05,1.9648883608169854e-05,1.1798538253060542e-05,1.2617000720638316e-05,1.1110656487289816e-05,1.0888596079894342e-05,2.1405507141025737e-05,1.0860309885174502e-05,1.2669911484408658e-05,1.578579394845292e-05,1.1031800568161998e-05,1.4982038010202814e-05,1.6485972082591616e-05,9.368185601488221e-06,1.768013862601947e-05,1.3169937119528186e-05,9.608675100025721e-06,1.0383059816376772e-05,1.0514736459299456e-05,8.59570900502149e-06,9.155050065601245e-06,1.057171084539732e-05,1.1572468793019652e-05
500,3.823423685389571e-05,7.626042497577146e-05,5.8401390560902655e-05,2.495192711648997e-05,5.0356509746052325e-05,2.2663327399641275e-05,3.850376378977671e-05,5.4886295401956886e-05,5.677344961441122e-05,4.136995994485915e-05,4.524409450823441e-05,1.2637980034924112e-05,2.5032262783497572e-05,2.0893776309094392e-05,1.894860361062456e-05,2.3030223019304685e-05,2.121095167240128e-05,2.1225036107352935e-05,4.45020987172029e-06,1.8700800865190104e-05,1.4432554962695576e-05,2.4806204237393104e-05,1.752864227455575e-05,2.0827434127568267e-05,1.4112771168584004e-05,1.3535189282265492e-05,1.0183052836509887e-05,8.258723937615287e-06,2.7207413950236514e-05,1.3546729860536288e-05,1.877045724540949e-05,1.4050665413378738e-05,1.3549554751079995e-05,9.117472473008092e-06,1.1476571671664715e-05,8.5422088886844e-06,7.95695450506173e-06,1.2714156582660507e-05,1.6722546206437983e-05,8.030682693060953e-06,1.1621086741797626e-05,1.3106895494274795e-05,5.518094440049026e-06,8.70253916218644e-06,2.6102570700459182e-05,1.3005129403609317e-05,8.446056199318264e-06,7.233644282678142e-06,6.101406597736059e-06,9.01697603694629e-06
600,3.3007137972163036e-05,7.948026177473366e-05,6.773153290851042e-05,3.169400224578567e-05,4.724872633232735e-05,1.8151462427340448e-05,2.2652000552625395e-05,3.3939009881578386e-05,4.072366573382169e-05,3.89640117646195e-05,4.8471527406945825e-05,1.7676740753813647e-05,2.2128961063572206e-05,2.0890847736154683e-05,2.3635704565094784e-05,1.3219943866715766e-05,2.2344989702105522e-05,1.5239350432239007e-05,5.246030468697427e-06,2.53839825745672e-05,1.4721254046889953e-05,2.3926257199491374e-05,1.6592161045991816e-05,1.933520434249658e-05,1.9406210412853397e-05,2.9136330340406857e-05,2.4886499886633828e-05,1.0735384421423078e-05,3.8715912523912266e-05,9.205255992128514e-06,2.078414945572149e-05,1.2847719517594669e-05,1.600142422830686e-05,1.2201268873468507e-05,1.2854721717303619e-05,1.9175266061211005e-05,7.582467333122622e-06,1.2955459169461392e-05,1.0355243830417749e-05,1.0278056834067684e-05,9.560028956911992e-06,1.150337811850477e-05,5.9370495364419185e-06,9.249050890502986e-06,1.3872784620616585e-05,1.555721610202454e-05,9.736661922943313e-06,1.0943518645945005e-05,5.309530479280511e-06,1.5031776456453372e-05
700,6.0938229580642655e-05,7.4736301030498e-05,4.7404282668139786e-05,5.903120108996518e-05,8.39260101201944e-05,3.3555170375620946e-05,7.419598114211112e-05,2.174263499910012e-05,3.12730080622714e-05,4.3140898924320936e-05,5.247308945399709e-05,3.105988434981555e-05,4.304845060687512e-05,4.408231325214729e-05,3.589522748370655e-05,2.087856046273373e-05,1.739535218803212e-05,1.7842749002738856e-05,1.0943846973532345e-05,1.4029191333975177e-05,1.0648399438650813e-05,2.7721713195205666e-05,2.229151505162008e-05,1.469681865273742e-05,1.7728756574797444e-05,2.6148329197894782e-05,9.660654541221447e-06,1.5127307051443495e-05,1.694355705694761e-05,9.882753147394396e-06,1.914121094159782e-05,7.481150078092469e-06,1.015675297821872e-05,1.4985823327151593e-05,1.8557846487965435e-05,9.351968401460908e-06,2.256432708236389e-05,9.157443855656311e-06,1.0783213838294614e-05,2.7315163606544957e-05,1.1340469427523203e-05,1.3733087143918965e-05,9.07247704162728e-06,1.3308003872225527e-05,1.534615694254171e-05,8.666104804433417e-06,7.4822050919465255e-06,1.093702667276375e-05,1.30175349113415e-05,1.2477371456043329e-05
800,3.662880044430494e-05,7.777640712447464e-05,4.9821050197351724e-05,3.7586589314742014e-05,8.783408702583984e-05,1.875279122032225e-05,7.963344978634268e-05,3.187663605785929e-05,2.8189542717882432e-05,3.099013338214718e-05,6.732346082571894e-05,3.156395905534737e-05,4.865020309807733e-05,5.2203351515345275e-05,3.9437771192751825e-05,3.662335439003073e-05,1.7946209482033737e-05,2.2584017642657273e-05,8.52410539664561e-06,1.5745348719065078e-05,1.0394371201982722e-05,4.101701051695272e-05,1.3095813301333692e-05,1.905938916024752e-05,1.3198277883930132e-05,2.0605335521395318e-05,1.1909260138054378e-05,8.245815479313023e-06,2.0691695681307465e-05,8.42620647745207e-06,2.6238980353809893e-05,1.155061909230426e-05,1.1029499546566512e-05,2.1238969566184096e-05,1.815018185880035e-05,9.794664947548881e-06,1.9683546270243824e-05,1.0285684766131453e-05,1.724899630062282e-05,2.5099538106587715e-05,1.5288331269402988e-05,1.4113616998656653e-05,6.575303814315703e-06,9.738190783536993e-06,9.59552198764868e-06,8.992720722744707e-06,7.741363333479967e-06,1.1143642950628418e-05,8.92425850906875e-06,9.443186172575224e-06
900,4.6116394514683634e-05,8.475298818666488e-05,5.020633398089558e-05,4.945374894305132e-05,7.695815293118358e-05,2.8875187126686797e-05,6.819744885433465e-05,2.8107226171414368e-05,3.292465771664865e-05,3.0755418265471235e-05,3.8675032556056976e-05,4.542023816611618e-05,3.7050627724966034e-05,5.822296952828765e-05,5.103142393636517e-05,3.12199117615819e-05,1.726745904306881e-05,2.035391480603721e-05,1.1033139344363008e-05,1.6976406186586246e-05,1.3002224477531854e-05,2.3119915567804128e-05,1.5108083971426822e-05,1.345176042377716e-05,2.722921817621682e-05,3.629634375101887e-05,8.772692126512993e-06,9.761667570273858e-06,1.5560404790448956e-05,9.718479304865468e-06,1.729714495013468e-05,8.379287464777008e-06,9.873189810605254e-06,2.80956483038608e-05,1.4012925021233968e-05,9.75043440121226e-06,2.2981463189353235e-05,1.2113191587559413e-05,1.500487906014314e-05,3.159977859468199e-05,9.131666956818663e-06,1.774329211912118e-05,9.728332770464476e-06,1.0089303941640537e-05,1.3269533155835234e-05,9.245321052731015e-06,7.347544851654675e-06,9.548582056595478e-06,1.554349364596419e-05,9.791204320208635e-06
1000,5.518777106772177e-05,9.669905557530001e-05,9.553498966852203e-05,3.689772711368278e-05,6.38220299151726e-05,2.3717009753454477e-05,5.515900193131529e-05,4.515405453275889e-05,6.0797130572609603e-05,4.78078072774224e-05,5.383760071708821e-05,3.615441164583899e-05,3.59514779120218e-05,2.8603039027075283e-05,2.0976693122065626e-05,2.2040714611648582e-05,3.253641625633463e-05,4.275338869774714e-05,8.310761586471926e-06,2.5328639821964316e-05,1.7845073671196587e-05,2.5659353923401795e-05,2.0414054233697243e-05,1.9403074475121684e-05,3.381042552064173e-05,2.392000169493258e-05,1.0056579412776046e-05,1.1478275155241136e-05,2.9472272217390127e-05,1.6802234313217923e-05,2.2305430320557207e-05,1.2912619240523782e-05,2.2641124814981595e-05,1.5183378309302498e-05,2.1806652512168512e-05,1.0140274753211997e-05,1.961297675734386e-05,1.0749972716439515e-05,1.0872889106394723e-05,1.8889961211243644e-05,2.0452744138310663e-05,1.4780745914322324e-05,1.083657298295293e-05,1.44447249113e-05,1.4122211723588407e-05,1.7322015992249362e-05,1.5571160474792123e-05,1.0922630281129386e-05,1.611792504263576e-05,1.0571591701591387e-05
1100,4.127986903768033e-05,6.127393862698227e-05,5.344721648725681e-05,2.0648400095524266e-05,5.301480268826708e-05,1.8751361494651064e-05,5.0016351451631635e-05,2.849041629815474e-05,3.392537837498821e-05,3.074858614127152e-05,2.800042784656398e-05,5.6120661611203104e-05,2.754684646788519e-05,4.2325300455559045e-05,2.1701376681448892e-05,1.2603981303982437e-05,1.7557265891809948e-05,3.7580597563646734e-05,4.406059815664776e-06,1.3995646440889686e-05,1.4593453670386225e-05,2.5203895347658545e-05,1.8297832866664976e-05,2.0983965441701002e-05,4.1627816244727e-05,4.476190224522725e-05,1.3124746146786492e-05,9.225227586284745e-06,3.0658484320156276e-05,8.359934327017982e-06,1.6542197045055218e-05,9.840018719842192e-06,1.005047215585364e-05,2.787979792628903e-05,1.4211243978934363e-05,1.0478443073225208e-05,2.991691326315049e-05,9.291012247558683e-06,2.0090086763957515e-05,2.872827826649882e-05,1.0717884833866265e-05,1.1551102943485603e-05,1.7806474716053344e-05,1.2532671462395228e-05,1.2574205356941093e-05,8.865770723787136e-06,9.035274160851259e-06,1.2094114026695024e-05,2.2146145056467503e-05,1.2356299521343317e-05
1200,5.876600698684342e-05,9.699767542770132e-05,7.726318290224299e-05,2.6278052246198058e-05,3.9887519960757345e-05,1.9555018297978677e-05,3.209970600437373e-05,3.0289960704976693e-05,5.411024176282808e-05,6.769254105165601e-05,4.434646325535141e-05,1.9604136468842626e-05,2.6567233362584375e-05,1.8852393623092212e-05,2.1356669094529934e-05,1.620099283172749e-05,3.917457433999516e-05,1.9517441614880227e-05,4.901984084426658e-06,1.463618809793843e-05,1.1984104276052676e-05,1.5856972822803073e-05,3.076883149333298e-05,2.2774742319597863e-05,1.8087666830979288e-05,1.4610088328481652e-05,1.126973711507162e-05,1.0440170626679901e-05,2.1139525415492244e-05,1.5161400369834155e-05,2.4260687496280298e-05,1.1197324965905864e-05,1.6684118236298673e-05,1.0034119441115763e-05,1.7381022189510986e-05,1.2015105312457308e-05,7.744582035229541e-06,1.6135634723468684e-05,1.2214263733767439e-05,9.08380843611667e-06,1.1759183507820126e-05,9.565425898472313e-06,5.288261945679551e-06,1.121089644584572e-05,1.3521558685170021e-05,1.1742929928004742e-05,1.3709190170629881e-05,1.3242753993836232e-05,8.164307473634835e-06,5.785816028947011e-06
1300,3.024662146344781e-05,7.601230026921257e-05,4.537537824944593e-05,3.226822809665464e-05,2.4183669665944763e-05,1.8302334865438752e-05,1.9906958186766133e-05,3.0000363040016964e-05,3.392666985746473e-05,2.5805207769735716e-05,3.153797297272831e-05,1.6359177607228048e-05,1.2128761227359064e-05,1.54121735249646e-05,2.1896516045671888e-05,1.4417672900890466e-05,1.7074709830922075e-05,1.627587334951386e-05,5.725310074922163e-06,1.4308027857623529e-05,1.3556474186771084e-05,1.3401724572759122e-05,1.1739621186279692e-05,1.2819668882002588e-05,1.2593321116582956e-05,9.390466402692255e-06,1.0468848813616205e-05,8.365523171960376e-06,1.1941052434849553e-05,8.787785191088915e-06,9.577868695487268e-06,9.873841008811723e-06,1.2281370800337754e-05,7.449903932865709e-06,1.2694352335529402e-05,8.814769898890518e-06,8.28518022899516e-06,9.38519588089548e-06,1.2219124982948415e-05,6.5449848989374004e-06,7.667384124943055e-06,9.073993169295136e-06,7.54708025851869e-06,9.075640264200047e-06,1.4243719306250568e-05,9.468455573369283e-06,7.103705229383195e-06,8.096250894595869e-06,7.1232125264941715e-06,7.625629677932011e-06
1400,4.361355968285352e-05,7.058501796564087e-05,6.600099004572257e-05,2.854579361155629e-05,1.882349533843808e-05,2.105937892338261e-05,2.0304076315369457e-05,3.438990461290814e-05,3.219101927243173e-05,2.636881617945619e-05,3.249021392548457e-05,1.536990748718381e-05,9.94494985206984e-06,1.2967690963705536e-05,2.066074011963792e-05,9.232109732693061e-06,2.0584728190442547e-05,1.7585454770596698e-05,6.027802555763628e-06,1.9222272385377437e-05,8.989028174255509e-06,2.877514089050237e-05,1.565468846820295e-05,2.1101925085531548e-05,1.3386803402681835e-05,1.579321724420879e-05,1.9514403902576305e-05,6.698054676235188e-06,1.4794956769037526e-05,8.164640348695684e-06,2.080319245578721e-05,1.0910354831139557e-05,1.3408392078417819e-05,8.345621608896181e-06,1.0066303730127402e-05,1.2320816495048348e-05,6.4285341068170965e-06,1.8273720343131572e-05,8.962790161604062e-06,7.150266355893109e-06,1.1927032574021723e-05,1.2288778634683695e-05,6.585896244359901e-06,6.650695922871819e-06,1.5321929822675884e-05,9.577344826539047e-06,1.0693035619624425e-05,7.612684839841677e-06,7.307161013159202e-06,7.685406671953388e-06
1500,3.914467743015848e-05,9.054552356246859e-05,7.019819167908281e-05,4.843845817958936e-05,3.8034348108340055e-05,2.7049558411817998e-05,2.6265810447512195e-05,4.1677747503854334e-05,4.963812170899473e-05,3.3720014471327886e-05,4.3261814425932243e-05,3.72066097042989e-05,2.160369695047848e-05,2.0886493075522594e-05,1.8472203009878285e-05,1.7217978893313557e-05,2.1890646166866645e-05,2.8083381039323285e-05,7.493116299883695e-06,2.0794350348296575e-05,2.0660778318415396e-05,1.335495471721515e-05,2.0280016542528756e-05,1.6744026652304456e-05,2.3342594431596808e-05,1.1963192264374811e-05,1.2837755093642045e-05,9.19650210562395e-06,1.7860684238257818e-05,1.1337569958413951e-05,1.0445934094605036e-05,1.2159552170487586e-05,1.925488504639361e-05,1.4158500562189147e-05,1.3499635315383784e-05,9.185947419609874e-06,1.291410626436118e-05,7.638037459400948e-06,1.2936974599142559e-05,8.843186151352711e-06,1.5888557754806243e-05,1.9290146155981347e-05,1.2270145816728473e-05,1.0758647476905026e-05,1.4201285011949949e-05,1.4880650269333273e-05,1.0569584446784575e-05,1.173496275441721e-05,1.3620786376122851e-05,1.2921119378006551e-05
1600,4.41478805441875e-05,7.463234942406416e-05,5.8539390010992065e-05,3.31288501911331e-05,4.545380943454802e-05,1.722262823022902e-05,4.0718969103181735e-05,3.6459765397012234e-05,3.44586769642774e-05,2.9844959499314427e-05,5.3327898058341816e-05,3.7076606531627476e-05,2.1436173483380117e-05,3.538547025527805e-05,2.7872751161339693e-05,1.8579776224214584e-05,2.2092539438745007e-05,2.486666926415637e-05,7.743999958620407e-06,2.193578075093683e-05,1.6867539670784026e-05,3.111878686468117e-05,1.3867642337572761e-05,1.9564440663089044e-05,2.8759828637703322e-05,2.879668136301916e-05,1.372159385937266e-05,8.374287972401362e-06,2.0557921743602492e-05,9.942812539520673e-06,2.1473830202012323e-05,1.1272642950643785e-05,1.1899927812919486e-05,1.8914990505436435e-05,1.6320193026331253e-05,1.2919361324748024e-05,1.963840622920543e-05,9.096124813368078e-06,1.2824346413253807e-05,2.2486878151539713e-05,9.983128620660864e-06,1.1822981832665391e-05,8.3841568994103e-06,9.768678864929825e-06,1.0074610145238694e-05,1.2744953892251942e-05,8.38135565572884e-06,1.3125501027388964e-05,1.4518953321385197e-05,7.985965567058884e-06
1700,5.151413279236294e-05,7.159227243391797e-05,8.479336247546598e-05,4.058735430589877e-05,3.3714048186084256e-05,2.3763192075421102e-05,2.8856082280981354e-05,2.024625428020954e-05,4.001289562438615e-05,3.8129943277454004e-05,3.199814091203734e-05,1.3275132005219348e-05,1.7122720237239264e-05,1.5377634554170072e-05,1.9966866602771915e-05,1.226301901624538e-05,2.5000896130222827e-05,1.6491101632709615e-05,9.463109563512262e-06,2.5794230168685317e-05,1.228355358762201e-05,2.6905201593763195e-05,1.5490175428567454e-05,1.2792618690582458e-05,1.2157423043390736e-05,8.764886842982378e-06,1.3740499525738414e-05,1.0527361155254766e-05,1.4858283066132572e-05,1.0466911589901429e-05,2.1686655600205995e-05,7.3510550464561675e-06,1.6791194866527803e-05,8.742625141167082e-06,1.5847923350520432e-05,9.274327567254659e-06,7.886499588494189e-06,1.1093351531599183e-05,1.94942913367413e-05,7.427424861816689e-06,1.0866178854485042e-05,8.841270755510777e-06,5.0079033826477826e-06,1.3079290511086583e-05,1.1372471817594487e-05,1.385659743391443e-05,1.2278820577193983e-05,1.105360843212111e-05,5.407305252447259e-06,5.798333859274862e-06
1800,5.311195127433166e-05,7.20975804142654e-05,7.41792464395985e-05,2.5743360311025754e-05,4.7038818593136966e-05,1.8570221072877757e-05,3.90496315958444e-05,3.241095328121446e-05,4.311359953135252e-05,3.912847023457289e-05,2.9924132832093164e-05,3.5545417631510645e-05,1.9795092157437466e-05,3.2968699088087305e-05,2.4741066226852126e-05,1.3741079783358146e-05,2.1981979443808086e-05,2.7631671400740743e-05,6.295475486695068e-06,1.9422264813329093e-05,1.6310497812810354e-05,1.7653053873800673e-05,1.564235753903631e-05,1.5484341929550283e-05,2.7804708224721253e-05,2.421322642476298e-05,9.516031241219025e-06,1.3519995263777673e-05,1.779703779902775e-05,1.3448208846966736e-05,1.641686867515091e-05,1.1274089956714306e-05,1.4975721569499001e-05,1.8195823940914124e-05,1.2537779184640385e-05,8.236283974838443e-06,1.935742147907149e-05,1.1610373803705443e-05,1.947457712958567e-05,1.8763164916890673e-05,1.1340330274833832e-05,1.0065068636322394e-05,1.4441069652093574e-05,9.57630527409492e-06,1.298780716751935e-05,1.1541429557837546e-05,1.0916196515609045e-05,8.571056241635233e-06,1.542906647955533e-05,9.766097718966193e-06
1900,4.743992394651286e-05,0.00011402973177609965,0.00010928343544946983,3.158748586429283e-05,3.089675374212675e-05,1.900643292174209e-05,2.7872732971445657e-05,3.952889164793305e-05,7.459530752385035e-05,5.591409353655763e-05,3.514538184390403e-05,1.2742036233248655e-05,1.5187770259217359e-05,1.3527032933779992e-05,2.053265598078724e-05,1.5374049326055683e-05,4.7461522626690567e-05,1.7459335140301846e-05,5.878124284208752e-06,2.6624036763678305e-05,1.0164697414438706e-05,1.4959715372242499e-05,2.2623076802119613e-05,2.1774427295895293e-05,1.257071562577039e-05,1.572873406985309e-05,9.089342711376958e-06,8.369973329536151e-06,1.7619679056224413e-05,1.3984374163555913e-05,1.8751945390249602e-05,1.2569799764605705e-05,2.6138026441913098e-05,9.448866876482498e-06,2.0959285393473692e-05,7.19790841685608e-06,7.420932433888083e-06,1.4017996363691054e-05,9.09783921088092e-06,8.263743438874371e-06,1.0296223990735598e-05,9.707097888167482e-06,5.840610356244724e-06,1.1898435332113877e-05,1.6014062566682696e-05,1.8644757801666856e-05,1.6794077964732423e-05,8.819271897664294e-06,5.652850177284563e-06,4.4652310862147715e-06
2000,5.3608753660228103e-05,7.60219045332633e-05,5.689268436981365e-05,4.555508348857984e-05,0.00011303782957838848,2.0224342733854428e-05,9.20534148463048e-05,2.668452179932501e-05,3.783602733165026e-05,3.24071261275094e-05,3.524605563143268e-05,4.215012086206116e-05,5.6509816204197705e-05,6.186828977661207e-05,4.3115120206493884e-05,3.6220466427039355e-05,2.0783652871614322e-05,1.8381968402536586e-05,6.786670837755082e-06,1.6559528376092203e-05,9.87878411251586e-06,1.7805306924856268e-05,1.5682951925555244e-05,1.561889803269878e-05,1.4127122994977981e-05,2.0534929717541672e-05,9.66204606811516e-06,1.0395571734989062e-05,2.6770418116939254e-05,9.98447558231419e-06,1.4052196092961822e-05,7.6180613177712075e-06,1.3474944353220053e-05,2.8229111194377765e-05,1.843607060436625e-05,8.680806786287576e-06,2.7507410777616315e-05,8.69109408085933e-06,2.9552051273640245e-05,2.8782405934180133e-05,1.3304828826221637e-05,2.095938725688029e-05,1.4559492228727322e-05,1.13113810584764e-05,1.3325260624696966e-05,1.1290422662568744e-05,1.0956121514027473e-05,1.1967852515226696e-05,1.3830931493430398e-05,1.9445284124230966e-05
2100,5.661919203703292e-05,9.404517913935706e-05,4.840911424253136e-05,6.319474778138101e-05,4.761712625622749e-05,3.6510300560621545e-05,3.8549969758605585e-05,3.423837188165635e-05,3.4251348552061245e-05,3.716097489814274e-05,7.073669257806614e-05,3.1458897865377367e-05,2.4256496544694528e-05,2.7803269404103048e-05,2.1180416297283955e-05,2.0774199583684094e-05,1.769766276993323e-05,2.1661215214408003e-05,1.2740778402076103e-05,1.519940542493714e-05,1.1069079846492968e-05,3.414734601392411e-05,2.0394434613990597e-05,1.9890276234946214e-05,2.0233073882991448e-05,1.615239307284355e-05,1.1235529200348537e-05,1.1729204743460286e-05,1.3121802112436853e-05,9.710843187349383e-06,2.3433272872352973e-05,7.955444743856788e-06,1.3596037206298206e-05,1.55058969539823e-05,1.783684092515614e-05,1.1875271411554422e-05,1.834635440900456e-05,1.3403751836449374e-05,1.4333675608213525e-05,1.4648283467977308e-05,9.323343874712009e-06,1.0757579730125144e-05,1.2217197763675358e-05,1.1468549018900376e-05,1.575963688082993e-05,1.058987618307583e-05,7.145637482608436e-06,1.0929137715720572e-05,1.2083700312359724e-05,1.148691626440268e-05
2200,4.872849603998475e-05,5.976743341307156e-05,7.15943897375837e-05,2.660478639882058e-05,7.189188909251243e-05,2.1114630726515315e-05,6.12603616900742e-05,2.7209736799704842e-05,4.090953370905481e-05,3.284977356088348e-05,4.099126817891374e-05,4.9424339522374794e-05,3.126448791590519e-05,5.2136267186142504e-05,3.440868022153154e-05,2.720729935390409e-05,2.299898369528819e-05,3.0219329346437007e-05,6.11272389505757e-06,2.1631227355101146e-05,1.0016829037340358e-05,2.745797610259615e-05,1.3948982086731121e-05,1.5471026927116327e-05,3.533516428433359e-05,3.091448888881132e-05,1.294196681556059e-05,8.7200114649022e-06,2.5113533411058597e-05,8.862385584507138e-06,2.130067878169939e-05,8.699740646989085e-06,1.4441109669860452e-05,2.9492730391211808e-05,1.2213517948111985e-05,8.406300366914365e-06,2.5185416234307922e-05,1.1551061106729321e-05,4.0991064452100545e-05,2.7875512387254275e-05,1.5827457900741138e-05,1.7851629309006967e-05,1.452817286917707e-05,8.814715329208411e-06,1.3215336366556585e-05,1.1715162145264912e-05,1.0639138963597361e-05,9.20784987101797e-06,2.007834154937882e-05,1.479618458688492e-05
2300,3.9954731619218364e-05,0.00017814004968386143,7.415992149617523e-05,8.537976100342348e-05,3.6890225601382554e-05,3.077606379520148e-05,4.522378367255442e-05,3.695288978633471e-05,4.6317836677189916e-05,3.379759073141031e-05,4.37252783740405e-05,1.7948208551388234e-05,2.0588522602338344e-05,2.0929306629113853e-05,2.2612144675804302e-05,1.7313117496087216e-05,3.096097498200834e-05,3.1278530514100567e-05,1.3548781680583488e-05,1.978087493625935e-05,1.3273667718749493e-05,2.983872218464967e-05,1.5758145309519023e-05,1.996411447180435e-05,1.5749081285321154e-05,1.2844137927459087e-05,1.3704497177968733e-05,8.912744306144305e-06,1.2688157767115626e-05,1.1043396625609603e-05,1.2485285878938157e-05,1.4577968613593839e-05,2.3182015866041183e-05,8.856731255946215e-06,3.254747571190819e-05,1.280816377402516e-05,9.117403351410758e-06,7.998774890438654e-06,1.166322090284666e-05,1.1357496987329796e-05,1.9440389223746024e-05,1.1523330613272265e-05,1.1975429515587166e-05,1.4762298633286264e-05,1.4147782167128753e-05,1.2004467862425372e-05,1.3801411114400253e-05,9.258742466045078e-06,8.48145555210067e-06,7.038636795186903e-06
2400,7.574446499347687e-05,7.478664338123053e-05,9.240153303835541e-05,5.345416138879955e-05,3.9858197851572186e-05,3.456000195001252e-05,3.85018065571785e-05,2.8286400265642442e-05,3.703321635839529e-05,3.5899258364224806e-05,4.073737727594562e-05,2.9492504836525768e-05,2.394081457168795e-05,3.17307494697161e-05,2.3749957108520903e-05,1.5504811017308384e-05,2.8810118237743154e-05,1.4403490240511019e-05,1.1168582204845734e-05,2.526995558582712e-05,1.4027307770447806e-05,1.6678539395797998e-05,2.2229287424124777e-05,2.081225647998508e-05,1.8842991266865283e-05,2.220861460955348e-05,1.9808687284239568e-05,1.19271744551952e-05,1.8459757484379224e-05,1.1884286323038395e-05,1.3712825420952868e-05,1.0697571269702166e-05,1.89179991139099e-05,1.6562633391004056e-05,1.62817941600224e-05,1.7631764421821572e-05,1.3707212019653525e-05,1.0707773071771953e-05,1.4430642295337748e-05,1.7162999938591383e-05,8.221996722568292e-06,9.142960152530577e-06,4.506071036303183e-06,1.4191326954460237e-05,1.3680548363481648e-05,1.1735337466234341e-05,1.3688902981812134e-05,1.438741855963599e-05,9.070984560821671e-06,5.535253876587376e-06
2500,5.4598578572040424e-05,0.00011490993347251788,7.090812141541392e-05,3.868722706101835e-05,4.3811145587824285e-05,2.419461088720709e-05,2.7168875021743588e-05,5.732026693294756e-05,5.001850149710663e-05,4.404729770612903e-05,6.186714017530903e-05,2.5280480258516036e-05,2.549070632085204e-05,2.3489807063015178e-05,1.7719163224683143e-05,1.168982907984173e-05,2.5169802029267885e-05,1.5961013559717685e-05,6.941661013115663e-06,1.8298405848327093e-05,2.387566928518936e-05,2.949140252894722e-05,2.056636003544554e-05,2.45755109062884e-05,1.7882766769616865e-05,2.1713469323003665e-05,1.089844499801984e-05,1.209797483170405e-05,2.624402077344712e-05,1.5064166291267611e-05,1.7629083231440745e-05,2.1008776457165368e-05,1.8644181182025932e-05,1.8186881789006293e-05,1.702584449958522e-05,9.469581527810078e-06,9.990573744289577e-06,1.3670287444256246e-05,1.2270978004380595e-05,9.614991540729534e-06,8.564479685446713e-06,1.0912990546785295e-05,7.653306056454312e-06,8.947285095928237e-06,1.5487272321479395e-05,1.5189546502369922e-05,1.0380938874732237e-05,1.1978415386693086e-05,7.812715921318159e-06,1.094838444259949e-05
2600,8.57925188029185e-05,7.01040044077672e-05,8.752042049309239e-05,4.69108454126399e-05,5.8324574638390914e-05,3.737216684385203e-05,4.7653564251959324e-05,3.106828444288112e-05,4.1222006984753534e-05,6.689850852126256e-05,8.182052988559008e-05,3.6825214920099825e-05,3.332868800498545e-05,3.0148032237775624e-05,2.185769335483201e-05,2.3440055883838795e-05,3.0393228371394798e-05,3.723625559359789e-05,1.0678029866539873e-05,1.8411448763799854e-05,1.5853463992243633e-05,4.3953499698545784e-05,2.723241050262004e-05,1.937461638590321e-05,2.6842164515983313e-05,1.9928142137359828e-05,1.168379185401136e-05,2.2907095626578666e-05,1.6382720787078142e-05,1.5181862181634642e-05,4.231772618368268e-05,1.0706471584853716e-05,1.6583297110628337e-05,1.4429697330342606e-05,1.4885362361383159e-05,1.2172085007478017e-05,1.9582745153456926e-05,1.2349548342172056e-05,1.3778677384834737e-05,1.8115068087354302e-05,1.9548255295376293e-05,2.469911487423815e-05,1.2736008102365304e-05,1.2999079444853123e-05,1.9401406461838633e-05,9.855131793301553e-06,1.6428641174570657e-05,1.0908654985541943e-05,1.804877319955267e-05,1.9236573280068114e-05
2700,5.128053453518078e-05,7.104699761839584e-05,5.015271017327905e-05,4.129541412112303e-05,3.590548294596374e-05,2.3353873984888196e-05,3.096952787018381e-05,4.0811937651596963e-05,3.220642247470096e-05,4.33171444456093e-05,6.70375011395663e-05,1.5559162420686334e-05,1.522502952866489e-05,2.2893475033924915e-05,2.2807660570833832e-05,1.4910177924321033e-05,1.6592703104834072e-05,2.0202867744956166e-05,6.430770554288756e-06,2.057974779745564e-05,1.9443055862211622e-05,2.1159394236747175e-05,2.1774434571852908e-05,1.3931567082181573e-05,1.9256307496107183e-05,2.2910209736437537e-05,1.5735995475552045e-05,1.0988233952957671e-05,2.4632214262965135e-05,8.566210453864187e-06,2.351926923438441e-05,8.79923300090013e-06,1.34425990836462e-05,1.2096407772332896e-05,2.2281781639321707e-05,1.591198997630272e-05,1.2552331099868752e-05,1.0449016372149345e-05,2.0978823158657178e-05,1.271955443371553e-05,8.880364475771785e-06,1.0066577488032635e-05,6.668763035122538e-06,1.4408191418624483e-05,1.1878910299856216e-05,1.3373451110965107e-05,9.23091920412844e-06,1.4362993169925176e-05,8.881118446879555e-06,7.684049705858342e-06
2800,6.717725045746192e-05,6.811436469433829e-05,9.18298028409481e-05,3.054923945455812e-05,4.397240263642743e-05,2.7759007934946567e-05,3.639058195403777e-05,2.842154572135769e-05,3.4209693694720045e-05,3.4997210605069995e-05,4.335113408160396e-05,1.6473242794745602e-05,2.1827809177921154e-05,2.226580363640096e-05,1.8403201465844177e-05,1.9790721125900745e-05,2.6556033844826743e-05,2.086829044856131e-05,8.075933692452963e-06,2.477870111761149e-05,9.78237858362263e-06,2.856556420738343e-05,1.2567787962325383e-05,1.276420516660437e-05,1.5398505638586357e-05,1.3820523236063309e-05,2.277594649058301e-05,9.806710295379162e-06,2.2016769435140304e-05,8.927914677769877e-06,2.343705273233354e-05,8.790158972260542e-06,1.6258671166724525e-05,1.2683309250860475e-05,1.6578236682107672e-05,1.9179000446456484e-05,8.79532854014542e-06,2.106108695443254e-05,1.0267684046993963e-05,9.617117939342279e-06,1.2562596566567663e-05,9.804332876228727e-06,8.673971933603752e-06,1.1210777302039787e-05,2.108290391333867e-05,1.1011983588105068e-05,1.4002074749441817e-05,1.2587122910190374e-05,6.6349803091725335e-06,8.090065421129111e-06
2900,5.047497688792646e-05,7.74307845858857e-05,5.640261588268913e-05,4.1413655708311126e-05,6.156500603538007e-05,3.115880099358037e-05,5.9350899391574785e-05,4.003170397481881e-05,3.805345113505609e-05,4.481973883230239e-05,8.85276313056238e-05,2.4824892534525134e-05,3.478764119790867e-05,3.998979082098231e-05,2.8269256290514022e-05,2.73299592663534e-05,2.0578427211148664e-05,1.8533981346990913e-05,7.962395102367736e-06,2.031184885709081e-05,1.3342229067347944e-05,3.542334525263868e-05,1.97933659364935e-05,1.4200655641616322e-05,1.4727431334904395e-05,2.9152604838600382e-05,1.6884067008504644e-05,1.2312981198192574e-05,2.2456106307799928e-05,7.621648819622351e-06,2.951107126136776e-05,8.590594916313421e-06,1.530528606963344e-05,2.0774996301042847e-05,1.5398478353745304e-05,1.6703910659998655e-05,1.4971418750064913e-05,9.81633820629213e-06,1.7134443623945117e-05,2.1632647985825315e-05,1.2533971130324062e-05,1.1494465070427395e-05,6.921036401763558e-06,1.2128398338973057e-05,1.3375622074818239e-05,1.4415542864298914e-05,9.337985829915851e-06,1.0225528058072086e-05,7.015829396550544e-06,8.672054718772415e-06
3000,5.941922063357197e-05,6.85354316374287e-05,6.315322389127687e-05,2.5673154596006498e-05,4.598735540639609e-05,1.834240356402006e-05,4.55853805760853e-05,3.4434768167557195e-05,3.7139066989766434e-05,4.003809590358287e-05,4.123743929085322e-05,1.605932629900053e-05,2.1404430299298838e-05,2.6793200959218666e-05,2.551348188717384e-05,1.8387929230812006e-05,2.2434231141232885e-05,1.803397935873363e-05,5.891326054552337e-06,1.5500614608754404e-05,1.4276129149948247e-05,1.7507831216789782e-05,1.885789242805913e-05,1.893212720460724e-05,1.1306746273476165e-05,1.965000046766363e-05,1.080888705473626e-05,1.3676313756150194e-05,1.5259140127454884e-05,1.4147998626867775e-05,1.631600025575608e-05,1.2695909390458837e-05,1.2619769222510513e-05,1.0477271644049324e-05,1.0819222552527208e-05,1.0213881068921182e-05,9.375413355883211e-06,7.793360964569729e-06,1.0335921615478583e-05,1.8052391169476323e-05,1.1371695109119173e-05,1.057819554262096e-05,8.429522495134734e-06,7.426645879604621e-06,1.1015454219887033e-05,1.1480735338409431e-05,1.0373346412961837e-05,9.303385922976304e-06,5.198353846935788e-06,7.106655175448395e-06
3100,4.339728911872953e-05,6.275161285884678e-05,5.0341997848590836e-05,2.7435060474090278e-05,4.004538641311228e-05,1.9163806427968666e-05,3.8870450225658715e-05,2.127261359419208e-05,3.284483318566345e-05,4.342667307355441e-05,5.025279097026214e-05,1.4800518329138868e-05,2.043041240540333e-05,1.3208635209593922e-05,1.3731752005696762e-05,1.6920355847105384e-05,1.881100979517214e-05,2.8033220587531105e-05,5.533934654522454e-06,1.0913240657828283e-05,1.088020781025989e-05,2.989000131492503e-05,1.4772501344850753e-05,1.3129339095030446e-05,1.6946158211794682e-05,1.0957007361867e-05,8.017806976567954e-06,1.551827517687343e-05,2.012016557273455e-05,9.01507337403018e-06,2.6318806703784503e-05,8.736438758205622e-06,1.2014186722808518e-05,6.469768322858727e-06,1.40741412906209e-05,1.0507697879802436e-05,6.189567557157716e-06,9.025517101690639e-06,1.3141349882062059e-05,8.815582987153903e-06,1.5941903257044032e-05,8.297689419123344e-06,6.718493750668131e-06,1.350218735751696e-05,1.2756745491060428e-05,7.902876859589014e-06,9.592949027137365e-06,8.828650607028976e-06,6.309401669568615e-06,4.90805359731894e-06
3200,6.879045395180583e-05,5.613845132756978e-05,6.234858301468194e-05,3.2953077607089654e-05,3.9276266761589795e-05,2.2552900190930814e-05,3.71559253835585e-05,2.6044066544272937e-05,3.5896206100005656e-05,3.317968366900459e-05,4.594634810928255e-05,2.1106889107613824e-05,1.874754343589302e-05,2.4440241759293713e-05,2.113467053277418e-05,1.3683992619917262e-05,2.0777210011146963e-05,1.3016960110689979e-05,7.320019904000219e-06,1.7976479284698144e-05,1.709704883978702e-05,3.228430432500318e-05,1.6350579244317487e-05,1.9123710444546305e-05,1.3769616089120973e-05,2.1847081370651722e-05,1.139480900747003e-05,1.545222767163068e-05,1.764083754096646e-05,1.0395159733889159e-05,2.1729183572460897e-05,9.917952411342412e-06,1.2683187378570437e-05,1.2236495422257576e-05,2.2077862013247795e-05,1.0218239367532078e-05,1.1771031495300122e-05,8.435854397248477e-06,1.3478758773999289e-05,1.6162453903234564e-05,8.613885256636422e-06,1.1294829164398834e-05,7.5935327004117426e-06,1.7848764400696382e-05,1.5448855265276507e-05,1.0649258001649287e-05,1.0580441085039638e-05,2.1726462364313193e-05,7.1641306931269355e-06,8.017946129257325e-06
3300,5.5135562433861196e-05,7.223195279948413e-05,4.994603295926936e-05,3.408022894291207e-05,6.480220326920971e-05,2.9794269721605815e-05,5.3679203119827434e-05,2.514070729375817e-05,4.2407071305206046e-05,3.525253850966692e-05,3.634449603850953e-05,4.602293120115064e-05,4.437770621734671e-05,2.9273509426275268e-05,2.839920125552453e-05,2.04000280064065e-05,1.8898221242125146e-05,3.6352324968902394e-05,7.72581643104786e-06,1.1862219253089279e-05,2.240652611362748e-05,2.6701340175350197e-05,2.169398430851288e-05,2.003950794460252e-05,3.2600521080894396e-05,2.766773832263425e-05,1.326827441516798e-05,1.3984555153001565e-05,1.950541809492279e-05,8.10585424915189e-06,1.766861714713741e-05,7.034494956315029e-06,1.1985007404291537e-05,1.5583918866468593e-05,1.713589699647855e-05,9.966745892597828e-06,2.5980942155001685e-05,1.1564154192456044e-05,1.2449729183572344e-05,2.2716738385497592e-05,1.3596672943094745e-05,1.8728573195403442e-05,1.0906716852332465e-05,1.7789678167901002e-05,1.8247836123919114e-05,8.522752068529371e-06,9.126377335633151e-06,1.395101298840018e-05,1.844210237322841e-05,1.3978977221995592e-05
3400,5.8436289691599086e-05,0.00012340318062342703,5.570627763518132e-05,4.355591590865515e-05,5.8687572163762525e-05,2.048975511570461e-05,4.3132480641361326e-05,3.6726720281876624e-05,3.070646562264301e-05,2.9886496122344397e-05,5.8872767112916335e-05,3.183955777785741e-05,3.2547210139455274e-05,3.0140039598336443e-05,2.2515769160236232e-05,2.4140406821970828e-05,1.8952167010866106e-05,2.0717176084872335e-05,7.85961947258329e-06,1.789155248843599e-05,1.1194010767212603e-05,4.53618704341352e-05,2.1091511371196248e-05,3.3533880923641846e-05,1.80539191205753e-05,1.4743364772584755e-05,1.6490304915350862e-05,7.476708560716361e-06,1.8485310647520237e-05,8.608550160715822e-06,2.1918471247772686e-05,1.558258372824639e-05,1.3337473319552373e-05,1.558105941512622e-05,2.4214901714003645e-05,1.2401766980474349e-05,2.0769915863638744e-05,1.1314573384879623e-05,1.607416561455466e-05,1.3363215657591354e-05,1.2357884770608507e-05,2.281012166349683e-05,1.556640381750185e-05,1.153490666183643e-05,1.4157913028611802e-05,1.0077327715407591e-05,9.273658179154154e-06,1.4960744010750204e-05,1.4324205039883964e-05,1.9259992768638767e-05
3500,3.7277979572536424e-05,0.00014009454753249884,5.551877256948501e-05,5.826549750054255e-05,8.797707414487377e-05,2.6434934625285678e-05,6.649019633186981e-05,2.8611359084607102e-05,4.451225322554819e-05,4.772613101522438e-05,3.2676663977326825e-05,6.534635031130165e-05,3.7657424400094897e-05,5.9379468439146876e-05,3.3041415008483455e-05,2.7391264666221105e-05,2.0386503820191137e-05,1.8451997675583698e-05,9.749092896527145e-06,1.4550379091815557e-05,1.5288005670299754e-05,2.3405238607665524e-05,2.0090907128178515e-05,2.0161474822089076e-05,2.927877358160913e-05,2.220475289504975e-05,1.2961026186530944e-05,1.1432141945988405e-05,2.1975041818222962e-05,1.1062183148169424e-05,1.5580517356283963e-05,1.0801179087138735e-05,1.8098391592502594e-05,2.9462797101587057e-05,3.142703644698486e-05,1.3885608495911583e-05,2.9966427973704413e-05,1.2870969840150792e-05,3.287808794993907e-05,2.613647302496247e-05,1.354753112536855e-05,2.7856480301124975e-05,2.0149172996752895e-05,2.0765341105288826e-05,1.9571356460801326e-05,9.596003110345919e-06,1.0309497156413272e-05,1.5494248145841993e-05,1.991885255847592e-05,2.3087579393177293e-05
3600,6.321525142993778e-05,0.00010079835919896141,8.20140921860002e-05,5.0651447963900864e-05,8.737618190934882e-05,2.83979534287937e-05,6.684288382530212e-05,4.2497351387282833e-05,4.7116602218011394e-05,5.435000275610946e-05,5.746769966208376e-05,4.873840225627646e-05,4.806852666661143e-05,4.0877832361729816e-05,2.3187525584944524e-05,2.1874517187825404e-05,3.222842497052625e-05,2.438504270685371e-05,8.523489668732509e-06,1.913581036205869e-05,2.6938971132040024e-05,2.911426781793125e-05,2.2740952772437595e-05,1.5268455172190443e-05,2.2859367163619027e-05,2.1083962565171532e-05,1.2259332834219094e-05,1.9901191990356892e-05,2.1327161448425613e-05,1.3810541531711351e-05,3.1092335120774806e-05,1.461445299355546e-05,1.981594687094912e-05,2.6361345589975826e-05,1.8601189367473125e-05,1.2002633411611896e-05,2.9053000616841018e-05,1.0591344107524492e-05,1.9195453205611557e-05,1.9636654542409815e-05,9.892452908388805e-06,2.0256362404325046e-05,2.0880675947410055e-05,1.5309178706957027e-05,1.23419267765712e-05,1.2814172805519775e-05,1.5193283616099507e-05,2.0185061657684855e-05,1.661288297327701e-05,2.1832751372130588e-05
3700,5.543159932130948e-05,8.13792648841627e-05,6.585877417819574e-05,3.9702612411929294e-05,5.236571087152697e-05,2.2223695850698277e-05,4.749447907670401e-05,4.380018435767852e-05,4.658189573092386e-05,3.468302747933194e-05,6.514856067951769e-05,1.6296946341753937e-05,2.589439827715978e-05,2.5967148758354597e-05,3.3161762985400856e-05,2.2918380636838265e-05,2.4013696020119824e-05,2.1756641217507422e-05,6.374119493557373e-06,2.4811304683680646e-05,1.223392246174626e-05,3.0671784770675004e-05,1.64346129167825e-05,2.0522789782262407e-05,1.574216366861947e-05,1.3132946151017677e-05,1.1785325114033185e-05,9.544677595840767e-06,1.8729226212599315e-05,1.1378206181689166e-05,2.2784901375416666e-05,1.1901287507498637e-05,1.4363904483616352e-05,1.1174817700521089e-05,1.5874056771281175e-05,1.1952703971473966e-05,9.06532022781903e-06,9.551834409649018e-06,1.740390325721819e-05,1.2793578207492828e-05,1.3500070053851232e-05,8.458624506602064e-06,8.162346603057813e-06,8.555232852813788e-06,1.5682102457503788e-05,1.5065226762089878e-05,9.840487109613605e-06,1.2437319128366653e-05,7.1649237725068815e-06,7.719933819316793e-06
3800,5.0856619054684415e-05,5.7346220273757353e-05,6.3073166529648e-05,3.075517815886997e-05,6.20123537373729e-05,1.6999896615743637e-05,4.4970769522478804e-05,2.474341818015091e-05,3.085871139774099e-05,3.360576738486998e-05,5.033773777540773e-05,6.269814912229776e-05,2.7583268092712387e-05,4.832061313209124e-05,2.9213404559413902e-05,1.8151937183574773e-05,2.2794838514528237e-05,3.328941238578409e-05,5.451096967590274e-06,1.636650449654553e-05,1.2764596249326132e-05,2.582342131063342e-05,1.4241623830457684e-05,1.7312608179054223e-05,3.829161141766235e-05,2.4332181055797264e-05,1.3141744602762628e-05,8.484050340484828e-06,1.6735388271627016e-05,8.55738835525699e-06,2.0960318579454906e-05,8.470679858874064e-06,1.3054138435109053e-05,2.294897785759531e-05,1.183411313832039e-05,1.3635910363518633e-05,2.753843364189379e-05,9.605459126760252e-06,2.8736259992001578e-05,2.4622693672426976e-05,1.7376272808178328e-05,2.428890911687631e-05,1.802761289582122e-05,8.702497325430159e-06,1.2873929335910361e-05,1.0772108907985967e-05,9.985430551751051e-06,1.1945643564104103e-05,2.4825692889862694e-05,2.0745796064147726e-05
3900,4.517289926297963e-05,0.00011182654998265207,8.479045209242031e-05,2.4683817173354328e-05,5.513790529221296e-05,2.1410516637843102e-05,4.8405818233732134e-05,6.21801518718712e-05,3.72883296222426e-05,3.2160991395357996e-05,7.627533341292292e-05,5.59177206014283e-05,3.709261000039987e-05,4.1928691643988714e-05,2.614326513139531e-05,2.91850356006762e-05,2.298826257174369e-05,2.879112071241252e-05,6.2567610257247e-06,3.100369940511882e-05,2.222029070253484e-05,6.0688798839692026e-05,1.7109174223151058e-05,3.640016802819446e-05,3.522067709127441e-05,2.476097142789513e-05,3.0293507734313607e-05,9.332840818387922e-06,1.4971474229241721e-05,1.0195516551902983e-05,4.1454786696704105e-05,2.4993918486870825e-05,1.6715586752980016e-05,2.3613445591763593e-05,1.4429693692363799e-05,2.009971831284929e-05,2.9069649826851673e-05,1.7925749489222653e-05,1.821348996600136e-05,1.9966395484516397e-05,1.231359965458978e-05,2.358692290727049e-05,1.5016913494036999e-05,9.380670235259458e-06,1.8107482901541516e-05,1.3462889910442755e-05,1.2874914318672381e-05,1.020666695694672e-05,1.8941578673548065e-05,1.7507341908640228e-05
4000,4.183586497674696e-05,9.72361012827605e-05,5.115590465720743e-05,4.148090738453902e-05,3.265719351475127e-05,2.528953154978808e-05,3.126318915747106e-05,2.5776094844331965e-05,3.946739889215678e-05,4.819792593480088e-05,4.74386106361635e-05,1.6043275536503643e-05,1.740505285852123e-05,2.1569023374468088e-05,3.017679409822449e-05,1.3915980161982588e-05,2.1279669454088435e-05,2.151066655642353e-05,8.021735084184911e-06,1.629799407965038e-05,1.0632949852151796e-05,1.8041577277472243e-05,1.6690799384377897e-05,1.3561283594754059e-05,1.6443917047581635e-05,1.2105399036954623e-05,1.3703985132451635e-05,1.0575663509371225e-05,1.7290345567744225e-05,8.610963050159626e-06,2.278367719554808e-05,1.0302233022230212e-05,1.4778118384128902e-05,9.199343367072288e-06,1.237937067344319e-05,1.5977799193933606e-05,6.583082722499967e-06,9.461752597417217e-06,1.5566925867460668e-05,8.399467333219945e-06,1.4223616744857281e-05,1.3038099496043287e-05,6.950497208890738e-06,7.399019523290917e-06,1.1895433999598026e-05,9.629718078940641e-06,8.809346581983846e-06,6.887885774631286e-06,7.510898285545409e-06,6.191537977429107e-06
4100,6.651101284660399e-05,8.292031998280436e-05,6.907528586452827e-05,4.696892210631631e-05,0.00010277282854076475,3.057084177271463e-05,8.237083238782361e-05,2.6245716071571223e-05,4.0603572415420786e-05,4.337150676292367e-05,4.74905245937407e-05,8.763873483985662e-05,5.1433758926577866e-05,7.800354069331661e-05,5.26104231539648e-05,3.730299067683518e-05,2.890081850637216e-05,4.414094291860238e-05,7.961343726492487e-06,1.5828483810764737e-05,1.1944461220991798e-05,3.356016532052308e-05,2.4419723558821715e-05,2.6301580874132924e-05,5.237009099801071e-05,4.7490706492681056e-05,1.4166847904562019e-05,1.3095777831040323e-05,1.9659437384689227e-05,1.0990625014528632e-05,2.7402000341680832e-05,1.0472050234966446e-05,1.6766485714470036e-05,4.207597521599382e-05,1.7199252397404052e-05,8.133155461109709e-06,4.182312113698572e-05,1.0048715921584517e-05,3.000425931531936e-05,4.074340176885016e-05,1.654108018556144e-05,2.9920354791102e-05,2.7981208404526114e-05,1.0937071238004137e-05,1.148551564256195e-05,9.950514140655287e-06,1.2534599591162987e-05,1.640173650230281e-05,3.072270919801667e-05,2.2713882572134025e-05
4200,4.2065061279572546e-05,0.00017903768457472324,0.00010098741040565073,5.120945570524782e-05,8.140719728544354e-05,3.653360181488097e-05,6.720179953845218e-05,6.428953201975673e-05,9.140985639533028e-05,6.652162846876308e-05,4.997699579689652e-05,3.014726098626852e-05,4.2566462070681155e-05,3.405583629501052e-05,2.1606378140859306e-05,3.035406189155765e-05,4.013683064840734e-05,2.2425261704484e-05,9.22257277125027e-06,2.3198253984446637e-05,1.3508783013094217e-05,2.864005546143744e-05,2.6645824618753977e-05,3.206286783097312e-05,1.6509578927070834e-05,1.5437677575391717e-05,8.271245860669296e-06,9.591993148205802e-06,2.607456553960219e-05,1.9752204025280662e-05,1.561829776619561e-05,2.062091516563669e-05,2.857354047591798e-05,1.7050337191903964e-05,2.658467201399617e-05,7.623990313732065e-06,2.1656685930793174e-05,1.8798587916535325e-05,1.495876676926855e-05,1.7521859263069928e-05,1.6332309314748272e-05,1.5822266504983418e-05,1.3301132639753632e-05,1.3911880159866996e-05,2.8303500585025176e-05,2.0458963263081387e-05,1.5428016922669485e-05,1.1219398402317893e-05,1.0949516763503198e-05,1.649347359489184e-05
4300,5.207674257690087e-05,7.888081745477393e-05,6.149760156404227e-05,3.6338264180812985e-05,3.3892953069880605e-05,2.4243310690508224e-05,3.77688993467018e-05,2.6642319426173344e-05,4.701422221842222e-05,4.1957409848691896e-05,2.875755490094889e-05,3.756052683456801e-05,1.772879477357492e-05,4.3368214392103255e-05,3.3807289582910016e-05,1.2994269127375446e-05,2.2919792172615416e-05,1.6948304619290866e-05,6.755917183909332e-06,1.646289456402883e-05,1.5809713659109548e-05,1.656737003941089e-05,1.8958107830258086e-05,1.9471959603833966e-05,2.5382734747836366e-05,3.5207700420869514e-05,1.14997001219308e-05,1.0359408406657167e-05,2.719987060118001e-05,1.0584363735688385e-05,1.7026130080921575e-05,1.0819604540301953e-05,1.6300435163429938e-05,2.608631257317029e-05,1.54590088641271e-05,9.201574357575737e-06,1.4177665434544906e-05,8.952250936999917e-06,1.3215589206083678e-05,2.2988051568972878e-05,8.610337317804806e-06,7.681438546569552e-06,6.094180207583122e-06,1.1236516002099961e-05,1.624613105377648e-05,1.0871255653910339e-05,9.374924047733657e-06,9.016560397867579e-06,1.0593736078590155e-05,4.1269536268373486e-06
4400,4.3337291572242975e-05,8.208067447412759e-05,5.66009221074637e-05,3.0318531571538188e-05,5.706166848540306e-05,2.103664337482769e-05,4.615935904439539e-05,3.106662552454509e-05,3.558790194801986e-05,2.6271427486790344e-05,3.6638815799960867e-05,4.2924893932649866e-05,2.313387994945515e-05,4.237109897076152e-05,2.60992455878295e-05,1.9191060346201994e-05,2.2652040570392273e-05,1.3771309568255674e-05,5.899378265894484e-06,1.3980828953208402e-05,1.0297932021785527e-05,2.2456806618720293e-05,1.3611994290840812e-05,2.0027926439070143e-05,1.7475946151535027e-05,1.8794326024362817e-05,9.846372449828777e-06,6.952729108888889e-06,1.3451654922391754e-05,8.876334504748229e-06,1.33849389385432e-05,1.107947900891304e-05,1.2390652955218684e-05,2.2101865397416987e-05,1.2597871318575926e-05,7.967233614181168e-06,1.6690966731403023e-05,1.043895917973714e-05,2.5308765543741174e-05,1.9232311387895606e-05,8.811464795144275e-06,1.4658770851383451e-05,1.1381353942852002e-05,6.896452759974636e-06,1.2080428859917447e-05,1.0496867616893724e-05,9.465815310250036e-06,9.632124601921532e-06,1.235345916938968e-05,1.2078113286406733e-05
4500,6.704383122269064e-05,7.470720447599888e-05,5.5596145102754235e-05,4.227708632242866e-05,6.689877773169428e-05,3.415943501750007e-05,5.828580469824374e-05,2.5559478672221303e-05,4.686977990786545e-05,3.187331822118722e-05,3.274568371125497e-05,2.965264138765633e-05,3.86608335247729e-05,3.9332218875642866e-05,4.5407647121464834e-05,1.834146496548783e-05,1.8786295186146162e-05,2.034095632552635e-05,9.234919161826838e-06,1.8434309822623618e-05,1.4552384527632967e-05,1.4956419363443274e-05,1.738504033710342e-05,1.903819793369621e-05,2.323103581147734e-05,2.9181974241510034e-05,1.4637990716437344e-05,1.3344801118364558e-05,2.192017564084381e-05,9.371012311021332e-06,1.2481764315452892e-05,9.726361895445734e-06,1.9019782484974712e-05,1.568665902595967e-05,1.6577994756517e-05,9.152276106760837e-06,2.0182133084745146e-05,9.96982998913154e-06,1.8163198546972126e-05,2.3384654923575e-05,8.88997055881191e-06,1.9120980141451582e-05,8.095330485957675e-06,1.3297747500473633e-05,1.556006282044109e-05,1.1515236110426486e-05,9.396760106028523e-06,1.1315833035041578e-05,1.2696848898485769e-05,1.2153366697020829e-05
4600,4.1859566408675164e-05,7.91657148511149e-05,5.325992970028892e-05,4.231611455907114e-05,4.460294439923018e-05,2.1775085770059377e-05,3.442729575908743e-05,2.3632144802832045e-05,3.578308314899914e-05,3.2977080991258845e-05,3.1330258934758604e-05,2.5743920559762046e-05,2.2162508685141802e-05,1.7090576875489205e-05,2.473666063451674e-05,1.2696918929577805e-05,2.4454211597912945e-05,3.055042907362804e-05,6.0068823586334474e-06,1.459157829231117e-05,1.2124548447900452e-05,1.4582702533516567e-05,1.3955171198176686e-05,1.3541591215471271e-05,2.3954486096045002e-05,1.246712236024905e-05,1.1852095667563844e-05,8.587876436649822e-06,1.8959237422677688e-05,8.056601473072078e-06,1.610143226571381e-05,9.06872719497187e-06,1.3660216609423514e-05,8.773274203122128e-06,1.2215693459438626e-05,1.0578886758594308e-05,1.2411386705935001e-05,1.1215079211979173e-05,1.3797496649203822e-05,1.0572621249593794e-05,1.8162978449254297e-05,1.746234920574352e-05,1.1023274055332877e-05,6.728034350089729e-06,1.013813653116813e-05,8.919115316530224e-06,9.356962436868344e-06,7.295064278878272e-06,1.423591766069876e-05,1.172769862023415e-05
4700,4.162325421930291e-05,7.371307583525777e-05,5.810074435430579e-05,3.865124745061621e-05,3.5073117032879964e-05,2.8952170396223664e-05,2.9468206776073202e-05,3.956516593461856e-05,4.200945841148496e-05,3.328801176394336e-05,8.464862912660465e-05,2.00873600988416e-05,1.6463540305267088e-05,2.2136457118904218e-05,2.0829582354053855e-05,1.4772052963962778e-05,1.991770841414109e-05,1.6838735973578878e-05,7.11904613126535e-06,2.1092750102980062e-05,1.1079718206019606e-05,3.847189145744778e-05,1.5354027709690854e-05,1.6229168977588415e-05,1.5787603842909448e-05,1.5048251043481287e-05,1.5576762962155044e-05,1.4567507605534047e-05,1.5259458450600505e-05,8.432822141912766e-06,2.4280745492433198e-05,8.30620774650015e-06,1.6693174984538928e-05,1.1839056242024526e-05,2.274352482345421e-05,1.6270925698336214e-05,1.1234811609028839e-05,9.011519068735652e-06,1.0652861419657711e-05,1.1151839316880796e-05,1.0275189197272994e-05,1.1317095413687639e-05,6.683833362330915e-06,1.810934736568015e-05,1.4731342162122019e-05,1.4343619113788009e-05,8.40741631691344e-06,1.0089046554639935e-05,9.411159226146992e-06,8.355158570338972e-06
4800,5.256725489743985e-05,0.00011345634993631393,4.8261648771585897e-05,5.189256262383424e-05,3.207795452908613e-05,3.653321255114861e-05,2.698457865335513e-05,5.209010487305932e-05,3.255717092542909e-05,3.452237797318958e-05,8.465317660011351e-05,1.7851209122454748e-05,1.7356520402245224e-05,1.7967680832953192e-05,1.578568662807811e-05,1.6529422282474115e-05,1.7016491256072186e-05,2.744519224506803e-05,1.0592330909275915e-05,1.5107830222405028e-05,1.632858948141802e-05,5.103073635837063e-05,1.697215520835016e-05,2.65921262325719e-05,2.1536441636271775e-05,1.9103021259070374e-05,1.4078018466534559e-05,1.2743436855089385e-05,2.6828478439711034e-05,9.541658073430881e-06,3.217164703528397e-05,1.6026326193241403e-05,1.0643327186699025e-05,1.0579152331047226e-05,2.0515606593107805e-05,1.0529946848691907e-05,7.595237548230216e-06,1.803797022148501e-05,1.4137158359517343e-05,1.065329161065165e-05,1.3449891412165016e-05,9.481136657996103e-06,6.922952252352843e-06,1.3640395991387777e-05,1.769895970937796e-05,1.0036632374976762e-05,7.770526281092316e-06,1.0803605619003065e-05,1.0179564014833886e-05,7.022440513537731e-06
4900,5.1645674830069765e-05,0.00014299203758127987,7.94251827755943e-05,3.293162080808543e-05,5.3303207096178085e-05,4.83357762277592e-05,4.806484867003746e-05,6.605613452848047e-05,9.705479897093028e-05,5.439015876618214e-05,5.5536478612339124e-05,5.5031086958479136e-05,2.682518243091181e-05,4.9530026444699615e-05,4.261248614056967e-05,2.0616926121874712e-05,4.0137911128113046e-05,3.8301328459056094e-05,1.0175347597396467e-05,2.434521957184188e-05,9.238592610927299e-06,2.8974638553336263e-05,2.1476858819369227e-05,2.4980950911412947e-05,4.122943209949881e-05,3.890366497216746e-05,9.469409633311443e-06,7.893778274592478e-06,2.864798989321571e-05,1.6291234715026803e-05,1.1867373359564226e-05,1.6884052456589416e-05,2.4536378987249918e-05,2.8405096600181423e-05,2.2378684661816806e-05,8.836030247039162e-06,2.4256716642412357e-05,2.72860997938551e-05,2.5378963982802816e-05,2.8886142899864353e-05,1.734562283672858e-05,2.069237052637618e-05,1.297733706451254e-05,1.6023594071157277e-05,2.913067328336183e-05,2.243063681817148e-05,1.0676237252482679e-05,8.905747563403565e-06,2.172270615119487e-05,1.1495894796098582e-05
5000,5.043805140303448e-05,9.599756594980136e-05,6.135254807304591e-05,4.958990393788554e-05,5.203494583838619e-05,3.180401836289093e-05,5.836200580233708e-05,2.913480784627609e-05,4.117024946026504e-05,3.58687320840545e-05,3.710164673975669e-05,2.90706375380978e-05,2.6708850782597438e-05,4.2661544284783304e-05,3.883554745698348e-05,2.2806490960647352e-05,2.2747179173165932e-05,2.835622217389755e-05,8.838796929921955e-06,1.9276201783213764e-05,1.3269715054775588e-05,1.872499706223607e-05,1.698728920018766e-05,1.4317582099465653e-05,2.413327274553012e-05,3.396891042939387e-05,1.5307101421058178e-05,1.2300264643272385e-05,2.2913924112799577e-05,1.0084443601954263e-05,1.5271712982212193e-05,1.1440806702012196e-05,1.4364412891154643e-05,1.7862108506960794e-05,1.4867744539515115e-05,1.584332676429767e-05,1.4157533769321162e-05,1.5140584764594678e-05,1.0325508810637984e-05,2.4197588572860695e-05,1.7910699170897715e-05,1.1838312275358476e-05,9.228526323568076e-06,1.4162825209496077e-05,1.4334443221741822e-05,1.0824202036019415e-05,9.313723239756655e-06,1.4133644981484395e-05,1.18141624625423e-05,9.204881280311383e-06
5100,3.838691191049293e-05,9.238383790943772e-05,5.144524766365066e-05,2.5422084945603274e-05,3.987862874055281e-05,1.718909879855346e-05,3.0802228138782084e-05,3.013921741512604e-05,3.2853553420864046e-05,4.829696990782395e-05,5.000972669222392e-05,2.3655753466300666e-05,2.1917763660894707e-05,1.906448778754566e-05,2.153233981516678e-05,2.5579223802196793e-05,1.793846968212165e-05,2.886902257159818e-05,5.204544322623406e-06,2.2144708054838702e-05,1.354223149974132e-05,1.552769390400499e-05,1.8156228179577738e-05,1.757518657541368e-05,1.7991213098866865e-05,1.3571334420703351e-05,2.3511433028033935e-05,1.6124949979712255e-05,2.246069379907567e-05,1.1083348908869084e-05,1.6036381566664204e-05,1.6000873074517585e-05,1.0341424058424309e-05,8.938748578657396e-06,1.0432336239318829e-05,2.353890158701688e-05,7.33806746211485e-06,1.4504121281788684e-05,9.702158422442153e-06,8.235952918766998e-06,1.3819243577017915e-05,9.258085810870398e-06,6.6294610405748244e-06,1.0957258382404689e-05,1.4723872482136358e-05,1.0661034139047842e-05,7.2832567639125045e-06,7.541565082647139e-06,7.21499600331299e-06,7.371548690571217e-06
5200,4.4795506255468354e-05,7.021745113888755e-05,5.4710119002265856e-05,3.375410597072914e-05,4.4449607230490074e-05,2.165492514905054e-05,4.594131314661354e-05,2.2730488126398996e-05,4.0998846088768914e-05,3.532884511514567e-05,2.6956273359246552e-05,1.592663102201186e-05,2.3187731130747125e-05,2.1906742404098623e-05,2.2456064471043646e-05,2.122420301020611e-05,2.1352909243432805e-05,3.4650423913262784e-05,6.725903404003475e-06,1.5461449947906658e-05,1.086522843252169e-05,1.8765345885185525e-05,1.8777733203023672e-05,1.811627771530766e-05,2.1705292965634726e-05,1.1153430932608899e-05,9.821383173402864e-06,8.167658961610869e-06,1.8566504877526313e-05,9.753274753165897e-06,1.2998281817999668e-05,6.989425855863374e-06,1.2859741218562704e-05,1.0022728019976057e-05,1.6276280803140253e-05,6.860831490484998e-06,7.5856546573049854e-06,9.626801329432055e-06,2.302804568898864e-05,1.017926842905581e-05,1.891701322165318e-05,1.0675161320250481e-05,1.0245686098642182e-05,1.1134828127978835e-05,1.1228519724681973e-05,1.0644176654750481e-05,8.59618103277171e-06,1.1272948540863581e-05,1.0200304132013116e-05,7.637662747583818e-06
