step,channel_62,channel_208,channel_591,channel_173,channel_636,channel_757,channel_559,channel_459,channel_646,channel_285,channel_483,channel_516,channel_386,channel_777,channel_773,channel_373,channel_570,channel_721,channel_53,channel_70,channel_725,channel_146,channel_337,channel_888,channel_844,channel_417,channel_709,channel_672,channel_58,channel_694,channel_445,channel_161,channel_263,channel_666,channel_538,channel_56,channel_67,channel_100,channel_688,channel_440,channel_370,channel_494,channel_142,channel_573,channel_363,channel_28,channel_332,channel_289,channel_350,channel_321
0,0.004225218202918768,0.0038072539027780294,0.0015377937816083431,0.0026812280993908644,0.0022219696547836065,0.001203374471515417,0.001863620593212545,0.0011999693233519793,0.0012751134345307946,0.0017207692144438624,0.00171518640127033,0.0017103762365877628,0.001517300377599895,0.0015147767262533307,0.0014201838057488203,0.0013218560488894582,0.0006094025447964668,0.0012130665127187967,0.001134216203354299,0.0006961856270208955,0.0011137882247567177,0.0010790386004373431,0.0010635778307914734,0.0010530514409765601,0.0010363090550526977,0.0010296468390151858,0.0002918392710853368,0.0010124148102477193,0.0009798613609746099,0.0009669847786426544,0.0009498702129349113,0.0009381864801980555,0.0009325048886239529,0.0009270586306229234,0.0009157441090792418,0.0009131929837167263,0.0009068224462680519,0.0009020237484946847,0.000896083249244839,0.0008951951167546213,0.0008840443333610892,0.0005711907870136201,0.0003409043711144477,0.0008632777025923133,0.0008577505359426141,0.0008459636010229588,0.0008336976170539856,0.0008238632581196725,0.0008230596431531012,0.0008111575152724981
100,0.0009727586875669658,0.0023191673681139946,0.0027337586507201195,0.0013871350092813373,0.001420096610672772,0.0015759324887767434,0.0009196408209390938,0.0016297639813274145,0.0017446429701521993,0.0008532106294296682,0.0014435920165851712,0.00042873097117990255,0.0011459627421572804,0.0009523183689452708,0.0010934628080576658,0.0006239153444766998,0.0010876633459702134,0.00042588182259351015,0.0005941063282079995,0.0011251192772760987,0.0002996153198182583,0.0007201854605227709,0.00036351525341160595,0.000378297409042716,0.00048787015839479864,0.00032229398493655026,0.0010134776821359992,0.00036255017039366066,0.00041661362047307193,0.0005489985342137516,0.0002583333116490394,0.0003216430195607245,0.000758402340579778,0.0003327462763991207,0.00032708828803151846,0.0005269390530884266,0.0006886698538437486,0.0007601235411129892,0.00032741838367655873,0.00033165980130434036,0.0003732897457666695,0.0006309428717941046,0.0007803542539477348,0.00028572510927915573,0.0005086461897008121,0.00030618987511843443,0.00044791982509195805,0.0003102156042587012,0.0005161667941138148,0.0003660530783236027
200,0.0011230739764869213,0.002325106179341674,0.0024654946755617857,0.0015995242865756154,0.0014718305319547653,0.0018223122460767627,0.000792375358287245,0.0014885484706610441,0.0015000407584011555,0.0011260495521128178,0.0013336592819541693,0.0005120761343277991,0.0007627640734426677,0.0008269864483736455,0.0011690693208947778,0.0005697445012629032,0.0011145732132717967,0.00040487374644726515,0.0006589075201191008,0.0010855937143787742,0.0002862836990971118,0.0007019834592938423,0.00039793975884094834,0.00036886593443341553,0.0005171412485651672,0.0003650054568424821,0.0007601692341268063,0.0003682216629385948,0.0003720349632203579,0.0005567927146330476,0.00031358847627416253,0.0003903127508237958,0.0006411061622202396,0.0003994930302724242,0.00028807728085666895,0.0004221905837766826,0.0007624196005053818,0.0006424534367397428,0.0003852728405036032,0.00033864815486595035,0.00035173719516023993,0.0007122922106646001,0.0007130770827643573,0.00033693399745970964,0.0005587096093222499,0.0003032571985386312,0.00031585589749738574,0.0003301721590105444,0.000535226019565016,0.0002891763288062066
300,0.0009233265300281346,0.0025049124378710985,0.0026333981659263372,0.0015914178220555186,0.0014983690343797207,0.0019996631890535355,0.000720934709534049,0.0017497397493571043,0.0015857473481446505,0.0010711471550166607,0.001556471106596291,0.0004472588188946247,0.0011525602312758565,0.0009467637864872813,0.00124050781596452,0.0005444100825116038,0.0012889805948361754,0.0003520101890899241,0.0007030372507870197,0.0010660283733159304,0.00026431865990161896,0.0007811863324604928,0.00037900410825386643,0.0003447391209192574,0.0005633500404655933,0.0003517917648423463,0.0009715904598124325,0.0002714209258556366,0.00035887956619262695,0.0005872708861716092,0.0002647583605721593,0.00035369364195503294,0.0007721491274423897,0.0003459133149590343,0.0002904657449107617,0.00047759895096533,0.000752240011934191,0.0007510583964176476,0.0003045746125280857,0.00032843841472640634,0.00042095824028365314,0.0008747850079089403,0.000871170952450484,0.0002680553589016199,0.0006455595721490681,0.0002746310201473534,0.00035054577165283263,0.0003250880690757185,0.0006631952128373086,0.0003171337302774191
400,0.00048695082659833133,0.0010640011169016361,0.0014540085103362799,0.0007932900334708393,0.0007179491221904755,0.000894628930836916,0.0003950359532609582,0.0008246982470154762,0.000714392401278019,0.000524190254509449,0.0007304548635147512,0.000258146901614964,0.0005408282740972936,0.0004532289458438754,0.0005449370364658535,0.00031886008218862116,0.0006708771688863635,0.0001877281320048496,0.0003051648964174092,0.0005576922558248043,0.00015197416360024363,0.0003315805224701762,0.00016535572649445385,0.0001786904758773744,0.00023897489882074296,0.00017715543799567968,0.00041741481982171535,0.00016326484910678118,0.00016659522952977568,0.0002824899274855852,0.0001426964154234156,0.00017909484449774027,0.0003356277593411505,0.00017967222083825618,0.00014017123612575233,0.00018411384371574968,0.00038243652670644224,0.00040521359187550843,0.00015449407510459423,0.00017422118980903178,0.00016688909090589732,0.0003343253047205508,0.0003972016565967351,0.00013168914301786572,0.0002877384831663221,0.00013346545165404677,0.0001491565053584054,0.0001482037187088281,0.0002530166239012033,0.0001514515606686473
500,0.0003684495750349015,0.0010138092329725623,0.0012424214510247111,0.0006834377418272197,0.0006951757823117077,0.0007727939519099891,0.00034996442263945937,0.0008196165435947478,0.000730617088265717,0.00047167352749966085,0.0006087321671657264,0.00017665527411736548,0.000400093209464103,0.00043623277451843023,0.0005150807555764914,0.00021972323884256184,0.0005929007893428206,0.00018227998225484043,0.0002916809462476522,0.000514297338668257,0.00012193015572847798,0.0002803108945954591,0.00013787869829684496,0.00016310851788148284,0.00020296897855587304,0.00015015812823548913,0.0003853771777357906,0.00013901472266297787,0.00016225074068643153,0.00026607749168761075,0.00012047730706399307,0.00013316997501533478,0.000295104953693226,0.0001461849024053663,0.00013150731683708727,0.00019527746189851314,0.00032582785934209824,0.0003454841789789498,0.0001661950518609956,0.00015409375191666186,0.00016276391397695988,0.00031110012787394226,0.00039773076423443854,0.00013386993668973446,0.00023660891747567803,0.00011634689144557342,0.00014023814583197236,0.00011428925790823996,0.00027884443989023566,0.0001319766597589478
600,0.0004882660578005016,0.001036257715895772,0.0012353647034615278,0.0006753548514097929,0.0006625474779866636,0.0009462417801842093,0.0003254834155086428,0.0006801221170462668,0.0005851986934430897,0.0005120643181726336,0.0006794650107622147,0.0002159962459700182,0.0006165456143207848,0.00045689012040384114,0.0005167123745195568,0.000236384104937315,0.0005370124126784503,0.00016754484386183321,0.0003832668298855424,0.0006032281671650708,0.00013619787932839245,0.0002858530206140131,0.00017985918384511024,0.00017468554142396897,0.00023502179828938097,0.00018339205416850746,0.00040541557245887816,0.00013907176617067307,0.00012955399870406836,0.0002566692710388452,0.00011650291708065197,0.0001988525764318183,0.0003037507412955165,0.0001553596812300384,0.0001212940042023547,0.0002450634492561221,0.0003425418399274349,0.0004441477358341217,0.0001593689084984362,0.00016360585868824273,0.0001595903595443815,0.00039001950062811375,0.0003944853669963777,0.00012424439773894846,0.0002802979724947363,0.00011921796249225736,0.00015809325850568712,0.00014329599798657,0.00034456877619959414,0.00016229861648753285
700,0.0005519701517187059,0.0012036373373121023,0.0014678180450573564,0.0007750043296255171,0.0008360147476196289,0.0008621043525636196,0.00033164501655846834,0.0009103927877731621,0.0007857841555960476,0.0004972975002601743,0.0007631874177604914,0.00022993615129962564,0.0005390894948504865,0.0004683320294134319,0.0005869221058674157,0.0002468472521286458,0.0005771699361503124,0.0002119441778631881,0.00035877557820640504,0.0006134840077720582,0.00013207328447606415,0.0003570066182874143,0.00020521733677014709,0.00017054799536708742,0.00020820595091208816,0.00016760334256105125,0.0004113251343369484,0.0001513892348157242,0.00019884596986230463,0.00032049574656412005,0.00012322970724198967,0.0001724948815535754,0.00032839630148373544,0.00018649184494279325,0.00015022887964732945,0.00023599140695296228,0.000383693550247699,0.0004279515706002712,0.0001738544087857008,0.00017289005336351693,0.00017914689669851214,0.0003806294407695532,0.000346047047059983,0.00014926792937330902,0.00030630870605818927,0.00014599479618482292,0.00019234161300119013,0.0001420048502041027,0.00025874507264234126,0.00014069161261431873
800,0.0004342279280535877,0.0009809184120967984,0.0012200521305203438,0.0005811487208120525,0.0006687330896966159,0.000990330707281828,0.0003176068712491542,0.0006728689768351614,0.0006848492193967104,0.00045008448068983853,0.0007276663673110306,0.00019703569705598056,0.0005048597231507301,0.0004121303791180253,0.0004826067015528679,0.00022300935233943164,0.0005279668839648366,0.00014235662820283324,0.00027018689434044063,0.0005948476027697325,0.00012416914978530258,0.0002907014568336308,0.00015885109314695,0.00017976868548430502,0.00020400685025379062,0.00013898794713895768,0.00034055166179314256,0.00014998670667409897,0.00016141025116667151,0.000255945255048573,0.0001282347075175494,0.00013985479017719626,0.0003126250521745533,0.00015337392687797546,0.00013235575170256197,0.0001866268867161125,0.0003688942815642804,0.00031209777807816863,0.0001633781794225797,0.00015963002806529403,0.0001850525295594707,0.00033279272611252964,0.0003368942125234753,0.00012575181608553976,0.0002849721349775791,0.00013031356502324343,0.00013862110790796578,0.0001165587455034256,0.00023710289679002017,0.00012055715342285112
900,0.0004316599224694073,0.0009386537130922079,0.0011656818678602576,0.0006370970513671637,0.0006465378100983799,0.0008205301128327847,0.00036248521064408123,0.0007023237994872034,0.0006904475158080459,0.00044061834341846406,0.0006170109263621271,0.00019583376706577837,0.0004406592925079167,0.00039069788181222975,0.0004548701108433306,0.0002447915030643344,0.0005109295016154647,0.00016894013970158994,0.00029867893317714334,0.0005072032799944282,0.00012803236313629895,0.00023526177392341197,0.00015114524285309017,0.0001412389538018033,0.00024189299438148737,0.00014781024947296828,0.0003693171893246472,0.00014009044389240444,0.00016727292677387595,0.0002605411864351481,0.000118300347821787,0.00013439652684610337,0.0003672372258733958,0.00016714195953682065,0.0001185456058010459,0.00019195016648154706,0.0003181396459694952,0.0003504220803733915,0.00016886371304281056,0.0001625671429792419,0.0001776183198671788,0.00031344714807346463,0.00030606691143475473,0.0001329968508798629,0.0002455555950291455,0.00010862391354748979,0.00014348335389513522,0.00014708486560266465,0.00025586929405108094,0.00010970984294544905
1000,0.0004093378083780408,0.0009771871846169233,0.001408080686815083,0.0007214282522909343,0.0007002837373875082,0.0008787222905084491,0.0003430476936046034,0.000732649874407798,0.0006205326062627137,0.00046887670760042965,0.0007546702981926501,0.0002116428513545543,0.0005236208089627326,0.0003670582955237478,0.0004834927385672927,0.0002798645873554051,0.0005915454239584506,0.00014737126184627414,0.00033162161707878113,0.0005847343127243221,0.00011691370309563354,0.00030777257052250206,0.00013104618119541556,0.00015520529996138066,0.00018279004143550992,0.00014635230763815343,0.00042461237171664834,0.00015099311713129282,0.000146641512401402,0.0002915410732384771,0.00011661300231935456,0.00014778428885620087,0.00029923420515842736,0.00015537037688773125,0.00011905155406566337,0.00019064568914473057,0.00034634387702681124,0.0003600388881750405,0.00014293361164163798,0.00013618053344544023,0.00015485378389712423,0.0003680959634948522,0.0003496239078231156,0.0001258635602425784,0.0002367921988479793,0.00011079569230787456,0.00015211556456051767,0.00012286443961784244,0.00029706265195272863,0.00013857809244655073
1100,0.0004244019801262766,0.001008325256407261,0.0013800938613712788,0.0006489598890766501,0.0005928091122768819,0.0009149191901087761,0.000394565548049286,0.0008245671051554382,0.000627705070655793,0.00042285502422600985,0.0006693036993965507,0.00016546453116461635,0.0005191270029172301,0.00037257419899106026,0.00044994655763730407,0.00022767855261918157,0.0005678069428540766,0.00015206699026748538,0.00033324339892715216,0.0005540390848182142,0.00012478796998038888,0.00028977906913496554,0.0001684215822024271,0.00017798857879824936,0.00020980610861442983,0.0001543010730529204,0.0004703428130596876,0.00015719783550594002,0.00015121705655474216,0.0002552407968323678,0.00010849177488125861,0.0001407155068591237,0.0003150027769152075,0.0001693612866802141,0.0001054989334079437,0.0001934853644343093,0.00041064005927182734,0.0003849546192213893,0.0001381833280902356,0.00014128698967397213,0.00014361170178744942,0.0003260005032643676,0.0003703743568621576,0.00012973445700481534,0.00024247558030765504,0.00011368157720426098,0.00014664087211713195,0.0001281278528040275,0.00028813761309720576,0.00011915727372979745
1200,0.0005245134816505015,0.0010665514273568988,0.0019275101367384195,0.0006728938897140324,0.0007502225344069302,0.0008764187805354595,0.0005702258204109967,0.0009886636398732662,0.00114454235881567,0.00044046828406862915,0.000987169798463583,0.0002276078303111717,0.0005475347861647606,0.0007943973178043962,0.0004943219828419387,0.0003029209328815341,0.0006028350908309221,0.0002342817751923576,0.0002861773537006229,0.0005313939182087779,0.0001374176936224103,0.0004060190112795681,0.00016811906243674457,0.00018062478920910507,0.0002323435473954305,0.00022442801855504513,0.0005349202547222376,0.00016998258070088923,0.00020506720466073602,0.00026376970345154405,0.00014723189815413207,0.0002515343076083809,0.0006253166939131916,0.00019548513228073716,0.00017797001055441797,0.00023899521329440176,0.0003964060451835394,0.00032833628938533366,0.00019814349070657045,0.0001497249904787168,0.00021595654834527522,0.00036418286617845297,0.00033848753082565963,0.0001401245390297845,0.0002578872081357986,0.00015616166638210416,0.0001465703098801896,0.00014099989493843168,0.00026621457072906196,0.0003523888881318271
1300,0.00037706943112425506,0.0009631571010686457,0.0012025019386783242,0.0006034887046553195,0.0006811090861447155,0.0008092783391475677,0.00034149130806326866,0.0007347381324507296,0.0006340537220239639,0.0003856974944937974,0.0006364939035847783,0.00017393131565768272,0.0004003897192887962,0.0004039886989630759,0.0005001109093427658,0.00026781551423482597,0.0005019502714276314,0.00016553317254874855,0.0002537498075980693,0.0005074944347143173,0.00012386970047373325,0.0002958299301099032,0.00013055541785433888,0.000107477797428146,0.00019005380454473197,0.00014953328354749829,0.0003625897516030818,0.0001415269507560879,0.00015197195170912892,0.0002550586068537086,9.826361201703548e-05,0.0001157028746092692,0.00032174430089071393,0.00016842130571603775,0.00011151966464240104,0.00017233223479706794,0.00040001122397370636,0.00034917585435323417,0.00014687186921946704,0.00013811711687594652,0.00015636853640899062,0.00031180569203570485,0.00031254420173354447,0.0001289424253627658,0.00025925913359969854,0.0001062092705979012,0.0001370355748804286,0.00011922052362933755,0.0002466961741447449,9.505777416052297e-05
1400,0.0005062139825895429,0.0011055880459025502,0.0015295868506655097,0.0006971000111661851,0.00078454555477947,0.0009439098066650331,0.000355759373633191,0.0009723682887852192,0.0007766528287902474,0.0004891598946414888,0.0008218439761549234,0.00023868279822636396,0.000544587557669729,0.0004335173580329865,0.000516410858836025,0.0002536775136832148,0.0006529011880047619,0.00016479422629345208,0.00029703558539040387,0.000553243444301188,0.00013488641707226634,0.0003165702219121158,0.0001986427669180557,0.0001673763181315735,0.0002347590052522719,0.00016750823124311864,0.0004719093849416822,0.00015064406034070998,0.0001927003322634846,0.00029146764427423477,0.0001400980108883232,0.0001711029908619821,0.0003569026885088533,0.0001515048206783831,0.00010951984586426988,0.00022341952717397362,0.0003483179025352001,0.0003836627001874149,0.0001765613560564816,0.00014533432840835303,0.00017865508561953902,0.0003545394283719361,0.0004031489079352468,0.00016350964142475277,0.0002887012669816613,0.0001238391996594146,0.0001704846799839288,0.00013645119906868786,0.00024490911164321005,0.00012692045129369944
1500,0.0003803239087574184,0.0011100213741883636,0.0011951272608712316,0.000625323096755892,0.0006475833361037076,0.0009967421647161245,0.00035344669595360756,0.0008078549872152507,0.0007331538945436478,0.0004637609235942364,0.0006926650530658662,0.00018671392172109336,0.0005994666717015207,0.00047556209028698504,0.00050514773465693,0.00023767887614667416,0.000517857086379081,0.00017601785657461733,0.0002843198599293828,0.0006124283536337316,0.00012285253615118563,0.0002683727361727506,0.00016175676137208939,0.00015049541252665222,0.00022366546909324825,0.00015560226165689528,0.0004371713730506599,0.0001468320842832327,0.00015005579916760325,0.0002261142071802169,0.00013442430645227432,0.00015894044190645218,0.00036901995190419257,0.00018697764608077705,0.0001240973360836506,0.00020389513520058244,0.000508239259943366,0.00046429529902525246,0.0001846340746851638,0.0001720484724501148,0.00015926182095427066,0.00037446568603627384,0.00031146424589678645,0.00013546374975703657,0.00027428765315562487,0.00011474093480501324,0.00013876304728910327,0.00013912565191276371,0.00027865375159308314,0.00012887403136119246
1600,0.0005213760887272656,0.0009385698358528316,0.0014671619283035398,0.0008204717305488884,0.0007727478514425457,0.0009228810667991638,0.0002929472248069942,0.0008760769269429147,0.0007189025054685771,0.00045644681085832417,0.0008777703624218702,0.0001973419130081311,0.0004785246273968369,0.0004356450226623565,0.0005831297603435814,0.00024013291113078594,0.0006244836840778589,0.00014283740893006325,0.00031939978362061083,0.0006353043718263507,0.00012598738248925656,0.00031931514968164265,0.00019572653400246054,0.00014839498908258975,0.00027903460431843996,0.00015507377975154668,0.00046809937339276075,0.00013924192171543837,0.00017547080642543733,0.0002841082459781319,0.00012928902287967503,0.00018925474432762712,0.0003384936135262251,0.0001693480444373563,0.0001120611559599638,0.00019464586512185633,0.00046402873704209924,0.0003881725133396685,0.00015130385872907937,0.0001382837217533961,0.00021217999164946377,0.0004520464863162488,0.0003945922071579844,0.0001515880721854046,0.0003153295547235757,0.00013464271614793688,0.00017858683713711798,0.00014904254931025207,0.0002683172351680696,0.000171985273482278
1700,0.00045748025877401233,0.0010738015407696366,0.001355558168143034,0.000817408668808639,0.0007713623926974833,0.0009428621269762516,0.0003557732852641493,0.0008342292858287692,0.0006730893510393798,0.0005357904592528939,0.0007706763572059572,0.0001972863101400435,0.00046943736379034817,0.0004135414201300591,0.000579045619815588,0.00028387855854816735,0.0005574230453930795,0.00015056943811941892,0.0002931083436124027,0.0005741925560869277,0.000131029068143107,0.00033022279967553914,0.0001738033606670797,0.0001796350843505934,0.0002486209850758314,0.00016546154802199453,0.00045606866478919983,0.00016377448628190905,0.00016400391177739948,0.0002522246795706451,0.0001356816355837509,0.0001909238490043208,0.00030293429153971374,0.00018045805336441845,0.0001231020869454369,0.0002400090597802773,0.00034415762638673186,0.0004003058420494199,0.0001587678852956742,0.00014511241170112044,0.00017619648133404553,0.00040525890653952956,0.0003603753284551203,0.00012403052824083716,0.0002336560864932835,0.0001300302828894928,0.00015844989684410393,0.00013940437929704785,0.000278118735877797,0.0001562696270411834
1800,0.00045565396430902183,0.0010809308150783181,0.001335746143013239,0.0007599815144203603,0.0007118424400687218,0.0008402654202654958,0.0003579863696359098,0.0008259446476586163,0.0008170332293957472,0.0004878499894402921,0.0007311200606636703,0.00021647920948453248,0.000524720351677388,0.0004815985739696771,0.0005760737112723291,0.000254201702773571,0.0005662037874571979,0.00016411261458415538,0.0003176158934365958,0.0004806100332643837,0.0001344515912933275,0.00028200302040204406,0.00015892766532488167,0.0003082873299717903,0.0002314982411917299,0.00015729204460512847,0.0003981192712672055,0.00013502324873115867,0.00017457376816309988,0.0002714887959882617,0.00012721684470307082,0.00015508932119701058,0.0003548466775100678,0.00018072410603053868,0.000108191670733504,0.00022973265731707215,0.0003570663102436811,0.000360687670763582,0.00018777669174596667,0.00016568636056035757,0.00013664992002304643,0.0003595465386752039,0.0003691478632390499,0.00014779689081478864,0.0002452112385071814,0.00014670837845187634,0.00016835190763231367,0.0001405906368745491,0.0002447520091664046,0.00011683353659464046
1900,0.0004371094109956175,0.0009040035656653345,0.0013494627783074975,0.0006332631455734372,0.0006825944292359054,0.0008194005931727588,0.00035198871046304703,0.000823528622277081,0.0006697205826640129,0.00044981512473896146,0.0008061212138272822,0.00018582340271677822,0.00045646054786629975,0.00044127702130936086,0.0004651524359360337,0.00024816530640237033,0.0005543990409933031,0.00016151161980815232,0.00030362067627720535,0.0004565539420582354,0.00012384919682517648,0.00025914458092302084,0.00016580811643507332,0.00016334351676050574,0.000205251868464984,0.00016624704585410655,0.0004156557552050799,0.00015251080913003534,0.00017020219820551574,0.00026408236590214074,0.0001062568262568675,0.0001579856179887429,0.00031802529701963067,0.00016255817899946123,0.0001111516248784028,0.00023209786741063,0.00034782258444465697,0.0004486779507715255,0.00013839441817253828,0.00016456478624604642,0.00018150736286770552,0.00037030247040092945,0.00032805209048092365,0.00012752771726809442,0.000279314728686586,0.00015086910570971668,0.00012903916649520397,0.00011449021985754371,0.0002884497516788542,0.00016767742636147887
2000,0.0006089745438657701,0.0013150802114978433,0.00169691804330796,0.0008681987528689206,0.0008921471890062094,0.0009204873349517584,0.00038773188134655356,0.0009480558219365776,0.0007967606070451438,0.0005324341473169625,0.0007089952123351395,0.0002639524464029819,0.0005597709096036851,0.0005050917970947921,0.0006787956808693707,0.0002972793881781399,0.0006924738991074264,0.00019470500410534441,0.00036139239091426134,0.0006861064466647804,0.00014910410391166806,0.00036836162325926125,0.00020661672169808298,0.00018308540165890008,0.00023116184456739575,0.00018752634059637785,0.0005414400366134942,0.00016109776333905756,0.00019142399833071977,0.00027293094899505377,0.0001404561917297542,0.00018874667875934392,0.0003827996551990509,0.00021135066344868392,0.0001365250354865566,0.00024409157049376518,0.0004674048977904022,0.00036482015275396407,0.00015472935047000647,0.00020227594359312207,0.00021797636873088777,0.0005096368258818984,0.00037992047145962715,0.00014716145233251154,0.00032978414674289525,0.00014190490765031427,0.00020829503773711622,0.00016193659394048154,0.0003445367328822613,0.0001472199655836448
2100,0.0004439658659975976,0.0010446353117004037,0.0015700733056291938,0.0008233523112721741,0.0008126196335069835,0.0009262352832593024,0.00039816461503505707,0.0010254919761791825,0.0007864803774282336,0.0004857988969888538,0.0007928205304779112,0.00022528371482621878,0.0006358802784234285,0.00046147251850925386,0.0006153591093607247,0.0002842187532223761,0.0006862250156700611,0.00016920160851441324,0.0003558672033250332,0.0005970049533061683,0.0001227214961545542,0.00032851219293661416,0.00016693696670699865,0.0001879253686638549,0.00022791729134041816,0.000159444214659743,0.0004317322454880923,0.00017948614549823105,0.00017253239639103413,0.00030146652716211975,0.00012186059757368639,0.00016441747720818967,0.00038571853656321764,0.00017297703016083688,0.00012223848898429424,0.0002043641870841384,0.00036762963281944394,0.0003346716985106468,0.00019701698329299688,0.00018493716197554022,0.00020247671636752784,0.00037841341691091657,0.0003699644294101745,0.00015050655929371715,0.0002826858253683895,0.0001549983280710876,0.00017420834046788514,0.00014456758799497038,0.00030290521681308746,0.0001532444730401039
2200,0.000577727216295898,0.0011353830341249704,0.0014451665338128805,0.0008119411650113761,0.0008139369310811162,0.0010417813900858164,0.00038256277912296355,0.0008882533293217421,0.0008154765237122774,0.00047258540871553123,0.0006908098002895713,0.00024774085613898933,0.000551308155991137,0.0004582152469083667,0.000609240960329771,0.0002502267016097903,0.0006449823849834502,0.00017345875676255673,0.00033247817191295326,0.000548593990970403,0.00015758832159917802,0.0003246901906095445,0.00017539611144457012,0.00019145687110722065,0.0002637659781612456,0.00017173445667140186,0.0004903021035715938,0.00016681960551068187,0.00018364583957009017,0.00031234038760885596,0.00016204154235310853,0.00017269159434363246,0.0003831624344456941,0.00021367806766647846,0.00011868211004184559,0.00025299526168964803,0.000340181402862072,0.0003736215294338763,0.0001929009595187381,0.0001588138402439654,0.00019870603864546865,0.00041295969276688993,0.0003682983515318483,0.00013488467084243894,0.00028924355865456164,0.00014092779019847512,0.00014863780234009027,0.00016351600061170757,0.0002953529474325478,0.00015139902825467288
2300,0.0005931534105911851,0.0012457846896722913,0.0016173471231013536,0.0008574880775995553,0.0007956429617479444,0.0009064389741979539,0.0005064064171165228,0.0010393557604402304,0.0011301108170300722,0.0005238975281827152,0.001105305040255189,0.00025190835003741086,0.000773921434301883,0.0005445632268674672,0.0005697565502487123,0.00036544137401506305,0.0005358467460609972,0.00018202154024038464,0.0002946475287899375,0.0006598434993065894,0.00015618541510775685,0.0003481038729660213,0.00017066863074433059,0.00021582753106486052,0.0002791190636344254,0.00021125552302692086,0.0005215405253693461,0.00018546103092376143,0.0002498026588000357,0.00030914158560335636,0.00014098489191383123,0.0002005746791837737,0.0004131695022806525,0.00020304479403421283,0.00013096698967274278,0.0002070153277600184,0.0003483886830508709,0.0004259144770912826,0.00019650007016025484,0.0001877124741440639,0.00018907136109191924,0.00040079245809465647,0.00043203268432989717,0.00016115640755742788,0.00026541922125034034,0.000139370487886481,0.00021009333431720734,0.00015141537005547434,0.00029726381762884557,0.00018255242321174592
2400,0.00044081456144340336,0.0012365066213533282,0.0016182478284463286,0.0008988682529889047,0.0010555320186540484,0.0010139382211491466,0.0005312623688951135,0.0009898055577650666,0.0008882051915861666,0.0005855669733136892,0.0009559683385305107,0.00020622528973035514,0.0006397694814950228,0.0005605542683042586,0.0006860841531306505,0.0002393271861365065,0.000714253110345453,0.00016685843002051115,0.00037596863694489,0.0006522203329950571,0.00013085488171782345,0.00037856469862163067,0.00017942885460797697,0.0002239932946395129,0.0003121340414509177,0.00016929753473959863,0.0005610869848169386,0.0001526843843748793,0.00021169269166421145,0.0003558846074156463,0.0001332463143626228,0.0001728743372950703,0.0003898133581969887,0.00020474844495765865,0.00015293735486920923,0.00027767379651777446,0.00038489646976813674,0.00044082666863687336,0.00018543617625255138,0.00015842624998185784,0.0001818676682887599,0.0004381516482681036,0.0004434238653630018,0.00014129177725408226,0.00027472738292999566,0.00014450041635427624,0.00016790616791695356,0.00013652081543114036,0.00031239521922543645,0.00015108501247595996
2500,0.00040811614599078894,0.0008896542130969465,0.0014760325429961085,0.0006681226659566164,0.0007890217239037156,0.0009307360160164535,0.00035768881207332015,0.0009555864380672574,0.0008191712549887598,0.0004842687922064215,0.000892575248144567,0.0001958032516995445,0.0005628021317534149,0.00041731467354111373,0.0005736273596994579,0.0002673371054697782,0.0006401498685590923,0.00015020575665403157,0.0002770456194411963,0.0006063064793124795,0.00012497155694290996,0.000351721013430506,0.0001590261672390625,0.0001964036637218669,0.00021680448844563216,0.0001436998718418181,0.0005045121652074158,0.00017754550208337605,0.0001671539357630536,0.00024731826852075756,0.00010768319043563679,0.00015088524378370494,0.000328871508827433,0.00017261724860873073,0.00016030938422773033,0.00019938779587391764,0.000372126727597788,0.00042137951822951436,0.00017179451242554933,0.00016049780242610723,0.0001929409772856161,0.00036841051769442856,0.00035175896482542157,0.0001415452716173604,0.0003164375957567245,0.00014097212988417596,0.00015683291712775826,0.00011763878137571737,0.0003133173449896276,0.00015164622163865715
2600,0.0006272722384892404,0.0014161294093355536,0.001480186590924859,0.0011255930876359344,0.000965375395026058,0.0010461705969646573,0.00035766931250691414,0.0009366796584799886,0.0009701504022814333,0.0006227503763511777,0.0007312374655157328,0.0002699749020393938,0.0005565526662394404,0.0004693270311690867,0.0007631746702827513,0.0003474822442512959,0.0006732582114636898,0.0001830978289945051,0.0003059965092688799,0.000691718771122396,0.00014992000069469213,0.0004106106935068965,0.00021523069881368428,0.00020128069445490837,0.00025753513909876347,0.0002143778547178954,0.0005466791917569935,0.00014530359476339072,0.0001922399242175743,0.0003687121206894517,0.0001666981406742707,0.0001721412263577804,0.0003697682695928961,0.0001913614250952378,0.0001267075858777389,0.0002496562956366688,0.0004389699606690556,0.00045516990940086544,0.00018370321777183563,0.00018940080190077424,0.00021143943013157696,0.0004624163848347962,0.00037024635821580887,0.00016087430412881076,0.0002610853698570281,0.00016190006863325834,0.00021440346608869731,0.00016256638627965003,0.000290212978143245,0.00014640676090493798
2700,0.0004078441415913403,0.0009588109096512198,0.0015837751561775804,0.000687339692376554,0.000796387204900384,0.000925192900467664,0.00046141588245518506,0.0008098774706013501,0.000810861645732075,0.00046420033322647214,0.0009262622334063053,0.0001900045172078535,0.0006784977158531547,0.00047286422341130674,0.0005350373103283346,0.0002446239232085645,0.0006422027945518494,0.00014331653073895723,0.00026308567612431943,0.0007202373817563057,0.00011534991790540516,0.00032946193823590875,0.00016865876386873424,0.00018427017494104803,0.00019407333456911147,0.0001753048854880035,0.0003742738626897335,0.0001548011932754889,0.00017360923811793327,0.00023071492614690214,0.00011625354090938345,0.00017534907965455204,0.00037994454032741487,0.00019540182256605476,0.00012701386003755033,0.00024112504615914077,0.000421042408561334,0.0003864252066705376,0.00015998656454030424,0.00015934498514980078,0.00018331136379856616,0.00029547465965151787,0.0004342200409155339,0.00014743472274858505,0.00025710646877996624,0.00010755747643997893,0.00015898756100796163,0.00010134246986126527,0.0002984452876262367,0.00014343632210511714
2800,0.0006809069309383631,0.0013195800129324198,0.0013430612161755562,0.0009759637759998441,0.0008408605353906751,0.0009056978160515428,0.00041616280213929713,0.000777093751821667,0.0008401025552302599,0.0005832375609315932,0.000711957982275635,0.0002702681231312454,0.0005438916850835085,0.00046142609789967537,0.0007001017220318317,0.00030671709100715816,0.000598135928157717,0.00022481981432065368,0.0003562467754818499,0.0005633847904391587,0.00016756881086621433,0.00033017012174241245,0.00019970472203567624,0.00017623079475015402,0.00024212135758716613,0.00021165011276025325,0.00048280475311912596,0.00017113549984060228,0.00018402774003334343,0.00032913085306063294,0.00018056592671200633,0.00018570885004010051,0.0003723539994098246,0.00022219360107555985,0.0001414434373145923,0.00022882323537487537,0.00043255111086182296,0.0003580519696697593,0.00015711109153926373,0.0001854299334809184,0.000246554845944047,0.00041817786404863,0.0003569483815226704,0.00016343756578862667,0.0002836946805473417,0.00016695375961717218,0.0001599705428816378,0.00018936404376290739,0.0002958240220323205,0.00015139048628043383
2900,0.0003860047727357596,0.000969605112913996,0.001383909722790122,0.0007788528455421329,0.0007030058186501265,0.000997350667603314,0.00037942989729344845,0.0008183687459677458,0.0007320137810893357,0.0004628162714652717,0.0007171616307459772,0.00019971132860518992,0.00048374178004451096,0.0004033228615298867,0.000581412052270025,0.0002767410478554666,0.0005566768813878298,0.00015001425344962627,0.0002907378366217017,0.0005813290481455624,0.00011572457879083231,0.0003523975028656423,0.00013170568854548037,0.0001890437415568158,0.00021163599740248173,0.00014238902076613158,0.000470355007564649,0.0001473541633458808,0.00015827143215574324,0.000285053945844993,0.00010788271902129054,0.0001474889722885564,0.00029592885402962565,0.00019294180674478412,0.00011670098319882527,0.00017299815954174846,0.00029865175019949675,0.00032539403764531016,0.0001376331056235358,0.00016493984730914235,0.0001653786312090233,0.00034718631650321186,0.00034361437428742647,0.00012744760897476226,0.00028756269603036344,0.00012044250615872443,0.000201827657292597,0.0001229932386195287,0.000239430446526967,0.0001634143991395831
3000,0.0004559763765428215,0.0010155380005016923,0.0014559043338522315,0.0007200599648058414,0.0006630600546486676,0.0011511524207890034,0.0003861469158437103,0.0008477147785015404,0.0007273814408108592,0.0005622691242024302,0.0008303742506541312,0.00021600110630970448,0.0006010521901771426,0.0004551142337732017,0.0006019421271048486,0.0002686957595869899,0.0006126757944002748,0.0001462953514419496,0.00032077691867016256,0.0006482920725829899,0.0001494444441050291,0.0003499131416901946,0.0001661399146541953,0.00014485945575870574,0.00022281544806901366,0.00015841252752579749,0.0005238706944510341,0.00016570686420891434,0.0001698365667834878,0.00029195178649388254,0.00012495889677666128,0.0001876556343631819,0.0003020168805960566,0.00017533922800794244,0.00011908534361282364,0.00027003115974366665,0.0003801436396315694,0.0003856282273773104,0.00016493035946041346,0.00016125428373925388,0.00015798056847415864,0.00035573673085309565,0.00042967862100340426,0.00015507782518398017,0.00028361735166981816,0.00013001389743294567,0.00016451381088700145,0.0001531299640191719,0.0002804989635478705,0.00016464538930449635
3100,0.0004388360830489546,0.0009496627608314157,0.0014181829756125808,0.0007150176097638905,0.0006573738646693528,0.0009507350623607635,0.0004014568985439837,0.0007297618431039155,0.000641810183878988,0.0003657026099972427,0.0008646016358397901,0.00016652478370815516,0.0005338488845154643,0.00032932660542428493,0.00047614809591323137,0.000253110978519544,0.000540498411282897,0.00016730897186789662,0.0003200191422365606,0.0005203773616813123,0.00013762610615231097,0.00026970627368427813,0.00013772165402770042,0.0001601597323315218,0.00019892265845555812,0.00012999346654396504,0.0003620607894845307,0.00015364919090643525,0.00016751768998801708,0.0002457700320519507,0.00010864520299946889,0.00013965317339170724,0.00033289712155237794,0.00014270670362748206,0.00012576192966662347,0.00023650572984479368,0.0003039406146854162,0.0003325142024550587,0.00014751531125511974,0.0001543442631373182,0.00015261075168382376,0.00032189409830607474,0.00035957747604697943,0.00013736238179262727,0.000221502166823484,0.00011097805690951645,0.00012682769738603383,0.0001146647337009199,0.0003269972512498498,0.00012506512575782835
3200,0.00041108476580120623,0.0011007663561031222,0.0015006588073447347,0.0008225791389122605,0.0007646718295291066,0.0008637962746433914,0.0003355388471391052,0.0008763927035033703,0.0008065620204433799,0.000478176778415218,0.0006866307812742889,0.00020907798898406327,0.0006028898060321808,0.00042443728307262063,0.000552527024410665,0.00027846882585436106,0.000573315192013979,0.000173721244209446,0.00030496736872009933,0.0005970628699287772,0.00013334605318959802,0.0003281648678239435,0.0001379253953928128,0.00017089305038098246,0.00022925707162357867,0.00014987414760980755,0.00044284958858042955,0.00014621145965065807,0.00016473844880238175,0.0003082471084780991,0.00011985331366304308,0.00016769500507507473,0.00037842709571123123,0.00017667168867774308,0.0001251209614565596,0.00025008319062180817,0.00037061021430417895,0.0004301963490433991,0.00017348822439089417,0.0001642045535845682,0.00019150807929690927,0.00038842132198624313,0.00033762736711651087,0.00013344979379326105,0.0002901313710026443,0.00012386827438604087,0.0001808467786759138,0.0001321062445640564,0.0002831760502886027,0.0001344789779977873
3300,0.0004221011186018586,0.0009851388167589903,0.0015877000987529755,0.0007959144422784448,0.0008194817928597331,0.0009491049568168819,0.0003676006163004786,0.0009156281012110412,0.0007685985183343291,0.0004540048830676824,0.0008759424090385437,0.00020877362112514675,0.0006380356498993933,0.00042503446456976235,0.0005519840051420033,0.00027639756444841623,0.0006964492495171726,0.00015903277380857617,0.00030942537705413997,0.0006148722022771835,0.00011768349213525653,0.00037122867070138454,0.00014306210505310446,0.00017102282436098903,0.00022559858916793019,0.00015933223767206073,0.0005121449939906597,0.0001675677194725722,0.00017184113676194102,0.0002652406692504883,0.00012259323557373136,0.00016608514124527574,0.00037716078804805875,0.00015719483781140298,0.00011138668196508661,0.00020095396030228585,0.000397496041841805,0.00042973883682861924,0.00015663773228880018,0.00017064328130800277,0.00017243699403479695,0.0003321847761981189,0.0003962692862842232,0.0001647865428822115,0.00028403569012880325,0.00012849374616052955,0.0001685730239842087,0.00011947705934289843,0.00024216267047449946,0.00018060491129290313
3400,0.000411288725445047,0.00110903091263026,0.0017832323210313916,0.0006005949107930064,0.0009113693959079683,0.0011277984594926238,0.0004114473704248667,0.0010418560123071074,0.000828417541924864,0.0005410400917753577,0.0008200558368116617,0.00018974035629071295,0.0006860233843326569,0.0004994830233044922,0.0005815968615934253,0.0002601389423944056,0.0006842636503279209,0.000156676527694799,0.00034438876900821924,0.00061411177739501,0.00013626144209410995,0.0004075992910657078,0.00014521503180731088,0.00018023126176558435,0.0002678929013200104,0.0001469085837015882,0.0005232979310676455,0.0001402851048624143,0.0001712176890578121,0.0002936924865934998,0.00011168105265824124,0.00016714108642190695,0.0003333760832902044,0.00018685836403165013,0.00012319066445343196,0.0002395770134171471,0.0004876509483437985,0.0004350601229816675,0.00018247841217089444,0.00016029199468903244,0.00016766868066042662,0.0004066285619046539,0.00046078310697339475,0.00014337613538373262,0.00032516647479496896,0.00011601798178162426,0.0001727799972286448,0.0001402339112246409,0.0003432438534218818,0.0001570894819451496
3500,0.0005218135775066912,0.0011370964348316193,0.0016027902020141482,0.0007207592716440558,0.0008135031093843281,0.0010256660170853138,0.000408065301598981,0.0008481534896418452,0.0008111135684885085,0.0005622022436000407,0.0008560934802517295,0.00022618724324274808,0.0005403991672210395,0.0004607047012541443,0.0005595479742623866,0.00026515458011999726,0.0005717817111872137,0.00018475510296411812,0.0003245991829317063,0.0006016225670464337,0.00014206391642801464,0.0003233984753023833,0.00016072034486569464,0.00019471975974738598,0.000235041108680889,0.000182190298801288,0.0004480782081373036,0.00015774232451803982,0.00017764880612958223,0.0002603392640594393,0.00013448962999973446,0.00015491171507164836,0.00037158478517085314,0.0001764993357937783,0.0001296237896895036,0.00020607261103577912,0.0003711777098942548,0.00041646676254458725,0.00017034096526913345,0.00017985138401854783,0.0001754848926793784,0.00035950588062405586,0.00036692171124741435,0.00014689881936646998,0.00028864058549515903,0.00011858990183100104,0.00017586923786439002,0.00013947978732176125,0.0002944475272670388,0.00015060116129461676
3600,0.0005586319020949304,0.0011790321441367269,0.0016376625280827284,0.0007821803446859121,0.0008766053942963481,0.0010041827335953712,0.0004855940060224384,0.0010067353723570704,0.0008257111185230315,0.0005601686425507069,0.0009437063126824796,0.00026776056620292366,0.0006917664431966841,0.0005739401094615459,0.0007084101089276373,0.0003313856723252684,0.0006302566034719348,0.00019546014664229006,0.00036340515362098813,0.0006058123544789851,0.00017614930402487516,0.0003270634333603084,0.00019919507030863315,0.00018952818936668336,0.0002784312528092414,0.00017391725850757211,0.0005393981700763106,0.00019167944265063852,0.00019463941862341017,0.0002873894409276545,0.0001581302931299433,0.00018329433805774897,0.00039535004179924726,0.0001948487915797159,0.00015040529251564294,0.0002552020305301994,0.00048297137254849076,0.0004546478157863021,0.0002076281962217763,0.00022390505182556808,0.0002221500762971118,0.0003775794175453484,0.0004235483065713197,0.0001834210124798119,0.0003661212103907019,0.00015392604109365493,0.00018153291603084654,0.00015116493159439415,0.0003500544116832316,0.00016346263873856515
3700,0.0005223132902756333,0.0012531507527455688,0.0015179128386080265,0.0009710782906040549,0.0007930456777103245,0.0010097486665472388,0.0003886189660988748,0.0010015694424510002,0.0008783633820712566,0.0006248354911804199,0.000862103421241045,0.00024629602557979524,0.0005520593258552253,0.0004585329443216324,0.0007433222490362823,0.0003338119713589549,0.0006287761498242617,0.00016365933697670698,0.0002963590086437762,0.0005259354948066175,0.00012614329170901328,0.0003419714339543134,0.00018036454275716096,0.00019080613856203854,0.00025868936791084707,0.00016373505059164017,0.0005074898945167661,0.00015860149869695306,0.00019190649618394673,0.0002844924165401608,0.00012943075853399932,0.00017377572658006102,0.000369915651390329,0.00023176563263405114,0.0001314247347181663,0.00022260424157138914,0.0003706273855641484,0.0003651543811429292,0.00016787134518381208,0.0001679178822087124,0.00020190571376588196,0.000420442403992638,0.0003859171993099153,0.00017819447384681553,0.0002697638119570911,0.0001501172228017822,0.00019583027460612357,0.00016733053780626506,0.00025148477288894355,0.0001468987320549786
3800,0.0005365048418752849,0.0010115682380273938,0.001188012189231813,0.0008150282665155828,0.00063302181661129,0.000924481893889606,0.0004143099067732692,0.0007816391880623996,0.0006303599220700562,0.00046479623415507376,0.0007416982552967966,0.0002384134422754869,0.0005429642624221742,0.0004137807118240744,0.0006141045014373958,0.0002648473309818655,0.0005600620061159134,0.0001685739407548681,0.0002682034973986447,0.0005594339454546571,0.00015423954755533487,0.00036010032636113465,0.00016413505363743752,0.00019666273146867752,0.0002007437142310664,0.0001960833033081144,0.0004587408038787544,0.0001698389241937548,0.0001750041701598093,0.00023528804013039917,0.00015645078383386135,0.00018961781461257488,0.00033978334977291524,0.00018988664669450372,0.0001284254976781085,0.00024616584414616227,0.00037333028740249574,0.00037075072759762406,0.0001641370909055695,0.00018563853518571705,0.0002074562362395227,0.00033943328890018165,0.0003715456696227193,0.0001519997458672151,0.00028684656717814505,0.00012523516488727182,0.00014749710680916905,0.00015084148617461324,0.00029827372054569423,0.00016596505884081125
3900,0.0005378722562454641,0.0011433472391217947,0.0015747803263366222,0.0008582881418988109,0.000884088862221688,0.0010838612215593457,0.00039536223630420864,0.0009343070560134947,0.0008809470455162227,0.0005572093650698662,0.000865636917296797,0.00023883105313871056,0.0005860048113390803,0.0004627081216312945,0.0007459932239726186,0.0003475586709100753,0.000717854592949152,0.00019603362306952477,0.00031159407808445394,0.0005999821587465703,0.00015700882067903876,0.00038871949072927237,0.00016652533668093383,0.00020448605937417597,0.0002515146916266531,0.00015040140715427697,0.0005735018057748675,0.000163214179337956,0.0001849088293965906,0.0003135445585940033,0.00012751904432661831,0.00019618670921772718,0.00039152370300143957,0.00019519348279573023,0.00013998209033161402,0.0002826195559464395,0.00042083917651325464,0.00038779506576247513,0.0001565171842230484,0.0001907840050989762,0.00020955357467755675,0.00043719864333979785,0.0004444654332473874,0.0001741221349220723,0.0002979674900416285,0.00013031682465225458,0.00016879610484465957,0.0001604394055902958,0.00024934756220318377,0.00013326753105502576
4000,0.000422588869696483,0.0010729394853115082,0.001456056721508503,0.0008369288989342749,0.0007988261058926582,0.0009031160734593868,0.0004062912194058299,0.0008258500602096319,0.000722805445548147,0.0005374851170927286,0.0006918562576174736,0.00019724863523151726,0.0005413781036622822,0.0004575836064759642,0.0005618902505375445,0.000261390523519367,0.0005533503135666251,0.00018736658967100084,0.0002790246217045933,0.0005743082147091627,0.00012769634486176074,0.0003549717948772013,0.0001493059389758855,0.00016273610526695848,0.00024925501202233136,0.0001521037775091827,0.00044783533667214215,0.00014941203698981553,0.00018304547120351344,0.00027334465994499624,0.00011530865594977513,0.00016152662283275276,0.00033863919088616967,0.00019411116954870522,0.00011639260628726333,0.0002108023181790486,0.00041604056605137885,0.0003510891110636294,0.0001623515272513032,0.00017278191808145493,0.00017256622959394008,0.00038484667311422527,0.0004194756911601871,0.00014369247946888208,0.00025056948652490973,0.00011795628961408511,0.00015414398512803018,0.00014186138287186623,0.0002739758347161114,0.00013725580356549472
4100,0.000599440245423466,0.0012739282101392746,0.0014039098750799894,0.0009852384682744741,0.000815971230622381,0.0009376701200380921,0.00036399252712726593,0.0008453594637103379,0.0007710601203143597,0.0005375002510845661,0.000839791027829051,0.00026568115572445095,0.0004591407487168908,0.0004638741083908826,0.0006288365693762898,0.00029136749799363315,0.000516088679432869,0.00021414441289380193,0.0003458990540821105,0.0006579958135262132,0.00017945130821317434,0.00029664000612683594,0.00019372152746655047,0.0001841535122366622,0.00026979504036717117,0.0001978870277525857,0.00044637135579250753,0.00016981229418888688,0.00018883025040850043,0.00033165840432047844,0.00016296847024932504,0.0002030791947618127,0.00038826747913844883,0.0002350814174860716,0.00012930799857713282,0.00021346726862248033,0.0003959355235565454,0.00044523458927869797,0.0001775441924110055,0.0001804162748157978,0.00021595644648186862,0.0004238835535943508,0.00032531830947846174,0.0001369369274470955,0.000269802549155429,0.00016308488557115197,0.00015870115021243691,0.0001774947450030595,0.00027385246357880533,0.00014740540063939989
4200,0.0004177677910774946,0.0010738599812611938,0.001454820274375379,0.0007685570744797587,0.0006927778013050556,0.0009585534571669996,0.0003460041480138898,0.0009123443742282689,0.0007623936980962753,0.0004504751123022288,0.0007995725609362125,0.00020317808957770467,0.0005557707627303898,0.00041053048335015774,0.0005673691048286855,0.00023857186897657812,0.0006627619150094688,0.00017523515271022916,0.000310796924168244,0.0006026725168339908,0.0001320537703577429,0.0002955640957225114,0.00015653020818717778,0.00015964424528647214,0.0002093365037580952,0.00014203967293724418,0.0004334836849011481,0.000149173429235816,0.00015130345127545297,0.00027208784013055265,0.00013131108426023275,0.0001706962357275188,0.0003268117434345186,0.00017061734979506582,0.00010214642679784447,0.00021170663239900023,0.0003607608668971807,0.00032564077991992235,0.00014501473924610764,0.0001327792415395379,0.00016394090198446065,0.0003551404515746981,0.0003447343478910625,0.0001396556617692113,0.0002567281771916896,0.00013227667659521103,0.00016983271052595228,0.00013317693083081394,0.0002579288848210126,0.00014484531129710376
4300,0.00046639572246931493,0.0010333912214264274,0.0016091740690171719,0.0007096179178915918,0.0008671130635775626,0.0009472651872783899,0.0003194702439941466,0.0008893322083167732,0.0007685679011046886,0.00047792732948437333,0.0008076290250755847,0.00022268116299528629,0.0004705238388851285,0.0003867433115374297,0.0005615041009150445,0.00026820055791176856,0.0006293385522440076,0.00015484163304790854,0.0002653127594385296,0.0006450347718782723,0.0001477274636272341,0.0003343948337715119,0.00013312244846019894,0.00014044794079381973,0.0001942212402354926,0.00014642850146628916,0.0004730189102701843,0.0001651622587814927,0.00015642470680177212,0.0002747436810750514,0.00012526467617135495,0.00017958621901925653,0.000344472675351426,0.00017521488189231604,0.00010859777103178203,0.00017503226990811527,0.0003826536703854799,0.00038593358476646245,0.00017539759573992342,0.0001439100451534614,0.00015926867490634322,0.0004209354519844055,0.0003241930389776826,0.00013502020738087595,0.0002531078062020242,0.00010563098476268351,0.00014758155157323927,0.00014465974527411163,0.0003182647342327982,0.00012653195881284773
4400,0.0004657866375055164,0.000969799468293786,0.0015523004112765193,0.0006265303236432374,0.0007043437217362225,0.0009457683772780001,0.0004006281087640673,0.0009279192890971899,0.0008036175859160721,0.00039461255073547363,0.000795260421000421,0.00019722461001947522,0.0005374965257942677,0.0003635281464084983,0.00048811352462507784,0.00025353836826980114,0.000601353938691318,0.0001539641962153837,0.00028812591335736215,0.0006280980887822807,0.00012381850683595985,0.000250746204983443,0.00013981256051920354,0.00017527081945445389,0.00021425688464660197,0.00013581359235104173,0.0004427899548318237,0.00015198935579974204,0.00017055826901923865,0.0002533458173274994,0.0001164861096185632,0.00018051479128189385,0.0003441962180659175,0.00015477834676858038,0.00010123757238034159,0.0002216598077211529,0.0003587478422559798,0.00039156776620075107,0.00017413072055205703,0.00015895842807367444,0.00015129728126339614,0.0003598383045755327,0.00036968037602491677,0.00013663947174791247,0.0002709776454139501,0.00012075539416400716,0.00013310926442500204,0.0001275231479667127,0.00034395509283058345,0.0001281432487303391
4500,0.00046359538100659847,0.0012714224867522717,0.0017832882003858685,0.0007937237969599664,0.000848102499730885,0.0010954848257824779,0.0003872083034366369,0.001075282576493919,0.0008772441069595516,0.0005229164962656796,0.0009475200204178691,0.00020655190746765584,0.0006723473779857159,0.0004516644112300128,0.0006170072592794895,0.0002917046076618135,0.0006914327968843281,0.00018461706349626184,0.0003484800981823355,0.0005999340792186558,0.00014409843424800783,0.0003320302930660546,0.00014324329094961286,0.00018495190306566656,0.0003020935400854796,0.00015938949945848435,0.0005484933499246836,0.00018098202417604625,0.00017560645937919617,0.0003061768948100507,0.00013135268818587065,0.00016908577526919544,0.0003859745047520846,0.0001736141712171957,0.0001266353647224605,0.00021741067757830024,0.00032492229365743697,0.0003455633413977921,0.00016352286911569536,0.0001736659905873239,0.00019618475926108658,0.0004016151069663465,0.0003942333860322833,0.00012876087566837668,0.000306163274217397,0.00013649796892423183,0.00013983955432195216,0.00014669120719190687,0.0002813969040289521,0.00019245529256295413
4600,0.00047808417002670467,0.001076480490155518,0.0013599959202110767,0.0007203641580417752,0.0007407470257021487,0.0009972439147531986,0.00036419424577616155,0.0008198199211619794,0.000726917467545718,0.0005223904154263437,0.0008557256660424173,0.00020831648726016283,0.0005954987718723714,0.0004664611187763512,0.0005501197883859277,0.0003473496763035655,0.000599015736952424,0.00017267077055294067,0.00031514663714915514,0.0006187543040141463,0.0001275485847145319,0.00034038021112792194,0.00017279598978348076,0.0001799010206013918,0.0002392880996922031,0.00016703581786714494,0.00047601491678506136,0.00017019013466779143,0.00020550223416648805,0.0002648765512276441,0.0001348348887404427,0.00016655997023917735,0.00040905876085162163,0.000173462787643075,0.0001248791959369555,0.0002630584058351815,0.00037192829768173397,0.0003781939158216119,0.0001726017944747582,0.00018096632265951484,0.0001690351200522855,0.00031969454721547663,0.0003963142808061093,0.00014257764269132167,0.00028816552367061377,0.00012623207294382155,0.00016689141921233386,0.00013148394646123052,0.0003405471798032522,0.00016636068176012486
4700,0.00036598677979782224,0.0009244331740774214,0.0014985143207013607,0.0006957851583138108,0.0006488635553978384,0.0010417919838801026,0.0004012500576209277,0.0008924531284719706,0.000765416887588799,0.0004301570006646216,0.0008318661712110043,0.00018830625049304217,0.0005358378402888775,0.00041047620470635593,0.0005531666683964431,0.00023047623108141124,0.0005987913464196026,0.00017833313904702663,0.00026184754096902907,0.000594081764575094,0.00013090099673718214,0.00030272669391706586,0.00013947644038125873,0.0001825349172577262,0.00019903127395082265,0.00014489910972770303,0.00040217870264314115,0.0001444255467504263,0.00014216604176908731,0.00026992513448931277,0.00010685203596949577,0.0001700223219813779,0.0003555992734618485,0.00015264326066244394,0.0001011979256873019,0.00020792250870727003,0.00035814536386169493,0.0004089365538675338,0.00014824267418589443,0.0001346233329968527,0.00017368202679790556,0.0003013499081134796,0.00036487699253484607,0.0001244992745341733,0.000245362869463861,0.00012651272118091583,0.00014791042485740036,0.0001217877070303075,0.0002833589387591928,0.00011443110270192847
4800,0.0005992313381284475,0.0012741415994241834,0.0012789693428203464,0.0009561491897329688,0.0008191810338757932,0.000989498570561409,0.00039946779725141823,0.000796342093963176,0.0007819232414476573,0.0005131832440383732,0.0008536229142919183,0.00026076578069478273,0.0005009716260246933,0.0004335043777246028,0.0005880081444047391,0.00029407910187728703,0.0005578621057793498,0.00020389353448990732,0.0003479358274489641,0.0006973380804993212,0.00016152359603438526,0.00036092064692638814,0.00018078279390465468,0.0002120322606060654,0.00026025003171525896,0.0001850191329140216,0.0005157632404007018,0.00016416975995525718,0.00020510626200120896,0.0002939652476925403,0.000155001413077116,0.00019419520685914904,0.0003492336836643517,0.00018325283599551767,0.00011866866407217458,0.00019913044525310397,0.0004015631275251508,0.00036730399006046355,0.00016513073933310807,0.00017838238272815943,0.0002080909034702927,0.000415706483181566,0.0004107044660486281,0.00014820195792708546,0.0002992169465869665,0.0001398075110046193,0.0001510983274783939,0.00016713907825760543,0.0002776473993435502,0.00016451469855383039
4900,0.0005182017339393497,0.0012468949425965548,0.001553810783661902,0.0009326988947577775,0.0008116535027511418,0.0010519667994230986,0.0004189811588730663,0.0008765659877099097,0.0008029674645513296,0.0005036269431002438,0.0009209779091179371,0.00022212244221009314,0.0005246278597041965,0.000412720168242231,0.0006480232113972306,0.0002788650162983686,0.0006635094759985805,0.00019255653023719788,0.0003328333841636777,0.0006494371336884797,0.00013786759518552572,0.00034113568835891783,0.00018233180162496865,0.0002129667263943702,0.00024512430536560714,0.00018725062545854598,0.00043391442159190774,0.00015380536206066608,0.0001888726110337302,0.00029691087547689676,0.00015998333401512355,0.00018503358296584338,0.0003560581826604903,0.0001980317902052775,0.00012103208428015932,0.00021306225971784443,0.00040038785664364696,0.00042722391663119197,0.000176373083377257,0.00016485908417962492,0.00018697920313570648,0.00037376504042185843,0.00044971477473154664,0.00014028447913005948,0.00027955221594311297,0.00014115561498329043,0.00016521454381290823,0.0001683221635175869,0.000314599834382534,0.0001287158956984058
5000,0.0005929053877480328,0.0011556149693205953,0.001560803852044046,0.0009402172872796655,0.0009430506615899503,0.0008852442842908204,0.0004433089925441891,0.0008627208299003541,0.0007457384490408003,0.0007055742316879332,0.000817837892100215,0.00024820712860673666,0.000680526252835989,0.00046307602315209806,0.0005343127995729446,0.00027803154080174863,0.0006187073886394501,0.0001935649779625237,0.0003564521612133831,0.0005848908913321793,0.00016163730469997972,0.00034425119520165026,0.00018275948241353035,0.00023808576224837452,0.0002890333707910031,0.00019661607802845538,0.0005445349379442632,0.00016964488895609975,0.0001947016571648419,0.000284001900581643,0.00015339019591920078,0.0001681743306107819,0.00039852072950452566,0.00021627562819048762,0.0001838706957641989,0.00024977195425890386,0.000339447520673275,0.0003762654960155487,0.00017132479115389287,0.00019364246691111475,0.000205661854124628,0.00047351833200082183,0.00041495152981951833,0.00015266949776560068,0.0003067469224333763,0.00014868371363263577,0.00016132817836478353,0.00015413333312608302,0.00031172658782452345,0.0001677313557593152
5100,0.00047927635023370385,0.001135560218244791,0.0014797647017985582,0.0007155003258958459,0.0007279256242327392,0.0010918030748143792,0.00041330777457915246,0.0009430689970031381,0.0007798754377290606,0.0004624234279617667,0.0009667315171100199,0.0002303833025507629,0.0005901062395423651,0.0004169839958194643,0.0005797941703349352,0.0002802509698085487,0.0006414997624233365,0.00016876126755960286,0.0003224782703910023,0.0006395346717908978,0.00014323163486551493,0.0003473079123068601,0.00018166907830163836,0.00020013493485748768,0.0002533240185584873,0.00018958775035571307,0.0005320903728716075,0.00013894574658479542,0.0001492035371484235,0.00024452191428281367,0.0001281938311876729,0.00015788299788255244,0.0003683112736325711,0.0001735706173349172,0.00013560413208324462,0.0002577204431872815,0.00048620993038639426,0.0003894226101692766,0.00016674536163918674,0.0001717290433589369,0.00019764956959988922,0.0003258116194047034,0.0004411063273437321,0.00014743181236553937,0.0002582558081485331,0.00012281564704608172,0.0001574225607328117,0.0001401054614689201,0.00031149014830589294,0.00012277200585231185
5200,0.0004120052617508918,0.0009272776078432798,0.0014528263127431273,0.0007306082407012582,0.0007031403365544975,0.0010277709225192666,0.00034664812847040594,0.000848043360747397,0.0007053057197481394,0.00042331701843068004,0.0008692340925335884,0.00018326686404179782,0.00056614720961079,0.0004413498390931636,0.0005505320150405169,0.000282766530290246,0.000631040777079761,0.00013678509276360273,0.0003301890392322093,0.0005852436297573149,0.00011873760377056897,0.0002576880215201527,0.00014433810429181904,0.00018559749878477305,0.00020666774071287364,0.00014495424693450332,0.0004179593233857304,0.000168310318258591,0.00016513113223481923,0.00023622065782546997,0.00012046767369611189,0.00017651761299930513,0.0003472099779173732,0.0001606350124347955,0.00011964467557845637,0.00021695520263165236,0.0003256854834035039,0.0003262515820097178,0.00012834950757678598,0.00014669365191366524,0.00018170101975556463,0.00029323817580007017,0.0003768009482882917,0.00011960799747612327,0.0002758284390438348,0.00011598074343055487,0.0001593382767168805,0.00011235595593461767,0.000244435592321679,0.00015456303663086146
