step,channel_570,channel_485,channel_439,channel_58,channel_601,channel_531,channel_208,channel_53,channel_35,channel_728,channel_578,channel_450,channel_690,channel_662,channel_697,channel_337,channel_263,channel_412,channel_876,channel_85,channel_646,channel_410,channel_18,channel_821,channel_76,channel_757,channel_262,channel_738,channel_170,channel_503,channel_584,channel_736,channel_800,channel_80,channel_671,channel_827,channel_549,channel_140,channel_454,channel_123,channel_877,channel_373,channel_45,channel_386,channel_766,channel_257,channel_141,channel_493,channel_427,channel_783
0,7.807002839399502e-05,9.113234409596771e-05,4.717588672065176e-05,7.238901889650151e-05,3.364405711181462e-05,9.000610589282587e-05,8.882852853275836e-05,0.0001288495259359479,3.3448519388912246e-05,3.468091745162383e-05,2.7187346859136596e-05,2.3672660972806625e-05,2.644450250954833e-05,6.560370093211532e-05,4.9542661145096645e-05,5.0134498451370746e-05,3.269639637437649e-05,3.5018336348002777e-05,3.659840513137169e-05,5.764261368312873e-05,3.9243092032847926e-05,1.4292760170064867e-05,3.4192267776234075e-05,4.632159470929764e-05,1.6280722775263712e-05,4.49576873506885e-05,2.575260805315338e-05,2.2858699594507925e-05,3.416458275751211e-05,2.348541238461621e-05,1.9513419829308987e-05,3.1423085602000356e-05,4.8967071052175015e-05,2.0590687199728563e-05,1.558412805025e-05,3.466415000730194e-05,2.241343645437155e-05,2.2708311007590964e-05,2.3263473849510774e-05,3.0146233257255517e-05,2.4147659132722765e-05,2.302102802786976e-05,1.5293459000531584e-05,5.694669744116254e-05,2.5452096451772377e-05,2.484612923581153e-05,1.8663511582417414e-05,2.6745594368549064e-05,3.422312511247583e-05,1.389503086102195e-05
100,0.0004931057337671518,0.0004245794552844018,0.0003249635046813637,0.0003237253986299038,0.00026764781796373427,0.00026410797727294266,0.00023172427609097213,0.0001995213096961379,0.00022645568242296576,0.00022137562336865813,0.00021390430629253387,0.00017918484809342772,0.0001970910670934245,0.00016010839317459613,0.00017308647511526942,0.00019976167823188007,0.00017791541176848114,0.00018130397074855864,0.00017477817891631275,0.00015242118388414383,0.00014183584426064044,0.00013041903730481863,0.0001331957901129499,0.00012749813322443515,0.00013624496932607144,0.0001343987532891333,0.00013404896890278906,0.00012548676750157028,0.00011101615382358432,0.00012979103485122323,9.903292811941355e-05,0.00010226200538454577,0.0001291578373638913,0.00012424588203430176,0.0001170010946225375,0.0001199924954562448,0.00010902521898970008,0.00010602126712910831,0.0001082091112039052,0.00011656578863039613,9.811727068154141e-05,0.00010888805263675749,0.0001008937178994529,0.00010573308099992573,0.0001122450630646199,9.997458982979879e-05,0.00010555519838817418,9.444470197195187e-05,9.176680032396689e-05,0.00010623905109241605
200,0.0005249577225185931,0.0004558395885396749,0.0003394504019524902,0.0003234249306842685,0.00025148410350084305,0.00025493951397947967,0.0002616340934764594,0.00023484125267714262,0.00022888382954988629,0.00018834549700841308,0.00017902441322803497,0.00020786312234122306,0.00019856911967508495,0.00020473907352425158,0.00019991720910184085,0.00018062240269500762,0.00017671656678430736,0.0001685206952970475,0.00016204908024519682,0.00016313033120241016,0.00012862896255683154,0.00012486347986850888,0.00011937309318454936,0.0001217472308780998,0.00012093520490452647,0.0001252324873348698,0.0001220912381540984,0.00013383544865064323,0.0001173303317045793,0.00011139498383272439,0.00013179318921174854,8.844610420055687e-05,0.00011619291035458446,0.0001282666635233909,0.00011069494212279096,0.00010995699994964525,0.00011062570411013439,0.0001008347753668204,0.00011706794612109661,0.00010000226029660553,0.00011511356569826603,0.00010348105570301414,9.133252751780674e-05,0.00011186204210389405,0.0001093235332518816,0.00011172839731443673,0.00010034347360488027,0.00010744667088147253,0.00010694553202483803,9.916549606714398e-05
300,0.00045897680683992803,0.0004025910748168826,0.000334746902808547,0.000321642350172624,0.0002641203464008868,0.0002577335690148175,0.0002559138520155102,0.0001902135118143633,0.00022851931862533092,0.0001932426093844697,0.0001938200439326465,0.00017331901472061872,0.0002055904478766024,0.00019549460557755083,0.00017849884170573205,0.00018587749218568206,0.0001822698104660958,0.00017358179320581257,0.00016072188736870885,0.0001630370388738811,0.00014278132584877312,0.00014078571985010058,0.00013918364129494876,0.00013890725676901639,0.00013081434008199722,0.0001349377998849377,0.00012032293307129294,0.00012866867473348975,0.00013370423403102905,0.00013227095769252628,0.00010708942863857374,0.00013138355279807,0.00011892750626429915,0.0001287279446842149,0.00012482612510211766,0.00012395658995956182,0.00012328539742156863,0.00011770382116083056,0.00010945586109301075,8.707195956958458e-05,0.0001074902102118358,0.00011342261132085696,0.00011259403254371136,0.00011252787953708321,0.00010769427171908319,0.0001109952136175707,0.00011116821406176314,0.00010456528252689168,9.991748083848506e-05,0.00010289494093740359
400,0.00024969884543679655,0.00022055601584725082,0.000182427596882917,0.00018875372188631445,0.00014896935317665339,0.0001281286240555346,0.0001421677297912538,0.00016335176769644022,8.194272959372029e-05,0.0001017336908262223,0.00011490945325931534,9.552490519126877e-05,9.456119732931256e-05,9.978983143810183e-05,9.705450793262571e-05,0.00011222220200579613,9.948118531610817e-05,8.819763752399012e-05,8.512935892213136e-05,8.478301606373861e-05,7.107068086043e-05,7.520779763581231e-05,6.683191168121994e-05,7.474116137018427e-05,6.615110032726079e-05,6.666362605756149e-05,6.023274181643501e-05,6.609341653529555e-05,5.5441745644202456e-05,6.489027146017179e-05,4.642670683097094e-05,5.416373096522875e-05,4.669448026106693e-05,7.317616109503433e-05,5.740408232668415e-05,6.257754284888506e-05,5.254883217276074e-05,4.774795888806693e-05,5.7231962273363024e-05,5.2541283366736025e-05,4.98229346703738e-05,5.517960016732104e-05,5.680023241438903e-05,6.562740600202233e-05,5.157267878530547e-05,5.4738426115363836e-05,5.750607306254096e-05,5.409803270595148e-05,5.113024963065982e-05,5.304804290062748e-05
500,0.00024551438400521874,0.00023252764367498457,0.00016162516840267926,0.000159825969603844,0.00013198463420849293,0.00012374759535305202,0.0001215426018461585,0.00010880679474212229,0.0001222449791384861,0.00011186116171302274,0.00010012689745053649,9.56343428697437e-05,9.583191422279924e-05,9.254376345779747e-05,9.906912600854412e-05,8.195593545679003e-05,8.556802640669048e-05,8.40147040435113e-05,9.264540130971e-05,7.900030323071405e-05,8.022650581551716e-05,6.377058161888272e-05,6.302267865976319e-05,7.274758536368608e-05,6.694697367493063e-05,6.591581768589094e-05,6.324335117824376e-05,5.9329908253857866e-05,6.159095210023224e-05,6.545161886606365e-05,6.123437924543396e-05,6.151292473077774e-05,6.610584387090057e-05,7.131139864213765e-05,7.55954097257927e-05,5.5663505918346345e-05,6.644106906605884e-05,5.844564293511212e-05,4.7551664465572685e-05,4.423450809554197e-05,5.0708502385532483e-05,5.6794069678289816e-05,4.9783986469265074e-05,5.621421223622747e-05,5.457611769088544e-05,5.814393443870358e-05,5.1943665312137455e-05,5.500915358425118e-05,4.9388050683774054e-05,4.7445901145692915e-05
600,0.00025888532400131226,0.0002201769530074671,0.00016644163406454027,0.00016032186977099627,0.00011987407197011635,0.00013132474850863218,0.00013027747627347708,0.00012088347284588963,0.0001226519962074235,0.00012485105253290385,9.13359472178854e-05,8.05102608865127e-05,9.956421126844361e-05,0.00010783876496134326,0.00010666432353900746,9.983673953684047e-05,0.00011204290058230981,8.653079567011446e-05,0.00010240466508548707,9.912325913319364e-05,6.89928638166748e-05,5.6878507166402414e-05,6.802407733630389e-05,7.20140669727698e-05,7.671517960261554e-05,7.080587965901941e-05,7.297569391084835e-05,6.577403837582096e-05,6.195364403538406e-05,7.216150697786361e-05,5.446019713417627e-05,5.466092989081517e-05,7.484155503334478e-05,7.11092070559971e-05,5.398506255005486e-05,6.429354834835976e-05,5.8446872571948916e-05,4.832374906982295e-05,6.465702608693391e-05,5.3833602578379214e-05,6.191000284161419e-05,5.29098033439368e-05,4.9709269660525024e-05,6.23230152996257e-05,5.609645086224191e-05,6.436162220779806e-05,5.044160570832901e-05,5.7406999985687435e-05,6.0317357565509155e-05,5.0505404942668974e-05
700,0.00020049576414749026,0.00020536320516839623,0.0001429945696145296,0.00014991876378189772,9.987318480852991e-05,0.00014165291213430464,0.0001284531463170424,0.00020297571609262377,8.871054888004437e-05,0.0001187385933008045,8.173267269739881e-05,5.884651545784436e-05,7.807346264598891e-05,0.00010274665692122653,8.53360616019927e-05,0.00010583070979919285,7.87156168371439e-05,9.085128840524703e-05,0.00010918510815827176,7.02149118296802e-05,7.057047332637012e-05,7.151063618948683e-05,7.953274325700477e-05,6.272704194998369e-05,5.42065899935551e-05,7.341487798839808e-05,5.9284553572069854e-05,7.270346395671368e-05,5.5707274441374466e-05,6.470306107075885e-05,5.019217132939957e-05,5.6754048273433e-05,6.61862941342406e-05,6.297625077422708e-05,5.035009598941542e-05,5.568917913478799e-05,5.555830284720287e-05,5.758977567893453e-05,5.532420254894532e-05,4.879750849795528e-05,5.506754678208381e-05,4.9171219870913774e-05,6.591661076527089e-05,5.4381496738642454e-05,4.92006802232936e-05,5.567813786910847e-05,4.3437878048280254e-05,4.5062210119795054e-05,4.915664976579137e-05,4.89999474666547e-05
800,0.00022662838455289602,0.00022667781740892678,0.0001692945370450616,0.00021446878963615745,0.00012451647489797324,0.00016404042253270745,0.00012705284461844712,0.00011315234587527812,0.00013542200031224638,0.0001121703753597103,0.00010586570715531707,0.00010329124052077532,9.220234642270952e-05,0.00010276121611241251,0.00010396746802143753,9.312644397141412e-05,9.17891229619272e-05,8.119978156173602e-05,7.60313487262465e-05,7.440700574079528e-05,7.570128218503669e-05,6.188402039697394e-05,7.16696449671872e-05,7.348856888711452e-05,8.648851508041844e-05,6.916357233421877e-05,7.491822907468304e-05,5.593036621576175e-05,6.207818660186604e-05,6.851828948128968e-05,5.611545930150896e-05,7.411067053908482e-05,5.9162364777876064e-05,6.606773240491748e-05,6.651227886322886e-05,5.5108030210249126e-05,6.21120270807296e-05,5.1669205276994035e-05,5.3311749070417136e-05,4.476515459828079e-05,6.0858546930830926e-05,5.7158595154760405e-05,6.153664435259998e-05,6.412143557099625e-05,5.964834781480022e-05,5.538738696486689e-05,5.3617346566170454e-05,4.685800013248809e-05,4.7276389523176476e-05,4.309044379624538e-05
900,0.000310426636133343,0.00024276091426145285,0.0001926720724441111,0.00016702382708899677,0.00012845177843701094,0.00012361083645373583,0.00013690243940800428,9.835296805249527e-05,0.00015406050079036504,9.976204455597326e-05,9.99394542304799e-05,0.00011393366730771959,0.00012556073488667607,0.0001008091785479337,9.318102092947811e-05,9.903119644150138e-05,8.90567316673696e-05,0.00010410181130282581,8.7867105321493e-05,9.180860797641799e-05,7.428921526297927e-05,5.741719724028371e-05,7.169449963839725e-05,6.799185939598829e-05,6.034435864421539e-05,7.748389907646924e-05,7.976466440595686e-05,6.661729275947437e-05,5.975274325464852e-05,7.697649562032893e-05,5.779635830549523e-05,6.7228997068014e-05,5.85642374062445e-05,6.956923607503995e-05,6.204161763889715e-05,6.549048703163862e-05,7.760291919112206e-05,6.240241054911166e-05,5.729447730118409e-05,6.677882629446685e-05,6.0999947891104966e-05,6.880626460770145e-05,5.006654464523308e-05,6.237362686078995e-05,5.2314193453639746e-05,6.892969395266846e-05,6.050061710993759e-05,6.761921395082027e-05,5.027366569265723e-05,5.3399977332446724e-05
1000,0.0002607420610729605,0.00023098413657862693,0.00018337793881073594,0.000175910783582367,0.00013202583068050444,0.00016129855066537857,0.00013089514686726034,0.00011519505642354488,0.00014538280083797872,9.713779581943527e-05,0.00010360263695474714,9.772095654625446e-05,0.00011060738324886188,9.917566057993099e-05,0.00010515301983105019,9.84610669547692e-05,8.895035716705024e-05,8.905435970518738e-05,9.062969184014946e-05,9.474132093600929e-05,7.096574699971825e-05,6.017275882186368e-05,6.387544999597594e-05,7.257160177687183e-05,6.743906124029309e-05,6.741582183167338e-05,7.717579137533903e-05,6.512385880341753e-05,6.287016731221229e-05,7.767960050841793e-05,5.205076377023943e-05,6.521952309412882e-05,6.786368612665683e-05,6.433834641939029e-05,6.331037729978561e-05,5.501397026819177e-05,6.171892891870812e-05,5.35473482159432e-05,5.673992927768268e-05,6.324169225990772e-05,6.212988955667242e-05,6.468393257819116e-05,4.995755443815142e-05,5.6182154366979375e-05,5.695653453585692e-05,6.358086102409288e-05,5.970755228190683e-05,5.565284664044157e-05,4.765410994878039e-05,4.772807369590737e-05
1100,0.00024350709281861782,0.00024607498198747635,0.0001719235151540488,0.00014833768364042044,0.0001428179966751486,0.00013566011330112815,0.00013298088742885739,0.00010927273979177698,0.00010869928519241512,0.00011192909732926637,0.00012012929073534906,0.00011577288387343287,9.63904385571368e-05,0.00010264703450957313,9.833938383962959e-05,9.356471127830446e-05,9.816249803407118e-05,8.791451546130702e-05,7.82378192525357e-05,8.178434654837474e-05,7.72111743572168e-05,7.024384831311181e-05,5.907638114877045e-05,6.414110248442739e-05,5.962431168882176e-05,7.43648488423787e-05,6.457146082539111e-05,6.4949577790685e-05,6.469940126407892e-05,6.888878851896152e-05,6.0715294239344075e-05,5.364908793126233e-05,6.68112697894685e-05,6.872729863971472e-05,6.186417158460245e-05,5.720787885366008e-05,6.0570491768885404e-05,6.399945414159447e-05,6.453601963585243e-05,4.682948929257691e-05,5.059264731244184e-05,6.071411189623177e-05,4.107467975700274e-05,5.580572542385198e-05,5.056480222265236e-05,5.379480353440158e-05,4.7927984269335866e-05,5.46305273019243e-05,5.16102954861708e-05,5.391034937929362e-05
1200,0.00026865117251873016,0.0002477765374351293,0.00018579653988126665,0.00017217083950527012,0.00013945680984761566,0.00012774723290931433,0.00014766778622288257,9.688897989690304e-05,0.00013521579967346042,0.00012402473657857627,9.449289791518822e-05,9.641562792239711e-05,0.00011255964636802673,9.802382555790246e-05,0.00010404160275356844,0.00010159278463106602,9.228489943780005e-05,9.17299694265239e-05,8.924354187911376e-05,7.677014218643308e-05,7.104971882654354e-05,6.157380994409323e-05,6.098853191360831e-05,6.992412818362936e-05,6.184423546073958e-05,6.840300920885056e-05,6.852555816294625e-05,8.33442754810676e-05,6.317657243926078e-05,7.348143844865263e-05,7.336068665608764e-05,5.275622243061662e-05,7.27762671886012e-05,6.152394053060561e-05,5.756033715442754e-05,5.995453102514148e-05,6.973311974434182e-05,5.598524512606673e-05,5.6578101066406816e-05,5.7701625337358564e-05,5.838360812049359e-05,5.517692261491902e-05,5.5072105169529095e-05,6.128824315965176e-05,5.259431782178581e-05,5.426144343800843e-05,6.0843223764095455e-05,5.2268049330450594e-05,4.710614666691981e-05,4.6028279029997066e-05
1300,0.00028390780789777637,0.00025827906210906804,0.00018488278146833181,0.00019431569671723992,0.00015820898988749832,0.00013304279127623886,0.00013920973287895322,0.0001036469911923632,0.00010085096437251195,0.00011649191583273932,0.00011320462363073602,9.581691847415641e-05,0.00011358356277924031,0.00011146066390210763,0.00013032420247327536,0.00010673578799469396,0.00011749527766369283,9.424097515875474e-05,8.363031520275399e-05,8.189643995137885e-05,8.160636207321659e-05,7.280446152435616e-05,5.4829670261824504e-05,6.412097718566656e-05,6.172662688186392e-05,6.219161150511354e-05,8.614995749667287e-05,5.7373752497369424e-05,5.5687636631773785e-05,7.491344877053052e-05,5.681818220182322e-05,6.648458656854928e-05,8.063396671786904e-05,6.92844478180632e-05,6.280139496084303e-05,6.43080857116729e-05,5.8621331845643e-05,5.706796218873933e-05,5.784117092844099e-05,5.692968625226058e-05,5.9506674006115645e-05,5.7355962781002745e-05,4.430041735759005e-05,5.740547931054607e-05,5.5310225434368476e-05,5.254013740341179e-05,5.2813102229265496e-05,6.095726348576136e-05,5.2163897635182366e-05,5.357786358217709e-05
1400,0.00025156588526442647,0.00022853545669931918,0.00016698430408723652,0.00017085394938476384,0.00013363004836719483,0.00014113617362454534,0.0001313667162321508,0.00010966786067001522,0.00011948191240662709,0.00010373191616963595,0.00010142800601897761,0.00010247143654851243,0.00010629329335642979,0.0001015944653772749,9.626743849366903e-05,0.00010238811955787241,8.84122055140324e-05,8.36412436910905e-05,9.313852933701128e-05,8.794199675321579e-05,7.130478479666635e-05,6.882073648739606e-05,6.088335794629529e-05,6.610583659494296e-05,6.407196633517742e-05,6.89905573381111e-05,6.756147195119411e-05,6.783690332667902e-05,7.249404734466225e-05,6.060224768589251e-05,5.978268018225208e-05,4.9105085054179654e-05,5.7725530496099964e-05,6.220541399670765e-05,5.584869359154254e-05,6.153756839921698e-05,6.425409810617566e-05,6.192590808495879e-05,6.341074185911566e-05,6.693262548651546e-05,6.126936932560056e-05,5.106682510813698e-05,5.67814931855537e-05,5.4767762776464224e-05,5.045044963480905e-05,4.9423560994910076e-05,5.7198751164833084e-05,5.570227949647233e-05,4.409051325637847e-05,4.7770245146239176e-05
1500,0.00026053545298054814,0.00021909415954723954,0.00015727792924735695,0.00017652104725129902,0.00013696917449124157,0.00013366815983317792,0.00012104389315936714,9.712174505693838e-05,0.00011808500858023763,9.472390956943855e-05,0.0001240647688973695,9.641258657211438e-05,9.467665222473443e-05,9.858005068963394e-05,9.631767170503736e-05,0.00010201849363511428,9.717612556414679e-05,9.281983511755243e-05,7.856886804802343e-05,7.855827425373718e-05,7.528118294430897e-05,6.460439908551052e-05,6.274484621826559e-05,7.134463521651924e-05,5.5698379583191127e-05,7.303940219571814e-05,7.195349462563172e-05,5.838764627696946e-05,5.7552155340090394e-05,7.400118192890659e-05,4.66037672595121e-05,5.5814889492467046e-05,6.936586578376591e-05,6.169437983771786e-05,6.23936575721018e-05,5.249873356660828e-05,6.170174310682341e-05,5.7816392654785886e-05,5.783209053333849e-05,4.4447679101722315e-05,5.0175680371467024e-05,6.14213859080337e-05,4.2884254071395844e-05,5.5360615078825504e-05,5.182415770832449e-05,5.6194901844719425e-05,5.2461324230534956e-05,5.955688902758993e-05,5.408809374785051e-05,4.9135178414871916e-05
1600,0.000286233815131709,0.00021879456471651793,0.00017425819532945752,0.00017370498972013593,0.00015090052329469472,0.00012795883230865002,0.00013066010433249176,9.186265378957614e-05,0.0001481338986195624,8.030698518268764e-05,0.00010726954496931285,0.00010886353993555531,0.00010346697672503069,9.818821854423732e-05,0.00010918550833594054,0.00011049637396354228,8.903876005206257e-05,8.827314741211012e-05,6.420659337891266e-05,8.706224616616964e-05,7.658920367248356e-05,5.811700611957349e-05,5.82945067435503e-05,7.45584984542802e-05,6.0092319472460076e-05,6.934937118785456e-05,6.946518260519952e-05,5.844460247317329e-05,6.468376523116603e-05,6.928073707967997e-05,5.931646956014447e-05,4.632811032934114e-05,6.986608786974102e-05,6.303202826529741e-05,5.7078712416114286e-05,5.52380079170689e-05,6.069045412004925e-05,5.066068115411326e-05,4.844218346988782e-05,4.5773347665090114e-05,5.640462404699065e-05,5.8100587921217084e-05,3.7369831261457875e-05,6.199881318025291e-05,5.368725396692753e-05,5.0229831686010584e-05,5.667487494065426e-05,5.480439358507283e-05,4.525503027252853e-05,4.588201409205794e-05
1700,0.00023148840409703553,0.00019658065866678953,0.0001467068213969469,0.00015460839495062828,0.00012388787581585348,0.00012089009396731853,0.0001240587153006345,8.744490332901478e-05,9.304437844548374e-05,0.00010083451343234628,9.821797721087933e-05,7.100043876562268e-05,8.938398241298273e-05,0.0001003091674647294,8.786057878751308e-05,8.960766717791557e-05,9.543394844513386e-05,8.366810652660206e-05,7.223807915579528e-05,8.821091614663601e-05,8.046242874115705e-05,6.302417750703171e-05,6.4268839196302e-05,6.875021063024178e-05,5.777974001830444e-05,6.708267028443515e-05,6.500376912299544e-05,6.139415199868381e-05,5.706590673071332e-05,7.075430039549246e-05,5.28231576026883e-05,5.3880095947533846e-05,6.380470586009324e-05,6.58109420328401e-05,5.724493894376792e-05,5.505514127435163e-05,4.763297692988999e-05,5.33817037648987e-05,5.5602213251404464e-05,4.790852472069673e-05,5.387642158893868e-05,5.284458165988326e-05,5.725751179852523e-05,5.273120405036025e-05,4.904483648715541e-05,5.249928290140815e-05,5.081633207737468e-05,5.4998254199745134e-05,4.886108581558801e-05,4.7321249439846724e-05
1800,0.00026626940234564245,0.0002180029114242643,0.00018494683899916708,0.0001716696424409747,0.0001354054402327165,0.00013556207704823464,0.0001315187255386263,9.149889956461266e-05,0.00011989486665697768,0.00012735299242194742,0.00011068890307797119,9.164104994852096e-05,0.00010300979920430109,0.00010353075049351901,9.070518717635423e-05,9.610602864995599e-05,0.00011654551781248301,0.00010154830670217052,0.00010493576701264828,7.954308966873214e-05,7.399686001008376e-05,6.824151205364615e-05,5.9245438023936003e-05,7.177705265348777e-05,6.518136069644243e-05,7.274965173564851e-05,7.259720587171614e-05,7.280990394065157e-05,6.06381545367185e-05,6.911835953360423e-05,5.5673826864222065e-05,5.827448330819607e-05,7.798847946105525e-05,6.655003380728886e-05,5.9112127928528935e-05,7.044506492093205e-05,6.629362178500742e-05,6.489103543572128e-05,5.8905992773361504e-05,6.250055594136938e-05,5.7141744036925957e-05,6.274680345086381e-05,5.801298175356351e-05,5.365281322156079e-05,6.77649222780019e-05,7.017442112555727e-05,5.6182969274232164e-05,5.243512714514509e-05,5.2237603085814044e-05,5.617332863039337e-05
1900,0.0002749615232460201,0.0002429512096568942,0.00019306267495267093,0.00016680342378094792,0.00014346407260745764,0.0001410129334544763,0.00015543602057732642,0.00013869351823814213,0.000136915739858523,0.00010085054964292794,0.00011595022078836337,0.00010444564395584166,0.00010471818677615374,0.00010758160351542756,0.0001138905790867284,8.739097393117845e-05,0.00010389334784122184,9.422498987987638e-05,0.00010499800555408001,0.00010371550160925835,7.393523992504925e-05,7.09949090378359e-05,5.83241562708281e-05,7.408693636534736e-05,7.106628618203104e-05,6.338259117910638e-05,7.324079342652112e-05,6.922208558535203e-05,6.580459739780053e-05,7.326588820433244e-05,5.845080522703938e-05,5.1175611588405445e-05,8.348703704541549e-05,7.411475962726399e-05,6.420612044166774e-05,6.871219375170767e-05,8.060134859988466e-05,6.293702608672902e-05,5.876419163541868e-05,6.005737304803915e-05,5.727167445002124e-05,5.963032162981108e-05,6.120370380813256e-05,6.108508387114853e-05,6.035823389538564e-05,5.43385322089307e-05,6.0561633290490136e-05,6.198426854098216e-05,4.831099431612529e-05,5.064332435722463e-05
2000,0.0002269170363433659,0.00020128977485001087,0.00016607170982751995,0.00013715316890738904,0.00011911291221622378,0.00011910627654287964,0.00013681192649528384,0.00010954630124615505,0.00013735679385717958,8.328325930051506e-05,0.0001065359974745661,9.658475028118119e-05,9.602559293853119e-05,0.0001013922446873039,0.00010351226228522137,9.60013348958455e-05,8.384069224121049e-05,7.384663331322372e-05,7.202103006420657e-05,8.058887033257633e-05,7.012968126218766e-05,6.281369860516861e-05,6.385966844391078e-05,6.161866622278467e-05,5.3461371862795204e-05,6.417895929189399e-05,6.606686656596139e-05,5.898708332097158e-05,6.67407875880599e-05,6.749026942998171e-05,4.750316293211654e-05,4.426062514539808e-05,7.997725333552808e-05,7.400505273835734e-05,6.124682840891182e-05,5.483942004502751e-05,4.554283441393636e-05,5.4498636018252e-05,4.7152112529147416e-05,3.979611938120797e-05,5.6042128562694415e-05,5.223618427407928e-05,3.477459176792763e-05,5.4497515520779416e-05,4.747844650410116e-05,5.2783503633691e-05,4.064289169036783e-05,5.95396377320867e-05,4.4217613321961835e-05,4.49363978987094e-05
2100,0.0002872077457141131,0.00023142548161558807,0.00018979769083671272,0.0001522851234767586,0.00013362195750232786,0.00014834247122053057,0.0001311983069172129,9.391868661623448e-05,0.00012036912812618539,0.00011514908692333847,9.309451706940308e-05,9.809726907406002e-05,9.821454295888543e-05,9.968361700884998e-05,0.00011170173820573837,9.406256140209734e-05,9.728653822094202e-05,8.863014227245003e-05,8.124065061565489e-05,8.101805724436417e-05,6.310964090516791e-05,7.601020479341969e-05,8.041848195716739e-05,7.212971104308963e-05,6.143352220533416e-05,6.63057217025198e-05,8.268443343695253e-05,6.590726843569428e-05,6.369536276906729e-05,6.564449722645804e-05,6.727856816723943e-05,5.196204801904969e-05,8.232021355070174e-05,6.480192678282037e-05,5.964115189271979e-05,6.582896457985044e-05,5.967270044493489e-05,5.6983346439665183e-05,5.542329381569289e-05,5.247209264780395e-05,5.8114645071327686e-05,6.0499038227135316e-05,4.951872688252479e-05,5.659115413436666e-05,5.781362415291369e-05,7.06015489413403e-05,6.003921225783415e-05,4.68014768557623e-05,4.333613105700351e-05,4.755535701406188e-05
2200,0.0002751440042629838,0.0002482253476046026,0.00018064961477648467,0.0001497702905908227,0.0001345480268355459,0.0001240560523001477,0.00014758574252482504,0.00012773688649758697,0.00012980977771803737,0.00010479133925400674,0.000100362827652134,0.00011853426258312538,0.00010606984869809821,0.00010279498383169994,0.00010612815822241828,9.656206384534016e-05,9.491773380432278e-05,9.107672667596489e-05,6.912050594110042e-05,7.56306471885182e-05,6.754425703547895e-05,5.567006883211434e-05,6.819714326411486e-05,6.831352220615372e-05,6.298108928604051e-05,6.34244570392184e-05,8.76722697285004e-05,5.584581958828494e-05,5.6360622693318874e-05,6.61833691992797e-05,6.962647603359073e-05,5.508826143341139e-05,7.997487409738824e-05,5.5684256949461997e-05,6.37335324427113e-05,6.055480116629042e-05,6.0219961596885696e-05,4.952353992848657e-05,5.773849625256844e-05,5.328119368641637e-05,4.8035239160526544e-05,6.723363185301423e-05,5.250337198958732e-05,5.986319592921063e-05,5.7229310186812654e-05,5.981415597489104e-05,5.777616024715826e-05,5.501148189068772e-05,4.363942935015075e-05,4.6614553866675124e-05
2300,0.00020842257072217762,0.00019564350077416748,0.00014889042358845472,0.0001767541834851727,0.00012506773055065423,0.00015775198698975146,0.00011550802446436137,0.00011150322097819299,0.00010451899288455024,9.810546907829121e-05,9.753452468430623e-05,7.517555786762387e-05,7.445920346071944e-05,9.458309796173126e-05,0.00010319045395590365,0.00010008193203248084,0.00010824587661772966,8.043956768233329e-05,7.251129864016548e-05,8.14191298559308e-05,9.248769492842257e-05,7.18559167580679e-05,5.6396147556370124e-05,6.889397627674043e-05,6.605694943573326e-05,6.722470425302163e-05,6.961716280784458e-05,5.507370224222541e-05,6.545928044943139e-05,5.153914025868289e-05,5.72980752622243e-05,5.399475776357576e-05,7.065539830364287e-05,7.501769141526893e-05,5.801768202218227e-05,5.838471042807214e-05,4.4561587856151164e-05,5.327638064045459e-05,4.8827958380570635e-05,4.546013951767236e-05,4.9857462727231905e-05,5.478419188875705e-05,4.165322388871573e-05,5.927350866841152e-05,5.806727131130174e-05,5.488598981173709e-05,4.918125705444254e-05,5.444399721454829e-05,5.2073595725232735e-05,4.9851983931148425e-05
2400,0.00026954320492222905,0.00023572039208374918,0.0001955008483491838,0.00016515921743120998,0.00012728502042591572,0.00013745274918619543,0.00012695898476522416,0.00012368119496386498,0.00012736440112348646,8.828354475554079e-05,0.00010181146353716031,9.0794637799263e-05,0.00010676806414267048,0.00010082019434776157,9.230453724740073e-05,0.00010446838132338598,8.498208626406267e-05,8.488442108500749e-05,0.00011100605479441583,7.730854122200981e-05,7.192295743152499e-05,6.708635191898793e-05,7.017900497885421e-05,6.308112642727792e-05,6.918414146639407e-05,6.858971028123051e-05,6.63072059978731e-05,7.67453238950111e-05,5.555895040743053e-05,6.761730764992535e-05,6.337012746371329e-05,5.847182183060795e-05,7.899706542957574e-05,6.737912190146744e-05,5.794036405859515e-05,6.67337080813013e-05,6.557282176800072e-05,6.408463377738371e-05,5.867793151992373e-05,4.761326636071317e-05,5.273216811474413e-05,5.858024815097451e-05,4.724800237454474e-05,5.3977317293174565e-05,6.234787724679336e-05,6.595399463549256e-05,6.02249892835971e-05,4.783567419508472e-05,5.080354821984656e-05,5.38071763003245e-05
2500,0.00025516701862215996,0.00023960783437360078,0.00018611541599966586,0.00017703947378322482,0.00013917990145273507,0.00013577131903730333,0.00014250418462324888,0.0001015871312119998,0.00015940262528602034,0.00010202509292867035,0.00011166406329721212,0.00011720459588104859,0.00010806710633914918,8.792264270596206e-05,0.00010857632878469303,8.467749285046011e-05,9.14463889785111e-05,9.152331040240824e-05,8.501732372678816e-05,8.178906864486635e-05,7.336304406635463e-05,6.509267404908314e-05,6.998666503932327e-05,7.496578473364934e-05,7.665553130209446e-05,7.540317164966837e-05,7.583423575852066e-05,6.626053800573573e-05,5.949518890702166e-05,7.366394129348919e-05,5.165794209460728e-05,5.5757522204658017e-05,8.061755943344906e-05,6.98997828294523e-05,7.296891999430954e-05,5.9335863625165075e-05,6.981445767451078e-05,5.756406972068362e-05,5.635887282551266e-05,6.179814226925373e-05,5.185963163967244e-05,6.584113725693896e-05,5.649326340062544e-05,5.731004785047844e-05,5.68555187783204e-05,6.360963743645698e-05,5.920377589063719e-05,5.5489581427536905e-05,4.8436853830935434e-05,5.0847815145971254e-05
2600,0.0002627008652780205,0.0002465032448526472,0.00017733436834532768,0.00014934566570445895,0.00014328796532936394,0.00012113105185562745,0.00013589033915195614,0.00010862050112336874,0.00014897444634698331,0.00010800030577229336,0.00010496960021555424,9.399595728609711e-05,0.00010465372179169208,9.242688975064084e-05,0.00010471601854078472,0.00010030066914623603,9.13200419745408e-05,9.120161848841235e-05,7.927219849079847e-05,6.946859502932057e-05,7.508483395213261e-05,6.160244083730504e-05,7.409351383103058e-05,6.118253077147529e-05,6.737675721524283e-05,6.718064105371013e-05,6.910607771715149e-05,6.906824273755774e-05,6.614403537241742e-05,6.958250742172822e-05,7.116341294022277e-05,5.6613615015521646e-05,7.885931700002402e-05,6.148649845272303e-05,6.452000525314361e-05,6.235080218175426e-05,6.953111005714163e-05,5.465361391543411e-05,6.57739510643296e-05,5.244777275947854e-05,4.8392957978649065e-05,5.7413330068811774e-05,6.125073559815064e-05,5.353454253054224e-05,6.660322833340615e-05,5.029494786867872e-05,5.9119582147104666e-05,4.7436995373573154e-05,4.872176214121282e-05,5.029168096370995e-05
2700,0.0002304477384313941,0.0002037944068433717,0.00017462749383412302,0.00014778067998122424,0.0001409025862812996,0.00014405150432139635,0.00013425745419226587,8.165042527252808e-05,8.821751544019207e-05,8.509185136063024e-05,9.597616008250043e-05,9.723365656100214e-05,7.883403304731473e-05,9.395915549248457e-05,7.777791324770078e-05,0.00010481141362106428,8.716617594473064e-05,0.00010300500434823334,9.005714673548937e-05,7.233390351757407e-05,7.314443064387888e-05,8.18220287328586e-05,8.304462971864268e-05,6.008250784361735e-05,5.9025951486546546e-05,6.192416185513139e-05,6.294542254181579e-05,4.9636491894489154e-05,5.259595127427019e-05,6.739095988450572e-05,5.791477087768726e-05,4.483465090743266e-05,8.570119825890288e-05,5.795313700218685e-05,6.25811517238617e-05,5.777913247584365e-05,5.843795224791393e-05,4.6899582230253145e-05,6.32093142485246e-05,4.160701791988686e-05,5.103817966300994e-05,5.3778236178914085e-05,4.621734478860162e-05,4.920764695270918e-05,5.527346002054401e-05,4.3244799599051476e-05,4.6622808440588415e-05,5.0654198275879025e-05,5.189564762986265e-05,6.771027983631939e-05
2800,0.0002661999315023422,0.0002357590856263414,0.00018330157035961747,0.00016008906823117286,0.00014933571219444275,0.00011397839261917397,0.0001281233417103067,9.964334458345547e-05,0.00013909279368817806,0.00010053622827399522,0.00010916579776676372,9.608585241949186e-05,0.00010551008017500862,8.964704466052353e-05,0.0001203320425702259,8.997957047540694e-05,8.60566578921862e-05,0.00010125108383363113,9.171772398985922e-05,8.292870916193351e-05,6.7311484599486e-05,6.586903327843174e-05,6.334204226732254e-05,7.022731006145477e-05,5.5858021369203925e-05,6.944019696675241e-05,6.875060353195295e-05,5.0765305786626413e-05,5.696150765288621e-05,6.408624903997406e-05,5.191688615013845e-05,4.6770324843237177e-05,7.336048292927444e-05,5.826793858432211e-05,6.219367787707597e-05,5.6014319852693006e-05,5.634756962535903e-05,5.285812949296087e-05,6.132544513093308e-05,4.758064460474998e-05,4.761970922118053e-05,5.471890835906379e-05,4.1141775000141934e-05,6.0489655879791826e-05,5.002152465749532e-05,5.198919461690821e-05,5.166556729818694e-05,4.793130938196555e-05,4.735896800411865e-05,5.099713598610833e-05
2900,0.0002322399232070893,0.00023965176660567522,0.00016088590200524777,0.00018056794942822307,0.00013033219147473574,0.00012470791989471763,0.00013501847570296377,0.00012916405103169382,0.00010211531480308622,9.396095992997289e-05,0.0001133391197072342,8.228547085309401e-05,9.245052206097171e-05,9.661480726208538e-05,9.236393088940531e-05,0.00010753067908808589,0.00010032801947090775,9.373292414238676e-05,8.385517139686272e-05,7.860796176828444e-05,7.581513636978343e-05,7.630867912666872e-05,6.694478361168876e-05,6.476199632743374e-05,6.162899808259681e-05,6.460287841036916e-05,6.64526887703687e-05,6.577090971404687e-05,5.559854253078811e-05,6.740766548318788e-05,5.764410525443964e-05,5.144962415215559e-05,7.619587995577604e-05,6.416020914912224e-05,5.60867010790389e-05,5.491936462931335e-05,5.9873127611353993e-05,4.481113137444481e-05,5.6902197684394196e-05,5.2024748583789915e-05,4.819683454115875e-05,5.5457869166275486e-05,4.4621530832955614e-05,5.6584231060696766e-05,5.56285995116923e-05,5.187367059988901e-05,4.7424447984667495e-05,4.9531063268659636e-05,5.1325368985999376e-05,5.532507202588022e-05
3000,0.00028158401255495846,0.000218303466681391,0.00018909058417193592,0.00015932373935356736,0.00014166159962769598,0.0001365388452541083,0.00013929742272011936,8.518215327057987e-05,0.00012389596668072045,0.00011283051571808755,0.00011298165190964937,0.00011746182281058282,0.00010214265057584271,0.00010111474693985656,0.00010775486589409411,0.00011234481644351035,0.00010046269017038867,8.325620001414791e-05,8.209262159653008e-05,8.402750245295465e-05,6.190571002662182e-05,6.695919728372246e-05,7.273662049556151e-05,7.220396946649998e-05,8.085650188149884e-05,6.641668733209372e-05,7.90852282079868e-05,7.120295776985586e-05,5.878259253222495e-05,6.380132253980264e-05,6.352348282234743e-05,5.522124774870463e-05,7.862906932132319e-05,6.0298782045720145e-05,6.71064990456216e-05,7.074655150063336e-05,5.635007983073592e-05,6.391103670466691e-05,5.571705332840793e-05,4.9328369641443714e-05,5.2222039812477306e-05,6.336164369713515e-05,3.987109084846452e-05,5.979618799756281e-05,4.705503670265898e-05,6.580091576324776e-05,6.512548861792311e-05,5.6051823776215315e-05,4.388539673527703e-05,4.866641393164173e-05
3100,0.00029381559579633176,0.00023419181525241584,0.00017795164603739977,0.0001357771543553099,0.00014546082820743322,0.00013573173782788217,0.00011861222446896136,8.241849718615413e-05,0.00016395417333114892,9.007122571347281e-05,0.00010683130676625296,0.0001067563789547421,0.00010671104973880574,8.521840936737135e-05,9.32226685108617e-05,9.891946683637798e-05,9.50608155108057e-05,9.383539145346731e-05,7.436575833708048e-05,7.639037357876077e-05,9.020094148581848e-05,6.0428013966884464e-05,6.184366793604568e-05,6.553719140356407e-05,7.854626892367378e-05,6.828454934293404e-05,6.792850763304159e-05,6.619411578867584e-05,6.504973862320185e-05,6.434921670006588e-05,6.808517355239019e-05,4.578066000249237e-05,8.587226329836994e-05,5.49549404240679e-05,6.865848990855739e-05,5.7921533880289644e-05,7.695610838709399e-05,6.164223304949701e-05,5.960037015029229e-05,5.4487623856402934e-05,5.0010472477879375e-05,5.971248174319044e-05,4.8586498451186344e-05,5.306172897689976e-05,5.5965887440834194e-05,5.348180275177583e-05,6.533330451929942e-05,5.295631490298547e-05,4.6811477659503e-05,5.6399534514639527e-05
3200,0.0002628195215947926,0.00022706273011863232,0.0001550993329146877,0.0001733646058710292,0.0001310538500547409,0.00015987081860657781,0.0001325642951996997,0.00010465017112437636,0.00012221530778333545,0.0001265457976842299,9.825244342209771e-05,8.69004288688302e-05,0.00010081524669658393,0.00010579049558145925,9.894454706227407e-05,0.00010910414857789874,0.0001022740252665244,0.00010938763443846256,9.692670573713258e-05,8.61969601828605e-05,7.808911323081702e-05,7.116670167306438e-05,7.80890550231561e-05,6.565860530827194e-05,6.341856351355091e-05,6.948355439817533e-05,7.2243477916345e-05,5.8774407079909e-05,6.174162263050675e-05,6.0398055211408064e-05,6.557896995218471e-05,5.2078976295888424e-05,8.436218922724947e-05,6.584071525139734e-05,6.161830970086157e-05,5.2752959163626656e-05,5.72959725104738e-05,5.84903646085877e-05,6.8062508944422e-05,4.2667135858209804e-05,5.745746602769941e-05,6.00686835241504e-05,5.741628410760313e-05,5.729729309678078e-05,5.887825318495743e-05,6.560435576830059e-05,5.6676759413676336e-05,5.858251097379252e-05,5.228749796515331e-05,5.966138269286603e-05
3300,0.00024888422922231257,0.0002133315720129758,0.00017217808635905385,0.00018384562281426042,0.0001370945683447644,0.00014807353727519512,0.00012156233424320817,8.858691580826417e-05,0.00012237676128279418,9.37601289479062e-05,0.00010586287680780515,9.323837730335072e-05,9.307527216151357e-05,9.269265865441412e-05,9.370820043841377e-05,0.0001015380839817226,9.464754111832008e-05,9.414659871254116e-05,8.719234756426886e-05,7.208959141280502e-05,7.500970968976617e-05,7.366896898020059e-05,8.493196946801618e-05,7.989096047822386e-05,6.008734635543078e-05,6.98979856679216e-05,6.062685861252248e-05,6.761075201211497e-05,5.986975520499982e-05,6.762242264812812e-05,5.476523074321449e-05,6.164476508274674e-05,8.371482545044273e-05,5.9615078498609364e-05,6.660049984930083e-05,5.89919181948062e-05,4.9281508836429566e-05,5.144791066413745e-05,6.571273115696386e-05,3.7785343010909855e-05,5.374380634748377e-05,5.961655915598385e-05,5.1901522965636104e-05,5.251714537735097e-05,6.068683069315739e-05,5.0608967285370454e-05,6.178749754326418e-05,5.0601662223925814e-05,4.8665729991625994e-05,5.3238934924593195e-05
3400,0.0002508407342247665,0.00021911437215749174,0.00016057126049418002,0.00014516606461256742,0.0001297127309953794,0.00013753684470430017,0.00013498443877324462,9.128315286943689e-05,0.00013276269601192325,0.00010448400280438364,0.00011327239189995453,0.00010769876826088876,9.753983613336459e-05,9.016205149237067e-05,0.00010267306788591668,0.00011991440260317177,9.92096756817773e-05,9.181919449474663e-05,9.29460147744976e-05,8.617897401563823e-05,7.216400990728289e-05,5.1273833378218114e-05,7.076222391333431e-05,8.012906619114801e-05,6.681038212263957e-05,6.401164137059823e-05,7.793465920258313e-05,6.15451208432205e-05,6.619490159209818e-05,7.242699211928993e-05,6.158309406600893e-05,5.724202856072225e-05,8.741366764297709e-05,5.9239744587102905e-05,6.190124258864671e-05,6.484934419859201e-05,6.196701724547893e-05,5.4399159125750884e-05,4.9997452151728794e-05,5.793254604213871e-05,6.163385842228308e-05,5.706757656298578e-05,6.244953692657873e-05,5.562238584388979e-05,5.8205136156175286e-05,5.224649794399738e-05,5.912413325859234e-05,5.5813525250414386e-05,4.240375346853398e-05,4.872494901064783e-05
3500,0.00029707368230447173,0.0002460981486365199,0.00018058819114230573,0.00015467454795725644,0.00013987731654196978,0.0001555952912895009,0.0001284902245970443,0.00011325694504193962,0.0001414275320712477,8.536061068298295e-05,0.00011276978329988196,0.0001040463030221872,0.00010772754467325285,9.221127402270213e-05,0.00010145815031137317,9.543391934130341e-05,0.00010181823745369911,9.4525923486799e-05,5.935667650192045e-05,8.180482109310105e-05,6.617825420107692e-05,6.307464354904369e-05,7.298881246242672e-05,7.512795127695426e-05,6.908671639394015e-05,6.778797251172364e-05,6.905714690219611e-05,6.193025183165446e-05,6.75022165523842e-05,6.328652671072632e-05,5.4366060794563964e-05,6.964941712794825e-05,9.350824257126078e-05,7.340911542996764e-05,6.126808875706047e-05,6.553527055075392e-05,6.0882528487127274e-05,6.284126720856875e-05,6.009185381117277e-05,4.9664697144180536e-05,4.536054620984942e-05,5.2984913054388016e-05,5.4177788115339354e-05,5.933817374170758e-05,4.773067485075444e-05,5.328669067239389e-05,5.7422585086897016e-05,5.6516721087973565e-05,5.124545350554399e-05,5.7823839597404e-05
3600,0.00020337400201242417,0.00018032632942777127,0.00017171711078844965,0.000178702684934251,0.00012404387234710157,0.00015054098912514746,0.00011416153574828058,7.994016777956858e-05,9.308822336606681e-05,8.836772758513689e-05,0.00010073983867187053,8.343790977960452e-05,8.057051309151575e-05,0.00010046563693322241,8.96719575393945e-05,0.00011603042366914451,9.052933455677703e-05,7.560539233963937e-05,6.480228330474347e-05,7.898239709902555e-05,8.722126221982762e-05,7.617144729010761e-05,7.271788490470499e-05,6.483992910943925e-05,5.5867876653792337e-05,6.542334449477494e-05,6.911351374583319e-05,5.512799907592125e-05,5.390305886976421e-05,7.050774729577824e-05,5.635686102323234e-05,6.213550659595057e-05,7.065877434797585e-05,6.7231769207865e-05,5.105414311401546e-05,6.564982322743163e-05,5.306709135766141e-05,4.9816819227999076e-05,5.48249990970362e-05,4.501148941926658e-05,5.638699440169148e-05,6.026880510034971e-05,5.4072548664407805e-05,5.4092663049232215e-05,5.2517654694383964e-05,4.880713458987884e-05,4.914300370728597e-05,5.249077730695717e-05,4.705849278252572e-05,4.795732820639387e-05
3700,0.00025676353834569454,0.00019874793360941112,0.00019496242748573422,0.00017433337052352726,0.00014025199925526977,0.00013793096877634525,0.00011710024409694597,0.00011178566637681797,0.00011522682325448841,0.00011075603106291965,0.00010397995356470346,0.00010218931856798008,9.116806177189574e-05,9.052431414602324e-05,8.65323017933406e-05,9.99651601887308e-05,0.00010424982610857114,0.00010937426122836769,8.474929200019687e-05,8.351016003871337e-05,6.865684554213658e-05,7.565470150439069e-05,6.765478610759601e-05,8.436749340035021e-05,6.932106043677777e-05,6.991047848714516e-05,6.506887439172715e-05,8.246917423093691e-05,5.83077926421538e-05,6.683407264063135e-05,5.6264587328769267e-05,5.349801722331904e-05,8.322271605720744e-05,7.14356719981879e-05,7.090395229170099e-05,7.734611426712945e-05,6.199597555678338e-05,5.7624332839623094e-05,5.785659595858306e-05,5.37610067112837e-05,4.8461082769790664e-05,5.949238402536139e-05,6.35981050436385e-05,5.488420356414281e-05,6.0481863329187036e-05,5.120935384184122e-05,6.128291715867817e-05,5.4331998398993164e-05,4.7763140173628926e-05,5.6162865803344175e-05
3800,0.0002563081798143685,0.0002017706719925627,0.00017781568749342114,0.00013241160195320845,0.00014196723350323737,0.0001419386244378984,0.00012014730600640178,0.00010382876644143835,0.00011637241550488397,9.430099453311414e-05,9.292690083384514e-05,0.00010462429781910032,9.565792424837127e-05,9.66647858149372e-05,8.808029087958857e-05,0.00010775110422400758,8.014094055397436e-05,9.396575478604063e-05,8.797772898105904e-05,7.697542605455965e-05,7.250895578181371e-05,6.389498594217002e-05,7.314982212847099e-05,6.231177394511178e-05,6.584687071153894e-05,7.008951797615737e-05,7.235855446197093e-05,5.574337410507724e-05,6.0199323343113065e-05,7.612239278387278e-05,5.389892612583935e-05,4.897523103863932e-05,7.886228559073061e-05,6.0080248658778146e-05,5.742303255829029e-05,6.476906855823472e-05,5.580165088758804e-05,4.6364733861992136e-05,4.5359596697380766e-05,4.3363546865293756e-05,5.066281300969422e-05,5.481535117723979e-05,3.587711034924723e-05,4.7446264943573624e-05,4.82671894133091e-05,5.7514353102305904e-05,5.3354156989371404e-05,5.212932592257857e-05,4.689496927312575e-05,5.0204936997033656e-05
3900,0.0002350019058212638,0.00021894194651395082,0.0001630332990316674,0.00019158203213009983,0.00013814457633998245,0.00013976605259813368,0.00012616148160304874,0.00011310476111248136,0.00012486787454690784,9.605162631487474e-05,0.0001077604028978385,0.00010600226232782006,9.208897245116532e-05,9.474580292589962e-05,0.00010273045336361974,0.00010847701923921704,0.00010006856609834358,8.678294398123398e-05,8.056750812102109e-05,8.136671385727823e-05,9.431926446268335e-05,7.07086655893363e-05,7.27588776499033e-05,6.827126344433054e-05,6.175887392600998e-05,7.295788236660883e-05,6.905860936967656e-05,5.616925045615062e-05,5.3413361456478015e-05,6.814542575739324e-05,5.817492274218239e-05,5.7706478401087224e-05,8.26210089144297e-05,6.969234527787194e-05,5.6226635933853686e-05,5.332181171979755e-05,5.789182978332974e-05,5.4124346206663176e-05,5.3069263231009245e-05,4.250165875419043e-05,5.41486224392429e-05,6.483922334155068e-05,4.8529669584240764e-05,5.393738319980912e-05,5.455658174469136e-05,6.995243165874854e-05,5.430482269730419e-05,5.700327892554924e-05,5.135015453561209e-05,5.21275433129631e-05
4000,0.00025209400337189436,0.00023743981728330255,0.00018594518769532442,0.00018989200179930776,0.00012173373397672549,0.00013931245484855026,0.00012054768012603745,9.057689021574333e-05,0.00011500752589199692,0.00011881830141646788,0.00010232796194031835,8.612839883426204e-05,0.00010344539623474702,9.169906843453646e-05,9.620933997211978e-05,0.00010733173257904127,8.940609404817224e-05,8.803779201116413e-05,0.00010757638665381819,7.254920637933537e-05,7.192175689851865e-05,7.199435640359297e-05,6.846980249974877e-05,6.477815622929484e-05,7.11828179191798e-05,7.054556772345677e-05,7.294223905773833e-05,6.744641723344103e-05,5.281915218802169e-05,5.7736513554118574e-05,5.596262781182304e-05,5.853574111824855e-05,8.20001368992962e-05,7.029355765553191e-05,6.137618038337678e-05,5.634881017613225e-05,6.924873014213517e-05,5.004389095120132e-05,5.1297574827913195e-05,4.779193477588706e-05,4.762014577863738e-05,6.0168436903040856e-05,5.58202518732287e-05,5.210710151004605e-05,4.734676258522086e-05,4.9645823310129344e-05,4.500902650761418e-05,4.546416676021181e-05,5.4771600844105706e-05,4.9674730689730495e-05
4100,0.00024986371863633394,0.00022565809194929898,0.00017043734260369092,0.00018965041090268642,0.00013007689267396927,0.00014381500659510493,0.0001378912420477718,0.00014417445345316082,0.00012776843504980206,0.00010128176654689014,0.00010109518916578963,9.974421845981851e-05,9.837264224188402e-05,9.377633250551298e-05,0.00010082985681947321,0.00011692428233800456,9.667918493505567e-05,9.125921496888623e-05,9.225030953530222e-05,8.596661064075306e-05,5.9028028772445396e-05,7.022447971394286e-05,7.131942402338609e-05,8.000845991773531e-05,8.129943307721987e-05,6.862456939416006e-05,7.350378291448578e-05,6.745930295437574e-05,5.8656263718148693e-05,6.986912194406614e-05,6.694217881886289e-05,5.309894913807511e-05,9.025810868479311e-05,7.875523442635313e-05,6.426686013583094e-05,6.36371987638995e-05,6.689356814604253e-05,5.770932330051437e-05,6.506982754217461e-05,4.9662336095934734e-05,5.646868157782592e-05,6.0563423176063225e-05,6.214750465005636e-05,6.409619527403265e-05,5.5331453040707856e-05,5.754295489168726e-05,6.592952559003606e-05,4.987245119991712e-05,5.0015038141282275e-05,5.118263652548194e-05
4200,0.00024553691036999226,0.000225716270506382,0.00016192658222280443,0.0001592156186234206,0.00011391096631996334,0.00011698646994773299,0.00011261175677645952,9.579299512552097e-05,0.00011193136015208438,0.00011732096027117223,9.012892405735329e-05,9.251310984836891e-05,9.127656085183844e-05,0.00011060446558985859,8.810704457573593e-05,9.436932305106893e-05,8.900355896912515e-05,8.524700388079509e-05,0.00010723827290348709,7.235733210109174e-05,6.893897079862654e-05,5.8786255976883695e-05,6.15218305028975e-05,6.907670467626303e-05,6.055717312847264e-05,6.833812949480489e-05,7.185131835285574e-05,8.052807970670983e-05,6.28927955403924e-05,6.725383718730882e-05,5.742588473367505e-05,5.5726290156599134e-05,8.677518781041726e-05,6.11773575656116e-05,6.72474634484388e-05,5.575136310653761e-05,6.300634413491935e-05,5.454469282994978e-05,5.665619391947985e-05,5.779496132163331e-05,5.052426058682613e-05,5.1600167353171855e-05,6.955155549803749e-05,5.946559758740477e-05,5.0488990382291377e-05,6.251767626963556e-05,4.944353349856101e-05,5.1069109758827835e-05,4.801763498107903e-05,4.4671152863884345e-05
4300,0.0002556963881943375,0.00021149062376935035,0.0001552268076920882,0.000158948460011743,0.0001317981514148414,0.000150622014189139,0.0001259214332094416,0.00010779455624287948,0.0001444122608518228,9.050432709045708e-05,0.00011015022755600512,0.00012094601697754115,9.760669490788132e-05,0.00010080168431159109,0.00011221743625355884,9.795832011150196e-05,8.918660023482516e-05,8.390838047489524e-05,8.964707376435399e-05,7.839694444555789e-05,5.852035610587336e-05,5.644185148412362e-05,7.200081017799675e-05,6.818945985287428e-05,7.029224798316136e-05,6.766054139006883e-05,6.940218736417592e-05,5.9433936257846653e-05,5.794222670374438e-05,5.8598183386493474e-05,5.216041245148517e-05,4.874071601079777e-05,8.125168096739799e-05,5.857022188138217e-05,6.405275053111836e-05,4.772020838572644e-05,6.313563790172338e-05,5.991476427880116e-05,5.49584801774472e-05,5.141115980222821e-05,5.62800451007206e-05,6.549787212861702e-05,5.073814099887386e-05,5.655204950016923e-05,5.158615385880694e-05,5.322735887602903e-05,6.28161069471389e-05,5.3230331104714423e-05,4.113419709028676e-05,4.062582229380496e-05
4400,0.00029180850833654404,0.00022959064517635852,0.000166521524079144,0.0001512889430159703,0.0001392023405060172,0.00013997785572428256,0.00012865920143667608,9.782622510101646e-05,0.00015465565957129002,0.00011431291932240129,0.00011182008893229067,0.00010578972432995215,0.00011120322596980259,9.567257802700624e-05,0.0001175512807094492,0.00010157735960092396,8.946664456743747e-05,9.679065988166258e-05,0.0001008260078378953,7.50271137803793e-05,7.248378824442625e-05,6.286767893470824e-05,7.130155427148566e-05,7.564773841295391e-05,6.911886885063723e-05,6.521938485093415e-05,8.61027801875025e-05,6.102162296883762e-05,5.751927164965309e-05,6.631139694945887e-05,6.307628063950688e-05,6.074736302252859e-05,8.843317482387647e-05,5.7298744650324807e-05,6.590142584173009e-05,5.757881808676757e-05,7.132818427635357e-05,6.474799010902643e-05,6.256782944547012e-05,5.770575808128342e-05,6.062625834601931e-05,7.217918027890846e-05,4.7219626139849424e-05,5.7678596931509674e-05,5.974725354462862e-05,5.5470191000495106e-05,6.891574594192207e-05,4.795117274625227e-05,4.8688303650124e-05,5.177635466679931e-05
4500,0.0002328911068616435,0.0001972512254724279,0.00017524663417134434,0.00016334348765667528,0.00012576024164445698,0.00012202571087982506,0.0001153381381300278,7.447908137692139e-05,0.00011781333887483925,0.00011507254384923726,0.00010302125883754343,8.785372483544052e-05,8.98508878890425e-05,0.00011448811710579321,7.691738574067131e-05,0.00010378978186054155,9.060926095116884e-05,7.977507630130276e-05,7.584269042126834e-05,7.379522867267951e-05,6.959047459531575e-05,6.658198253717273e-05,6.493428372777998e-05,6.765828584320843e-05,5.4181102314032614e-05,6.882785237394273e-05,6.712776666972786e-05,6.231412407942116e-05,5.910378968110308e-05,6.403202860383317e-05,5.605410478892736e-05,5.1483519200701267e-05,7.1106078394223e-05,6.910016236361116e-05,5.9358793805586174e-05,6.297694926615804e-05,5.403484829002991e-05,5.7924160500988364e-05,5.4749962146161124e-05,5.070875340607017e-05,4.9181926442543045e-05,5.5764267017366365e-05,5.575858085649088e-05,4.860246190219186e-05,4.9577134632272646e-05,5.331834472599439e-05,5.890739703318104e-05,5.2044750191271305e-05,4.8092315410031006e-05,4.4344444177113473e-05
4600,0.0002915996592491865,0.00022056452871765941,0.00017346523236483335,0.00015662923397030681,0.00013630028115585446,0.00012871448416262865,0.00012891659571323544,8.103141590254381e-05,0.0001361841132165864,9.72870911937207e-05,0.0001221970160258934,0.0001360452442895621,0.00011059686949010938,8.767417602939531e-05,0.00012398810940794647,0.00011061463737860322,0.00010625182767398655,9.356620284961537e-05,7.318598363781348e-05,7.874625589465722e-05,6.94626069162041e-05,6.179050978971645e-05,5.507633613888174e-05,6.886539631523192e-05,7.044131052680314e-05,6.946884241187945e-05,7.940578507259488e-05,5.4616466513834894e-05,5.9457262977957726e-05,6.302011024672538e-05,5.521038838196546e-05,6.443636084441096e-05,7.452184945577756e-05,5.937219975749031e-05,6.700459925923496e-05,5.608402716461569e-05,7.903922960394993e-05,5.940278060734272e-05,4.922049629385583e-05,3.6510962672764435e-05,4.8183119361056015e-05,5.582956146099605e-05,4.696047835750505e-05,5.548050830839202e-05,5.736047023674473e-05,5.1985545724164695e-05,6.974985444685444e-05,4.792175241163932e-05,4.935023025609553e-05,5.3448486141860485e-05
4700,0.00025425743660889566,0.0002457137743476778,0.00016494437295477837,0.00016980344662442803,0.00013656704686582088,0.00013034149014856666,0.00012777777737937868,8.980089478427544e-05,0.00016048933321144432,0.00011946129961870611,0.0001150148018496111,0.00010035361628979445,0.0001008335966616869,7.986968557815999e-05,0.00010412171832285821,8.529314800398424e-05,9.676191257312894e-05,8.843123214319348e-05,8.872317266650498e-05,7.316307892324403e-05,7.14759444235824e-05,6.968780508032069e-05,7.131008169380948e-05,6.746432336512953e-05,7.045340316835791e-05,6.507016951218247e-05,7.574290793854743e-05,6.992580892983824e-05,5.850229717907496e-05,8.349146810360253e-05,5.740037886425853e-05,5.2635525207733735e-05,9.700717782834545e-05,5.5332417105091736e-05,6.908322393428534e-05,5.543115912587382e-05,6.922105239937082e-05,5.4705127695342526e-05,5.410591620602645e-05,6.0804835811723024e-05,5.076531306258403e-05,6.221891817403957e-05,5.759792838944122e-05,5.9535395848797634e-05,5.044692079536617e-05,5.8958379668183625e-05,5.4697367886547e-05,4.2082599975401536e-05,4.866164090344682e-05,4.864598668063991e-05
4800,0.0002354456955799833,0.0002201706520281732,0.00014469925372395664,0.00015961525787133723,0.0001244921877514571,0.0001351431419607252,0.00012521880853455514,0.00012046751362504438,0.00013233255594968796,0.00011500540131237358,0.00010418030433356762,9.73055575741455e-05,9.052734094439074e-05,7.975607150001451e-05,9.832864452619106e-05,0.00010987574933096766,8.959539991337806e-05,9.076778951566666e-05,8.418580546276644e-05,7.508639100706205e-05,7.117160566849634e-05,5.861277168150991e-05,6.494335684692487e-05,6.375915836542845e-05,6.643393862759694e-05,7.105836266418919e-05,6.563740316778421e-05,7.372868276434019e-05,5.318458715919405e-05,5.921140837017447e-05,5.8404119045007974e-05,5.5218573834281415e-05,9.237522317562252e-05,5.68349460081663e-05,5.760840940638445e-05,5.442612382466905e-05,6.638943159487098e-05,4.8786565457703546e-05,6.219329225132242e-05,4.415585863171145e-05,4.799108864972368e-05,5.593522291746922e-05,4.957351484335959e-05,5.772696385974996e-05,6.042036329745315e-05,6.0183087043697014e-05,5.932892599957995e-05,4.8750272981124e-05,5.555458847084083e-05,4.844162685913034e-05
4900,0.0002459879033267498,0.00022365334734786302,0.00018522939353715628,0.00014619797002524137,0.0001257945696124807,0.0001229549088748172,0.00014122617722023278,0.00010644258873071522,0.00010523989476496354,0.00010468380060046911,0.00011327234096825123,8.787437400314957e-05,9.367512393509969e-05,9.786581358639523e-05,8.602575690019876e-05,0.00010095732432091609,0.00010068124538520351,0.00010175603529205546,8.753455040277913e-05,7.768945943098515e-05,7.2217415436171e-05,7.114446634659544e-05,7.245787855936214e-05,7.894606096670032e-05,6.305129500105977e-05,6.527811638079584e-05,6.700879021082073e-05,7.22545591997914e-05,5.6383363698842004e-05,8.496369264321402e-05,6.505209603346884e-05,5.229156886343844e-05,8.621313463663682e-05,7.027819810900837e-05,6.287862197495997e-05,6.521157774841413e-05,6.150086119305342e-05,6.577870954060927e-05,5.636329296976328e-05,4.479719791561365e-05,4.946621265844442e-05,6.647089321631938e-05,4.8252742999466136e-05,4.8744674131739885e-05,5.749051706516184e-05,6.272855534916744e-05,5.5090305977500975e-05,5.209087612456642e-05,4.96231259603519e-05,4.9699585360940546e-05
5000,0.00022326486941892654,0.00022757179976906627,0.00015698643983341753,0.000138711096951738,0.00011893444752786309,0.00015167848323471844,0.00014334118168335408,0.00012691508163698018,0.0001208291359944269,0.00011001361417584121,0.00010064118396257982,7.924171950435266e-05,8.306904783239588e-05,0.00010273819498252124,8.764839003561065e-05,9.929049701895565e-05,8.985494787339121e-05,8.693598647369072e-05,8.639005682198331e-05,8.978972618933767e-05,8.3414553955663e-05,6.283792754402384e-05,7.86335367592983e-05,5.982700167805888e-05,6.600448250537738e-05,6.568027311004698e-05,7.731213554507121e-05,6.454515096265823e-05,5.967688048258424e-05,7.08273655618541e-05,6.400104030035436e-05,5.5536489526275545e-05,9.312627662438899e-05,6.982847844483331e-05,6.358051905408502e-05,6.318595114862546e-05,5.8118075685342774e-05,5.598097777692601e-05,6.126976222731173e-05,5.542095095734112e-05,6.424186722142622e-05,5.5398002587025985e-05,7.245914457598701e-05,5.932636486249976e-05,5.8379875554237515e-05,5.725330629502423e-05,5.213552140048705e-05,5.4368672863347456e-05,5.5457770940847695e-05,4.9179361667484045e-05
5100,0.0002678008459042758,0.00025505133089609444,0.00016814301488921046,0.00017376334290020168,0.0001344101328868419,0.00013256288366392255,0.00014805399405304343,0.00010387683869339526,0.00013138158828951418,0.00010872234270209447,0.00011962359712924808,9.4626571808476e-05,9.601817873772234e-05,8.975001401267946e-05,0.0001223560975631699,9.044531179824844e-05,0.00010306687909178436,8.801319199847057e-05,0.0001055382817867212,9.13871408556588e-05,8.003438415471464e-05,6.53219613013789e-05,5.8848298067459837e-05,7.882471982156858e-05,6.254892650758848e-05,7.994673069333658e-05,7.262332655955106e-05,7.303748861886561e-05,6.292630132520571e-05,6.9315021391958e-05,6.992495764279738e-05,4.947735942550935e-05,9.991222032113001e-05,6.274221959756687e-05,5.982743459753692e-05,6.11479626968503e-05,6.617073086090386e-05,5.156167026143521e-05,7.208184251794592e-05,5.5135213187895715e-05,6.376364035531878e-05,5.9508736740099266e-05,6.233795284060761e-05,5.916771260672249e-05,6.445838516810909e-05,6.82636455167085e-05,5.783683809568174e-05,5.575262548518367e-05,5.1318525947863236e-05,4.860003900830634e-05
5200,0.0002470059262122959,0.00022374640684574842,0.00018267215637024492,0.00017524106078781188,0.00013650479377247393,0.0001407307427143678,0.00010468053369550034,0.00010857881716219708,0.00011540366540430114,0.00011538177932379767,9.069884981727228e-05,9.357512317365035e-05,9.936105197994038e-05,8.675390563439578e-05,7.617937080794945e-05,0.00011102110875071958,0.00010047039540950209,0.00010095011384692043,6.861072324682027e-05,7.848889799788594e-05,6.710965681122616e-05,8.713779243407771e-05,7.471068238373846e-05,6.998777826083824e-05,6.096742072259076e-05,6.575624138349667e-05,6.312163168331608e-05,6.415754614863545e-05,6.55125331832096e-05,6.750301690772176e-05,6.149715045467019e-05,5.7698372984305024e-05,7.87633252912201e-05,7.492369331885129e-05,5.553704613703303e-05,7.0334535848815e-05,5.217844955041073e-05,5.442231849883683e-05,5.9912454162258655e-05,3.99012969864998e-05,5.433184196590446e-05,5.99283303017728e-05,4.9175683670910075e-05,5.280307595967315e-05,5.4388801800087094e-05,5.643328040605411e-05,5.736592720495537e-05,5.169875657884404e-05,4.975826232112013e-05,6.08124682912603e-05
