step,channel_1381,channel_2380,channel_233,channel_4527,channel_2604,channel_655,channel_3898,channel_939,channel_2260,channel_2344,channel_4133,channel_485,channel_887,channel_699,channel_359,channel_963,channel_556,channel_4815,channel_545,channel_133,channel_1246,channel_656,channel_4211,channel_204,channel_3685,channel_3594,channel_2876,channel_2825,channel_1357,channel_2126,channel_107,channel_3371,channel_2298,channel_1411,channel_1124,channel_316,channel_290,channel_2423,channel_3341,channel_2229,channel_983,channel_1562,channel_1237,channel_4229,channel_1617,channel_3343,channel_2021,channel_4330,channel_2479,channel_692
0,3.7054553558846237e-06,5.089186743134633e-06,5.4248253036348615e-06,3.900878255080897e-06,3.395158955754596e-06,1.1387378435756546e-05,1.1476322470116429e-05,4.882834673480829e-06,1.0341851520934142e-05,2.991261453644256e-06,2.3318282273976365e-06,4.786984845850384e-06,3.2108464438351803e-06,3.515910293572233e-06,1.9886787413270213e-05,3.5797741020360263e-06,5.872409019502811e-06,6.481889613496605e-06,6.756808943464421e-06,1.1063722922699526e-05,1.555649760121014e-05,1.7191383449244313e-05,7.034087047941284e-06,1.2787011655746028e-05,3.937666861020261e-06,6.75748560752254e-06,4.881222139374586e-06,1.4829653082415462e-05,1.0515223948459607e-05,1.2627651813090779e-05,7.012755304458551e-06,1.081964455806883e-05,1.4338008440972771e-05,9.69481061474653e-06,8.661945685162209e-06,3.6616509078157833e-06,5.596731625701068e-06,2.510556259949226e-05,6.532913175760768e-06,1.7176073015434667e-05,1.5530815289821476e-05,4.112909664399922e-06,1.3591251445177477e-05,6.083008884161245e-06,2.999210209964076e-06,4.679745870816987e-06,1.5734396583866328e-05,7.924275450932328e-06,2.5752744932105998e-06,6.033928002580069e-06
100,1.2598007742781192e-05,1.3738425877818372e-05,1.2926419003633782e-05,1.793178125808481e-05,2.0221310478518717e-05,1.8672177247935906e-05,2.182084062951617e-05,1.227140091941692e-05,2.3281207177205943e-05,1.4749170986760873e-05,1.4865262528473977e-05,2.434105408610776e-05,2.0660561858676374e-05,1.6822847101138905e-05,2.6101643015863374e-05,1.846060149546247e-05,2.484663673385512e-05,2.3436608898919076e-05,2.3688393412157893e-05,2.5277488020947203e-05,2.7063526431447826e-05,2.331134419364389e-05,2.735189991653897e-05,1.7768863472156227e-05,2.5663897758931853e-05,2.5143797756754793e-05,1.9529188648448326e-05,1.6547823179280385e-05,2.2088084733695723e-05,2.9876358894398436e-05,2.4900820790207945e-05,2.335504541406408e-05,2.888164817704819e-05,3.0033743314561434e-05,2.9844686650903895e-05,2.7483883968670852e-05,2.6117262677871622e-05,2.5743695005076006e-05,3.0777908250456676e-05,3.096149521297775e-05,3.082555849687196e-05,2.1967363863950595e-05,2.0179360944894142e-05,2.6405870812595822e-05,1.719312604109291e-05,3.17146404995583e-05,2.4611741537228227e-05,1.9579749277909286e-05,3.022923738171812e-05,2.7413760108174756e-05
200,1.1318939868942834e-05,1.0117562851519324e-05,1.5797631931491196e-05,1.7712372937239707e-05,1.68180231412407e-05,2.1260479115881026e-05,1.8958302462124266e-05,2.322812179045286e-05,2.206901081081014e-05,1.5459900168934837e-05,1.679290107858833e-05,1.6523646991117857e-05,1.862067983893212e-05,1.5881947547313757e-05,2.6566372980596498e-05,1.3219569154898636e-05,2.1487903723027557e-05,2.122363912349101e-05,2.603974826342892e-05,2.8024123821523972e-05,2.1758674847660586e-05,2.1210273189353757e-05,2.6623503799783066e-05,2.1644034859491512e-05,2.931049129983876e-05,2.935232623713091e-05,1.5499415894737467e-05,2.9635413739015348e-05,2.9752420232398435e-05,1.8058195564663038e-05,2.7148398658027872e-05,3.0022649298189208e-05,2.629303708090447e-05,2.2391401216736995e-05,2.9959041057736613e-05,2.2345237084664404e-05,3.0660710763186216e-05,2.8644042686210014e-05,2.5209132218151353e-05,2.7035121092922054e-05,2.4509890863555484e-05,2.0917646907037124e-05,2.105215571646113e-05,2.628496804391034e-05,3.1744879379402846e-05,2.8525628295028582e-05,2.649448833835777e-05,3.185110108461231e-05,3.219030622858554e-05,2.2331525542540476e-05
300,1.726097434584517e-05,1.753296237438917e-05,1.1693337000906467e-05,1.822750891733449e-05,1.6636047803331167e-05,2.023188972088974e-05,2.0026722268084995e-05,1.660895395616535e-05,2.231216785730794e-05,1.442869961465476e-05,2.3412851078319363e-05,2.265074181195814e-05,1.9878420062013902e-05,1.8815368093783036e-05,2.3485306883230805e-05,2.694175418582745e-05,2.6127323508262634e-05,2.7441712518339045e-05,2.512250648578629e-05,1.9728264305740595e-05,2.4505483452230692e-05,2.000716995098628e-05,2.9000320864724927e-05,2.924442924268078e-05,2.02362298296066e-05,2.8681732146651484e-05,2.228437915618997e-05,1.5120365787879564e-05,1.8071843442157842e-05,2.848462827387266e-05,2.9990273105795495e-05,2.4935054170782678e-05,2.906536428781692e-05,3.0187246011337265e-05,2.5427047148696147e-05,3.063774056499824e-05,2.3977716409717686e-05,3.072586332564242e-05,2.5711033231345937e-05,2.6413088562549092e-05,3.078275767620653e-05,3.121766712865792e-05,2.833386133715976e-05,3.05359426420182e-05,2.1332822143449448e-05,2.9142982384655625e-05,2.1501866285689175e-05,3.172352444380522e-05,2.5348326744278893e-05,3.222321538487449e-05
400,5.900103133171797e-06,7.781084605085198e-06,5.981099093332887e-06,6.6024367697536945e-06,7.880863449827302e-06,1.8003263903665356e-05,1.4233743058866821e-05,1.5764841009513475e-05,7.997433385753538e-06,1.058291491062846e-05,1.3933347872807644e-05,1.360586338705616e-05,7.571301466668956e-06,8.543448529962916e-06,1.8132501281797886e-05,8.868986697052605e-06,1.4443221516557969e-05,1.357400651613716e-05,1.873647306638304e-05,1.0284407835570164e-05,2.8100370400352404e-05,1.2246180631336756e-05,1.1737336535588838e-05,6.154628408694407e-06,8.777684342931025e-06,1.984084337891545e-05,1.0625059076119214e-05,7.840164471417665e-06,7.654295586689841e-06,1.0757975360320415e-05,2.0883544493699446e-05,1.307835555053316e-05,9.713638064567931e-06,2.1483701857505366e-05,2.3426260668202303e-05,1.2418155165505596e-05,1.1278142665105406e-05,1.3953242159914225e-05,1.570644963067025e-05,1.8424609152134508e-05,1.606410114618484e-05,1.021362368192058e-05,1.0930279131571297e-05,1.536274066893384e-05,1.0807006219692994e-05,1.0250826562696602e-05,1.242407233803533e-05,1.1125985110993497e-05,2.267881245643366e-05,1.6172081814147532e-05
500,7.066511443554191e-06,6.198501523613231e-06,5.446976047096541e-06,8.154612260113936e-06,7.683651347178966e-06,1.9869306925102137e-05,1.0024436051025987e-05,9.354513167636469e-06,1.089258148567751e-05,8.981585779110901e-06,8.37756488181185e-06,1.257708663615631e-05,7.203000677691307e-06,9.718121873447672e-06,1.5662149962736294e-05,1.52787451952463e-05,1.2263377357157879e-05,1.9046268789679743e-05,9.806753951124847e-06,1.1327336324029602e-05,1.1615181392699014e-05,1.2015450920443982e-05,1.2540845091280062e-05,7.596907835250022e-06,1.99823516595643e-05,1.576407885295339e-05,1.922769661177881e-05,7.499976163671818e-06,1.142802466347348e-05,1.2653162229980808e-05,1.295616129937116e-05,1.3521056644094642e-05,1.5901679944363423e-05,1.770023663993925e-05,1.675402199907694e-05,1.2619117114809342e-05,1.6598176443949342e-05,1.4530398402712308e-05,1.1079867363150697e-05,3.058450965909287e-05,1.7246655261260457e-05,1.3332658454601187e-05,1.4092114724917337e-05,2.2529318812303245e-05,1.3725812095799483e-05,1.2357766536297277e-05,1.4770850611967035e-05,1.4737720448465552e-05,1.478448848502012e-05,1.252939910045825e-05
600,6.989856046857312e-06,1.0282316907250788e-05,6.4910182118183e-06,9.218923878506757e-06,1.2150153452239465e-05,1.647223689360544e-05,1.1797314982686657e-05,9.995146683650091e-06,9.394030712428503e-06,7.15448868504609e-06,1.103914291888941e-05,1.325086850556545e-05,6.846666565252235e-06,1.2927609532198403e-05,1.1998583431704901e-05,1.2267064448678866e-05,2.1535031919484027e-05,1.3674723049916793e-05,2.361195038247388e-05,1.0941296750388574e-05,1.545011946291197e-05,1.3040083103987854e-05,1.4561805983248632e-05,8.760467608226463e-06,9.056568160303868e-06,1.7831918739830144e-05,8.385565706703346e-06,8.346974937012419e-06,9.244638931704685e-06,2.0409775970620103e-05,2.051521914836485e-05,1.1521632586664055e-05,1.5036866898299195e-05,1.3637816664413549e-05,1.3820894309901632e-05,1.1584111234697048e-05,1.5950796296237968e-05,1.4176476724969689e-05,1.0506871149118524e-05,1.4117357750365045e-05,1.3741626389673911e-05,9.536835023027379e-06,8.573108061682433e-06,1.638368848944083e-05,1.0351575838285498e-05,1.2671368494920898e-05,1.436403636034811e-05,1.2027187949570362e-05,1.2592980965564493e-05,1.6347783457604237e-05
700,8.091556992440019e-06,7.35594494472025e-06,1.0932868462987244e-05,7.26670032236143e-06,7.949854989419691e-06,1.5001521205704194e-05,1.5204881492536515e-05,8.145673746184912e-06,1.3405399840848986e-05,1.0792006833071355e-05,1.1097739843535237e-05,1.8503114915802144e-05,9.998765563068446e-06,1.4596396795241162e-05,1.2326112482696772e-05,7.842798368074e-06,2.1706735424231738e-05,1.3417236004897859e-05,1.2981313375348691e-05,1.2232263543410227e-05,1.7110112821683288e-05,1.0813533663167618e-05,1.1427069694036618e-05,7.593282134621404e-06,1.1037936019420158e-05,1.2136609257140663e-05,1.3587205103249289e-05,1.3065388884569984e-05,9.51981928665191e-06,1.4207044841896277e-05,1.6442854757769965e-05,1.4430128430831246e-05,1.2319286724959966e-05,1.4431375348067377e-05,2.7282032533548772e-05,1.560437522130087e-05,1.5233022168104071e-05,2.286068229295779e-05,1.1701177754730452e-05,1.1378792805771809e-05,1.5205268027784768e-05,1.1623616046563257e-05,9.31545491766883e-06,1.731209340505302e-05,8.793696906650439e-06,2.0328656319179572e-05,2.073295217996929e-05,1.2545155186671764e-05,1.7196856788359582e-05,2.0324765500845388e-05
800,6.548313649545889e-06,1.1011783499270678e-05,8.873920705809724e-06,9.33819046622375e-06,7.040889613563195e-06,9.675039109424688e-06,1.3587174180429429e-05,7.32310854800744e-06,8.954461918619927e-06,5.629807219520444e-06,8.901406545192003e-06,1.3368596228247043e-05,1.1507664567034226e-05,9.593214599590283e-06,1.502214126958279e-05,7.195952093752567e-06,1.769910886650905e-05,1.2542122021841351e-05,1.0750591172836721e-05,1.1211802302568685e-05,1.532838177809026e-05,1.0532890883041546e-05,1.9255863662692718e-05,7.873715730966069e-06,1.2154942851339001e-05,1.1548660950211342e-05,1.4248381376091857e-05,1.1416778761486057e-05,1.246733791049337e-05,1.0150703928957228e-05,1.2183306353108492e-05,9.44167550187558e-06,1.6765075997682288e-05,1.5314226402551867e-05,1.2190059351269156e-05,1.0623915841279086e-05,9.453493476030417e-06,1.4618724890169688e-05,1.4293333151726983e-05,2.6739273380371742e-05,1.981488094315864e-05,1.235922991327243e-05,9.4655915745534e-06,1.8106189600075595e-05,1.2137474186602049e-05,1.007536229735706e-05,1.782536673999857e-05,1.3170625607017428e-05,1.3013499483349733e-05,1.5312003597500734e-05
900,9.711478924145922e-06,5.784080713056028e-06,6.546412805619184e-06,1.0942241715383716e-05,8.35879473015666e-06,9.399012014910113e-06,1.770266862877179e-05,8.050613359955605e-06,9.326355211669579e-06,6.682694220216945e-06,9.102604053623509e-06,9.937105460267048e-06,8.63606601342326e-06,8.349261406692676e-06,1.110120410885429e-05,6.969237347220769e-06,1.788293411664199e-05,1.2985090506845154e-05,2.7632579076453112e-05,9.309629604103975e-06,1.311407504545059e-05,9.762995432538446e-06,1.9411709217820317e-05,1.1065786566177849e-05,1.1100984011136461e-05,1.301678639720194e-05,1.3603392289951444e-05,1.1553390322660562e-05,1.3520664651878178e-05,1.2563878044602461e-05,1.2896760381408967e-05,1.6001278709154576e-05,1.6606456483714283e-05,1.7932034097611904e-05,1.2930616321682464e-05,1.9410124878049828e-05,1.3696055248146877e-05,1.5143806194828358e-05,1.5021666513348464e-05,1.16990995593369e-05,1.7010923329507932e-05,1.7397864212398417e-05,1.271844121220056e-05,1.4151071809465066e-05,1.4503445527225267e-05,1.858389441622421e-05,1.3264711014926434e-05,1.3468962606566492e-05,1.3790211596642621e-05,2.3333275748882443e-05
1000,7.587445907120127e-06,6.969965397729538e-06,8.398542377108242e-06,9.489235708315391e-06,9.918166142597329e-06,1.1753720173146576e-05,1.1060576071031392e-05,7.805202585586812e-06,1.0381795618741307e-05,1.2780952602042817e-05,1.1918789823539555e-05,9.934884474205319e-06,6.690292593702907e-06,9.724498340801802e-06,1.2540715033537708e-05,1.3851987205271143e-05,1.5674093447159976e-05,1.3137691894371528e-05,1.279497973882826e-05,1.5001128303993028e-05,2.4661581846885383e-05,1.0412019946670625e-05,1.840017648646608e-05,1.2417035577527713e-05,8.219525625463575e-06,1.5943534890539013e-05,1.3435706932796165e-05,7.266729426191887e-06,8.648670700495131e-06,9.329958629678003e-06,1.8794813513522968e-05,1.1536938473000191e-05,1.7919845049618743e-05,1.6632307961117476e-05,2.570469951024279e-05,1.171569419966545e-05,1.2351873010629788e-05,1.4961950910219457e-05,1.4762374121346511e-05,1.3732294064539019e-05,1.6705034795450047e-05,1.3306360415299423e-05,1.0605951501929667e-05,1.5671696019126102e-05,1.0358633517171256e-05,1.4720510989718605e-05,1.559237171022687e-05,1.2029271601932123e-05,1.53332748595858e-05,1.3710406165046152e-05
1100,6.440671313612256e-06,6.5212843765039e-06,9.628533916838933e-06,8.669028829899617e-06,9.587492058926728e-06,1.47090686368756e-05,9.331130968348589e-06,8.21082812763052e-06,1.1434151019784622e-05,6.9330958467617165e-06,8.63120749272639e-06,1.3838938684784807e-05,1.2539944691525307e-05,9.508477887720801e-06,1.6354211766156368e-05,1.041362793330336e-05,1.173375676444266e-05,1.127714949689107e-05,1.1740168702090159e-05,1.1157204426126555e-05,2.3633818273083307e-05,1.4501802979793865e-05,1.7985455997404642e-05,1.3285297427501064e-05,1.127697487390833e-05,1.2459646313800476e-05,1.1606752195802983e-05,8.818698006507475e-06,7.282001661224058e-06,1.0806867976498324e-05,1.1095782610937022e-05,1.2003751180600375e-05,1.5799520042492077e-05,2.0174687961116433e-05,1.4297367670224048e-05,9.58325108513236e-06,9.834924640017562e-06,1.6270820196950808e-05,1.0953477612929419e-05,2.669074274308514e-05,1.2266351404832676e-05,1.8148874005419202e-05,9.078386028704699e-06,2.1493417079909705e-05,8.440838428214192e-06,1.1290458132862113e-05,1.9494449588819407e-05,1.323153446719516e-05,1.4804847523919307e-05,1.3008445421291981e-05
1200,6.078794285713229e-06,7.018468295427738e-06,1.1006496606569272e-05,8.035829523578286e-06,9.478624633629806e-06,9.966848665499128e-06,1.0906423995038494e-05,8.42261579236947e-06,7.19828267392586e-06,7.45562920201337e-06,1.013751625578152e-05,1.106023682950763e-05,6.724398190272041e-06,1.1054718015657272e-05,9.920728189172223e-06,1.1908575288543943e-05,1.6541554941795766e-05,1.1391636689950246e-05,1.6207095541176386e-05,1.2181671081634704e-05,1.0230928637611214e-05,1.8766568246064708e-05,1.8723183529800735e-05,7.743812602711841e-06,1.7537358871777542e-05,1.5572890333714895e-05,9.132411832979415e-06,7.292739155673189e-06,1.0094477147504222e-05,1.0554505934123881e-05,1.1132281542813871e-05,9.13300482352497e-06,1.968190372281242e-05,1.8757973521132953e-05,1.932738632604014e-05,1.646118107601069e-05,1.3964120626042131e-05,1.679954948485829e-05,1.1244593224546406e-05,1.553299262013752e-05,1.5252912817231845e-05,1.2670495380007196e-05,1.1450257261458319e-05,2.273766767757479e-05,7.962984454934485e-06,1.689721830189228e-05,1.1710941180353984e-05,1.2652282748604193e-05,2.0724808564409614e-05,1.477938440075377e-05
1300,1.1689848179230466e-05,7.14597808837425e-06,7.648622158740181e-06,8.396942575927824e-06,1.2783714737452101e-05,1.2548196536954492e-05,9.418878107680939e-06,1.108200285671046e-05,1.2241952390468214e-05,6.148871761979535e-06,1.0848654710571282e-05,1.3740374924964271e-05,7.242146693897666e-06,2.5697459932416677e-05,1.2905583389510866e-05,1.1277553312538657e-05,2.4286669940920547e-05,1.8359338355367072e-05,1.396195511915721e-05,1.5022207662696019e-05,1.31058204715373e-05,1.1696039109665435e-05,1.8157010345021263e-05,8.157470801961608e-06,1.8587687009130605e-05,1.5335390344262123e-05,9.316314390162006e-06,1.598780363565311e-05,9.658862836658955e-06,1.3370445230975747e-05,1.3218308595241979e-05,1.1742998140107375e-05,1.5972545952536166e-05,2.0846460756729357e-05,1.5437844922416843e-05,1.650681224418804e-05,1.1624044418567792e-05,1.8564438505563885e-05,1.234622050105827e-05,1.4703874512633774e-05,1.7418527932022698e-05,1.4268848644860554e-05,1.1120408998976927e-05,1.6714200683054514e-05,1.2337398402451072e-05,1.522065304015996e-05,1.509472986072069e-05,1.661738133407198e-05,1.2801833690900821e-05,1.4870270206301939e-05
1400,6.211444087966811e-06,6.754763944627484e-06,9.211899850924965e-06,5.703050192096271e-06,9.37368440645514e-06,9.773444617167115e-06,1.1388957318558823e-05,6.763330020476133e-06,1.2032616723445244e-05,6.638368176936638e-06,1.170338236988755e-05,1.2091164535377175e-05,9.163732102024369e-06,9.970895916922018e-06,1.1845336302940268e-05,8.170725777745247e-06,1.3188251614337787e-05,1.4483541235676967e-05,1.0743776329036336e-05,8.89207876753062e-06,9.77624767983798e-06,1.4648702745034825e-05,1.3882834537071176e-05,9.684457836556248e-06,1.1246987014601473e-05,1.5844994777580723e-05,8.064660505624488e-06,1.838663411035668e-05,8.274514584627468e-06,1.1279343198111746e-05,1.3266872883832548e-05,1.0837339686986525e-05,1.3949677850177977e-05,1.7878965081763454e-05,1.5312358300434425e-05,1.1791235010605305e-05,1.0588078112050425e-05,1.9103195882053114e-05,1.1234867088205647e-05,1.2745664207614027e-05,1.512488324806327e-05,1.818375130824279e-05,2.3146416424424388e-05,1.609718492545653e-05,1.1820745385193732e-05,1.6820635210024193e-05,1.22327628560015e-05,1.7099831893574446e-05,1.3572051102528349e-05,1.4103954526945017e-05
1500,6.162439603940584e-06,9.006341315398458e-06,7.4139302341791335e-06,6.188601673784433e-06,8.550356142222881e-06,1.3770451914751902e-05,8.341462489624973e-06,9.899151336867362e-06,1.2527294529718347e-05,6.9676621023972984e-06,9.767340998223517e-06,9.792818673304282e-06,5.84090048505459e-06,1.0875387488340493e-05,1.1797564184234943e-05,9.43125724006677e-06,1.3268471775518265e-05,1.1260392966505606e-05,1.0115506483998615e-05,7.347246537392493e-06,1.3483909242495429e-05,2.261509871459566e-05,1.5072666428750381e-05,1.0349034710088745e-05,1.3476418644131627e-05,1.3187421245675068e-05,9.369485269417055e-06,7.5787133937410545e-06,6.9768939283676445e-06,1.8439750419929624e-05,1.2395697922329418e-05,1.003555462375516e-05,1.654329025768675e-05,1.5065837033034768e-05,1.4011021448823158e-05,1.4622987691836897e-05,1.1703318705258425e-05,1.4445852684730198e-05,1.1759640074160416e-05,1.5746702047181316e-05,1.6101155779324472e-05,8.119895937852561e-06,1.3933916306996252e-05,1.5108316802070476e-05,1.0860332622542046e-05,1.432204862794606e-05,2.3439095457433723e-05,1.0584396477497648e-05,2.175144436478149e-05,1.5531006283708848e-05
1600,9.523360859020613e-06,5.066950507170986e-06,7.905371603555977e-06,5.889155545446556e-06,1.2968210285180248e-05,1.0285234566254076e-05,8.753186193644069e-06,7.817669029464014e-06,2.006008435273543e-05,5.9624512687150855e-06,1.1809983334387653e-05,1.528555731056258e-05,2.2767724658478983e-05,1.0877682143473066e-05,1.8839158656192012e-05,8.44625992613146e-06,1.2148957466706634e-05,1.4328437828226015e-05,1.3140813280188013e-05,8.160921424860135e-06,1.920508839248214e-05,1.5712577805970795e-05,9.459113243792672e-06,6.27001190878218e-06,1.1783765330619644e-05,1.2165805856056977e-05,1.0660062798706349e-05,7.379969702014932e-06,8.210608939407393e-06,1.5713178072473966e-05,1.5660431017749943e-05,1.4321266462502535e-05,1.931330371007789e-05,1.8622384232003242e-05,2.6406021788716316e-05,1.8186294255428948e-05,2.5557488697813824e-05,1.5127912774914876e-05,1.4471860595222097e-05,1.2340707144176122e-05,1.1994256055913866e-05,1.104532930185087e-05,1.2113197044527624e-05,1.5524277841905132e-05,1.0670417395886034e-05,1.8411417840979993e-05,1.5699430150561966e-05,1.2224917554704007e-05,1.0945476788037922e-05,1.670948404353112e-05
1700,5.148060154169798e-06,6.43172143099946e-06,9.696595043351408e-06,9.869655514194164e-06,7.755626938887872e-06,1.1801680557255168e-05,1.002878798317397e-05,5.92939659327385e-06,7.92639002611395e-06,7.326219019887503e-06,1.0773269423225429e-05,1.0930717508017551e-05,7.3609480750747025e-06,9.096822395804338e-06,1.5279068975360133e-05,7.865914994908962e-06,1.121545756177511e-05,1.6974978279904462e-05,1.1239966624998488e-05,1.2026914191665128e-05,1.521003468951676e-05,1.238592631125357e-05,1.6195383068406954e-05,6.926133210072294e-06,1.682241418166086e-05,1.2492760106397327e-05,1.563154364703223e-05,5.538825462281238e-06,9.880404832074419e-06,1.0931221368082333e-05,1.391777095705038e-05,1.3106884580338374e-05,1.1219198313483503e-05,1.9068078472628258e-05,1.259448254131712e-05,1.1709687896654941e-05,9.154692634183448e-06,1.408922798873391e-05,1.549171247461345e-05,1.1438080946390983e-05,1.5010624338174239e-05,1.1242107575526461e-05,1.2861274626629893e-05,1.4567885955329984e-05,1.4409132745640818e-05,2.0087209122721106e-05,1.73050048033474e-05,1.603377313585952e-05,2.1744775949628092e-05,1.181363950308878e-05
1800,8.610009899712168e-06,9.834462616709061e-06,6.7039918576483615e-06,7.27521592125413e-06,8.868533768691123e-06,1.2535213500086684e-05,1.3155133274267428e-05,7.0240084824035875e-06,9.711551683722064e-06,6.800753453717334e-06,9.972366569854785e-06,1.2491885172494221e-05,7.65424374549184e-06,9.392148967890535e-06,1.2943235560669564e-05,1.2634954146051314e-05,1.3517617844627239e-05,1.071252700057812e-05,2.1271929654176347e-05,1.4098047358857002e-05,1.4540963093168102e-05,1.0807837497850414e-05,1.883522782009095e-05,7.105645636329427e-06,1.4190827641868964e-05,1.3893083632865455e-05,1.0975609257002361e-05,9.221775144396815e-06,8.956107194535434e-06,1.6994401448755525e-05,1.586308098922018e-05,1.2511266504589003e-05,1.5945373888825998e-05,1.9323129890835844e-05,1.53066503116861e-05,1.4649261174781714e-05,1.2503806829045061e-05,1.8957975044031627e-05,1.056047130987281e-05,1.2091034477634821e-05,1.4163982086756732e-05,1.0947530427074526e-05,1.4933103557268623e-05,1.4122483662504237e-05,9.169525583274662e-06,1.4644660041085444e-05,1.7761973140295595e-05,1.1601283404161222e-05,1.7642989405430853e-05,1.8144135538022965e-05
1900,7.3131686804117635e-06,1.1951482520089485e-05,7.405506494251313e-06,8.068197530519683e-06,1.0266716344631277e-05,8.846051969157998e-06,7.785529305692762e-06,8.857547982188407e-06,1.0321376066713128e-05,6.870719062135322e-06,9.96082144411048e-06,8.379757673537824e-06,6.866544026706833e-06,1.0059368833026383e-05,1.4950600416341331e-05,7.467529030691367e-06,1.082991457224125e-05,1.1164531315444037e-05,1.498096935392823e-05,1.0832113730430137e-05,1.2950689779245295e-05,1.08729800558649e-05,2.1521693270187825e-05,7.815490789653268e-06,1.2237873306730762e-05,1.4777631804463454e-05,1.1686272955557797e-05,9.28134613786824e-06,7.186551101767691e-06,1.2689024515566416e-05,1.2101587344659492e-05,1.6992025848594494e-05,1.4312718121800572e-05,1.9810999219771475e-05,1.2004081327177119e-05,1.5591147530358285e-05,1.7215239495271817e-05,1.6103331290651113e-05,1.5005104614829179e-05,2.8990352802793495e-05,1.4419735634874087e-05,1.2329744095040951e-05,1.103337126551196e-05,2.0256224161130376e-05,1.53987839439651e-05,1.2841037460020743e-05,1.110223001887789e-05,1.1064154932682868e-05,1.4225528502720408e-05,2.1046816982561722e-05
2000,7.201591870398261e-06,1.2663256711675785e-05,9.951659194484819e-06,1.0530956387810875e-05,8.46317834657384e-06,1.2711707313428633e-05,1.1942643141082954e-05,1.4557272152160294e-05,8.727477506909054e-06,1.2971164323971607e-05,1.0131344424735289e-05,2.0279436284909025e-05,1.1580691534618381e-05,1.3992654203320853e-05,1.2828931176045444e-05,1.9959808923886158e-05,1.678327316767536e-05,1.2269697435840499e-05,1.769457958289422e-05,1.4510557775793131e-05,1.396786501572933e-05,1.3958879208075814e-05,1.2070233424310572e-05,1.0887893040489871e-05,9.803125067264773e-06,1.2472209164116066e-05,1.3147839126759209e-05,1.497129869676428e-05,7.849476787669118e-06,2.5337427359772846e-05,2.2992835511104204e-05,1.1108559192507528e-05,1.3840353858540766e-05,1.461287320125848e-05,1.4761410966457333e-05,1.2358442290860694e-05,1.1256054676778149e-05,1.5266879927366972e-05,1.1356624781910796e-05,2.162020064133685e-05,1.3562603271566331e-05,1.3136649613443296e-05,8.061796506808605e-06,1.7201704395120032e-05,1.196430002892157e-05,1.6752332157921046e-05,1.4993358490755782e-05,1.3408324775809888e-05,2.081436468870379e-05,1.9033943317481317e-05
2100,6.361452506098431e-06,7.2323173299082555e-06,8.391901246795896e-06,6.762247267033672e-06,1.0264787306368817e-05,1.0459182703925762e-05,7.7741606219206e-06,6.941664196347119e-06,9.378555660077836e-06,6.0055281210225075e-06,1.3440161637845449e-05,9.991676961362828e-06,1.0232197382720187e-05,9.220867468684446e-06,8.6272120825015e-06,7.79494166636141e-06,1.048716512741521e-05,1.112829977500951e-05,1.0236719390377402e-05,8.690604772709776e-06,1.378780507366173e-05,1.4452316463575698e-05,1.3852833944838494e-05,1.1116416317236144e-05,1.0011986887548119e-05,1.5639368939446285e-05,8.520303708792198e-06,1.1089598956459668e-05,8.334988706337754e-06,1.3305986612976994e-05,1.135344155045459e-05,9.399715963809285e-06,1.5718989743618295e-05,1.4010852282808628e-05,1.2910196346638259e-05,1.3884774489270058e-05,1.1131241990369745e-05,1.9180657545803115e-05,1.541383062431123e-05,1.4729715985595249e-05,1.3885110092815012e-05,1.3264078916108701e-05,1.3147910067345947e-05,1.1786355571530294e-05,9.49337027122965e-06,1.2507758583524264e-05,1.3676006346940994e-05,1.2229042113176547e-05,1.2829553270421457e-05,1.1302605344098993e-05
2200,1.1795263162639458e-05,7.060927146085305e-06,8.266541044577025e-06,7.164708677009912e-06,9.040360055223573e-06,1.3461783964885399e-05,1.1789618838520255e-05,1.3694058907276485e-05,1.737890488584526e-05,7.492975782952271e-06,2.11524820770137e-05,1.1613743481575511e-05,1.4716653822688386e-05,9.514097655483056e-06,1.4481600373983383e-05,8.510533916705754e-06,1.4059698514756747e-05,1.3387083527049981e-05,1.1169033314217813e-05,1.3154400221537799e-05,1.4089411706663668e-05,1.0762177225842606e-05,1.740996776788961e-05,1.0337301318941172e-05,1.3045628293184564e-05,1.1267607078480069e-05,9.84566031547729e-06,9.739920642459765e-06,9.723217772261705e-06,1.247935233550379e-05,1.1895684110641014e-05,1.160838201030856e-05,1.3266224414110184e-05,1.5408573744934984e-05,1.6987814888125286e-05,1.4796603863942437e-05,1.1601474398048595e-05,1.5554089259239845e-05,1.0636616025294643e-05,1.4806776562181767e-05,1.6010959370760247e-05,1.2399887964420486e-05,1.1287600500509143e-05,2.4774148187134415e-05,1.0270244274579454e-05,1.2394007171678822e-05,1.3041520105616655e-05,1.0347829629608896e-05,1.3822064829582814e-05,1.4743060091859661e-05
2300,5.50059303350281e-06,6.0996653701295145e-06,7.721784641034901e-06,1.3821599168295506e-05,1.294847152166767e-05,1.7296091755270027e-05,9.552239134791307e-06,8.635494850750547e-06,9.771058103069663e-06,8.936900485423394e-06,1.579888521519024e-05,1.6465215594507754e-05,8.42151803226443e-06,8.828628779156134e-06,1.321528270636918e-05,1.1331527275615372e-05,1.4955598089727573e-05,1.2029683603032026e-05,1.8507294953451492e-05,1.3768107237410732e-05,1.2054861144861206e-05,1.7188351193908602e-05,1.1136360626551323e-05,8.280920155812055e-06,1.7615970136830583e-05,2.2855638235341758e-05,1.0168368135055061e-05,1.0938225386780687e-05,9.641654287406709e-06,1.347222951153526e-05,1.202804924105294e-05,1.5642348444089293e-05,1.867011633294169e-05,2.3447510102414526e-05,1.6560175936319865e-05,1.2120584869990125e-05,1.365131902275607e-05,1.1642953722912353e-05,1.1293700481473934e-05,2.143840174539946e-05,2.012523327721283e-05,1.175498437078204e-05,2.296017191838473e-05,1.468466598453233e-05,9.867352673609275e-06,1.8763554180623032e-05,1.1788371011789422e-05,1.683822847553529e-05,1.531881935079582e-05,1.4306134289654437e-05
2400,9.58241435000673e-06,6.863940598123008e-06,1.1285891559964512e-05,8.970598173618782e-06,8.355405043403152e-06,8.972687282948755e-06,1.3920135643274989e-05,7.85864449426299e-06,1.0109144568559714e-05,8.841285307426006e-06,1.2949668416695204e-05,1.1261776307947002e-05,1.2410720046318602e-05,9.410571692569647e-06,1.6586949641350657e-05,1.1231172720727045e-05,1.3840608517057262e-05,1.0192527952312957e-05,1.1491284567455295e-05,1.1125414857815485e-05,1.4783076949242968e-05,1.3876955563318916e-05,1.3837705409969203e-05,1.2698641512542963e-05,1.237366541317897e-05,2.2608501240029e-05,1.246501415153034e-05,1.0518188901187386e-05,7.801992978784256e-06,1.4271023246692494e-05,2.045021392405033e-05,1.3124464203428943e-05,1.6696743841748685e-05,1.461359624954639e-05,1.8618780813994817e-05,1.6326042896253057e-05,1.2685380170296412e-05,1.6102725567179732e-05,1.749444163579028e-05,1.6140284060384147e-05,3.100714093307033e-05,1.325624452874763e-05,1.3318371202331036e-05,3.1398492865264416e-05,1.4164652384351939e-05,1.9149041690980084e-05,1.1076366718043573e-05,1.0099953215103596e-05,1.9993138266727328e-05,2.0812940420000814e-05
2500,6.247854798857588e-06,7.718294909864198e-06,7.082637694111327e-06,1.0132886927749496e-05,8.966219866124447e-06,1.1311864000163041e-05,1.02369231171906e-05,7.416279004246462e-06,1.0131086128239986e-05,1.014942790789064e-05,1.2515627531684004e-05,1.6239371689152904e-05,1.2394792975101154e-05,1.0012363418354653e-05,1.861586861195974e-05,9.571234841132537e-06,2.0223424144205637e-05,1.5271114534698427e-05,1.5097391042218078e-05,8.935319783631712e-06,9.079781193577219e-06,1.2329281162237749e-05,2.8545178793137893e-05,8.387135494558606e-06,1.0109441973327193e-05,1.1715808795997873e-05,8.946236448537093e-06,8.34924321679864e-06,1.0502692020963877e-05,1.2854003216489218e-05,1.1170974175911397e-05,1.1074220310547389e-05,1.7616834156797267e-05,1.6507117834407836e-05,1.7944470528163947e-05,1.1710750186466612e-05,1.8198470570496283e-05,1.1990150596830063e-05,1.2713622709270567e-05,1.514957875770051e-05,1.971435449377168e-05,1.1898740922333673e-05,1.0099923201778438e-05,1.3987752026878297e-05,1.7573191144037992e-05,1.5077263924467843e-05,1.7025258784997277e-05,1.0905378985626157e-05,2.3988739485503174e-05,1.2236234397278167e-05
2600,6.216861947905272e-06,7.41199437470641e-06,1.008060007734457e-05,8.201048331102356e-06,1.2324374438321684e-05,1.0290784302924294e-05,1.033180615195306e-05,7.155352705012774e-06,1.4468857443716843e-05,7.65125332691241e-06,1.1042979167541489e-05,1.1444180927355774e-05,1.046122361003654e-05,7.91452475823462e-06,1.3357555872062221e-05,1.0722315892053302e-05,1.3591534298029728e-05,1.6370626326533966e-05,2.0837673218920827e-05,1.0448689863551408e-05,1.334396620222833e-05,1.4946674127713777e-05,1.3460300579026807e-05,1.0221732736681588e-05,1.116706152970437e-05,1.2343222806521226e-05,2.9513383196899667e-05,9.458960448682774e-06,1.3255380508780945e-05,1.4147500223771203e-05,1.5052102753543295e-05,1.8169108443544246e-05,1.4580974493583199e-05,1.8025557437795214e-05,1.4217518582881894e-05,9.414821761311032e-06,1.0700665370677598e-05,1.4557926078850869e-05,2.2752490622224286e-05,1.3762200069322716e-05,2.4755720005487092e-05,1.3437506822810974e-05,1.2071526725776494e-05,1.8948810975416563e-05,1.5812789570190944e-05,1.3768642929790076e-05,1.3740547728957608e-05,1.2874654203187674e-05,1.8453920347383246e-05,1.4737225683347788e-05
2700,1.0299800123902969e-05,8.355020327144302e-06,9.718329238239676e-06,8.25581719254842e-06,7.314290996873751e-06,1.2613127182703465e-05,1.4508375898003578e-05,1.0073107659991365e-05,1.8465771063347347e-05,1.0050799573946279e-05,1.022037395159714e-05,1.3204257811594289e-05,1.8741093299468048e-05,1.7951846530195326e-05,2.032033444265835e-05,6.752445642632665e-06,1.4855790141155012e-05,1.5512803656747565e-05,1.5297364370780997e-05,1.2292753126530442e-05,1.4601670955016743e-05,1.4698889572173357e-05,2.3704671548330225e-05,1.2483717000577599e-05,1.1300790902168956e-05,1.297114067710936e-05,1.2976499419892207e-05,1.0089620445796754e-05,1.2065937880834099e-05,1.4022955838299822e-05,1.7260617823922075e-05,1.4680071217298973e-05,3.012822344317101e-05,2.4977907742140815e-05,1.5236115359584801e-05,1.7317513993475586e-05,1.85807584784925e-05,2.5460520191700198e-05,1.1273586096649524e-05,1.5798405001987703e-05,2.02760893444065e-05,1.3630447028845083e-05,1.7050086171366274e-05,1.94542280951282e-05,1.014214831229765e-05,1.3322961422090884e-05,1.6177347788470797e-05,1.5372848793049343e-05,1.4896796528773848e-05,2.5033925339812413e-05
2800,1.1217767678317614e-05,5.563148533838103e-06,6.510375442303484e-06,7.999611625564285e-06,9.040909390023444e-06,1.1216013263037894e-05,1.631976010685321e-05,7.905256097728852e-06,1.4073903003009036e-05,7.549419024144299e-06,9.888980457617436e-06,1.370756854157662e-05,1.0979168109770399e-05,9.093861990550067e-06,1.4769848348805681e-05,1.5014566997706424e-05,1.84069067472592e-05,1.729054747556802e-05,1.1754852494050283e-05,6.515132099593757e-06,1.0145095075131394e-05,1.6831254470162094e-05,1.752551361278165e-05,1.5175070984696504e-05,1.302088003285462e-05,1.463452099415008e-05,1.1560912753338926e-05,7.84109033702407e-06,7.321237717405893e-06,9.848658010014333e-06,1.6134103134390898e-05,1.3748943274549674e-05,1.1053974958485924e-05,2.1328172806533985e-05,1.7082711565308273e-05,1.2319203960942104e-05,1.9191984392818995e-05,1.5551124306512065e-05,1.5542593246209435e-05,1.3931847206549719e-05,1.2351085388218053e-05,1.1466012438177131e-05,1.2686186892096885e-05,2.7615149519988336e-05,1.130464534071507e-05,1.1077915587520692e-05,1.5118405826797243e-05,1.036313460645033e-05,1.3180790119804442e-05,1.0130128430319019e-05
2900,6.910423962835921e-06,6.528870471811388e-06,9.94525271380553e-06,5.647619673254667e-06,1.02545191111858e-05,1.30858652482857e-05,8.549267477064859e-06,1.8786167856887914e-05,1.203497959068045e-05,1.4670555174234323e-05,1.2249934115970973e-05,1.118745331041282e-05,7.942691809148528e-06,1.0276971806888469e-05,1.1936815099033993e-05,1.4017649846209679e-05,2.6985017029801384e-05,1.9900619008694775e-05,1.4037997971172445e-05,1.38443210744299e-05,1.2072087884007487e-05,1.241673635377083e-05,1.9263612557551824e-05,8.084993169177324e-06,1.3271458556118887e-05,1.1542667380126659e-05,1.0858825589821208e-05,9.676233275968116e-06,1.433793113392312e-05,1.3147493518772535e-05,1.442093252990162e-05,1.851994420576375e-05,1.2822531061829068e-05,1.6322377632604912e-05,1.9923831132473424e-05,1.4812835615884978e-05,1.2669550415012054e-05,1.49799279824947e-05,1.1144732525281142e-05,1.1812148841272574e-05,1.4613362509408034e-05,1.2170447917014826e-05,1.2569723367050756e-05,1.7865326299215667e-05,1.2415729543135967e-05,1.1803442248492502e-05,1.3415403373073786e-05,1.0912025572906714e-05,2.723810393945314e-05,1.4404805369849782e-05
3000,5.364951448427746e-06,1.1808680937974714e-05,6.381569619406946e-06,8.876527317625005e-06,1.1779014130297583e-05,1.0971431947837118e-05,1.3491638128471095e-05,8.321766472363379e-06,1.3433643289317843e-05,1.1665541023830883e-05,1.3790137927571777e-05,9.075853085960262e-06,8.434893061348703e-06,1.7897977159009315e-05,2.2150568838696927e-05,7.318839834624669e-06,1.5747251381981187e-05,1.2772843547281809e-05,1.7274016499868594e-05,7.783114597259555e-06,1.4188443856255617e-05,1.0881819434871431e-05,1.694550519459881e-05,1.0546767953201197e-05,9.707135177450255e-06,1.4852779713692144e-05,1.0752943126135506e-05,9.347589184471872e-06,1.206111664942e-05,1.4118676517682616e-05,1.1256140169280116e-05,1.2369322575978003e-05,1.5304543921956792e-05,1.5296105630113743e-05,1.7428517821826972e-05,9.786674127099104e-06,1.0319285138393752e-05,1.625155346118845e-05,1.5977613657014444e-05,1.242271810042439e-05,1.752277785271872e-05,1.8211581846117042e-05,9.53012022364419e-06,1.620041257410776e-05,1.1692771295201965e-05,1.347269608231727e-05,1.3117069102008827e-05,1.1754666957131121e-05,1.3666266568179708e-05,1.8155835277866572e-05
3100,1.2468062777770683e-05,7.446203198924195e-06,8.973165677161887e-06,7.816284778527915e-06,7.932045264169574e-06,1.0181960533373058e-05,1.0143309737031814e-05,7.501368145312881e-06,1.3510837561625522e-05,7.5687958087655716e-06,1.347972920484608e-05,1.0564172043814324e-05,1.312122094532242e-05,9.847615729086101e-06,1.2784604223270435e-05,1.8187938621849753e-05,1.3085218597552739e-05,1.2984316526853945e-05,1.3641531950270291e-05,1.0996434866683558e-05,1.3421860785456374e-05,9.918923751683906e-06,2.2050802726880647e-05,1.1847475434478838e-05,1.3135452718415763e-05,1.8208409528597258e-05,1.3427346857497469e-05,1.06217175925849e-05,1.0360900887462776e-05,1.3245601621747483e-05,1.342958421446383e-05,1.1493789315863978e-05,1.2825888916268013e-05,1.6616655557299964e-05,1.5468704077648e-05,1.5726274796179496e-05,1.1867305147461593e-05,1.5287385394913144e-05,1.1986464414803777e-05,1.3623591257783119e-05,1.8618522517499514e-05,1.2321933354542125e-05,2.970576679217629e-05,1.5056625670695212e-05,1.7343609215458855e-05,1.9730265194084495e-05,1.2028519449813757e-05,1.4204202670953237e-05,1.216722830577055e-05,2.192300780734513e-05
3200,7.30453848518664e-06,7.043487130431458e-06,9.134392712439876e-06,6.178142939461395e-06,7.925755198812112e-06,9.86155828286428e-06,8.653501026856247e-06,8.493231689499225e-06,1.192679519590456e-05,6.439399840019178e-06,1.0042426765721757e-05,1.081066147889942e-05,9.133813364314847e-06,1.0381574611528777e-05,1.1128016922157258e-05,8.031231118366122e-06,1.1365062164259143e-05,1.3750543075730093e-05,1.3281216524774209e-05,7.598976480949204e-06,1.0945601388812065e-05,1.722176602925174e-05,2.4073255190160125e-05,1.4006884157424793e-05,1.4612147424486466e-05,1.8974989870912395e-05,1.0034744263975881e-05,1.0311923688277602e-05,1.2211236025905237e-05,1.8447004549670964e-05,1.129415522882482e-05,2.0217945348122157e-05,1.6672951460350305e-05,1.2336764484643936e-05,1.8123531845049e-05,1.6254927686532028e-05,1.1011334208888002e-05,1.9000444808625616e-05,1.3447280252876226e-05,1.4372792065842077e-05,2.2358399291988462e-05,1.2306016287766397e-05,1.2291209714021534e-05,1.81475897989003e-05,1.4627976270276122e-05,1.0142326573259197e-05,1.523094942967873e-05,1.090202567866072e-05,1.6802159734652378e-05,2.832624886650592e-05
3300,9.433189916308038e-06,6.4474952523596585e-06,8.780730240687262e-06,6.923778073542053e-06,1.3496726751327515e-05,8.97496283869259e-06,1.0914771337411366e-05,6.328650215436937e-06,8.613824320491403e-06,1.2038085515087005e-05,1.2087798495485913e-05,1.0525955985940527e-05,1.0105381079483777e-05,1.1537444152054377e-05,1.1074463145632762e-05,1.3751333426625933e-05,1.1830782568722498e-05,1.7217336790054105e-05,2.1034311430412345e-05,1.025372876028996e-05,1.7840382497524843e-05,1.4331901184050366e-05,2.455118919897359e-05,8.823017196846195e-06,2.5822362658800557e-05,1.7245478375116363e-05,1.0711043614719529e-05,9.610549568606075e-06,1.0252789252263028e-05,1.1072297638747841e-05,1.0559882866800763e-05,1.1112147149106022e-05,1.1786426512117032e-05,1.2380867701722309e-05,2.437586590531282e-05,2.1805975848110393e-05,1.4739589460077696e-05,1.675207749940455e-05,1.0477810974407475e-05,2.3787693862686865e-05,1.9854362108162604e-05,1.1914075003005564e-05,1.4668389667349402e-05,2.542510992498137e-05,1.2072252502548508e-05,1.5357511074398644e-05,2.3264645278686658e-05,1.1821273801615462e-05,1.3034421499469317e-05,1.6548478015465662e-05
3400,6.757984010619111e-06,1.193582374980906e-05,7.777051905577537e-06,9.824269909586292e-06,1.10735591078992e-05,1.3475678315444384e-05,1.3583305189968087e-05,8.057411832851358e-06,1.4888621990394313e-05,6.3690467868582346e-06,8.331824574270286e-06,1.2391873497108463e-05,1.0561664566921536e-05,1.0793301044031978e-05,1.1605445251916535e-05,9.029577086039353e-06,1.9073677322012372e-05,1.6366393538191915e-05,1.3492945072357543e-05,9.832673640630674e-06,1.2196886927995365e-05,2.245622454211116e-05,1.7164307791972533e-05,6.306501290964661e-06,1.4988618204370141e-05,1.1185230505361687e-05,1.113480448111659e-05,8.750225788389798e-06,8.796424481261056e-06,2.3001417503110133e-05,1.2855433851655107e-05,1.3693725122720934e-05,1.5436748071806505e-05,1.5568746675853617e-05,2.3386817701975815e-05,1.687016811047215e-05,1.6331096048816107e-05,2.71496955974726e-05,1.4260088391893078e-05,2.4642791686346754e-05,1.5358400560216978e-05,1.0894466868194286e-05,1.72489344549831e-05,1.742431595630478e-05,9.935332855093293e-06,1.2753979717672337e-05,1.8744107364909723e-05,1.3438078894978389e-05,2.0484016204136424e-05,2.1441168428282253e-05
3500,1.270244592888048e-05,7.272674338310026e-06,8.715192052477505e-06,6.765644684492145e-06,8.191961569536943e-06,1.2889981007901952e-05,9.506672540737782e-06,6.658372058154782e-06,1.4489586646959651e-05,1.0672160897229332e-05,1.7746933735907078e-05,1.6777867131168023e-05,8.738511496630963e-06,1.4059158274903893e-05,1.4948130228731316e-05,7.6078076745034195e-06,1.3091606888337992e-05,1.3510568351193797e-05,1.8630158592713997e-05,1.2767717635142617e-05,1.450426771043567e-05,1.6618640074739233e-05,1.1049280146835372e-05,7.628841558471322e-06,1.1316078598611057e-05,1.0311641744920053e-05,9.488820069236681e-06,1.3159304216969758e-05,1.1474550774437375e-05,1.1653789442789275e-05,1.4297940651886165e-05,9.5358200269402e-06,1.1943494428123813e-05,1.7854756151791662e-05,1.7940996258403175e-05,9.406794561073184e-06,1.3108679922879674e-05,1.9318047634442337e-05,1.2326874639256857e-05,1.432788667443674e-05,1.4297736925072968e-05,1.3402059266809374e-05,1.1946817721764091e-05,2.0099652829230763e-05,1.6330155631294474e-05,1.680414607108105e-05,1.2626130228454713e-05,1.213896757690236e-05,1.7062393453670666e-05,1.6923033399507403e-05
3600,8.78607443155488e-06,9.809169569052756e-06,8.266129043477122e-06,7.933304004836828e-06,9.660894647822715e-06,1.4920140529284254e-05,1.0088975614053197e-05,7.821284270903561e-06,1.2229917956574354e-05,7.260777238116134e-06,1.0956414371321443e-05,1.0574089174042456e-05,7.501379968744004e-06,2.0066489014425315e-05,1.2984043678443413e-05,1.1031713256670628e-05,1.606843579793349e-05,1.1221945896977559e-05,2.5895451472024433e-05,7.672449100937229e-06,1.2399576007737778e-05,2.8776019462384284e-05,1.9920993509003893e-05,9.349581887363456e-06,1.2131991752539761e-05,1.3415741705102846e-05,9.569281246513128e-06,1.4596398614230566e-05,1.0097093763761222e-05,1.3907491847930942e-05,1.7906420907820575e-05,2.353750096517615e-05,1.3318503988557495e-05,1.7436423149774782e-05,2.635185228427872e-05,2.5967116016545333e-05,2.1600380932795815e-05,1.3910171219322365e-05,1.3444389878713991e-05,1.3627093721879646e-05,1.5723597243777476e-05,1.8162227206630632e-05,1.597788832441438e-05,1.564484955451917e-05,1.592002809047699e-05,1.4635106708738022e-05,1.4920027751941234e-05,1.566136779729277e-05,2.6004294340964407e-05,1.6853166016517207e-05
3700,6.431318979593925e-06,6.6138122747361194e-06,8.40508164401399e-06,7.434162398567423e-06,9.504020454187412e-06,1.2591170161613263e-05,1.0528503480600193e-05,6.989161647652509e-06,1.1609778994170483e-05,8.004632945812773e-06,1.059122041624505e-05,7.371172159764683e-06,1.6899955880944617e-05,1.4535562513628975e-05,1.5156473637034651e-05,8.452198017039336e-06,1.2349111784715205e-05,1.1530491065059323e-05,1.873138353403192e-05,2.0472700271056965e-05,1.2878810593974777e-05,1.624766446184367e-05,2.674683855730109e-05,1.2775853974744678e-05,1.891378269647248e-05,1.2726128261419944e-05,8.522345524397679e-06,1.5793075363035314e-05,1.0363917681388557e-05,1.3659277101396583e-05,1.6685247828718275e-05,1.1709153113770299e-05,1.9260349290561862e-05,2.0295143258408643e-05,1.5356039511971176e-05,1.001496821118053e-05,1.2467992746678647e-05,1.672747021075338e-05,1.0893837497860659e-05,1.730300937197171e-05,1.5040810467326082e-05,8.427866305282805e-06,1.147745661000954e-05,1.6479240002809092e-05,1.8838965843315236e-05,1.1563014595594723e-05,1.8040553186438046e-05,1.2826641977881081e-05,2.8777067200280726e-05,3.1063704227562994e-05
3800,8.950040864874609e-06,6.590462817257503e-06,5.818973477289546e-06,6.147363819763996e-06,9.567601409798954e-06,1.7249043594347313e-05,1.2110941497667227e-05,1.2982811313122511e-05,1.3284733540785965e-05,1.030770090437727e-05,1.121090735978214e-05,1.4734168871655129e-05,7.080597242747899e-06,9.03322325029876e-06,2.1220845155767165e-05,7.094789452821715e-06,2.0272940673748963e-05,1.7749143808032386e-05,1.3654923350259196e-05,1.181235711555928e-05,1.358530244033318e-05,1.3893064533476718e-05,1.2769290151481982e-05,8.993973096949048e-06,1.5000186976976693e-05,1.9677630916703492e-05,1.5588779206154868e-05,1.5412315406138077e-05,8.44384339870885e-06,1.2330812751315534e-05,1.4395534890354611e-05,1.5687568520661443e-05,1.3990698789712042e-05,2.7019408662454225e-05,1.543006692372728e-05,1.0182590813201386e-05,1.9627061192295514e-05,1.834670729294885e-05,1.196051380247809e-05,1.4019570699019823e-05,1.7478987501817755e-05,9.603205398889259e-06,1.1199051186849829e-05,1.849757791205775e-05,1.0512178960198071e-05,1.6092937585199252e-05,1.4788974112889264e-05,1.405512466590153e-05,2.2985032046562992e-05,2.4444438167847693e-05
3900,7.1392937570635695e-06,9.494518053543288e-06,5.180269909033086e-06,7.170865501393564e-06,1.3981518350192346e-05,1.0043962902273051e-05,9.879882782115601e-06,1.060433169186581e-05,9.12287850951543e-06,5.3072731134307105e-06,1.2111467185604852e-05,8.46985221869545e-06,1.1205932423763443e-05,1.0286294127581641e-05,1.2699210856226273e-05,1.1853681826323736e-05,1.713102392386645e-05,1.2865702046838123e-05,9.760852663021069e-06,8.213272849388886e-06,1.2595259249792434e-05,1.4086021110415459e-05,1.7395774193573743e-05,1.0108785318152513e-05,1.6214651623158716e-05,1.2611276360985357e-05,1.1351387001923285e-05,9.13511848921189e-06,1.1342477591824718e-05,1.7263055269722827e-05,1.3789771401206963e-05,1.3192452570365276e-05,1.4674655176349916e-05,1.6544308891752735e-05,1.4059487511985935e-05,1.4109540643403307e-05,1.1232087672397029e-05,2.850346572813578e-05,1.0789260159072e-05,3.005981670867186e-05,1.6139763829414733e-05,1.2584583600983024e-05,1.381992842652835e-05,1.2723102372547146e-05,9.211608812620398e-06,1.2426285138644744e-05,1.759870065143332e-05,9.93463891063584e-06,1.2435175449354574e-05,1.6086414689198136e-05
4000,6.357978691085009e-06,9.291517017118167e-06,7.857130185584538e-06,7.620803899044404e-06,8.795394933258649e-06,1.2215719834784977e-05,1.0394641321909148e-05,9.476551895204466e-06,1.2814454748877324e-05,8.26188079372514e-06,1.6693164070602506e-05,1.3094528185320087e-05,9.557354132994078e-06,1.1885104868269991e-05,1.1846184861497022e-05,1.2056505511282012e-05,1.5829014955670573e-05,1.568173320265487e-05,2.2251169866649434e-05,8.140104000631254e-06,1.6546853657928295e-05,1.7410668078809977e-05,1.1921522855118383e-05,9.654000677983277e-06,1.5583165804855525e-05,1.1603347047639545e-05,8.376870937354397e-06,1.5046589396661147e-05,1.3942761142970994e-05,9.92464538285276e-06,1.4743551218998618e-05,1.6320840586558916e-05,1.3497763575287536e-05,1.38339592012926e-05,1.6350015357602388e-05,1.5571478797937743e-05,1.1949276085942984e-05,1.2275066183065064e-05,9.310482710134238e-06,1.5101941244211048e-05,2.2021980839781463e-05,1.719336250971537e-05,1.541151686978992e-05,1.2825104931835085e-05,1.1167401680722833e-05,1.2482025340432301e-05,1.2170666195743252e-05,1.3786400813842192e-05,2.2705920855514705e-05,1.3514581041818019e-05
4100,7.59898466640152e-06,8.662450454721693e-06,8.648637049191166e-06,8.551811333745718e-06,7.932068001537118e-06,1.1803239431174006e-05,9.47908847592771e-06,7.506755991926184e-06,1.1565977729333099e-05,8.755208909860812e-06,9.616962415748276e-06,1.3701097486773506e-05,2.4982797185657546e-05,1.2696231351583265e-05,1.2926714589411858e-05,1.0134191143151838e-05,1.1872058166773058e-05,1.9495937522151507e-05,1.7075239156838506e-05,1.856682683865074e-05,1.2082870853191707e-05,1.3483065231412183e-05,1.3380832569964696e-05,1.3670100997842383e-05,1.138630341301905e-05,1.4840895346424077e-05,1.3786520867142826e-05,1.183176846097922e-05,1.2939348380314186e-05,1.2335051906120498e-05,1.769424488884397e-05,1.4557551367033739e-05,1.3239701729617082e-05,1.864424666564446e-05,1.5004133274487685e-05,1.9505949239828624e-05,1.4561668649548665e-05,1.810361754905898e-05,1.402626367053017e-05,1.0928570191026665e-05,1.7808903066907078e-05,1.2420380699040834e-05,1.4205135812517256e-05,1.3666165614267811e-05,1.9506853277562186e-05,1.4552171705872752e-05,1.2247354788996745e-05,1.4128348084341269e-05,2.092428803734947e-05,1.3559853869082872e-05
4200,6.4493738136661705e-06,8.631625860289205e-06,5.6951680562633555e-06,1.0176904652325902e-05,1.0782705430756323e-05,9.028932254295796e-06,1.4295337678049691e-05,6.526133347506402e-06,8.51487675390672e-06,8.440568308287766e-06,1.150988828158006e-05,1.1414414075261448e-05,1.1637482202786487e-05,1.1893853297806345e-05,2.057345409411937e-05,1.0449918590893503e-05,1.1373824236216024e-05,1.5383762729470618e-05,1.0957814083667472e-05,8.612161764176562e-06,1.3755379768554121e-05,1.981753302970901e-05,1.1704056305461563e-05,9.153397513728123e-06,8.761888238950633e-06,2.1256761101540178e-05,1.6583619071752764e-05,9.176318599202204e-06,9.346729711978696e-06,1.197674009745242e-05,1.1755127161450218e-05,1.5957451978465542e-05,1.1220318810956087e-05,1.544502447359264e-05,1.8317970898351632e-05,2.1047782865935005e-05,1.0178679076489061e-05,1.4948371244827285e-05,1.3706770914723165e-05,1.3177769687899854e-05,2.4111175662255846e-05,1.249205888598226e-05,1.315048666583607e-05,2.0524013962130994e-05,9.117939953284804e-06,1.2930559023516253e-05,3.182828368153423e-05,1.1307115528325085e-05,2.2546353648067452e-05,1.5050472029543016e-05
4300,7.639884643140249e-06,7.574660230602603e-06,1.4799295058764983e-05,8.986316970549524e-06,1.4478015145868994e-05,1.2970255738764536e-05,7.783448381815106e-06,8.224534212786239e-06,1.0011637641582638e-05,8.624499969300814e-06,1.0699367521738168e-05,1.2296059139771387e-05,9.509316441835836e-06,1.3565514564106707e-05,1.3154731277609244e-05,8.453583177470136e-06,2.447008591843769e-05,2.5192359316861257e-05,1.1689116945490241e-05,1.6256228263955563e-05,1.0895378181885462e-05,2.3730561224510893e-05,1.735126534185838e-05,1.2147097550041508e-05,8.55366397445323e-06,1.1268191883573309e-05,1.0932190889434423e-05,1.1579804777284153e-05,9.643386874813586e-06,1.1175568943144754e-05,2.5137638658634387e-05,9.924355254042894e-06,1.4914848179614637e-05,1.6870098988874815e-05,1.1942408491449896e-05,9.850135029410012e-06,1.4168533198244404e-05,2.162282726203557e-05,1.3455774023896083e-05,2.0809351553907618e-05,1.548982982058078e-05,1.8130229364032857e-05,2.9250320949358866e-05,2.1846160962013528e-05,1.0218111128779128e-05,1.979910121008288e-05,1.058351517713163e-05,1.0078982995764818e-05,1.85830158443423e-05,1.2297432476771064e-05
4400,9.578735443938058e-06,6.081535502744373e-06,7.36377842258662e-06,7.60162629376282e-06,8.10080655355705e-06,1.943915594893042e-05,9.465561561228242e-06,9.292417416872922e-06,1.697026709734928e-05,2.329438939341344e-05,1.2456099284463562e-05,1.0498310075490735e-05,1.4147592992230784e-05,1.1161418115079869e-05,1.1833655662485398e-05,1.4900030691933353e-05,1.4000046576256864e-05,1.7609678252483718e-05,1.2147619600000326e-05,1.0914951417362317e-05,1.1864176485687494e-05,1.0071667929878458e-05,2.8205548005644232e-05,1.0349463991587982e-05,1.2608978067873977e-05,1.5142871234274935e-05,1.178085949504748e-05,1.158523627964314e-05,1.0263006515742745e-05,1.255760889762314e-05,1.2657792467507534e-05,9.895727998809889e-06,1.5837316823308356e-05,1.6498035620315932e-05,2.22317612497136e-05,1.3551085430663079e-05,2.1031299183960073e-05,1.900292409118265e-05,1.3665061487699859e-05,1.3583584404841531e-05,2.0875881091342308e-05,1.314560813625576e-05,1.616730514797382e-05,1.699286440270953e-05,8.167750820575748e-06,1.0804124030983075e-05,1.9008630260941572e-05,1.2008495104964823e-05,1.3295846656546928e-05,1.2265827535884455e-05
4500,6.563799615832977e-06,7.081743206072133e-06,1.1302499842713587e-05,6.499754817923531e-06,1.0060230124508962e-05,1.0881585694733076e-05,1.3961545846541412e-05,6.785948244214524e-06,1.3935873539594468e-05,1.4401499356608838e-05,1.2181609235994983e-05,2.0849587599514052e-05,1.13646810859791e-05,1.0339822438254487e-05,1.8700056898524053e-05,9.391333151143044e-06,1.4864835975458845e-05,1.491276179876877e-05,1.8959015505970456e-05,8.472393346892204e-06,1.5947582141961902e-05,1.1025678759324364e-05,1.161716954811709e-05,8.15876956039574e-06,1.1722499039024115e-05,1.2951725693710614e-05,1.0004932846641168e-05,1.118003547162516e-05,1.1146154974994715e-05,1.667592914600391e-05,1.2847585821873508e-05,1.2799900105164852e-05,1.8210284906672314e-05,1.6648018572595902e-05,1.794385207176674e-05,1.977961255761329e-05,1.2296914064791054e-05,1.865402919065673e-05,1.1701372386596631e-05,1.3948700143373571e-05,1.999440064537339e-05,1.486028304498177e-05,1.0793040019052569e-05,1.8267062841914594e-05,1.0462585123605095e-05,3.1753250368637964e-05,2.67121668002801e-05,3.134707731078379e-05,1.3004237189306878e-05,2.047238558589015e-05
4600,8.003888979146723e-06,7.961338269524276e-06,8.794173481874168e-06,8.252388397522736e-06,8.550014172215015e-06,1.145929672929924e-05,1.2317860637267586e-05,8.053328201640397e-06,1.2253033673914615e-05,1.0274313353875186e-05,9.25238236959558e-06,1.3954461792309303e-05,6.222008778422605e-06,1.6099334970931523e-05,1.740759762469679e-05,9.02452757145511e-06,1.261123179574497e-05,1.1925487342523411e-05,1.8580931282485835e-05,1.0597419532132335e-05,1.1415540939196944e-05,1.6896852685022168e-05,1.718459498079028e-05,1.2890535799670033e-05,1.734512989060022e-05,2.0184692402835935e-05,1.1311065463814884e-05,1.0071739779959898e-05,1.7422815290046856e-05,1.403262467647437e-05,1.4312675375549588e-05,1.9567982235457748e-05,1.2739454177790321e-05,2.357887933612801e-05,1.9481214621919207e-05,1.8361832189839333e-05,1.7603340893401764e-05,1.3041125384916086e-05,1.284303652937524e-05,1.6598090951447375e-05,1.6162881365744397e-05,1.5616331438650377e-05,1.877618342405185e-05,1.6679558029863983e-05,1.0132029274245724e-05,1.340216476819478e-05,1.4324040421342943e-05,1.1303000064799562e-05,1.2477384188969154e-05,1.8647542674443685e-05
4700,1.1663840268738568e-05,8.727068234293256e-06,8.457041985820979e-06,1.4572265172319021e-05,8.86332600202877e-06,1.2910250006825663e-05,1.8269032807438634e-05,1.467448782932479e-05,1.206756951432908e-05,9.815470548346639e-06,1.0364593435951974e-05,1.1308206921967212e-05,1.17382405733224e-05,1.4808519154030364e-05,1.4811413166171405e-05,1.0500644748390187e-05,1.4218708201951813e-05,1.2613400940608699e-05,1.718227576930076e-05,1.2632886864594184e-05,2.3227468773256987e-05,1.0761325938801747e-05,1.6543099263799377e-05,8.906100447347853e-06,1.208973571920069e-05,1.3294953532749787e-05,1.3506525647244416e-05,1.3968263374408707e-05,1.0992821444233414e-05,1.8887605619966052e-05,1.3903697436035145e-05,1.716060796752572e-05,1.335558499704348e-05,1.584868186910171e-05,3.0394006898859516e-05,1.4551894309988711e-05,1.0967932212224696e-05,1.6891886843950488e-05,1.8865184756577946e-05,2.244423194497358e-05,2.6713878469308838e-05,1.4633240425609984e-05,1.3220238542999141e-05,1.825395884225145e-05,1.0114686119777616e-05,1.2493414942582604e-05,1.5667414118070155e-05,2.1986241335980594e-05,1.6940472050919197e-05,1.7223082977579907e-05
4800,6.723978913214523e-06,8.126457032631151e-06,9.361906450067181e-06,1.1960915799136274e-05,1.2438817066140473e-05,2.0668123397626914e-05,9.350057553092483e-06,1.0741090591182001e-05,1.0717420082073659e-05,6.843964456493268e-06,1.1221159184060525e-05,9.742005204316229e-06,1.4881703464197926e-05,1.0000212569138967e-05,1.976080602617003e-05,7.444132734235609e-06,1.2283034266147297e-05,1.3551048141380306e-05,2.163716999348253e-05,1.4220775483408943e-05,1.1860940503538586e-05,1.840719414758496e-05,1.9646882719825953e-05,1.2681645785050932e-05,1.7015432604239322e-05,1.4479845049208961e-05,1.2516837159637362e-05,1.753011383698322e-05,7.917068614915479e-06,2.4965151169453748e-05,1.260519911738811e-05,1.5527670257142745e-05,1.3081322322250344e-05,1.6284155208268203e-05,2.042829873971641e-05,1.615532710275147e-05,1.9137172785121948e-05,1.7026257410179824e-05,1.0749967259471305e-05,1.750896444718819e-05,1.7924212443176657e-05,1.644960866542533e-05,1.6620919268461876e-05,1.910764694912359e-05,1.2842056094086729e-05,1.684471862972714e-05,2.17505257751327e-05,1.644231815589592e-05,1.7117336028604768e-05,2.64710597548401e-05
4900,8.265659744211007e-06,9.454207429371309e-06,7.6022843131795526e-06,6.1243740674399305e-06,7.908629413577728e-06,1.1717659617715981e-05,1.1898951015609782e-05,6.936123554623919e-06,1.2192644135211594e-05,8.378112397622317e-06,1.0812668733706232e-05,1.0228130122413859e-05,1.094054550776491e-05,8.315792911162134e-06,1.5217350664897822e-05,1.1409761100367177e-05,1.3500117347575724e-05,1.53086002683267e-05,9.393565051141195e-06,1.6124042303999886e-05,1.3840938663634006e-05,1.18625375762349e-05,1.6410178432124667e-05,7.36465563022648e-06,1.263562899112003e-05,1.2057341336912941e-05,1.009012066788273e-05,1.1680270290526096e-05,1.1274151802354027e-05,1.67261969181709e-05,1.4985310372139793e-05,1.3353573194763158e-05,1.5048126442707144e-05,2.2838636141386814e-05,1.6606309145572595e-05,9.406451681570616e-06,1.5965213606250472e-05,1.4154045857139863e-05,1.4177658158587292e-05,1.8829257896868512e-05,1.6712039723643102e-05,1.3352760106499773e-05,1.4765146261197515e-05,1.460671228414867e-05,1.0662036402209196e-05,1.2796606824849732e-05,1.712597622827161e-05,1.1860217455250677e-05,1.5351590263890103e-05,1.4888113582856022e-05
5000,6.86153543938417e-06,1.0545226359681692e-05,1.804384373826906e-05,8.946792149799876e-06,9.203365152643528e-06,1.2560775758174714e-05,1.1608121894823853e-05,8.457409421680495e-06,1.0359237421653233e-05,1.1916233233932871e-05,1.3380284144659527e-05,1.5011415598564781e-05,1.3101276636007242e-05,1.1135449312860146e-05,2.017045335378498e-05,8.821541086945217e-06,1.2634696759050712e-05,1.6818528820294887e-05,1.4137120160739869e-05,1.1218888175790198e-05,1.6224839782807976e-05,1.1933716450585052e-05,2.0197549019940197e-05,9.845396562013775e-06,1.0672732059902046e-05,1.3370582564675715e-05,1.1187734344275668e-05,1.1251903742959257e-05,1.0327740710636135e-05,1.2566922123369295e-05,1.699743006611243e-05,1.2780028555425815e-05,1.4430933333642315e-05,1.984793743758928e-05,1.5081055607879534e-05,1.488969792262651e-05,2.127697916876059e-05,1.6426372894784436e-05,1.4285510587797035e-05,1.353055085928645e-05,1.3596105418400839e-05,1.3796568964608014e-05,2.2129383069113828e-05,1.45959547808161e-05,1.0480531273060478e-05,1.4463914340012707e-05,1.3409789971774444e-05,1.1780973181885201e-05,2.039703213085886e-05,1.517393047834048e-05
5100,7.367632406385383e-06,1.002723365672864e-05,9.942611541191582e-06,7.884683327574749e-06,9.159422006632667e-06,1.468437858420657e-05,1.3183570445107762e-05,9.299248631577939e-06,1.5221152352751233e-05,1.5698677088948898e-05,1.1820135114248842e-05,1.1704268217727076e-05,1.001284454105189e-05,1.3114558896631934e-05,1.1702425581461284e-05,8.77701495483052e-06,1.985009657801129e-05,2.029200732067693e-05,2.3846283511375077e-05,1.103981958294753e-05,1.3859260434401222e-05,1.5167716810537968e-05,1.6402014807681553e-05,1.0678256330720615e-05,1.623792741156649e-05,1.5248426279868e-05,1.5610019545420073e-05,1.3616244359582197e-05,8.76168724062154e-06,1.2489349501265679e-05,1.4023323274159338e-05,1.300652638747124e-05,1.4861501767882146e-05,1.8266582628712058e-05,1.9185852579539642e-05,2.2971926227910444e-05,1.3831442629452795e-05,1.2548363883979619e-05,1.4041366739547811e-05,1.6720545318094082e-05,2.021007821895182e-05,1.7916505385073833e-05,1.987657742574811e-05,1.5516752682742663e-05,1.1493413694552146e-05,1.4080387700232677e-05,1.2496789167926181e-05,1.1296236152702477e-05,1.671755308052525e-05,1.686096584307961e-05
5200,9.615514500183053e-06,5.937867172178812e-06,8.620819244242739e-06,6.878856311232084e-06,1.1043704944313504e-05,1.2556518413475715e-05,1.1646191524050664e-05,7.654404726054054e-06,9.32181592361303e-06,8.032762707443908e-06,7.979576366778929e-06,9.756094186741393e-06,1.4748754438187461e-05,8.153137969202362e-06,2.4276461772387847e-05,1.0213365385425277e-05,1.5887208064668812e-05,1.1808428098447621e-05,1.1642101526376791e-05,1.0453663890075404e-05,9.570604561304208e-06,1.1459801498858724e-05,1.6067588148871437e-05,7.110622391337529e-06,9.680168659542687e-06,1.1184181857970543e-05,8.557093678973615e-06,1.1958554750890471e-05,1.1734010513464455e-05,1.3287422007124405e-05,1.3391203538049012e-05,1.0762048987089656e-05,2.5640645617386326e-05,1.4077704690862447e-05,1.3300796126713976e-05,1.2783059901266824e-05,1.39859066621284e-05,1.489367878093617e-05,1.2190629604447167e-05,1.5075270312081557e-05,2.2272262867772952e-05,1.1709464160958305e-05,3.133912832709029e-05,1.4404513422050513e-05,1.1501354492793325e-05,1.3136475899955258e-05,2.0290084648877382e-05,1.4540410120389424e-05,2.6120378606719896e-05,2.116938412655145e-05
