step,channel_42,channel_50,channel_3,channel_48,channel_9,channel_18,channel_63,channel_34,channel_29,channel_60,channel_45,channel_55,channel_2,channel_10,channel_39,channel_58,channel_16,channel_32,channel_38,channel_25,channel_52,channel_31,channel_28,channel_51,channel_56,channel_4,channel_49,channel_35,channel_61,channel_53,channel_0,channel_24,channel_21,channel_36,channel_43,channel_7,channel_41,channel_44,channel_62,channel_1,channel_11,channel_57,channel_19,channel_68,channel_107,channel_26,channel_54,channel_71,channel_125,channel_64
0,0.00037503070780076087,0.000367231055861339,0.00039135292172431946,0.00010085562826134264,0.00029266413184814155,9.601221245247871e-05,0.00035905151162296534,0.00017019978258758783,0.00023972119379322976,0.00048522776341997087,0.00012616706953849643,0.00033522440935485065,0.00017220198060385883,9.782115375855938e-05,0.0004214437212795019,0.0003496748977340758,0.00032560547697357833,0.00023366189270745963,0.00037047883961349726,0.00028124917298555374,0.0005121507565490901,0.00025454830029048026,0.00013435276923701167,0.00031162347295321524,0.0004384705680422485,0.00015920877922326326,8.625299960840493e-05,0.00037096961750648916,0.00017650618974585086,0.00020888941071461886,0.0002446447324473411,0.0002786777331493795,0.00010389104863861576,0.00013052653230261058,0.0005947920144535601,0.00021460400603245944,8.987970068119466e-05,0.0002459547249600291,0.0006234149332158267,0.0001576699287397787,0.000311836542095989,0.0004985150881111622,0.00014460763486567885,0.0006167928222566843,0.00022960762726143003,0.0001396898878738284,0.000351058755768463,0.00023889716248959303,0.0006534546846523881,0.00013898125325795263
100,0.0003899301518686116,0.00022900220938026905,0.00029763515340164304,0.000313366181217134,0.00044967143912799656,0.0002847793512046337,0.0002598586434032768,0.0001915594912134111,0.00015237780462484807,0.0003246721171308309,0.00030075563699938357,0.0003106755029875785,0.00034187702112831175,0.0004964914987795055,0.0002925229200627655,0.0005012729088775814,0.00031421345192939043,0.0002720870543271303,0.0002995987015310675,0.0004799067974090576,0.0003452301607467234,0.0002871960459742695,0.0003102617629338056,0.00016330811195075512,0.0001819662138586864,0.00031705541186966,0.00019001717737410218,0.0002864488633349538,0.0003214552707504481,0.00024703016970306635,0.00035308863152749836,0.0002442693803459406,0.00026659126160666347,0.0002459509705659002,0.00028440504684112966,0.00019132929446641356,0.0002399295335635543,0.0004938531783409417,0.0005797439371235669,0.00018257967894896865,0.0005121161811985075,0.00019200889801140875,0.0003624187083914876,0.00043323574936948717,0.00019360876467544585,0.0003824213636107743,0.0006768385064788163,0.0005440958775579929,0.0005661898176185787,0.00021530516096390784
200,0.0002822251699399203,0.00028087699320167303,0.0004262960283085704,0.00016916172171477228,0.0002864878042601049,0.00046569923870265484,0.00026748343952931464,0.0004738981369882822,0.00042218973976559937,0.000347004272043705,0.00034878472797572613,0.00021666899556294084,0.0004018319013994187,0.00043205791735090315,0.00027322571258991957,0.00019822489412035793,0.00046852766536176205,0.00019273508223704994,0.00018034473760053515,0.000526920601259917,0.00038432679139077663,0.00034570603747852147,0.00028685922734439373,0.0005435147904790938,0.0005454872734844685,0.000324267108226195,0.0005647039506584406,0.00035139144165441394,0.0005739274783991277,0.0003666242409963161,0.0001669346384005621,0.00045031533227302134,0.0002439846284687519,0.0003794743970502168,0.0003175134479533881,0.0003478438011370599,0.000247678515734151,0.000621623417828232,0.00024880649289116263,0.0002946194144897163,0.0004124454571865499,0.0006598304025828838,0.0004814314015675336,0.0005330261774361134,0.00046958672464825213,0.00027725144173018634,0.00029007502598688006,0.00035306098288856447,0.0005081708659417927,0.0007023573270998895
300,0.0003475617850199342,0.00019638173398561776,0.0003796601959038526,0.0003444294852670282,0.0002438781812088564,0.00036097352858632803,0.00019886218069586903,0.00021870840282645077,0.00027278068591840565,0.00039500780985690653,0.00037312365020625293,0.0004943760577589273,0.0004947154666297138,0.00026849599089473486,0.00028334700618870556,0.0002157747803721577,0.0004304873291403055,0.0002364082756685093,0.00027284701354801655,0.0003135488659609109,0.000528506061527878,0.00032188434852287173,0.0005426898715086281,0.0001622129639144987,0.00028258012025617063,0.0002840122615452856,0.0005231350660324097,0.0005698897875845432,0.00024355757341254503,0.00013357056013774127,0.0005179718136787415,0.0005827484419569373,0.0005845769192092121,0.00026483493275009096,0.0005070048500783741,0.0006082349573262036,0.0003914354310836643,0.00019360205624252558,0.0002933500218205154,0.0003014481335412711,0.0003036345588043332,0.0002927005698438734,0.0006611869321204722,0.0002525176096241921,0.0006691306480206549,0.00021817914966959506,0.0003702404210343957,0.0003325684228911996,0.0005706673255190253,0.0004171234031673521
400,0.0002710896369535476,0.00019596345373429358,0.00010567597200861201,0.00011309193359920755,0.0002871482283808291,0.00018724102119449526,0.00011015027848770842,7.454305159626529e-05,0.00036645642830990255,0.00010849886166397482,0.00017417402705177665,0.00012525524653028697,9.426334145246074e-05,0.0003057063149753958,7.50876497477293e-05,0.00016499236517120153,0.0003083677729591727,8.947321475716308e-05,0.0001202722341986373,0.00025721764541231096,8.653895201859996e-05,0.0005144469905644655,0.0001793064730009064,0.0001449845003662631,0.00010690262570278719,0.00010378070146543905,0.00010726626351242885,7.158554217312485e-05,0.0004527185228653252,0.00035548649611882865,0.0003372506471350789,7.907333201728761e-05,0.00036506616743281484,0.00014014262706041336,0.0002772685547824949,0.00020267808577045798,0.00022312601504381746,0.00023180343850981444,0.00014763853687327355,0.00016527975094504654,0.00013199028035160154,0.00013965382822789252,0.0001353554253000766,0.00010412291157990694,0.00013040124031249434,0.00018450226343702525,0.00015370799519587308,0.0001501305669080466,0.0005571937072090805,0.0003503273183014244
500,0.0001646028395043686,0.0003667122800834477,0.000327282672515139,0.00019640813115984201,0.00017470953753218055,0.0002724040241446346,9.735504136187956e-05,0.00032757234293967485,0.0001619555987417698,0.00020458019571378827,0.00028955365996807814,7.150839519454166e-05,7.847295637475327e-05,0.00012962112668901682,7.740910223219544e-05,0.0003820066631305963,0.00013500855129677802,0.00011443642142694443,0.00013495705206878483,0.00011847433779621497,0.00014384726819116622,0.00016747588233556598,0.00014938229287508875,8.907323353923857e-05,0.00031098819454200566,7.110375008778647e-05,0.00020454493642318994,0.0004112433234695345,0.00013866022345609963,0.00016109032731037587,0.00012710623559542,0.00028967560501769185,0.00017385653336532414,0.0003301197139080614,0.0002251888654427603,0.000155427391291596,0.000274903723038733,9.97674505924806e-05,0.00017155024397652596,0.00018343156261835247,0.00018691574223339558,7.902400102466345e-05,0.00011603906750679016,0.0003928800579160452,8.822737436275929e-05,0.00021852320060133934,0.0004087566339876503,0.00026293337577953935,0.00010247514001093805,0.00020052773470524698
600,0.00010029739496530965,8.012027683435008e-05,0.00034890027018263936,0.0004236940876580775,9.018744458444417e-05,0.00010258496331516653,0.00040028992225416005,0.00018181404448114336,9.921678429236636e-05,0.00041918724309653044,0.00017196839326061308,0.00020500834216363728,0.00016617219080217183,0.00015070823428686708,0.0003494947450235486,0.0001298012211918831,9.38001467147842e-05,0.00021695306350011379,0.0002613215474411845,0.0001662548165768385,0.00014401173393707722,0.00010490426211617887,0.00022522192739415914,0.00013829856470692903,0.00011420845112297684,0.00013195107749197632,0.00011571257346076891,7.068154081935063e-05,0.00021924125030636787,0.0002125016035279259,9.34627532842569e-05,0.00026850396534428,0.0002414512709947303,0.0001682838046690449,0.00014725957589689642,0.0001241080608451739,0.00013339960423763841,9.935462730936706e-05,0.0001037829861161299,0.00015592703130096197,0.00011330702545819804,0.0001319964649155736,0.0004903179360553622,9.894417598843575e-05,0.00035482883686199784,8.660897583467886e-05,0.0001654682564549148,0.0003440242726355791,0.00040164944948628545,0.0002846867428161204
700,0.00034578386112116277,0.00015774551138747483,0.00019273294310551137,0.00021341285901144147,0.0004426080849952996,0.00010363075853092596,7.059267954900861e-05,0.00021316065976861864,0.00020322328782640398,0.000185365803190507,0.00025262674898840487,0.0002219877642346546,0.00013144990953151137,0.00015704843099229038,0.00022814002295490354,0.00023367976245936006,0.00017594065866433084,6.862678128527477e-05,0.00017654969997238368,8.264653297374025e-05,0.00029522826662287116,0.00015494177932851017,0.00041797696030698717,0.00035568696330301464,0.0003592862922232598,9.500214946456254e-05,0.0003094968560617417,8.932592027122155e-05,0.00017996536917053163,6.52914386591874e-05,0.00015473504026886076,0.00027507435879670084,7.499753701267764e-05,0.0002387398708378896,0.00022190010349731892,0.0002602872555144131,9.378020331496373e-05,0.00037320281262509525,0.00016287577454932034,0.0003594743611756712,8.840036753099412e-05,0.0001115622726501897,0.00013682860299013555,0.00014481786638498306,0.00030977086862549186,0.0006691882153972983,0.00012640694330912083,0.0004511530860327184,0.0004840026667807251,0.00013723393203690648
800,0.0002296752791153267,0.0001598670642124489,0.0002479388494975865,0.0001498801721027121,0.00010190201282966882,0.00016734268865548074,0.00010731619840953499,9.011899965116754e-05,0.0004581669345498085,8.565894677303731e-05,0.00015318124496843666,7.140897650970146e-05,0.00012519049050752074,0.00017265854694414884,0.00023349460388999432,0.00036944064777344465,0.00028469032258726656,0.0002775138709694147,0.00010599744564387947,0.00016198110824916512,9.161297930404544e-05,0.0001436953607480973,0.0001094085382646881,0.0001557556097395718,0.0001935191103257239,9.117290028370917e-05,9.617271280148998e-05,0.00044187746243551373,0.00011678089504130185,0.00015248813724610955,0.000126740982523188,0.00018295198970008641,0.00017185894830618054,0.00015457559493370354,0.00013961762306280434,0.0001513749739388004,9.135145955951884e-05,9.707763092592359e-05,0.00019542148220352829,9.18114892556332e-05,0.00015135206922423095,0.00035969505552202463,0.0001403227070113644,0.00041106302523985505,0.00012405474262777716,0.000230795907555148,0.00030434757354669273,0.00021512860257644206,0.00017081841360777617,0.00020655318803619593
900,6.972217670409009e-05,0.00012731848983094096,0.00014983424625825137,0.00012524559861049056,0.0002368463174207136,0.00012052794772898778,0.00011585090396692976,8.765020174905658e-05,0.00011493526835693046,0.00024842313723638654,0.0004919313360005617,0.00019844906637445092,0.0002851801400538534,9.739062079461291e-05,0.00023613379744347185,0.0001337260182481259,0.00014473020564764738,6.0844613471999764e-05,0.0002833135367836803,0.0001567982544656843,0.00016535029863007367,8.092350617516786e-05,0.00022563755919691175,0.00011310850095469505,0.00015889634960331023,0.00019018202146980911,0.0003639023925643414,0.00034851665259338915,9.166100062429905e-05,8.334342419402674e-05,7.481360080419108e-05,0.00018751576135400683,0.00037887156940996647,0.00021854828810319304,9.220933134201914e-05,0.00022247260494623333,0.00010973766620736569,9.116785804508254e-05,0.00014516263036057353,7.704651943640783e-05,0.00015387460007332265,9.883366874419153e-05,7.524224201915786e-05,0.0002645437198225409,0.0001733991812216118,0.000156317328219302,0.0001209949332405813,9.178577602142468e-05,0.0005240611499175429,0.00043445604387670755
1000,0.00017280859174206853,0.00019678838725667447,0.00024979832232929766,0.00023718684678897262,0.00025225983699783683,0.00020952285558450967,9.95069058262743e-05,0.000146871228935197,0.00029375156736932695,0.00010455520532559603,7.740884029772133e-05,0.00024204292276408523,0.00011520191765157506,0.00025105426902882755,0.00014893159095663577,0.00010883399227168411,0.0002824392286129296,0.00010691073111956939,0.00019840433378703892,0.00014780186756979674,0.0003515013959258795,0.0002240270550828427,0.00026370937121100724,0.00018120977620128542,8.29191121738404e-05,0.0004614435601979494,0.0002726107486523688,0.00031178208882920444,0.00025633323821239173,0.00015515831182710826,0.00037782793515361845,0.00014899279631208628,0.00013387096987571567,7.944361277623102e-05,0.00014403436216525733,0.0003214180760551244,0.00017434659821446985,0.00011492823978187516,0.00013640544784720987,0.00016742765728849918,0.00012092022370779887,0.00012242718366906047,0.0001607877784408629,0.00032249526702798903,0.0002324607048649341,0.00013827929797116667,9.615124145057052e-05,0.0006620432250201702,0.00013733906962443143,0.0002780719951260835
1100,0.000356418575393036,0.000163974124006927,9.572035196470097e-05,0.00025229883613064885,0.00012914705439470708,9.860199497779831e-05,0.00021444432786665857,7.076515612425283e-05,0.00020977764506824315,0.00011253071716055274,0.0003235054900869727,0.00024864671286195517,0.00020673160906881094,0.000223449373152107,0.00019279673870187253,0.0001291864027734846,0.00013182975817471743,0.000157090398715809,0.0003537395386956632,0.00030762157985009253,0.00042325540562160313,0.00012780177348759025,0.00026500714011490345,0.0002607924398034811,0.00010961575753754005,0.00013300421414896846,0.0001260514691239223,0.0001629699399927631,0.0003218095807824284,0.00017754643340595067,0.00010424690844956785,0.0002862669643945992,0.00013596790086012334,0.00037963149952702224,0.00013222303823567927,0.00015989778330549598,0.00012196866737212986,0.000154220120748505,9.793426579562947e-05,0.0002821138477884233,0.00018560524040367454,9.248318383470178e-05,0.0003607119433581829,0.00020472500182222575,0.0004906707908958197,0.00012858152331318706,0.0002780879149213433,0.0002492175262887031,0.00018008664483204484,0.0001581628603162244
1200,0.0002502835704945028,0.00011326808453304693,9.008021879708394e-05,0.0003245411207899451,0.00031917914748191833,0.00016620344831608236,0.00020370965648908168,0.0002468587481416762,0.0001099812361644581,0.00018794734205584973,0.00037723008426837623,0.00016473661526106298,0.00013372537796385586,0.00018652323342394084,0.0001764096668921411,0.00015948312648106366,0.00011027177970390767,0.00022812870156485587,0.00016339292051270604,0.00014750419359188527,0.00012867436453234404,0.0003108335076831281,0.00010762793681351468,0.00028350716456770897,0.00012781027180608362,0.00012614679872058332,0.0001735892001306638,0.00022758691920898855,0.0003015446418430656,0.00021778125665150583,0.00016912825230974704,0.0002635978162288666,0.00026086674188263714,0.0001643746072659269,0.00013099251373205334,8.006100688362494e-05,0.00019157650240231305,0.0001408126117894426,0.00017641806334722787,0.000285840273136273,0.0001829142274800688,0.00016648329619783908,0.00015676672046538442,0.00016695188242010772,0.00048451119801029563,0.00018711338634602726,0.0004322487802710384,0.0002346883702557534,0.00012974976561963558,0.00048785447143018246
1300,0.00018675773753784597,8.341445936821401e-05,0.0001030484854709357,8.372464799322188e-05,6.103907071519643e-05,9.445603791391477e-05,0.00012865701864939183,0.0002200978487962857,0.00023271969985216856,0.00018399921827949584,0.0003151888959109783,0.00030317806522361934,0.00012846055324189365,0.0004032083379570395,0.0001286461774725467,0.00011068955791415647,0.00017288002709392458,0.00016416706785093993,0.00021618313621729612,0.0002846095885615796,0.00015562621410936117,0.00021537879365496337,6.0865626437589526e-05,0.0001650582707952708,0.0003042716416530311,8.758631884120405e-05,0.00011866364366142079,0.00012158739264123142,0.00020791815768461674,0.00025736563839018345,0.00014767517859581858,0.0003094617568422109,0.00011248749797232449,0.00019056159362662584,0.00015364175487775356,0.000368508422980085,0.00024634116562083364,8.980975690064952e-05,0.00010222465789411217,8.642506873002276e-05,0.00015157251618802547,0.0002699062752071768,0.0002071010385407135,0.0005759499617852271,0.00020458176732063293,0.0003068603400606662,9.306459105573595e-05,0.00022039171017240733,0.00022788334172219038,0.0002891960320994258
1400,0.00016746600158512592,0.00010965609544655308,0.00015715877816546708,0.00020527710148599,0.00012577010784298182,0.00014757394092157483,0.00012055555998813361,0.00011712739069480449,0.00012748005974572152,0.00011082450510002673,0.0002468820894137025,0.0003286335850134492,0.00014635964180342853,0.0001506024127593264,0.00015030340000521392,0.00019067327957600355,0.00025882068439386785,7.471568824257702e-05,0.0002491580380592495,9.022286394611001e-05,0.0001223569706780836,8.889346645446494e-05,0.00012911920202896,0.0003532697737682611,0.00042147026397287846,0.00021988067601341754,0.0001209210604429245,0.00026428105775266886,7.906481914687902e-05,0.0005049650790169835,0.00036667814129032195,0.00010163425031350926,0.00016814915579743683,9.945133933797479e-05,7.62569106882438e-05,0.00025670952163636684,0.00016418691666331142,6.97350551490672e-05,0.00011234503472223878,7.623507553944364e-05,0.00016467817476950586,0.00012318938388489187,0.0005260844482108951,0.0004951211158186197,0.0002685204381123185,0.00020750662952195853,0.00015839455591049045,0.0006379386177286506,0.00037954296567477286,0.0001518958160886541
1500,0.0002442676341161132,0.00019544127280823886,0.00012440833961591125,0.0003538947203196585,0.00019960268400609493,0.00028230284806340933,0.00016160392260644585,0.0003672550374176353,0.0001087903292500414,0.00026504340348765254,0.00026580991107039154,0.000171315114130266,0.00026688200887292624,9.691063314676285e-05,8.14488812466152e-05,0.0001344041811535135,0.0003644422977231443,0.0003279548545833677,0.0001297939888900146,0.00014184755855239928,0.00013008115638513118,0.0002021530963247642,0.0002391662128502503,0.00011117189569631591,0.0003956114233005792,0.00010123698302777484,0.00042242533527314663,0.00016727624461054802,0.0001912780135171488,0.00027957867132499814,0.00027695699827745557,0.0002522965078242123,0.00023558878456242383,0.00012889879872091115,8.073285425780341e-05,8.159178833011538e-05,0.00020537382806651294,0.00032200038549490273,0.00014547855244018137,0.0002568277413956821,0.0001839357428252697,0.00018164361244998872,0.0002853800542652607,0.0005815498298034072,0.0003171181306242943,0.00032831079442985356,0.00016810574743431062,0.0002660340105649084,0.00017652501992415637,0.0003918240254279226
1600,8.721702033653855e-05,0.00021298568753991276,0.00011597385309869424,7.301079313037917e-05,0.00025148034910671413,0.0001228975597769022,0.00042188045335933566,9.243047679774463e-05,0.00014257927250582725,0.00016571562446188182,8.866113057592884e-05,0.00011880425154231489,0.00037211444578133523,0.0001764937915140763,0.0003872642992064357,0.00027427056920714676,0.0001979638182092458,0.0004023611545562744,0.00012325246643740684,0.0003502033941913396,0.00029154735966585577,9.754860366228968e-05,0.00017441256204620004,8.395460463361815e-05,0.0002227337536169216,0.0001673389779170975,0.00015569647075608373,0.00018365430878475308,0.0003136947634629905,0.00020215478434693068,0.00025490103871561587,0.0001306426274823025,0.00011851638555526733,0.000586100562941283,5.094760126667097e-05,0.00018770835595205426,0.000191019571502693,0.0003473322722129524,0.00020792688883375376,0.0002874402853194624,0.00029754554270766675,9.730101010063663e-05,0.0001752915559336543,8.490954496664926e-05,0.00016122945817187428,0.00024015380768105388,0.00028707232559099793,0.0002907079760916531,0.00023542862618342042,0.00039005643338896334
1700,6.299870437942445e-05,0.00010197245865128934,0.00013763224706053734,8.0810823419597e-05,0.00010084611858474091,0.00020797843171749264,0.00028062000637874007,0.0001606084406375885,0.00037750921910628676,0.00018746884597931057,0.00033141300082206726,0.00024778960505500436,0.00011346965766279027,0.00012488295033108443,0.0001407058589393273,0.0004059791099280119,0.00012269527360331267,0.0001425759692210704,0.00015223292575683445,0.0003871722146868706,0.00010519914940232411,7.393443956971169e-05,0.0003140152548439801,9.431511716684327e-05,8.764398808125407e-05,0.0002586856426205486,0.0002548267657402903,0.0003864083264488727,0.00015862495638430119,0.0001602012343937531,8.743640501052141e-05,0.00022236397489905357,8.957557292887941e-05,0.00023418045020662248,0.0002337414916837588,0.00015657201583962888,0.00016854303248692304,0.0001930748694576323,0.00034183013485744596,0.00021763287077192217,0.00016506316023878753,0.00025979592464864254,0.00011908617307199165,0.0004390605608932674,0.0005882479017600417,0.00012176748714409769,0.00014061365800444037,0.0006935794372111559,0.00014674145495519042,0.00010693065269151703
1800,0.00017126499733421952,0.0002727642422541976,0.00027090185903944075,0.00028338126139715314,0.0004404677893035114,0.00018137902952730656,0.00021754579211119562,0.00013455368753056973,8.795938629191369e-05,0.00013085910177323967,0.00015777254884596914,0.0002422449178993702,8.330459240823984e-05,0.000424296798883006,8.995128882816061e-05,0.00012018994311802089,7.2213624662254e-05,0.00023236738343257457,0.00015414651716127992,0.00019843892368953675,0.00011594942043302581,0.00016942333604674786,0.0001351297105429694,0.0002552389050833881,0.00010161023237742484,0.0002356055483687669,0.000273995945462957,0.00019440535106696188,0.00029930166783742607,0.00011273554991930723,0.00030415019136853516,0.00018578652816358954,0.0001381621405016631,0.0002788544225040823,0.00013947141997050494,0.0001418776373611763,0.0001746010675560683,0.0002203546609962359,0.0002659172751009464,0.0001438570616301149,0.0003238973149564117,0.00015104420890565962,0.0002769850834738463,0.00017542556452099234,0.00014003469550516456,0.00018772322800941765,0.0003693981561809778,0.00023296312429010868,0.0002834914776030928,0.00030225273803807795
1900,0.00010798192670335993,0.00013133487664163113,0.00016469511319883168,0.00025518133770674467,0.0001661490969127044,0.00012117439473513514,0.00013543931709136814,0.00013463469804264605,0.0003267958527430892,0.00017454332555644214,8.687438094057143e-05,0.00014440876839216799,7.694579107919708e-05,9.743762348080054e-05,0.00036300296778790653,0.0002417535288259387,0.0001496839540777728,0.00016726250760257244,0.00012382901331875473,0.0002839796361513436,8.117881952784956e-05,0.0004458150651771575,0.0001580740645295009,0.0001619726826902479,9.820861305342987e-05,0.00014312956773210317,0.0001423334761057049,0.00011837911006296054,9.779304673429579e-05,0.000172434447449632,0.00015398654795717448,0.00015138357412070036,0.00010104574903380126,7.344136975007132e-05,0.00011247189104324207,0.00018481386359781027,0.00022045621881261468,0.0001319170551141724,0.0001820520410547033,0.0002383649261901155,0.00017862192180473357,0.0001420311164110899,0.00014806812396273017,0.000126028447994031,0.000572752789594233,0.0003885891055688262,0.00026655365945771337,0.0002372661983827129,0.0001105932897189632,0.00019184016855433583
2000,0.00017251777171622962,0.00016788544598966837,0.00019114281167276204,7.838688907213509e-05,9.487040370004252e-05,0.00012594966392498463,0.00015094946138560772,0.00017530558397993445,0.0001509118446847424,0.0001498851488577202,0.0002185567282140255,0.000253035657806322,0.00019518454791978002,0.0003149800468236208,0.00018773011106532067,0.00022463062487076968,0.0001507132255937904,0.00022049016843084246,0.00030437108944170177,0.00020244291226845235,0.00017183359886985272,0.00023537102970294654,0.00013798914733342826,7.747040945105255e-05,7.487391121685505e-05,0.00031394770485349,0.00017922169354278594,8.875170169631019e-05,0.0002548650372773409,0.00018075999105349183,0.0005816429620608687,0.0002535332750994712,0.00011311174603179097,0.00033281161449849606,0.00012750409950967878,0.00023630440409760922,0.0002901669649872929,0.00029434319003485143,8.31822253530845e-05,0.00021023569570388645,0.0001766398927429691,8.992513176053762e-05,0.00012653345766011626,0.00015277269994840026,0.00010780864249682054,0.00013209097960498184,0.0001660934794927016,0.00013640323595609516,0.00030592872644774616,0.00019590485317166895
2100,0.00035062103415839374,0.0001431357959518209,0.00019737170077860355,0.0001650000485824421,8.869026351021603e-05,0.0001555382477818057,0.00028953771106898785,0.0002164786128560081,0.00014319834008347243,0.0001464372908230871,0.00013107579434290528,0.0002786334662232548,0.00010419077443657443,0.00018714065663516521,0.0002709103573579341,0.0002095342060783878,0.00017365052190143615,0.000133401234052144,0.0002575676771812141,0.00020216044504195452,0.00011259649181738496,0.00019714013615157455,0.00031642845715396106,0.00015215827443171293,9.228155977325514e-05,0.0002768969570752233,0.00011095050285803154,9.293532639276236e-05,0.00011858053039759398,0.00012869402416981757,0.00012575264554470778,0.00011165287287440151,0.00029809807892888784,0.00013973361637908965,0.0002959939884021878,0.0001637989334994927,0.00014629414363298565,0.00015791716577950865,0.00014957142411731184,0.00026825175154954195,0.00013702339492738247,0.00044038332998752594,8.345927199115977e-05,0.00014885893324390054,0.00012737838551402092,6.611429125769064e-05,0.000220981688471511,0.0004289917415007949,0.00039919864502735436,0.00011358378105796874
2200,0.00026683081523515284,7.31733744032681e-05,0.00027861614944413304,0.0002552681544329971,9.42849728744477e-05,0.00031355596729554236,0.00013007869711145759,0.0002726469829212874,8.688004163559526e-05,0.00032064795959740877,0.00023743727069813758,0.0002589237701613456,0.0003769581380765885,0.00016370056255254894,0.00031062346533872187,0.00016228281310759485,0.00042428795131854713,9.068646613741294e-05,0.000390875618904829,7.85061129136011e-05,9.256092744180933e-05,0.00018663451191969216,0.0003844900638796389,9.185260569211096e-05,0.0001645160373300314,9.287053399020806e-05,0.00019379719742573798,0.0003266277490183711,9.837758989306167e-05,0.00037161906948313117,0.00017475668573752046,9.685546683613211e-05,0.00018988609372172505,0.00011921406985493377,0.00015945728227961808,0.00017664987535681576,0.00028428997029550374,0.00010742423182819039,6.958422454772517e-05,9.028404747368768e-05,0.0001343791518593207,0.00010207813465967774,0.00019261667330283672,0.00015292993339244276,0.0006632871809415519,0.00014987266331445426,0.00017863928223960102,7.712630031164736e-05,0.0006957981968298554,0.00024047726765275002
2300,0.00038936949567869306,9.17280776775442e-05,0.0001445747329853475,0.00022451902623288333,0.00030164021882228553,0.00021129641390871257,0.0001027365869958885,0.0002645732893142849,0.00019540241919457912,0.0003412233490962535,0.00031125787063501775,0.00019195156346540898,0.0003258213691879064,0.00016001272888388485,0.00016223722195718437,0.00021271449804771692,0.00012698900536634028,0.00018281421216670424,0.0005242186598479748,0.00037824062746949494,8.404094114666805e-05,0.00013427156955003738,0.00012891866208519787,0.0004140720411669463,0.0001273441012017429,0.0001168725430034101,7.828817615518346e-05,0.00025005629868246615,0.00013274529192131013,0.0002308655239176005,0.0002321654319530353,0.00040672210161574185,0.00020401949586812407,0.0001537695643492043,0.00022860283206682652,0.00020297047740314156,0.00025461975019425154,8.65326655912213e-05,0.00024866661988198757,0.00017621912411414087,0.0001561891258461401,0.00013033744471613318,0.0001490559079684317,0.00020309106912463903,0.00019385093764867634,0.00010663985449355096,0.00012392710777930915,0.00047001606435514987,0.00014009927690494806,8.759195043239743e-05
2400,0.00014143162115942687,0.00014027557335793972,0.0002220464957645163,0.00019004939531441778,9.406900790054351e-05,0.0002608262002468109,0.000134240894112736,0.00017093645874410868,0.00032916609779931605,0.00010164498235099018,8.463110134471208e-05,0.00011576263204915449,0.00013487908290699124,8.581118163419887e-05,0.0001716331171337515,0.00015454404638148844,0.0001925384858623147,0.00016891476116143167,0.0003049606457352638,0.0005131591460667551,0.00018899166025221348,0.00015828860341571271,0.00012715370394289494,0.00011481553519843146,0.00021057490084785968,7.78207031544298e-05,0.00023317578597925603,0.00021826113515999168,0.00019288899784442037,0.000155717643792741,0.00013202568516135216,0.00020880116790067405,0.0001460445491829887,0.0002922600251622498,0.00029095649369992316,0.0003371931961737573,0.0003105631039943546,0.00037691814941354096,0.00030692535801790655,0.00013541494263336062,0.00012951999087817967,9.51977344811894e-05,8.768974657868966e-05,0.00012467421765904874,0.00012739333033096045,0.00013074252638034523,0.00015169323887676,0.00044404840446077287,0.00011294829164398834,0.00013580959057435393
2500,0.00010645501606632024,0.00012247197446413338,0.000324437627568841,0.0003015357651747763,0.0002432247856631875,0.00013421618496067822,0.00016644287097733468,0.00015016732504591346,0.00010396628931630403,7.749918586341664e-05,0.00022685200383421034,8.063363202381879e-05,0.00025861363974399865,0.00013132355525158346,0.000141050637466833,0.0003088401281274855,0.00021001648565288633,0.00015579826140310615,0.00016760652943048626,8.894032362150028e-05,0.00010742332960944623,0.0001863007346400991,0.00010537400521570817,8.47309420350939e-05,0.00022144740796647966,0.00037398419226519763,0.00042966433102265,7.601176912430674e-05,0.0003051045350730419,0.00044233104563318193,0.00020738859893754125,0.0003890625957865268,0.0002845320850610733,0.0001331218081759289,0.000141714554047212,0.0001406100345775485,0.00012016345863230526,0.00013113112072460353,6.820417911512777e-05,0.00024037413822952658,0.00023194141977000982,0.000152752865687944,9.397443500347435e-05,0.00010070487769553438,0.0002073421492241323,0.00014478493540082127,0.00014725954679306597,0.0002175580448238179,0.00020117701205890626,0.0005111098289489746
2600,0.0002600842562969774,0.0002729662519413978,0.00014290382387116551,0.0004282518639229238,0.00014559621922671795,0.00014167408517096192,0.00039717447361908853,0.00025851462851278484,0.00010149256559088826,0.0001827226224122569,0.0002912954951170832,0.00011513835488585755,9.291969035984948e-05,9.264751133741811e-05,0.00021425003069452941,0.0001251116773346439,0.00013780932931695133,9.963125921785831e-05,9.543023770675063e-05,0.00031430390663444996,0.0002169625659007579,0.00010634062346071005,0.00045070250052958727,0.0002749816922005266,0.00027730531292036176,8.159109711414203e-05,0.00023869297001510859,0.00016634933126624674,0.0001721001899568364,0.0001808173255994916,8.034599159145728e-05,0.000174669548869133,0.00021855109662283212,0.00020390350255183876,0.00014486612053588033,0.0003574152069631964,8.507278107572347e-05,9.231547301169485e-05,0.00021807540906593204,0.00013374382979236543,0.0005293717258609831,0.00010467909305589274,0.00011652395915007219,0.00040096690645441413,0.0005260123871266842,0.00012363767018541694,9.480148582952097e-05,0.00046904737246222794,0.00018222136714030057,0.00042799353832378983
2700,0.00034261285327374935,0.00030610369867645204,0.00011287524830549955,8.430620800936595e-05,0.0003074972191825509,0.00010878933244384825,0.0004722342127934098,0.00020056506036780775,0.00015804381109774113,0.00014789937995374203,0.00017369572015013546,0.0002330587012693286,0.00013719210983254015,9.40468380576931e-05,0.00011340516357449815,0.00040602334775030613,0.0001916278270073235,0.00026855096803046763,0.00017284911882597953,0.00026258674915879965,0.00013340551231522113,0.00012748865992762148,0.0002892835473176092,0.0003857249394059181,0.00027395400684326887,0.00024309902801178396,0.00012772652553394437,6.380467675626278e-05,0.00021838222164660692,0.00017708919767756015,0.0001722668093862012,0.00012868994963355362,0.0003282960969954729,0.00011292439739918336,0.00014538403775077313,0.0001604896824574098,9.30171663640067e-05,0.00017146575555671006,0.000282379420241341,0.0002350619761273265,0.0001807056978577748,0.00040195221663452685,0.00016957978368736804,0.0002694967552088201,0.00017516739899292588,0.00010836620640475303,0.00013420023606158793,0.0005541351856663823,0.00011884995183208957,0.0002348394918954
2800,0.00020344155200291425,0.00041156221413984895,0.00015211699064821005,0.0002421443205093965,0.00029471228481270373,0.00011726592492777854,0.0002730467531364411,0.00013652225607074797,0.0001340806920779869,0.00025441686739213765,0.0001532645692350343,0.00017042085528373718,0.0002786501427181065,0.00018057579291053116,0.0001169898605439812,0.0002453369088470936,0.00035574164940044284,0.0001415197184542194,0.00021636167366523296,0.00013199182285461575,0.00014655017002951354,0.00023508667072746903,0.00017019959341268986,0.0004217203240841627,0.0002626715286169201,0.0001717043633107096,0.00012339359091129154,0.00016070107812993228,7.851563714211807e-05,0.00023537297965958714,0.00016698442050255835,0.00027542313910089433,0.00014263582124840468,9.895971743389964e-05,0.00013656388910021633,0.00012223137309774756,8.566957694711164e-05,0.00014477086369879544,0.00019499153131619096,9.899445285554975e-05,7.41762705729343e-05,0.00015132293628994375,0.0002506764139980078,0.0002735816524364054,0.0006318273954093456,0.0001769749796949327,0.0002918790269177407,0.0005358339403755963,0.0005093349609524012,0.00022666147560812533
2900,0.00034656524076126516,0.00027359582600183785,0.00018599264149088413,0.0003659400390461087,0.00014280709729064256,0.000159783085109666,0.00013996769848745316,0.000319318292895332,0.00013489615230355412,0.00014678871957585216,0.00010486322571523488,0.00034849203075282276,9.865460742730647e-05,0.00026696527493186295,0.00011243357585044578,8.206766506191343e-05,0.00024001866404432803,8.240988245233893e-05,0.00011314018775010481,7.035103772068396e-05,0.00020472363394219428,0.00021300924709066749,0.00023285993665922433,0.00027833881904371083,0.0003508941153995693,0.00010217227099929005,0.00010074632155010477,0.0002643246261868626,0.0001010034975479357,0.00021241024660412222,0.00015217337931971997,0.00016410961688961834,0.0004745260812342167,0.0001998701336560771,0.0003949406964238733,0.00041270669316872954,0.00034847125061787665,0.0003408434859011322,0.00022779720893595368,0.00017469980230089277,0.00011821743828477338,0.000265002076048404,0.00018936560081783682,0.00018872169312089682,0.0002565119357313961,0.0002838268119376153,0.00014259712770581245,0.00013945384125690907,0.00018730205192696303,0.00015658332267776132
3000,0.00020309010869823396,0.0001147821094491519,0.00013681502605322748,0.0001498428318882361,9.558398596709594e-05,0.00023266706557478756,0.00012562614574562758,0.00013518815103452653,0.0004810573300346732,0.00029454566538333893,9.612792200641707e-05,0.000191688712220639,0.00010081249638460577,0.00022303839796222746,0.0001045373865053989,0.00013532199955079705,0.000389823573641479,0.0002769379934761673,0.00011648496001726016,0.00014194517279975116,0.00013145220873411745,9.214334568241611e-05,0.0003906822530552745,0.00010028936230810359,9.831804345594719e-05,0.00014794323942624032,0.00018004042794927955,0.0003877940180245787,0.00012965232599526644,0.00014403651584871113,0.0001675267267273739,0.0001826225925469771,0.0001734247343847528,0.0001009222396533005,0.00027405910077504814,0.0001479160855524242,0.000186600474989973,0.0003230765287298709,0.00019646369037218392,0.00012507385690696537,0.00010051932622445747,0.0005023510311730206,0.00032197649125009775,0.00029597143293358386,0.00019662796694319695,0.00018244778038933873,0.00023838998458813876,0.00028893034323118627,0.00021861636196263134,0.0004805780772585422
3100,8.2619626482483e-05,0.00012526153295766562,0.00034068693639710546,0.00013164292613510042,0.00012403642176650465,0.00010620512330206111,9.752991172717884e-05,0.00020769487309735268,0.0003116112493444234,0.00019763682212214917,0.00012818218965549022,0.00011235621786909178,0.00022951966093387455,0.00022937406902201474,0.0003417380212340504,0.00010414009011583403,0.000136345493956469,0.00011022229591617361,0.00015528265794273466,0.00022159646323416382,0.00015604843792971224,0.0003089674864895642,0.0001437801111023873,0.0001463893277104944,0.0002945799205917865,9.201286593452096e-05,0.00020166080503258854,0.00025532906875014305,0.00012265666737221181,0.00016446439258288592,0.00011133308726130053,9.862411388894543e-05,0.00023368775146082044,0.00011712310515576974,9.44067578529939e-05,0.0001683164737187326,0.0001198671234305948,9.794577636057511e-05,0.0002166328049497679,0.00012319341476541013,0.0001873063447419554,0.00033563553006388247,0.00013441299961414188,0.00024414886138401926,0.0005285649094730616,0.00027175425202585757,0.0001752808748278767,0.0002946442400570959,0.00015186314703896642,0.00036398545489646494
3200,9.997288725571707e-05,9.565928485244513e-05,0.00021696908515878022,0.00032783125061541796,0.0002195485431002453,8.847347635310143e-05,7.234406803036109e-05,7.889734115451574e-05,0.00044052203884348273,0.00011410278239054605,9.54093411564827e-05,0.00010730300709838048,0.00011060797260142863,0.00010081798973260447,0.0002460424439050257,6.939683953532949e-05,0.00015750975580886006,0.00010035814921138808,0.00016646843869239092,0.0002006896975217387,0.00017764893709681928,0.00010098675556946546,0.0002642693289089948,0.00010497657785890624,0.0001397996093146503,0.00022644475393462926,0.00014030584134161472,0.00011956323578488082,0.00016260646225418895,0.000391782377846539,0.00022087353863753378,0.00010184705024585128,0.0002819030196405947,0.0001694855745881796,0.00029105518478900194,0.0001637331151869148,9.962595504475757e-05,0.00029939907835796475,0.00017426066915504634,0.0002881401451304555,0.0001043354714056477,0.00016236309602390975,0.00030850886832922697,0.0001149111776612699,0.0001438846084056422,0.00020097859669476748,8.239120506914333e-05,0.00027599537861533463,0.0006294457707554102,0.00046193337766453624
3300,0.00014556292444467545,9.048701758729294e-05,0.00010221787670161575,0.00010928215488092974,0.00026451778830960393,0.00016312216757796705,0.0002644911000970751,0.0002922396524809301,0.0001230023190146312,0.00020820522331632674,0.0002634096599649638,8.751435962039977e-05,0.00020993751240894198,0.000121100245451089,0.0002952221839223057,0.00010198415839113295,0.0001336866698693484,0.00016386907373089343,0.00018461683066561818,0.0001034759043250233,0.00010430590191390365,0.00016350943769793957,0.00036077736876904964,0.00019808528304565698,0.0003237554628867656,0.00011219461157452315,0.00016679364489391446,9.078714356292039e-05,0.00012965186033397913,0.0002563455782365054,0.00022468525276053697,0.0002987895568367094,0.0002518351247999817,0.00010097753693116829,8.36175968288444e-05,0.0001760064042173326,0.00021667480177711695,0.0001420149055775255,8.288676326628774e-05,9.977768786484376e-05,0.00015973439440131187,0.00015978958981577307,0.0001883908553281799,0.0006625199457630515,0.0001121925306506455,0.00012254527246113867,0.00016157380014192313,0.00031785049941390753,0.00034714810317382216,0.00032277771970257163
3400,7.951923180371523e-05,0.00013766554184257984,0.0002500020491424948,0.0001650744234211743,0.0003817415563389659,0.00016186953871510923,0.0003814332012552768,0.0004131128662265837,0.00037178071215748787,8.411583257839084e-05,0.00014622054004576057,0.00031345669412985444,0.00027889825287275016,0.00014218410069588572,0.00017274351557716727,0.0001713852834654972,0.00018501713930163532,0.0001738282007863745,0.00010075457248603925,8.827112469589338e-05,0.00021854793885722756,0.0002148976782336831,0.0001300853182328865,0.00031467192457057536,0.0002364366373512894,7.788983202772215e-05,0.00011655313574010506,0.00012668618001043797,0.0003905228222720325,0.0004912603762932122,8.661990432301536e-05,0.00015701950178481638,0.0001556167408125475,0.0005392651655711234,0.0005031602922827005,0.0001576573558850214,0.00014482467668130994,0.00011983430158579722,0.00011226330389035866,0.00015972417895682156,0.00012183313810965046,0.0005339490598998964,0.00010781327728182077,0.0002453567576594651,0.000430221320129931,9.348538151243702e-05,0.0002691091794986278,0.00018672304577194154,0.0001058857815223746,0.00013875191507395357
3500,0.00014952088531572372,9.435783431399614e-05,0.00014068454038351774,0.000272033124929294,0.00021974511037115008,9.586802480043843e-05,0.00016143196262419224,0.00019408969092182815,0.00011623989121289924,0.00012958713341504335,0.0001430542761227116,0.00015124943456612527,0.000165795543580316,0.00013658190437126905,0.0001229621993843466,0.00031910493271425366,0.00030424422584474087,0.00028704636497423053,0.0002617481513880193,0.0001334126282017678,0.00023471697932109237,0.0002093961084028706,0.0002854967606253922,7.35763314878568e-05,0.0002709825639612973,0.0001820610195863992,0.0001944403920788318,8.848743891576305e-05,0.0003459184954408556,0.0002207904908573255,0.00020283354388084263,0.0001848071115091443,0.0001707535411696881,0.00040377231198363006,0.00023335892183240503,0.0001167956943390891,0.00015921631711535156,0.00012319805682636797,0.0001648327597649768,0.00020012279856018722,0.00020472932374104857,0.0001368242665193975,0.00023913350014481694,0.00012145730579504743,0.0003110919496975839,0.00022426513896789402,0.0001671073114266619,0.00035668991040438414,0.0001347796933259815,0.00016300086281262338
3600,0.0003575997252482921,0.00012516639253590256,0.00025535927852615714,9.831217175815254e-05,0.0003217080084141344,0.00021847848256584257,0.0001873052679002285,0.00011478047235868871,0.0002499331021681428,0.00046983399079181254,0.00026777939638122916,0.00018579693278297782,0.00018990585522260517,0.00016927444085013121,0.0004996862844564021,0.00011248319788137451,0.0002537101972848177,0.00011244707275182009,9.50290632317774e-05,0.00031363553716801107,9.059758303919807e-05,0.00014758578618057072,0.000291529024252668,0.0002172092645196244,0.00031773943919688463,8.186731429304928e-05,0.00011133617226732895,0.0003349068865645677,9.196905739372596e-05,0.0005763958906754851,0.00023853241873439401,0.0001006184465950355,8.885704301064834e-05,0.00010692278010537848,0.00016285768651869148,0.00016615290951449424,0.0002970816276501864,0.0001517299679107964,0.0003345308650750667,0.0006379593978635967,0.0001552068133605644,0.00020661800226662308,0.00011785637616412714,0.0001431455893907696,0.0004307938797865063,0.00020753014541696757,0.0001241182762896642,0.00046278766239993274,0.0005601151497103274,0.0001721365115372464
3700,0.0002436337381368503,0.00012480247823987156,9.794491052161902e-05,0.0001383909402647987,0.00019374737166799605,0.00024094365653581917,0.00015464468742720783,7.235078373923898e-05,0.00026754269492812455,0.0002042858541244641,0.00015101463941391557,8.111119677778333e-05,0.0001574870548211038,0.0001263322919839993,0.00013756690896116197,0.00016953147132880986,0.00010844004282262176,0.00011584474850678816,0.00019798008725047112,0.00021710828877985477,0.00023893405159469694,0.0001746512425597757,0.00011477035150164738,0.00011010229354724288,7.411605474771932e-05,0.0004272462974768132,0.00017970756744034588,9.329579916084185e-05,0.00012527682702057064,0.00035866472171619534,0.00010412614938104525,0.00018051403458230197,0.00040767158498056233,0.00021863688016310334,0.00015798781532794237,0.00016530933498870581,0.00022117982734926045,0.0001509159046690911,0.0001955944171641022,0.00010434453724883497,0.00013125671830493957,0.00019644810527097434,0.0002432831097394228,0.0002159449941245839,0.00015343687846325338,7.910002022981644e-05,0.0001246346946572885,0.0001731911615934223,0.00044186253217048943,0.0002530872297938913
3800,0.0004096505290362984,0.00014714698772877455,0.00024274675524793565,0.00027454979135654867,0.0002823980466928333,0.00026785500813275576,9.223345114151016e-05,9.51294059632346e-05,0.0002092914073728025,0.0002706025552470237,0.0001426597882527858,9.741541725816205e-05,0.00015935138799250126,8.449795132037252e-05,0.00015831297787372023,0.00010185917199123651,0.00019269842596258968,8.606549090472981e-05,0.00040624450775794685,0.00013814165140502155,0.0001238105323864147,0.00015760127280373126,8.836467168293893e-05,0.00012403738219290972,0.0002883252454921603,0.0002576739643700421,9.668824350228533e-05,0.00014844720135442913,0.00024842421407811344,9.263306128559634e-05,0.0001804097119020298,0.00014382040535565466,0.00041924742981791496,0.0002665888168849051,0.00018563141929917037,0.0001317941496381536,0.00015160358452703804,0.00015504183829762042,0.0001658740802668035,0.00013454610598273575,0.00023831699218135327,0.00017355187446810305,0.00013029923138674349,0.00039948945050127804,0.00013390695676207542,0.00014006569108460099,0.00017062855476979166,0.00041329997475259006,0.00039166933856904507,0.00020602467702701688
3900,7.844202627893537e-05,0.00019272963982075453,0.0002080063713947311,0.00020170293282717466,0.000129992316942662,0.0001237930846400559,8.446111314697191e-05,0.00037551322020590305,0.00016726049943827093,8.219032315537333e-05,0.0001348144287476316,9.02001847862266e-05,0.00011759644257836044,0.00011655707203317434,0.00013593067706096917,0.0001594864734215662,7.291372457984835e-05,8.865610288921744e-05,9.559890168020502e-05,0.00025066378293558955,0.00024638642207719386,0.0003689129080157727,0.0002468457678332925,0.00017767200188245624,0.00022025755606591702,0.000553729070816189,0.0003119957400485873,0.00015513875405304134,9.362966375192627e-05,0.00025942071806639433,0.00017036274948623031,0.00038058555219322443,0.00027601089095696807,7.008184911683202e-05,0.00038789032259956,0.0001163034830824472,0.0003094650455750525,0.00013462521019391716,0.00018022116273641586,0.00016725440218579024,0.00019482176867313683,0.00020758819300681353,8.66573755047284e-05,0.00021711776207666844,0.00042812031460925937,6.355778168654069e-05,0.00018314950284548104,0.00029937061481177807,0.00011472030746517703,0.0001200110127683729
4000,0.0002605367044452578,0.00015146913938224316,0.00016024720389395952,0.00035890520666725934,0.00011718271707650274,0.00040110276313498616,0.0001364422496408224,0.00017463062249589711,0.00023518527450505644,0.00014762196224182844,9.005968604469672e-05,0.0001649128826102242,0.0001403616479365155,0.0004211803898215294,0.00024504150496795774,9.351992048323154e-05,0.00024943245807662606,0.00037723343120887876,0.0001871541462605819,0.00031855402630753815,0.00022936658933758736,0.0003766283334698528,0.00023216156114358455,0.00010424530046293512,0.0001371587422909215,0.00025328213814646006,0.00011794394231401384,0.00015468543278984725,0.00016622203111182898,0.0003030133666470647,8.393645111937076e-05,0.0002486580051481724,0.0002268785610795021,0.00024627638049423695,0.00039319516508840024,0.0001395506114931777,0.00020335358567535877,9.014683746499941e-05,0.0003666468255687505,0.00028610005392692983,0.00039304245728999376,0.00017502729315310717,8.649795199744403e-05,0.00035160130937583745,0.00035908541758544743,0.0002203558397013694,0.0001239760749740526,0.0002904442371800542,0.00019680590776260942,0.00028050155378878117
4100,0.0001783879124559462,0.00016023976786527783,0.00024823565036058426,0.00018010703206527978,0.00012826337479054928,0.00017203020979650319,0.00011296825687168166,9.746578871272504e-05,0.0001887504622573033,0.0001240171113749966,0.0002094568480970338,0.000369122572010383,0.0001572140317875892,0.00010330430814065039,0.0004372237017378211,0.0001303142635151744,0.0005040501710027456,8.872075704857707e-05,0.00013066426618024707,0.00011378766794223338,9.65008293860592e-05,0.0001131265380536206,0.00029964838176965714,0.0002081225102301687,0.00018480434664525092,0.00031135338940657675,0.0001520293008070439,0.00045742516522295773,0.00022983962844591588,0.0002223437186330557,0.0004104338295292109,0.0002363656385568902,0.00013025783118791878,0.00015018749400041997,0.00034386958577670157,0.00024199862673413008,0.0005084032891318202,7.944655226310715e-05,0.00016286500613205135,0.00028201882378198206,0.00039394001942127943,0.0001902378717204556,0.00012103608605684713,0.00010912271682173014,0.00014993555669207126,0.00021143215417396277,0.00017448871221859008,0.00021886045578867197,0.00019672876805998385,0.00027469926862977445
4200,0.0001279828866245225,0.00013637809024658054,0.0002815968473441899,9.78696916718036e-05,0.0001005875164992176,0.0001688834890956059,0.0003314884379506111,0.00019198759400751442,0.00012919509026687592,0.0002774001331999898,0.00011061228724429384,0.0003078403533436358,0.00014348658442031592,0.00020728593517560512,0.00031487230444326997,0.00036153465043753386,0.00021167697559576482,0.00036910120979882777,7.720267603872344e-05,0.00010616365761961788,0.00022673490457236767,0.0003738300583790988,0.00014825889957137406,0.00022159518266562372,0.0002117996191373095,0.0003183987573720515,0.00017706910148262978,0.000367200089385733,0.0004583093395922333,0.00020018997020088136,0.0002152451197616756,0.0001804060157155618,0.0003450083895586431,0.0001260061835637316,0.00010869552352232859,0.0001165278154076077,0.0006174648297019303,0.00014570045459549874,0.000634287076536566,0.00014755142910871655,0.0006581132765859365,0.0003121989138890058,0.00012888593482784927,0.0005025055143050849,0.00019228841119911522,0.0001584232086315751,0.0001787436631275341,0.0003687881981022656,0.00016123795649036765,9.737852087710053e-05
4300,0.00018984895723406225,0.00014444661792367697,0.00014175173419062048,0.0002476988302078098,0.00015278962382581085,0.0002771965228021145,0.000139331808895804,0.00026973849162459373,0.00012046867050230503,0.00012934705591760576,0.0002214051637565717,0.00015535690181422979,0.00017465279961470515,0.00019930183771066368,0.0002867160947062075,0.0001845874940045178,0.00012109122326364741,0.0001661739661358297,0.00011846000415971503,0.00012203782534925267,0.0002563434827607125,9.960612078430131e-05,0.00022896584414411336,0.00031747747561894357,0.00013305326865520328,0.0001228508772328496,0.00013628232409246266,8.239810267696157e-05,0.0002538484404794872,0.00044275596155785024,0.00019499931659083813,0.00017211756494361907,8.427426655543968e-05,8.261736365966499e-05,0.0003314662608318031,9.943111217580736e-05,0.00014598580310121179,0.00036157877184450626,0.00016496484749950469,0.00012119755410822108,0.00028520129853859544,0.00013050247798673809,0.00021924689644947648,0.00017108161409851164,0.0003602315846364945,0.000216575208469294,0.00014608274796046317,0.00023792707361280918,0.0001410452532581985,0.0005526931490749121
4400,0.00012887724733445793,8.370577415917069e-05,0.0003000177093781531,0.00011217133578611538,0.00020005791157018393,0.00019897801394108683,0.0003658881178125739,8.582921873312443e-05,0.00013294309610500932,0.00022523764346260577,0.00037954087019898,8.541451825294644e-05,0.00020618589769583195,0.0001590526371728629,0.00034409560612402856,0.00016281756688840687,0.00017109038890339434,8.95410412340425e-05,0.0002768645354080945,0.00013413515989668667,0.00013011663395445794,0.00010987184941768646,8.542254363419488e-05,7.673100481042638e-05,0.00018263226957060397,0.00019541659276001155,6.41897349851206e-05,0.00021286842820700258,0.00019170186715200543,0.00015621336933691055,0.0001776240096660331,0.00019693949434440583,0.0005336621543392539,0.00018422018911223859,0.0001727052149362862,7.624445424880832e-05,0.00011213211109861732,0.00027384873828850687,0.00020034989574924111,0.0001171903422800824,0.00013961162767373025,0.00010987491259584203,0.00029701218591071665,8.619330037618056e-05,0.00038725516060367227,0.0001334214030066505,0.00023478208458982408,0.0006387709872797132,0.0001665787276579067,0.00024557861615903676
4500,0.00011582164734136313,0.00020749724353663623,0.00025943084619939327,0.00012171654816484079,0.00018671121506486088,0.00023038338986225426,0.00020393746672198176,0.00030082708690315485,0.0001997185026993975,0.00020009151194244623,8.399840589845553e-05,0.00025799378636293113,0.00021921505685895681,0.0002780110517051071,0.0001997592771658674,0.00044651777716353536,0.00011708516103681177,0.00012408194015733898,0.00023072984186001122,0.00017148016195278615,0.00011765595263568684,0.00022498340695165098,9.201963257510215e-05,0.0002429737796774134,0.00010346515045966953,0.0001958827197086066,0.0001463372027501464,0.00025502979406155646,0.0001060293143382296,0.00026324158534407616,9.795479127205908e-05,0.00021557090803980827,0.00018752363394014537,0.00011534871009644121,7.35150242689997e-05,0.00024595294962637126,0.00020978061365894973,0.00012347176379989833,0.0003295944188721478,9.229269198840484e-05,0.00017356137686874717,0.0001439358456991613,0.00014583357551600784,0.00011878318764502183,0.00020540862169582397,0.00027970082010142505,0.0001432747667422518,0.0002263675123685971,0.00013586106069851667,0.0003658707137219608
4600,0.00025542499497532845,0.000125022153952159,0.00013295290409587324,0.00012044737377436832,0.00011510617332533002,0.00016849534586071968,0.00014959866530261934,0.00024772892356850207,0.00020610088540706784,0.0003206060500815511,0.0002958035038318485,0.00025835196720436215,0.00014058963279239833,0.00019663666898850352,0.00011946591985179111,9.082380711333826e-05,0.0001199452017317526,0.000290516996756196,7.706390169914812e-05,0.00011092814384028316,0.00018252401787322015,0.0001387639931635931,0.0002089270274154842,0.0002908484893850982,0.00010105867113452405,0.00021289047435857356,0.0001137716171797365,0.00020555395167320967,0.00018670913414098322,0.00018913164967671037,0.00023279458400793374,0.00011659994925139472,0.00010208825551671907,0.0001567617291584611,0.00010901518544415012,0.00020461461099330336,0.0002811922167893499,8.291674021165818e-05,8.120930579025298e-05,0.00012772194168064743,7.881197961978614e-05,9.907475032377988e-05,0.00012212262663524598,0.00010384245251771063,0.00021568207012023777,0.0003408536722417921,0.00010851035767700523,0.00014632711827289313,0.0002483474381733686,0.00023332420096267015
4700,0.00012684495595749468,0.00025473261484876275,0.00027942380984313786,0.0003420696593821049,0.0003463922766968608,0.0003445542824920267,0.00028213212499395013,0.00014791863213758916,0.00041589888860471547,0.00015064113540574908,0.00038770755054429173,0.0001789841044228524,0.0004659758706111461,0.00010156172356801108,0.00030624683131463826,0.00017121325072366744,0.00034949276596307755,0.0005076978704892099,0.00023692569811828434,0.00012631225399672985,0.00011183810420334339,0.0003551890258677304,0.0002112312358804047,0.00022013219131622463,9.007149492390454e-05,0.0004257747787050903,0.0001283572637476027,0.00021988386288285255,0.00028669970924966037,7.681794522795826e-05,0.00015147481462918222,0.0001260680437553674,0.0003087061340920627,0.00025349907809868455,0.000150570398545824,0.000549446209333837,0.0002882444823626429,9.03201726032421e-05,0.00013192163896746933,0.00024777636281214654,0.00015960745804477483,0.0005217438447289169,8.541934221284464e-05,9.239681821782142e-05,0.0005932384519837797,0.0001597717055119574,0.00018361494585406035,0.0001304730394622311,0.00028429747908376157,0.000571253418456763
4800,0.00017852550081443042,0.0003411301877349615,9.249979484593496e-05,0.00027769277221523225,0.000129728636238724,0.00016892480198293924,0.0002055908553302288,0.0002616706187836826,0.00014000790542922914,0.00013289012713357806,0.00025423665647394955,0.00013182412658352405,0.0002368094283156097,0.00023884829715825617,0.0002083087747450918,0.00013442816270980984,0.0002929684123955667,0.0001900337083498016,0.00012563032214529812,0.00021227862453088164,0.00022404230549000204,0.0005348167615011334,0.0002504878502804786,0.00025402597384527326,0.0002704728103708476,0.0001434081932529807,0.00013163524272385985,0.00014090702461544424,0.00032023171661421657,0.00044353536213748157,7.415786967612803e-05,0.0003506376233417541,0.00011860790982609615,0.00017929758178070188,0.0002971647772938013,0.0003309445164632052,0.00032678613206371665,0.00041556230280548334,0.0002445126883685589,0.00015283416723832488,0.00022455901489593089,0.00019052143034059554,0.0002742960350587964,0.000248272146563977,0.00037802703445777297,0.0002329901180928573,0.00011300540791125968,0.0006439544958993793,0.0002666843356564641,0.00013346981722861528
4900,0.0003809563349932432,0.00013760215369984508,0.0003418810374569148,0.00020679317822214216,0.00011741654452634975,0.00016700325068086386,0.00030874041840434074,0.00025587479467503726,0.00018345039279665798,0.00017394528549630195,0.0001325128978351131,0.00010817829752340913,0.00012364250142127275,0.00023855574545450509,0.00019488965335767716,0.00013453926658257842,9.711504389997572e-05,0.0003207596600987017,0.00020653943647630513,0.00010117497731698677,0.00013286739704199135,0.00013131735613569617,0.00022845706553198397,0.0001275274553336203,8.697037264937535e-05,0.0004134805640205741,0.00014939779066480696,0.00048666162183508277,0.00020608458726201206,0.00025309776538051665,0.00010388221562607214,0.0001282729790546,0.00012824764417018741,0.00010459974146215245,0.00024215152370743454,8.97377249202691e-05,0.0004507420235313475,8.770682325121015e-05,0.00010167077562073246,0.0001570663443999365,9.972073166863993e-05,0.00013488679542206228,0.0002610480587463826,0.00019600545056164265,0.0004094649339094758,0.00020616059191524982,9.713276085676625e-05,0.0001759322767611593,0.00015520022134296596,0.0002275542210554704
5000,9.938982839230448e-05,0.0003534676507115364,0.00029395255842246115,0.0001494107855251059,0.00015940777666401118,0.00023465229605790228,0.00012601542402990162,0.00016552377201151103,0.00010921946523012593,0.00030113349203020334,0.00016836328723002225,0.00023968487221281976,0.00018014873785432428,0.00015333846386056393,0.0001599665847606957,0.00015041673032101244,0.00010257530811941251,0.0001025354940793477,0.00035596347879618406,8.989732305053622e-05,0.0001267612533411011,0.00018494034884497523,0.0003410250064916909,0.0002513215004000813,0.00011339114280417562,7.00656819390133e-05,0.00011684401397360489,0.0002847917494364083,0.0002803114184644073,0.0001873350702226162,0.00012072209210600704,0.0002699746983125806,0.00017819387721829116,0.00023645473993383348,0.00025859562447294593,0.0001896493195090443,8.521319250576198e-05,0.00023717156727798283,0.00015525428170803934,0.00019936727767344564,0.00022366203484125435,0.00016391815734095871,0.00016435237193945795,0.00015641270147170871,0.0003978739841841161,8.09732882771641e-05,8.722920756554231e-05,0.0004795507702510804,0.000419409858295694,0.0006054159021005034
5100,0.00029755046125501394,0.0001552473404444754,0.00010898544132942334,0.00016249292821157724,0.000413767178542912,0.00010519436182221398,0.00013076838513370603,0.00019528783741407096,0.00030378103838302195,9.005236643133685e-05,0.0004865339142270386,0.0002519623376429081,0.0003704132104758173,0.0002197490684920922,9.149024845100939e-05,0.0001134967606049031,0.00014143290172796696,0.00014249446394387633,0.00019923759100493044,0.0002941689162980765,0.0001545179693493992,0.00023218922433443367,9.914494876284152e-05,0.00014985589950811118,0.00022174678451847285,0.00023672220413573086,0.00017714065324980766,0.00030715041793882847,0.0003425465547479689,0.00015328558220062405,0.00018775872013065964,0.00020579608099069446,0.00022546750551555306,0.0002688151434995234,0.00018802013073582202,7.946741970954463e-05,0.00017429105355404317,0.0001082584640244022,0.0001121911482186988,0.00047693029046058655,0.00013455945008900017,0.00018104388436768204,0.00012439381680451334,8.560821879655123e-05,0.00019463329226709902,0.00010284750169375911,0.00016401153698097914,0.00023372327268589288,0.0003976432781200856,0.00029714498668909073
5200,0.0002898381499107927,0.00011798440391430631,0.000317479862133041,0.0002687866217456758,0.00011499052925501019,0.00016431983385700732,0.00020606305042747408,0.00023735013382975012,0.00015583635831717402,9.767986193764955e-05,0.0002467116282787174,0.0003430477518122643,0.0001851867709774524,0.00020000108634121716,0.000254364509601146,0.0001392235717503354,0.00010527792619541287,0.0003392157086636871,8.374395110877231e-05,0.00025880231987684965,0.00017914260388351977,0.0001175095239887014,9.783272980712354e-05,8.712631097296253e-05,0.00012809578038286418,0.00024393689818680286,0.00029025020194239914,0.00012422401050571352,0.00021525469492189586,0.0001242771977558732,0.00029284023912623525,0.0001574931084178388,0.00040979968616738915,0.0004435201408341527,0.00011736988381017,0.00017755974840838462,0.0004375634016469121,0.0001981252571567893,0.00023302680347114801,0.00022604445985052735,0.00017396661860402673,0.00021405608276836574,0.00020546949235722423,0.0004129665612708777,0.00031782840960659087,0.00011541185813257471,9.639786730986089e-05,0.00015943597827572376,0.00031006353674456477,0.00029057468054816127
