step,channel_159,channel_624,channel_668,channel_825,channel_838,channel_822,channel_289,channel_388,channel_693,channel_256,channel_293,channel_238,channel_517,channel_629,channel_167,channel_694,channel_823,channel_449,channel_580,channel_459,channel_608,channel_502,channel_133,channel_561,channel_468,channel_374,channel_615,channel_882,channel_60,channel_572,channel_371,channel_252,channel_422,channel_762,channel_644,channel_73,channel_652,channel_648,channel_538,channel_497,channel_395,channel_592,channel_582,channel_717,channel_639,channel_512,channel_546,channel_436,channel_222,channel_286
0,4.174806690571131e-06,4.263783011992928e-06,5.890747161174659e-06,6.9115631049498916e-06,5.30433862877544e-06,4.0469035411661025e-06,7.050081421766663e-06,5.882234745513415e-06,5.508871254278347e-06,8.198874638765119e-06,5.5401783356501255e-06,5.144261194800492e-06,4.540441750577884e-06,8.091115887509659e-06,5.519475507753668e-06,1.5539591913693585e-05,8.331479875778314e-06,8.294749022752512e-06,5.399958354246337e-06,6.487579867098248e-06,5.7650372582429554e-06,7.336581802519504e-06,5.559193141380092e-06,9.85271981335245e-06,6.210409082996193e-06,1.196804441860877e-05,1.0289821148035116e-05,1.3905961168347858e-05,1.08013664430473e-05,6.375084922183305e-06,6.896944341860944e-06,1.2500665434345137e-05,8.348013579961844e-06,6.44755255052587e-06,2.1446692699100822e-05,6.583295089512831e-06,9.950805178959854e-06,5.713372956961393e-06,6.389968802977819e-06,5.6562362260592636e-06,7.996393833309412e-06,1.1243717381148599e-05,1.5216935025819112e-05,6.0840125115646515e-06,1.4308956451714039e-05,1.0799762094393373e-05,5.3978492360329255e-06,7.986574928509071e-06,1.1336745046719443e-05,1.3946394574304577e-05
100,1.9704044461832382e-05,1.85610606422415e-05,1.8893029846367426e-05,1.3258164472063072e-05,1.9773407984757796e-05,2.1008645489928313e-05,1.9849228920065798e-05,2.063483771053143e-05,2.6033170797745697e-05,2.6546258595772088e-05,2.7055019018007442e-05,2.5451679903198965e-05,2.7598482120083645e-05,2.8122398362029344e-05,2.825558840413578e-05,2.8409287551767193e-05,2.788526217045728e-05,3.074575215578079e-05,3.152163480990566e-05,2.9654762329300866e-05,3.110478428425267e-05,2.71874505415326e-05,3.252078386140056e-05,3.291459142928943e-05,3.365421071066521e-05,3.455752448644489e-05,3.329836545162834e-05,3.344563447171822e-05,3.407835902180523e-05,3.421604196773842e-05,3.628054037108086e-05,3.500554521451704e-05,3.289407686679624e-05,3.447473864071071e-05,3.3554046240169555e-05,3.437636041780934e-05,3.765707879210822e-05,3.58564211637713e-05,3.7764340959256515e-05,3.77663855033461e-05,3.6906498280586675e-05,3.691508754855022e-05,3.851029759971425e-05,3.71559253835585e-05,3.728541196323931e-05,3.8453810702776536e-05,3.775868026423268e-05,3.8255093386396766e-05,3.882477176375687e-05,3.8893715100130066e-05
200,1.7426749764126725e-05,1.979209810087923e-05,1.7196067346958444e-05,1.3492232938006055e-05,2.046027293545194e-05,2.0019069779664278e-05,2.1847448806511238e-05,1.9133554815198295e-05,2.362786835874431e-05,2.45128740061773e-05,2.637780380609911e-05,2.661925282154698e-05,2.7317091735312715e-05,2.6322115445509553e-05,2.7180549295735545e-05,3.025436853931751e-05,2.7534983018995263e-05,3.0743332899874076e-05,2.6799441911862232e-05,2.9305809221114032e-05,3.0008533940417692e-05,3.1979900086298585e-05,3.0243121727835387e-05,3.170972195221111e-05,3.4544609661679715e-05,3.4146887628594413e-05,3.472608295851387e-05,3.450355870882049e-05,3.237716373405419e-05,3.5750192182604223e-05,3.6051118513569236e-05,3.531698530423455e-05,3.6445864679990336e-05,3.421991641516797e-05,3.3612999686738476e-05,3.745529102161527e-05,3.57773678842932e-05,3.552809721441008e-05,3.7733079807367176e-05,3.708693839143962e-05,3.8348687667166814e-05,3.602298238547519e-05,3.558288517524488e-05,3.7791836803080514e-05,3.761407424462959e-05,3.741620821529068e-05,3.868573548970744e-05,3.793625728576444e-05,3.7776513636345044e-05,3.6133376852376387e-05
300,1.904618511616718e-05,1.8681528672459535e-05,1.9951146896346472e-05,1.603965210961178e-05,1.8709739379119128e-05,2.1466023099492304e-05,1.7792641301639378e-05,2.2609572624787688e-05,2.6103589334525168e-05,2.6550875190878287e-05,2.772925108729396e-05,2.9094562705722637e-05,3.0134839107631706e-05,3.0164434065227397e-05,3.070353341172449e-05,3.071516039199196e-05,3.090070094913244e-05,3.1496765586780384e-05,3.0986560886958614e-05,3.155796730425209e-05,3.196614488842897e-05,3.0906237952876836e-05,3.127515810774639e-05,3.3041087590390816e-05,3.3810869354056194e-05,3.404637027415447e-05,3.517499135341495e-05,3.555224975571036e-05,3.5819215554511175e-05,3.6248424294171855e-05,3.420525536057539e-05,3.6292207369115204e-05,3.4863925975514576e-05,3.687821299536154e-05,3.71991736756172e-05,3.5394870792515576e-05,3.554732757038437e-05,3.768701571971178e-05,3.7551111745415255e-05,3.7191141018411145e-05,3.7745201552752405e-05,3.840204226435162e-05,3.52360111719463e-05,3.859054413624108e-05,3.861078585032374e-05,3.865939288516529e-05,3.826363536063582e-05,3.8816109736217186e-05,3.497402212815359e-05,3.8536396459676325e-05
400,8.803165655990597e-06,1.0695201126509346e-05,8.727318345336244e-06,8.070310286711901e-06,9.775403668754734e-06,1.0592263606667984e-05,1.0513920642551966e-05,1.1654688023554627e-05,1.5214105587801896e-05,1.27662724480615e-05,1.43644929266884e-05,1.4093959180172533e-05,1.4458821169682778e-05,1.439817151549505e-05,1.6017676898627542e-05,1.6343443348887376e-05,1.543071266496554e-05,1.560940290801227e-05,1.5423491277033463e-05,1.5987961887731217e-05,1.7263768313569017e-05,1.5088243344507646e-05,1.5776906366227195e-05,1.710824108158704e-05,1.7110838598455302e-05,1.9358039935468696e-05,1.8898703274317086e-05,1.6984184185275808e-05,1.7489155652583577e-05,1.951037484104745e-05,1.8505055777495727e-05,1.9645576685434207e-05,2.132822737621609e-05,2.0282446712371893e-05,1.9796005290118046e-05,1.8388867829344235e-05,1.6932708604144864e-05,1.7878108337754384e-05,2.0399662389536388e-05,2.1045127141405828e-05,2.0174877136014402e-05,1.8916965927928686e-05,1.9405379134695977e-05,1.932660597958602e-05,2.1306110284058377e-05,2.0954055798938498e-05,1.9263952708570287e-05,1.900878851301968e-05,2.2046580852475017e-05,2.092794602504e-05
500,9.923493053065613e-06,1.0624325113894884e-05,9.369108738610521e-06,6.916260190337198e-06,1.044936834659893e-05,1.0889827535720542e-05,9.922283425112255e-06,1.0915195161942393e-05,1.2977438018424436e-05,1.3464051335176919e-05,1.3958510862721596e-05,1.6068079276010394e-05,1.3681732525583357e-05,1.4425685549213085e-05,1.6905869415495545e-05,1.674668055784423e-05,1.4860194823995698e-05,1.604916360520292e-05,1.5842035281821154e-05,1.535166666144505e-05,2.012454206123948e-05,1.6665246221236885e-05,1.638374487811234e-05,1.5363564671133645e-05,1.5896863260422833e-05,1.899470044008922e-05,1.64154280355433e-05,1.7070135072572157e-05,1.7905986169353127e-05,2.016279540839605e-05,1.7557382307131775e-05,1.79804064828204e-05,1.6808380678412504e-05,1.705516842775978e-05,1.895567766041495e-05,2.0348761609056965e-05,1.9544773749657907e-05,1.9565142792998813e-05,2.095232230203692e-05,1.9389059161767364e-05,1.995420279854443e-05,2.047855559794698e-05,1.768797119439114e-05,2.1583595298579894e-05,2.005102578550577e-05,1.9517859982443042e-05,2.2337326299748383e-05,1.901014184113592e-05,1.9505676391418092e-05,1.9319959392305464e-05
600,8.857680768414866e-06,9.011816473503131e-06,1.0844866665138397e-05,6.9051229729666375e-06,9.089514605875593e-06,9.453405255044345e-06,9.576647244102787e-06,1.0064472917292733e-05,1.2997332305531017e-05,1.392950343870325e-05,1.3275812307256274e-05,1.3213109014031943e-05,1.4430916053242981e-05,1.5406905731651932e-05,1.4789114175073337e-05,1.5285335393855348e-05,1.5421252101077698e-05,1.5162999261519872e-05,1.5655419701943174e-05,1.4474422641796991e-05,1.6585190678597428e-05,1.7564883819431998e-05,1.5213150618365034e-05,1.597175833012443e-05,1.7043654224835336e-05,1.787601831892971e-05,1.9141494703944772e-05,1.791595968825277e-05,1.760497070790734e-05,1.7977106836042367e-05,1.7258269508602098e-05,1.72762247530045e-05,1.6414809579146095e-05,1.8938495486509055e-05,1.8401082343189046e-05,1.7683891201158985e-05,1.652475111768581e-05,1.832059570006095e-05,2.0151577700744383e-05,1.7273934645345435e-05,1.82126368599711e-05,1.8610238839755766e-05,1.758338839863427e-05,1.8902852389146574e-05,1.8100987290381454e-05,1.8408880350762047e-05,1.7897504221764393e-05,1.9121429431834258e-05,1.8529764929553494e-05,1.8644012016011402e-05
700,1.0665379704732914e-05,9.840829079621471e-06,1.1332531357766129e-05,1.0488128282304388e-05,1.1284529136901256e-05,1.1802021617768332e-05,1.2319405868765898e-05,1.3861066690878943e-05,1.4161140825308394e-05,1.6299978597089648e-05,1.390044781146571e-05,1.3748987839790061e-05,1.340149810857838e-05,1.5019132661109325e-05,1.6157240679604e-05,1.6562202290515415e-05,1.5165812328632455e-05,1.7687005311017856e-05,1.669701305218041e-05,1.5929321307339706e-05,1.4972426470194478e-05,1.4066046787775122e-05,1.65879973792471e-05,1.7961840057978407e-05,1.7208492863574065e-05,1.782917206583079e-05,1.8069653378915973e-05,1.838016942201648e-05,1.7947460946743377e-05,1.8352193364989944e-05,1.8795217329170555e-05,1.727938615658786e-05,1.393141701555578e-05,1.961857924470678e-05,2.0221415979904123e-05,1.659722147451248e-05,1.8183673091698438e-05,1.79082289832877e-05,1.815190989873372e-05,1.911957770062145e-05,1.849959335231688e-05,2.072357528959401e-05,1.8517610442359e-05,1.8472797819413245e-05,1.8825328879756853e-05,2.248214696010109e-05,1.8859844203689136e-05,1.953244282049127e-05,1.9166474885423668e-05,1.9923383661080152e-05
800,8.513246939401142e-06,1.0079162166221067e-05,7.818131962267216e-06,6.221124749572482e-06,9.329241038358305e-06,9.466288247494958e-06,1.0177142939937767e-05,1.0511677828617394e-05,1.1544640983629506e-05,1.332908414042322e-05,1.4066328731132671e-05,1.2022899682051502e-05,1.3212468729761895e-05,1.2733273251797073e-05,1.302453256357694e-05,1.4474434465228114e-05,1.5052160051709507e-05,1.4652959180239122e-05,1.4614787687605713e-05,1.3503398804459721e-05,1.597148184373509e-05,1.45985195558751e-05,1.962265196198132e-05,1.4100953194429167e-05,1.6406545910285786e-05,1.5249633179337252e-05,1.7605945686227642e-05,1.8523624021327123e-05,1.6696258171577938e-05,1.6711075659259222e-05,2.0356159438961186e-05,1.5801104382262565e-05,1.620551665837411e-05,1.815488030842971e-05,1.6634676285320893e-05,1.796712604118511e-05,1.7047594155883417e-05,1.795416756067425e-05,2.00799222511705e-05,1.8850929336622357e-05,2.0631843653973192e-05,1.9092116417596117e-05,1.6346033589798026e-05,1.9942355720559135e-05,1.8738808648777194e-05,1.8234484741697088e-05,1.8785747670335695e-05,1.8642624127096497e-05,2.240215144411195e-05,1.8285607438883744e-05
900,9.599822078598663e-06,9.608786967874039e-06,9.997402230510488e-06,7.733324309810996e-06,9.510687050351407e-06,1.0584471965557896e-05,9.333190973848104e-06,1.0137934623344336e-05,1.292193974222755e-05,1.2912400961795356e-05,1.4333183571579866e-05,1.4131777788861655e-05,1.370779409626266e-05,1.4162342267809436e-05,1.5410743799293414e-05,1.5627058019163087e-05,1.3591854440164752e-05,1.919992246257607e-05,1.5781155525473878e-05,1.4011183338880073e-05,1.578514275024645e-05,1.7863680113805458e-05,1.559405427542515e-05,1.628236350370571e-05,1.6325335309375077e-05,1.8093176549882628e-05,1.6779571524239145e-05,1.926494405779522e-05,1.7165595636470243e-05,1.754438562784344e-05,1.8508446373743936e-05,1.9212007828173228e-05,1.5464007447008044e-05,1.948855242517311e-05,1.6616144421277568e-05,1.645889824430924e-05,1.7641565136727877e-05,1.8322924006497487e-05,2.084830884996336e-05,1.7319689504802227e-05,1.9131175577058457e-05,2.0435061742318794e-05,1.8535283743403852e-05,1.8589174942462705e-05,1.9602226529968902e-05,1.8803564671543427e-05,1.8512066162656993e-05,2.22524340642849e-05,1.808596971386578e-05,1.8348393496125937e-05
1000,1.0276358807459474e-05,1.0970305083901621e-05,1.0885668416449334e-05,7.646765880053863e-06,1.1175634426763281e-05,1.091059766622493e-05,1.0794340596476104e-05,1.1903843187610619e-05,1.3758943168795668e-05,1.3848181879438926e-05,1.4213996109901927e-05,1.4286221812653821e-05,1.6173800759133883e-05,1.5619987607351504e-05,1.5220253771985881e-05,1.767098729033023e-05,1.5768851881148294e-05,1.75479563040426e-05,1.6381578461732715e-05,1.4185825421009213e-05,1.6999454601318575e-05,1.5899820937193e-05,1.868903018475976e-05,1.6629803212708794e-05,1.6316582332365215e-05,1.7016243873513304e-05,1.7328995454590768e-05,1.8833390640793368e-05,1.80958813871257e-05,1.7998278053710237e-05,1.746497036947403e-05,1.7657133867032826e-05,1.782234357960988e-05,1.834356771723833e-05,2.0113295249757357e-05,1.9430037355050445e-05,2.0321640477050096e-05,1.8680866560316645e-05,2.1360132450354286e-05,1.9692466594278812e-05,2.11447859328473e-05,2.109273918904364e-05,2.023688648478128e-05,1.9322407752042636e-05,1.981802961381618e-05,2.1778549125883728e-05,2.0506720829871483e-05,2.1404526705737226e-05,2.062607745756395e-05,2.1120713427080773e-05
1100,8.144567800627556e-06,9.828333531913813e-06,9.171994861389976e-06,6.934596058272291e-06,9.983412383007817e-06,1.031077317747986e-05,9.695510016172193e-06,1.0130896953342017e-05,1.2576385415741242e-05,1.4047222975932527e-05,1.3906671483709943e-05,1.374576095258817e-05,1.3808562471240293e-05,1.4513866517518181e-05,1.3515611499315128e-05,1.554393929836806e-05,1.4663867659692187e-05,1.4461037608270999e-05,1.581541437190026e-05,1.5145934412430506e-05,1.74343804246746e-05,1.680563400441315e-05,1.601051008037757e-05,1.574243106006179e-05,1.5917672499199398e-05,1.635603439353872e-05,1.6940824934863485e-05,1.9961542420787737e-05,1.8622426068759523e-05,1.8321947209187783e-05,1.821442310756538e-05,1.7754340660758317e-05,1.742763015499804e-05,2.016865801124368e-05,2.0492121620918624e-05,1.9504212104948238e-05,2.002406290557701e-05,1.7192842278745957e-05,2.0803548977710307e-05,1.983194670174271e-05,2.0383002265589312e-05,1.8524553524912335e-05,2.147073610103689e-05,2.0066683646291494e-05,2.0993707948946394e-05,1.8841570636141114e-05,2.1096471755299717e-05,2.070251684926916e-05,2.1125792045495473e-05,2.1004792870371602e-05
1200,8.930761396186426e-06,1.0164260856981855e-05,9.601483725418802e-06,7.875157280068379e-06,1.1363994417479262e-05,9.473740647081286e-06,9.628507541492581e-06,1.2393527867970988e-05,1.2418117876222823e-05,1.2859652997576632e-05,1.4029350495547988e-05,1.5500532754231244e-05,1.4218750038708095e-05,1.3345159459277056e-05,1.544012593512889e-05,1.46681322803488e-05,1.4046999240235891e-05,1.6245836377493106e-05,1.4450082744588144e-05,1.5950379747664556e-05,1.5927629647194408e-05,1.7180764189106412e-05,1.657709617575165e-05,1.3344495528144762e-05,1.5472722225240432e-05,1.725354559312109e-05,1.7168536942335777e-05,1.8005992387770675e-05,1.7604377717361785e-05,1.7886302885017358e-05,1.7322385247098282e-05,1.791067552403547e-05,1.6217614756897092e-05,1.8778318917611614e-05,1.865411104517989e-05,1.688718475634232e-05,1.6912696082727052e-05,1.821782461775001e-05,1.902024268929381e-05,2.0747786038555205e-05,1.837034687923733e-05,1.8258466297993436e-05,1.800919562811032e-05,1.8563310732133687e-05,1.934062129294034e-05,2.1079435100546107e-05,1.8997827282873914e-05,1.9242494090576656e-05,1.7880329323816113e-05,1.872294524218887e-05
1300,9.843939551501535e-06,1.0934649253613316e-05,9.784820576896891e-06,1.0025023584603332e-05,1.0708328773034737e-05,1.155676454800414e-05,1.0235321497020777e-05,1.2137574231019244e-05,1.2735115888062865e-05,1.4644538168795407e-05,1.7988730178331025e-05,1.4212440873961896e-05,1.4232058674679138e-05,1.574537054693792e-05,1.5878005797276273e-05,1.6088322809082456e-05,2.0258787117199972e-05,1.766030618455261e-05,1.7490725440438837e-05,1.472819803893799e-05,1.762044666975271e-05,1.5598883692291565e-05,1.7434111214242876e-05,1.5303585314541124e-05,1.9290298951091245e-05,2.0993251382606104e-05,1.7137665054178797e-05,2.3954278731252998e-05,1.7478065274190158e-05,2.021733052970376e-05,2.5922721761162393e-05,2.006706017709803e-05,1.7428717910661362e-05,2.0413424863363616e-05,1.7690103049972095e-05,2.030069663305767e-05,1.8796268705045804e-05,1.6302095900755376e-05,1.9880806576111354e-05,1.9817354768747464e-05,2.2862428522785194e-05,2.3789863917045295e-05,2.0478142687352374e-05,2.1195995941525325e-05,2.0211116861901246e-05,1.9605509805842303e-05,2.291771670570597e-05,2.2059532057028264e-05,2.0737479644594714e-05,2.0637658963096328e-05
1400,8.268466444860678e-06,1.0118816135218367e-05,9.622223842598032e-06,7.032647772575729e-06,9.639391464588698e-06,1.0538012247707229e-05,1.0237068636342883e-05,1.0008279787143692e-05,1.2750481801049318e-05,1.2904752111353446e-05,1.4415958503377624e-05,1.3821397260471713e-05,1.4688870578538626e-05,1.622098352527246e-05,1.44552923302399e-05,1.551777677377686e-05,1.5086442544998135e-05,1.5074801012815442e-05,1.453539607609855e-05,1.5542655091849156e-05,1.6564801626373082e-05,1.5735335182398558e-05,1.5302750398404896e-05,1.5556690414086916e-05,1.690247154328972e-05,1.842354868131224e-05,1.528744542156346e-05,1.7278767700190656e-05,1.8871362044592388e-05,1.7191929146065377e-05,2.04708194360137e-05,1.683265872998163e-05,1.6168225556612015e-05,1.938483001140412e-05,1.8191065464634448e-05,1.8348557205172256e-05,1.8254033420816995e-05,1.880873787740711e-05,1.9294879166409373e-05,1.9930479538743384e-05,1.9945748135796748e-05,1.9288272596895695e-05,1.8101080058841035e-05,1.8735592675511725e-05,2.158463394152932e-05,2.3243655959959142e-05,1.944898031069897e-05,2.1620524421450682e-05,1.7683643818600103e-05,1.9423292542342097e-05
1500,9.195144230034202e-06,8.995231837616302e-06,9.502664397587068e-06,8.317935680679511e-06,1.0883964023378212e-05,1.0564976946625393e-05,9.639460586186033e-06,1.0305174328095745e-05,1.2475697985792067e-05,1.3144484000804368e-05,1.5135802641452756e-05,1.3968807252240367e-05,1.2901057743874844e-05,1.547446117911022e-05,1.63067761604907e-05,1.5255523976520635e-05,1.3945712453278247e-05,1.704593341855798e-05,1.4358026419358794e-05,1.4756514246982988e-05,1.7832797311712056e-05,1.5051296941237524e-05,1.751555100781843e-05,1.601353687874507e-05,1.6970721844700165e-05,1.783176776370965e-05,1.5376670489786193e-05,1.8396633095107973e-05,1.706427246972453e-05,1.775016608007718e-05,1.7522728740004823e-05,1.7961690900847316e-05,1.715381586109288e-05,1.7288153685512953e-05,1.9083867300651036e-05,1.8112708858097903e-05,1.7453634427511133e-05,1.651603633945342e-05,1.92636525753187e-05,1.8094728147843853e-05,1.9155238987877965e-05,1.9363871615496464e-05,1.9665987565531395e-05,1.8838154574041255e-05,2.2119706045486964e-05,2.006443537538871e-05,1.9449094907031395e-05,2.0364470401545987e-05,1.960484587471001e-05,1.9203393094358034e-05
1600,9.007427252072375e-06,1.1287042980256956e-05,8.654840712551959e-06,6.631546966673341e-06,1.03466518339701e-05,1.1184110917383805e-05,9.505360139883123e-06,1.1294711839582305e-05,1.2331240213825367e-05,1.4403159184439573e-05,1.4510611435980536e-05,1.4851098967483267e-05,1.2145658729423303e-05,1.5325531421694905e-05,1.4638936590927187e-05,1.5627607353962958e-05,1.5725838238722645e-05,1.655684354773257e-05,1.598630115040578e-05,1.4833224668109324e-05,1.8401553461444564e-05,1.6667218005750328e-05,1.784328924259171e-05,1.5486131815123372e-05,1.568277002661489e-05,1.8077265849569812e-05,1.7054488125722855e-05,1.7764445146895014e-05,1.921560033224523e-05,1.8050159269478172e-05,1.8129529053112492e-05,1.825792969611939e-05,1.8112192265107296e-05,1.7148724509752356e-05,1.8604445358505473e-05,1.8915043256129138e-05,1.799903839128092e-05,1.9053457435802557e-05,2.275617589475587e-05,2.0288609448471107e-05,1.7916589058586396e-05,1.8379068933427334e-05,1.8913255189545453e-05,1.815269388316665e-05,1.994327067222912e-05,1.7825537725002505e-05,1.9423678168095648e-05,2.1014711819589138e-05,1.9474837245070376e-05,1.8828393876901828e-05
1700,8.535395863873418e-06,9.864575076790061e-06,7.980610462254845e-06,6.145748557173647e-06,8.511849955539219e-06,9.865673746389803e-06,1.0206535989709664e-05,1.2891543519799598e-05,1.2382234672259074e-05,1.4432672287512105e-05,1.3939832570031285e-05,1.4162073966872413e-05,1.4468741028395016e-05,1.4791589819651563e-05,1.4430621376959607e-05,1.6805661289254203e-05,1.4688950614072382e-05,1.5490351870539598e-05,1.5226950381475035e-05,1.4776273019379005e-05,1.7067199223674834e-05,1.658112887525931e-05,1.6203241102630273e-05,1.6185183994821273e-05,1.6448286260128953e-05,1.695552964520175e-05,1.540956145618111e-05,1.7507423763163388e-05,1.693068588792812e-05,1.735810292302631e-05,1.741799496812746e-05,1.6408665032940917e-05,1.6974743630271405e-05,1.7360624042339623e-05,1.9219733076170087e-05,1.715881808195263e-05,1.918732959893532e-05,2.008608316828031e-05,1.91781364264898e-05,1.8130007447325625e-05,1.9453485947451554e-05,2.122242221958004e-05,1.8702485249377787e-05,1.8951915990328416e-05,1.8484128304407932e-05,1.7869373550638556e-05,1.7658527212915942e-05,2.030653558904305e-05,1.9963419617852196e-05,1.6632970073260367e-05
1800,8.939603503677063e-06,1.1212328900001012e-05,8.31053239380708e-06,7.787480171828065e-06,1.1052658010157757e-05,1.14127478809678e-05,1.2644150956475642e-05,1.1112221727671567e-05,1.4101721717452165e-05,1.3752298400504515e-05,1.633797728572972e-05,1.5575807992718183e-05,1.603357304702513e-05,1.5366607840405777e-05,1.5960429664119147e-05,1.67398429766763e-05,1.637599962123204e-05,1.8479322534403764e-05,1.793137562344782e-05,1.5172575331234839e-05,1.8524106053519063e-05,1.4025843483977951e-05,1.884740595414769e-05,1.7860107618616894e-05,1.645857992116362e-05,1.8342363546253182e-05,1.6171215975191444e-05,1.821965088311117e-05,1.9567194613046013e-05,1.9559849533834495e-05,1.9427678125794046e-05,1.8505064872442745e-05,1.7209891666425392e-05,2.1134212147444487e-05,1.8776734577841125e-05,1.8761944375000894e-05,1.8548484149505384e-05,2.0366027456475422e-05,2.0026995116495527e-05,2.0737550585181452e-05,2.2799016733188182e-05,1.953798346221447e-05,2.0394003513501957e-05,1.9053570213145576e-05,1.8800774341798387e-05,2.1365687643992715e-05,1.9825933122774586e-05,2.0459699953789823e-05,1.9821320165647194e-05,2.0587493054335937e-05
1900,9.17446413950529e-06,9.803989996726159e-06,1.021269508783007e-05,6.827622655691812e-06,1.1425839147705119e-05,1.1168203855049796e-05,1.1298898243694566e-05,1.2908484677609522e-05,1.3885131920687854e-05,1.3455430234898813e-05,1.4962159184506163e-05,1.4471876056632027e-05,1.6338686691597104e-05,1.3010961993131787e-05,1.4731746887264308e-05,1.7155009118141606e-05,1.641323251533322e-05,1.731677730276715e-05,1.6107553165056743e-05,1.3782014320895541e-05,1.512310791440541e-05,1.495148717367556e-05,1.647174940444529e-05,1.813184644561261e-05,1.6230229448410682e-05,1.8450566130923107e-05,1.7146809113910422e-05,1.9858989617205225e-05,1.6807554857223295e-05,1.7444237528252415e-05,1.8943064787890762e-05,1.8247343177790754e-05,1.711588083708193e-05,1.6924890587688424e-05,1.8234220988233574e-05,1.745761437632609e-05,1.769899063219782e-05,1.9482120478642173e-05,2.0411654986673966e-05,1.9794333638856187e-05,2.0638051864807494e-05,1.9701548808370717e-05,2.1023615772719495e-05,1.9820059605990537e-05,2.0604442397598177e-05,2.2195772544364445e-05,1.8949607692775317e-05,2.152847264369484e-05,2.0444900656002574e-05,2.0965093426639214e-05
2000,1.3342641977942549e-05,1.2932970093970653e-05,9.735784260556102e-06,7.3621499723230954e-06,1.1371302207408007e-05,1.1835087207145989e-05,1.1052088666474447e-05,1.339784557785606e-05,1.343476014881162e-05,1.473524662287673e-05,2.11118531296961e-05,1.491356761107454e-05,1.4518946045427583e-05,1.8944594557979144e-05,1.5128005543374456e-05,1.9151726519339718e-05,2.495249100320507e-05,1.7699017917038873e-05,1.9864408386638388e-05,2.040338222286664e-05,1.8120106688002124e-05,2.088485962303821e-05,1.6353744285879657e-05,1.827034429879859e-05,2.3733065972919576e-05,2.339728962397203e-05,2.297729588462971e-05,2.0171621144982055e-05,2.012338154600002e-05,2.052765375992749e-05,2.5437204385525547e-05,1.8303782781003974e-05,1.8811428162734956e-05,1.935897125804331e-05,2.2691505364491604e-05,1.8441243810229935e-05,3.0668819817947224e-05,1.9760565919568762e-05,2.2375266780727543e-05,2.341293657082133e-05,2.0009223590022884e-05,2.5785435354919173e-05,2.494129330443684e-05,1.9192042600479908e-05,2.183251126552932e-05,3.166356691508554e-05,2.193252475990448e-05,2.013772973441519e-05,3.76278258045204e-05,2.2450609321822412e-05
2100,9.077507456822786e-06,1.0190042303293012e-05,9.481113920628559e-06,6.900934295117622e-06,1.0036387720901985e-05,1.0872794518945739e-05,9.7706151791499e-06,1.117373540182598e-05,1.2886911463283468e-05,1.2622374924831092e-05,1.4752681636309717e-05,1.5474719475605525e-05,1.3720265997108072e-05,1.458321730751777e-05,1.4262657714425586e-05,1.554429400130175e-05,1.5159243957896251e-05,1.6504454833921045e-05,1.687210169620812e-05,1.643978430365678e-05,1.6966634575510398e-05,1.7253907572012395e-05,1.8525794075685553e-05,1.662215800024569e-05,1.7387721527484246e-05,1.71783976838924e-05,1.855944901762996e-05,1.834058821259532e-05,1.9139171854476444e-05,1.75262575794477e-05,1.942982999025844e-05,1.8889089915319346e-05,1.7061909602489322e-05,1.9015618818229996e-05,1.939999492606148e-05,1.7254189515369944e-05,1.926326149259694e-05,2.1759855371783487e-05,2.0716099243145436e-05,1.816800249798689e-05,1.9762623196584173e-05,2.248573764518369e-05,1.9252276615588926e-05,2.2776877813157625e-05,1.9671111658681184e-05,2.0323763237684034e-05,2.1574249331024475e-05,2.0177983969915658e-05,1.8212773284176365e-05,1.9003544366569258e-05
2200,8.738338692637626e-06,1.0011539416154847e-05,1.109165259549627e-05,9.447829143027775e-06,1.1914923561562318e-05,1.208780759043293e-05,1.253413392987568e-05,1.0817856491485145e-05,1.3915639101469424e-05,1.401272038492607e-05,1.426306516805198e-05,1.4691394426336046e-05,1.4646674571849871e-05,1.5368248568847775e-05,1.6023475836846046e-05,1.535742740088608e-05,1.6948428310570307e-05,1.7891601601149887e-05,1.735632395138964e-05,1.496649747423362e-05,1.8318905858905055e-05,1.7480886526755057e-05,1.5845487723709084e-05,1.6098249034257606e-05,1.606600926606916e-05,2.0316485461080447e-05,1.766917011991609e-05,1.8515249394113198e-05,1.87252680916572e-05,1.618681926629506e-05,1.991311182791833e-05,1.8176944649894722e-05,1.814731331251096e-05,1.8845756130758673e-05,1.761923158483114e-05,2.1198033209657297e-05,1.8489561625756323e-05,1.817072188714519e-05,2.1441024728119373e-05,2.324225533811841e-05,2.109307206410449e-05,1.8441223801346496e-05,1.906185752886813e-05,2.103743281622883e-05,2.077210410789121e-05,2.076574855891522e-05,1.8611191990203224e-05,2.1079609723528847e-05,1.9424411220825277e-05,2.145696089428384e-05
2300,9.253304597223178e-06,1.0048564945464022e-05,8.265756150649395e-06,6.984847914282e-06,1.1327454558340833e-05,1.1413441825425252e-05,9.941724783857353e-06,1.0211773769697174e-05,1.296435311815003e-05,1.3506027244147845e-05,1.3647431842400692e-05,1.6827360013849102e-05,1.6057067114161327e-05,1.3906964341003913e-05,1.588220584380906e-05,1.637253626540769e-05,1.5929876099107787e-05,1.648719990043901e-05,1.7116026356234215e-05,1.5179856745817233e-05,1.5410389096359722e-05,1.67500002135057e-05,1.5337664081016555e-05,1.593048727954738e-05,1.780864295142237e-05,1.73434273165185e-05,1.6627134755253792e-05,1.7408805433660746e-05,1.895537570817396e-05,1.6860198229551315e-05,1.9763443560805172e-05,1.599722236278467e-05,1.434711339243222e-05,1.68897386174649e-05,1.842191159084905e-05,1.7795562598621473e-05,1.774505290086381e-05,1.7405676771886647e-05,1.8163285858463496e-05,1.8008448023465462e-05,2.026028414547909e-05,1.8690681827138178e-05,1.867866376414895e-05,2.142132871085778e-05,1.894058004836552e-05,1.914764470711816e-05,2.119824603141751e-05,1.9632203475339338e-05,1.9184828488505445e-05,1.820270153984893e-05
2400,1.0316559382772539e-05,1.0248091712128371e-05,1.1329639164614491e-05,8.49297794047743e-06,1.2446150321920868e-05,1.1766314855776727e-05,1.2469726243580226e-05,1.6248412066488527e-05,1.363041974400403e-05,1.4759375517314766e-05,1.5129157873161603e-05,1.3702655451197643e-05,1.8149854440707713e-05,1.54238186951261e-05,1.4265819118008949e-05,1.9234230421716347e-05,1.7769283658708446e-05,1.7835072867455892e-05,1.6210551621043123e-05,1.4048016055312473e-05,1.6578003851464018e-05,1.59975461428985e-05,1.8156842997996137e-05,1.8218170225736685e-05,2.0610472347470932e-05,1.80859806278022e-05,2.143697020073887e-05,2.1552923499257304e-05,1.8251683286507614e-05,1.792796319932677e-05,1.962294481927529e-05,1.8194939912064e-05,1.8436174286762252e-05,2.1368992747738957e-05,1.8292801541974768e-05,2.0532643247861415e-05,2.023250090132933e-05,2.0275998394936323e-05,1.8612645362736657e-05,2.1152638510102406e-05,2.1881915017729625e-05,1.9992388843093067e-05,1.9907734895241447e-05,2.1237190594547428e-05,1.922490082506556e-05,2.2690634068567306e-05,2.3398441044264473e-05,2.331104587938171e-05,2.5249233658541925e-05,2.1318062863429077e-05
2500,9.695439985080156e-06,1.0666361959010828e-05,8.560788046452217e-06,6.4043097154353745e-06,1.0055118764284998e-05,1.3023078281548806e-05,1.10033815872157e-05,9.947670150722843e-06,1.3457305612973869e-05,1.38241093736724e-05,1.4182392988004722e-05,1.5565190551569685e-05,1.654678999329917e-05,1.5668116247979924e-05,1.5145132238103542e-05,1.72564759850502e-05,1.6831087123136967e-05,1.8373220882494934e-05,1.6826550563564524e-05,1.5799478205735795e-05,1.7346288586850278e-05,1.5601919585606083e-05,1.844588405219838e-05,1.7837812265497632e-05,1.5587747839163058e-05,1.6561683878535405e-05,1.7575241145095788e-05,1.918576526804827e-05,1.7395435861544684e-05,1.761155726853758e-05,1.9172548491042107e-05,1.8163109416491352e-05,1.6657490050420165e-05,1.714223799353931e-05,1.8512635506340303e-05,1.9044857253902592e-05,1.8651191567187198e-05,1.9954079107264988e-05,2.1307134375092573e-05,2.200559356424492e-05,2.0137096726102754e-05,1.9528295524651185e-05,1.8985680071637034e-05,2.1480253053596243e-05,2.016824873862788e-05,2.128374580934178e-05,1.8967033611261286e-05,2.1474643290275708e-05,2.0960031179129146e-05,2.0173487428110093e-05
2600,9.16891349334037e-06,9.80835102382116e-06,9.919044714479242e-06,6.850256795587484e-06,1.025925394060323e-05,1.1313691175018903e-05,1.1614638424362056e-05,1.1430722224758938e-05,1.408944899594644e-05,1.4259596355259418e-05,1.5017648365756031e-05,1.4238406947697513e-05,1.636015804251656e-05,1.5575229554087855e-05,1.5384939615614712e-05,1.873903784144204e-05,1.7047495930455625e-05,1.6712927390472032e-05,1.5468727724510245e-05,1.5677303963457234e-05,1.7582222426426597e-05,1.6145017070812173e-05,1.7726244550431147e-05,1.701414839772042e-05,1.685033021203708e-05,1.7994023437495343e-05,1.7251051758648828e-05,1.896407593449112e-05,1.9196442735847086e-05,1.866199090727605e-05,1.9885146684828214e-05,1.816498661355581e-05,1.7202635717694648e-05,1.891678402898833e-05,1.866397178673651e-05,1.8985592760145664e-05,1.779697777237743e-05,2.0840201614191756e-05,2.099104858643841e-05,2.046685040113516e-05,2.1831554477103055e-05,2.2674708816339262e-05,1.9496155800879933e-05,2.0009001673315652e-05,2.0571527784341015e-05,1.887102916953154e-05,2.2543137674801983e-05,2.2506117602461018e-05,1.9745562894968316e-05,2.159615723940078e-05
2700,1.2805728147213813e-05,1.0363772162236273e-05,1.2512466128100641e-05,2.0037565263919532e-05,1.0154212759516668e-05,1.0941635991912335e-05,1.5449670172529295e-05,1.4333542821987066e-05,2.2563823222299106e-05,2.22448434215039e-05,2.6653477107174695e-05,1.9873252313118428e-05,1.53029577631969e-05,1.8374717910774052e-05,1.8957274733111262e-05,1.8148055460187607e-05,2.001510983973276e-05,1.7411830413038842e-05,1.9783750758506358e-05,1.692131809249986e-05,2.5261952032451518e-05,1.6390864402637817e-05,1.7248625226784497e-05,2.7139822122990154e-05,2.2805439584772103e-05,2.0279620002838783e-05,2.0604451492545195e-05,2.6271010938216932e-05,3.130393452011049e-05,1.816161056922283e-05,2.4567607397329994e-05,2.305065208929591e-05,2.049216527666431e-05,2.7975900593446568e-05,2.1262796508381143e-05,2.9105929570505396e-05,2.5281649868702516e-05,2.2623476979788393e-05,2.0428875359357335e-05,2.41577836277429e-05,3.116253355983645e-05,2.6470315788174048e-05,2.273731843160931e-05,2.0423160094651394e-05,2.216596476500854e-05,2.6951647669193335e-05,2.5092889700317755e-05,2.3120279365684837e-05,2.257113010273315e-05,2.1741268938058056e-05
2800,9.702155693958048e-06,1.0157297765545081e-05,8.36106210044818e-06,7.193559667939553e-06,9.910214430419728e-06,1.0306853255315218e-05,1.2236519978614524e-05,9.857834811555222e-06,1.2606996278918814e-05,1.3285117347550113e-05,1.3716505236516241e-05,1.4914604435034562e-05,1.3951190339867026e-05,1.4565178389602806e-05,1.4905946045473684e-05,1.632147359487135e-05,1.6789314031484537e-05,1.6719068298698403e-05,1.5178026842477266e-05,1.3508354641089682e-05,1.639288711885456e-05,1.6476189557579346e-05,1.55258003360359e-05,1.637725654290989e-05,1.7371865396853536e-05,1.583727316756267e-05,1.663860894041136e-05,1.693927333690226e-05,1.7483685951447114e-05,1.7907790606841445e-05,1.9034148863283917e-05,1.9001270629814826e-05,1.6971254808595404e-05,1.755755874910392e-05,1.8081529560731724e-05,1.770674134604633e-05,1.7822769223130308e-05,1.8504681065678596e-05,1.7272373952437192e-05,1.8598018868942745e-05,2.0112960555707105e-05,1.91917297343025e-05,1.899398375826422e-05,1.8462491425452754e-05,1.8056756744044833e-05,2.0001431039418094e-05,1.9563522073440254e-05,1.849037471401971e-05,1.9858964151353575e-05,2.12248123716563e-05
2900,8.091549716482405e-06,1.0049182492366526e-05,9.463867172598839e-06,6.688389476039447e-06,9.765655704541132e-06,1.1530833944561891e-05,1.183515450975392e-05,1.1460782843641937e-05,1.3110437066643499e-05,1.429591702617472e-05,1.3535497600969393e-05,1.4796619325352367e-05,1.4385434951691423e-05,1.369890924252104e-05,1.646988675929606e-05,1.662895556364674e-05,1.5988756786100566e-05,1.5393534340546466e-05,1.8507413187762722e-05,1.603519376658369e-05,1.682642505329568e-05,1.6663885617163032e-05,1.7319729522569105e-05,1.6940824934863485e-05,1.815593168430496e-05,1.815721407183446e-05,1.696772778814193e-05,2.230595055152662e-05,1.916751170938369e-05,2.187618156312965e-05,1.8497354176361114e-05,1.737994170980528e-05,1.6514570233994164e-05,1.8714370526140556e-05,2.0584218873409554e-05,1.931620681716595e-05,1.839212200138718e-05,1.8357754015596583e-05,2.1229447156656533e-05,1.932718078023754e-05,2.0623416276066564e-05,1.964707007573452e-05,2.02367427846184e-05,2.3597085601068102e-05,1.9524846720742062e-05,1.9352746676304378e-05,1.9738150513148867e-05,2.440804018988274e-05,1.8577160517452285e-05,1.9982953745056875e-05
3000,8.667881957080681e-06,1.0412577466922812e-05,9.968811355065554e-06,6.432001555367606e-06,1.0164430022996385e-05,1.3452672646963038e-05,1.1177615306223743e-05,1.1353695299476385e-05,1.2895739928353578e-05,1.42015160236042e-05,1.569805681356229e-05,1.5546987924608402e-05,1.337717731075827e-05,1.5936742784106173e-05,1.4507972991850693e-05,1.7434998881071806e-05,1.717174382065423e-05,1.9165689082001336e-05,1.5928808352327906e-05,1.500479265814647e-05,1.59125429490814e-05,1.7561020285938866e-05,1.9453751519904472e-05,1.504914052929962e-05,1.9013326891581528e-05,1.7334117728751153e-05,1.9845614588120952e-05,2.1030255084042437e-05,1.903700285765808e-05,1.8340082533541135e-05,1.9128685380565003e-05,1.6788158973213285e-05,1.919883470691275e-05,1.9022205378860235e-05,1.768473521224223e-05,1.895990499178879e-05,1.702193185337819e-05,1.892788895929698e-05,1.8762118997983634e-05,2.2451960830949247e-05,2.195578781538643e-05,2.1984451450407505e-05,2.2133493985165842e-05,1.9559283828129992e-05,1.949391298694536e-05,2.2988651835476048e-05,1.9669856555992737e-05,2.1368525267462246e-05,2.0211393348290585e-05,1.985355447686743e-05
3100,1.0095689503941685e-05,1.0695242053770926e-05,9.208036317431834e-06,6.856180334580131e-06,9.446024705539457e-06,1.2863678421126679e-05,1.1533134966157377e-05,1.1647317478491459e-05,1.4109457879385445e-05,1.4175536307448056e-05,1.3289343769429252e-05,1.594792411196977e-05,1.5830361007829197e-05,1.5271876691258512e-05,1.4995930541772395e-05,1.8033919332083315e-05,1.8044718672172166e-05,1.925014476000797e-05,1.758558937581256e-05,1.4701227883051615e-05,1.681798130448442e-05,1.6886890080058947e-05,1.8184617147198878e-05,1.670976598688867e-05,1.766796594893094e-05,1.9198536392650567e-05,1.836392402765341e-05,1.9922894352930598e-05,1.7841219232650474e-05,1.737438105919864e-05,2.1069123249617405e-05,1.8566235667094588e-05,1.6640546164126135e-05,1.8319722585147247e-05,1.8056620319839567e-05,1.8203078070655465e-05,1.891566535050515e-05,1.965836236195173e-05,2.0799820049433038e-05,2.0534385839710012e-05,2.3003674868959934e-05,2.197752837673761e-05,1.927766606968362e-05,1.9290288037154824e-05,2.1366098735597916e-05,1.9533379600034095e-05,2.064120963041205e-05,2.275827318953816e-05,2.0476414647419006e-05,2.1858988475287333e-05
3200,9.637789844418876e-06,1.0274578016833402e-05,9.358507668366656e-06,7.866494343033992e-06,9.799218787520658e-06,1.202884413942229e-05,1.0164465493289754e-05,1.0990451301040594e-05,1.3210647921368945e-05,1.508207424194552e-05,1.3359726835915353e-05,1.4809997992415447e-05,1.4267204278439749e-05,1.5493515093112364e-05,1.446470105292974e-05,1.6927831893553957e-05,1.5834822988836095e-05,1.4213326721801423e-05,1.6720568964956328e-05,1.4197205928212497e-05,1.872160100901965e-05,1.713126403046772e-05,1.6440490071545355e-05,1.663772673055064e-05,1.7531907360535115e-05,1.68095066328533e-05,1.8751034076558426e-05,1.9005621652468108e-05,1.7618078345549293e-05,1.693807280389592e-05,2.002360088226851e-05,1.7393944290233776e-05,1.6725940440665e-05,1.8186119632446207e-05,1.9482942661852576e-05,1.9462828277028166e-05,1.944470568560064e-05,1.7275475329370238e-05,2.129127096850425e-05,1.953577339008916e-05,2.153372588509228e-05,2.0201352526783012e-05,1.942919880093541e-05,1.9731494830921292e-05,2.0538014723570086e-05,1.8388765965937637e-05,2.0306235455791466e-05,1.977842111955397e-05,1.9591368982219137e-05,1.81586201506434e-05
3300,9.45155625231564e-06,1.1087014172517229e-05,8.293991413665935e-06,7.109717444109265e-06,1.008204617392039e-05,1.2591345694090705e-05,1.2309024896239862e-05,1.1811011972895358e-05,1.2730792150250636e-05,1.369749861623859e-05,1.4624565665144473e-05,1.5603207430103794e-05,1.5099783922778443e-05,1.4634304534411058e-05,1.7488486264483072e-05,1.6506723113707267e-05,1.822635931603145e-05,1.7137932445621118e-05,1.794191302906256e-05,1.5428637198056094e-05,1.8699063730309717e-05,1.808297383831814e-05,1.6703093933756463e-05,1.676992542343214e-05,1.9024748326046392e-05,1.8052822269964963e-05,1.8221113350591622e-05,1.9350489310454577e-05,1.997948311327491e-05,1.8293740140506998e-05,2.0181281797704287e-05,1.8415455997455865e-05,1.9450717445579357e-05,1.753230026224628e-05,2.0042762116645463e-05,2.2244859792408533e-05,2.021420732489787e-05,1.971613528439775e-05,1.9897119273082353e-05,2.1594485588138923e-05,2.1887166440137662e-05,2.0701227185782045e-05,1.984773189178668e-05,2.157673407054972e-05,2.340573337278329e-05,2.237985063402448e-05,1.9541188521543518e-05,2.091100213874597e-05,2.2650558094028383e-05,2.0995872546336614e-05
3400,1.1055700269935187e-05,1.1104940313089173e-05,1.143558620242402e-05,8.95348330232082e-06,1.1185487892362289e-05,1.278626405110117e-05,1.0881355592573527e-05,1.215745032823179e-05,1.3089951607980765e-05,1.523092851130059e-05,1.6615686035947874e-05,1.480434093537042e-05,1.6057547327363864e-05,1.4831505723122973e-05,1.8248909327667207e-05,1.745550071063917e-05,1.8831269699148834e-05,1.8941147573059425e-05,1.8748734873952344e-05,1.4264028322941158e-05,1.8222361177322455e-05,1.82864569069352e-05,1.991075259866193e-05,1.853415415098425e-05,1.942435119417496e-05,1.8604898286866955e-05,1.889222585305106e-05,2.2325757527141832e-05,2.076292730635032e-05,2.0157633116468787e-05,2.2647522200713865e-05,2.2024998543201946e-05,1.9249639080953784e-05,2.130670691258274e-05,1.959505425475072e-05,2.0387589756865054e-05,2.0207577108521946e-05,1.8920854927273467e-05,2.1221809220151044e-05,2.0475250494200736e-05,2.114490416715853e-05,2.1276306142681278e-05,2.203903568442911e-05,2.1387173546827398e-05,2.3164524463936687e-05,2.3579405024065636e-05,1.9828332369797863e-05,2.3759504983900115e-05,2.097910692100413e-05,2.2891408661962487e-05
3500,9.093623702938203e-06,1.0394644959887955e-05,9.939677511283662e-06,6.5634972088446375e-06,1.0351439414080232e-05,1.2681119187618606e-05,1.368624361930415e-05,1.1096182788605802e-05,1.4340354937303346e-05,1.4381555956788361e-05,1.4073026250116527e-05,1.489719761593733e-05,1.4733074749528896e-05,1.6032743587857112e-05,1.6417374354205094e-05,1.9088643966824748e-05,1.5817315215826966e-05,1.758748294378165e-05,1.8204858861281537e-05,1.4143178304948378e-05,1.7506556105217896e-05,1.649655132496264e-05,1.7679742086329497e-05,1.7901034880196676e-05,1.6932297512539662e-05,1.821870137064252e-05,1.757536483637523e-05,1.9505827367538586e-05,1.8390714103588834e-05,1.869590050773695e-05,1.877335671451874e-05,1.8865233869291842e-05,1.6891717677935958e-05,1.9256051018601283e-05,1.955804145836737e-05,1.8744487533695064e-05,1.9093435184913687e-05,2.1224184820312075e-05,2.0060706447111443e-05,2.1185796867939644e-05,2.0671699530794285e-05,2.3708334992988966e-05,1.9407436411711387e-05,2.0233801478752866e-05,1.9578405044740066e-05,1.9680426703416742e-05,2.1437010218505748e-05,2.0781581042683683e-05,1.9758283087867312e-05,2.106326792272739e-05
3600,9.45844567468157e-06,9.552703886583913e-06,1.022708966047503e-05,7.604470738442615e-06,1.1086432095908094e-05,1.1208592695766129e-05,1.1906156032637227e-05,1.1465882380434778e-05,1.3089621461404022e-05,1.5156546396610793e-05,1.6963438611128367e-05,1.4724661014042795e-05,1.4733721400261857e-05,1.3006790140934754e-05,1.5494433682761155e-05,1.752645766828209e-05,1.760345185175538e-05,1.728947609080933e-05,1.619867907720618e-05,1.4935472790966742e-05,1.709447860775981e-05,1.699434324109461e-05,1.870688356575556e-05,1.8589247702038847e-05,1.7901127648656256e-05,1.8537619325798005e-05,1.947718374140095e-05,1.7630089132580906e-05,1.7305426808889024e-05,1.7474269043304957e-05,2.2608355720876716e-05,1.7832677258411422e-05,1.7022875908878632e-05,1.9973738744738512e-05,2.078359466395341e-05,1.9066752429353073e-05,1.8735869161901064e-05,1.998366496991366e-05,2.003629742830526e-05,2.262589623569511e-05,2.4475408281432465e-05,2.103706901834812e-05,2.1436486349557526e-05,1.9909848560928367e-05,2.074498843285255e-05,2.239839523099363e-05,2.1502088202396408e-05,2.613808828755282e-05,2.136994226020761e-05,1.918166526593268e-05
3700,8.680380233272444e-06,1.0238727554678917e-05,9.411231985723134e-06,6.858253527752822e-06,9.772191333468072e-06,1.19316891868948e-05,1.2184833394712768e-05,1.1816937330877408e-05,1.508192053734092e-05,1.3937887160864193e-05,1.4826204278506339e-05,1.534464354335796e-05,1.6089146811282262e-05,1.4928902601241134e-05,1.6862266420503147e-05,1.6974594473140314e-05,1.7154465240309946e-05,1.773510484781582e-05,1.9576418708311394e-05,1.636768320167903e-05,1.7867705537355505e-05,1.663302828092128e-05,1.5614072253811173e-05,1.6841426258906722e-05,1.7171363651868887e-05,1.83632510015741e-05,1.8540986275183968e-05,2.013489938690327e-05,2.000621498154942e-05,1.811243964766618e-05,2.1283331079757772e-05,1.955376865225844e-05,1.7042844774550758e-05,1.98556426767027e-05,1.8422335415380076e-05,1.825897015805822e-05,1.9159682778990828e-05,1.9565311959013343e-05,2.041860716417432e-05,2.2938294932828285e-05,2.1967902284814045e-05,1.9948482076870278e-05,1.964206421689596e-05,2.159566975024063e-05,2.031290568993427e-05,1.9532901205820963e-05,1.957570930244401e-05,2.2540312784258276e-05,2.0666271666414104e-05,2.0192313968436792e-05
3800,9.486940143688116e-06,1.2040010005875956e-05,9.01763269212097e-06,8.149885616148822e-06,1.0236260095553007e-05,1.2145337677793577e-05,1.0738183846115135e-05,1.1554682714631781e-05,1.4783119695493951e-05,1.3591969945991877e-05,1.4506280422210693e-05,1.6643172784824856e-05,1.5306115528801456e-05,1.4472204384219367e-05,1.6970758224488236e-05,2.05392534553539e-05,1.759864426276181e-05,1.791919203242287e-05,1.8112821635440923e-05,1.7698417650535703e-05,1.8212829672847874e-05,2.1447704057209194e-05,1.7074109564418904e-05,2.0619379938580096e-05,1.8521866877563298e-05,2.0732817574753426e-05,1.8790358808473684e-05,1.780688216967974e-05,1.909864295157604e-05,1.918103043863084e-05,1.98267098312499e-05,1.868056097009685e-05,1.887689904833678e-05,2.0587147446349263e-05,2.1525367628782988e-05,1.8831669876817614e-05,2.00977228814736e-05,1.8587072190712206e-05,2.0738727471325547e-05,1.9495731976348907e-05,2.1565860151895322e-05,2.0732299162773415e-05,2.071581366180908e-05,2.0026291167596355e-05,2.0135572412982583e-05,2.058220525213983e-05,2.106861757056322e-05,2.1457506591104902e-05,1.910167520691175e-05,2.2408145014196634e-05
3900,1.0162169019167777e-05,1.0962367014144547e-05,9.687187230156269e-06,7.907864528533537e-06,1.028779661282897e-05,1.165229423349956e-05,1.2063436770404223e-05,1.1343902770022396e-05,1.5015947610663716e-05,1.4141392057354096e-05,1.4287520571087953e-05,1.6425914509454742e-05,1.4181595361151267e-05,1.3970669897389598e-05,1.5772577171446756e-05,1.7422358723706566e-05,1.7656924683251418e-05,1.680698733252939e-05,1.717144732538145e-05,1.6177529687411152e-05,1.7507818483863957e-05,1.725284892017953e-05,1.746041925798636e-05,1.6259567928500473e-05,1.76807698153425e-05,1.842400524765253e-05,1.8856058886740357e-05,2.1310499505489133e-05,1.9946381144109182e-05,1.8515387637307867e-05,2.187272548326291e-05,1.8523040125728585e-05,1.8866143363993615e-05,1.740545303619001e-05,1.96294131455943e-05,1.892990985652432e-05,1.8857515897252597e-05,1.9029386749025434e-05,2.039749779214617e-05,2.0218591089360416e-05,2.071725612040609e-05,1.860402335296385e-05,2.1300655134837143e-05,1.9306315152789466e-05,2.1825990188517608e-05,1.8186477973358706e-05,2.2381014787242748e-05,2.02084775082767e-05,2.0513232811936177e-05,2.132763620465994e-05
4000,1.0018214197771158e-05,1.1207042007299606e-05,9.53354719968047e-06,7.70542465033941e-06,1.0171683243243024e-05,1.165356115961913e-05,1.2833968867198564e-05,1.0523627679503988e-05,1.303392036788864e-05,1.4492490663542412e-05,1.4479210221907124e-05,1.6608226360403933e-05,1.3946707440481987e-05,1.4943493624741677e-05,1.5102970792213455e-05,1.781107857823372e-05,1.6896396118681878e-05,1.7507534721517004e-05,1.7813548765843734e-05,1.5724976037745364e-05,1.7913562260218896e-05,1.779320700734388e-05,1.7184165699291043e-05,1.6821217286633328e-05,1.7861477317637764e-05,1.7406444385414943e-05,1.9495912056299858e-05,1.9963064914918505e-05,1.9381108359084465e-05,1.766683635651134e-05,2.007482180488296e-05,1.904567761812359e-05,1.6822683392092586e-05,2.02089395315852e-05,1.9256138330092654e-05,1.8322803953196853e-05,1.8564021956990473e-05,2.0419227439560927e-05,2.126808431057725e-05,2.2682683265884407e-05,2.0337669411674142e-05,2.1879872292629443e-05,2.075213342322968e-05,2.0481473256950267e-05,2.0402487280080095e-05,2.0160128769930452e-05,2.0700328605016693e-05,2.010270327446051e-05,2.2052641725167632e-05,2.2168887880980037e-05
4100,9.297857104684226e-06,1.1298696335870773e-05,9.830939234234393e-06,8.046992661547847e-06,1.0813348126248457e-05,1.3292618859850336e-05,1.0956321602861863e-05,1.2853569387516472e-05,1.4600348549720366e-05,1.425008667865768e-05,1.5412708307849243e-05,1.685933966655284e-05,1.563895057188347e-05,1.6418447557953186e-05,1.6933679944486357e-05,1.870624146249611e-05,1.7243519323528744e-05,1.7513548300485127e-05,1.8249056665808894e-05,1.5367433661594987e-05,1.7754158761817962e-05,1.7952959751710296e-05,1.9294340745545924e-05,1.739253093546722e-05,1.850580156315118e-05,2.1105608539073728e-05,2.0574940208462067e-05,2.1107816792209633e-05,2.2823358449386433e-05,1.9703667931025848e-05,2.2360931325238198e-05,2.01786715479102e-05,1.9333312593516894e-05,2.0440798834897578e-05,2.1961577658657916e-05,2.0589768610079773e-05,2.0657878849306144e-05,2.1091038433951326e-05,2.3701191821601242e-05,2.091132955683861e-05,2.3271308236871846e-05,2.2495814846479334e-05,2.1452799046528526e-05,2.0269062588340603e-05,2.1887517505092546e-05,2.5087867470574565e-05,2.0933335690642707e-05,2.241280526504852e-05,2.1757541617262177e-05,2.4045639293035492e-05
4200,8.838057510729413e-06,1.111390611185925e-05,9.768670679477509e-06,7.105270469764946e-06,9.617136129236314e-06,1.1671855645545293e-05,1.2310477359278593e-05,1.0483921869308688e-05,1.3235990081739146e-05,1.4558136172126979e-05,1.2803256140614394e-05,1.7219639630638994e-05,1.6840087482705712e-05,1.604901990504004e-05,1.6166015484486707e-05,1.595042340341024e-05,1.69555551110534e-05,1.885634264908731e-05,1.9435890862951055e-05,1.4971738892199937e-05,1.713230631139595e-05,1.7584001398063265e-05,1.7423908502678387e-05,1.8630536942509934e-05,1.691705983830616e-05,1.8558974261395633e-05,2.038235470536165e-05,1.8181677660322748e-05,2.0190082068438642e-05,1.840795812313445e-05,1.785552922228817e-05,1.8263737729284912e-05,1.7396137991454452e-05,1.979763328563422e-05,1.8404360162094235e-05,1.9751234503928572e-05,1.9567940398701467e-05,1.819771387090441e-05,2.1258407286950387e-05,2.3787621103110723e-05,2.0706147552118637e-05,1.7704418496578e-05,2.1693935195798986e-05,1.9244140275986865e-05,2.0779134501935914e-05,2.027999289566651e-05,2.088123801513575e-05,2.1420035409391858e-05,1.951253943843767e-05,2.2778196580475196e-05
4300,8.695150427229237e-06,1.0825873687281273e-05,8.943882676248904e-06,6.046324870112585e-06,8.8187107394333e-06,1.1060353244829457e-05,1.148002684203675e-05,9.53167000261601e-06,1.5040026482893154e-05,1.4426569578063209e-05,1.4725321307196282e-05,1.4370401004271116e-05,1.6163896361831576e-05,1.6715790479793213e-05,1.561676435812842e-05,1.877700378827285e-05,1.7244154150830582e-05,1.633044121263083e-05,1.7031730749295093e-05,1.4626161828346085e-05,1.867618084361311e-05,1.9558634448912926e-05,1.7616084733163007e-05,1.8631379134603776e-05,1.601808617124334e-05,1.8133521734853275e-05,1.9431083273957483e-05,1.8031658328254707e-05,2.1019030100433156e-05,1.817298834794201e-05,1.916338260343764e-05,1.8653441657079384e-05,1.9328614143887535e-05,1.8997165170731023e-05,2.064740147034172e-05,1.9960863937740214e-05,1.9504328520270064e-05,1.9043438442167826e-05,2.2272664864431135e-05,1.8917577108368278e-05,2.0078328816452995e-05,2.09349218494026e-05,1.9226365111535415e-05,1.8791113689076155e-05,2.042292180703953e-05,2.054896867775824e-05,2.179352850362193e-05,2.2619175069849007e-05,2.1602128981612623e-05,1.9854212951031514e-05
4400,9.141579539573286e-06,1.0067627954413183e-05,9.06403784028953e-06,7.5321631811675616e-06,9.933608453138731e-06,1.1599725439737085e-05,1.2439989404811058e-05,1.204687032441143e-05,1.3339411452761851e-05,1.4250570529839024e-05,1.530795452708844e-05,1.6623325791442767e-05,1.6384003174607642e-05,1.443570181436371e-05,1.5762250768602826e-05,1.7927110093296506e-05,1.7337277313345112e-05,1.9399598386371508e-05,1.663203875068575e-05,1.3681247764907312e-05,1.6709409464965574e-05,1.6705827874829993e-05,1.8433707737131044e-05,1.6560836229473352e-05,1.752327625581529e-05,1.653141043789219e-05,1.8893184460466728e-05,2.099070479744114e-05,1.799068741092924e-05,1.794956551748328e-05,2.0985624360037036e-05,1.9834315025946125e-05,1.8562657714937814e-05,1.8048669517156668e-05,2.0682260583271272e-05,1.9760393115575425e-05,1.9036655430682003e-05,1.9675006114994176e-05,1.98638499568915e-05,2.0430183212738484e-05,2.1555777493631467e-05,2.3215263354359195e-05,1.9274433725513518e-05,2.1339925297070295e-05,2.271451558044646e-05,1.9524124581948854e-05,1.9974659153376706e-05,2.3545517251477577e-05,2.5097035177168436e-05,1.9509940102580003e-05
4500,9.965832759917248e-06,1.1820130566775333e-05,1.0318623026250862e-05,8.325381713802926e-06,1.0317258784198202e-05,1.3025100997765549e-05,1.3149931874067988e-05,1.141773918789113e-05,1.4567308426194359e-05,1.6070342098828405e-05,1.610346407687757e-05,1.585673999215942e-05,1.5510435332544148e-05,1.670837627898436e-05,1.5686950064264238e-05,1.6168347428902052e-05,1.7253620171686634e-05,1.740676634653937e-05,1.8082309907185845e-05,1.5201803762465715e-05,1.691225406830199e-05,1.8417516912450083e-05,1.6839179806993343e-05,1.6609859812888317e-05,1.7984817532123998e-05,1.8241466023027897e-05,2.0182025764370337e-05,1.9707647879840806e-05,2.0559846234391443e-05,1.9711078493855894e-05,1.8665432435227558e-05,1.9999224605271593e-05,1.918087036756333e-05,1.8102120520779863e-05,1.9697527022799477e-05,2.1276826373650692e-05,1.8700109649216756e-05,1.8945651390822604e-05,2.0753530407091603e-05,2.0538769604172558e-05,2.1735728296334855e-05,2.3448985302820802e-05,2.067482637357898e-05,2.0309713363531046e-05,1.9915531083825044e-05,2.0974270228180103e-05,2.0550227418425493e-05,2.1490719518624246e-05,2.1837060558027588e-05,2.018384839175269e-05
4600,8.693832569406368e-06,1.1498980711621698e-05,9.275589036406018e-06,6.808074886066606e-06,1.0674240002117585e-05,1.2980561223230325e-05,1.2161219274275936e-05,1.0009993275161833e-05,1.3338252756511793e-05,1.3382562428887468e-05,1.5718778740847483e-05,1.5567862647003494e-05,1.5761053873575293e-05,1.5606434317305684e-05,1.608606180525385e-05,1.7605178072699346e-05,1.7647056665737182e-05,1.8254588212585077e-05,1.6804215192678384e-05,1.36431262944825e-05,1.6596048226347193e-05,1.6697656974429265e-05,1.6024321666918695e-05,1.538533433631528e-05,1.5725585399195552e-05,1.8333686966798268e-05,1.9184926713933237e-05,1.8603292119223624e-05,1.820492798287887e-05,1.7496715372544713e-05,1.963313297892455e-05,1.875659654615447e-05,1.7087770174839534e-05,1.9431186956353486e-05,1.8686268958845176e-05,2.141288496204652e-05,1.9912504285457544e-05,1.7861910237115808e-05,2.126696563209407e-05,2.0179069906589575e-05,2.1930103685008362e-05,2.1225150703685358e-05,2.0173083612462506e-05,2.1095798729220405e-05,2.052300624200143e-05,2.1147856386960484e-05,2.1316296624718234e-05,2.1962638129480183e-05,2.192717329307925e-05,1.9608662114478648e-05
4700,1.0772812856885139e-05,1.084403720597038e-05,1.1603079656197224e-05,7.797249054419808e-06,1.1656257811409887e-05,1.2807315215468407e-05,1.5206641364784446e-05,1.2283931937417947e-05,1.4803514204686508e-05,1.602923293830827e-05,1.3488122931448743e-05,1.5439678463735618e-05,1.6601383322267793e-05,1.5423625882249326e-05,1.6746109395171516e-05,1.7472866602474824e-05,1.8055434338748455e-05,1.9440902178757824e-05,1.7344444131595083e-05,1.436460661352612e-05,1.9570094082155265e-05,1.7878166545415297e-05,1.9977551346528344e-05,1.803261875465978e-05,1.845160841185134e-05,1.8538623407948762e-05,1.9991162844235078e-05,1.9328921553096734e-05,2.306198439328e-05,1.763555883371737e-05,1.984236041607801e-05,1.9352166418684646e-05,1.85460812645033e-05,2.145948019460775e-05,2.0246301573934034e-05,1.9866560251102783e-05,2.168411447200924e-05,2.00635058718035e-05,2.378969657002017e-05,2.0374007362988777e-05,2.1305584596120752e-05,2.1693020244129002e-05,1.9255239749327302e-05,2.065707121801097e-05,2.0602485164999962e-05,2.3484702978748828e-05,2.1399893739726394e-05,2.0062379917362705e-05,2.283116009493824e-05,2.3702723410679027e-05
4800,9.690654223959427e-06,1.0542678865022026e-05,8.899411113816313e-06,8.164849532477092e-06,1.1153493687743321e-05,1.1757610081986059e-05,1.1204418115084991e-05,1.0932039003819227e-05,1.338732909061946e-05,1.4571466635970864e-05,1.4497642041533254e-05,1.6747082554502413e-05,1.5181729395408183e-05,1.479591264796909e-05,1.6637448425171897e-05,1.8333583284402266e-05,1.6881793271750212e-05,1.6085623428807594e-05,1.666641401243396e-05,1.3993323591421358e-05,1.7719576135277748e-05,1.7335150914732367e-05,1.687798066996038e-05,1.6766502085374668e-05,1.7150843632407486e-05,1.7486056094639935e-05,2.1547948563238606e-05,2.1040312276454642e-05,2.0314622815931216e-05,1.7488135199528188e-05,1.8670560166356154e-05,1.938978493853938e-05,2.1355470380512998e-05,1.8328721125726588e-05,2.030618634307757e-05,1.9998036805191077e-05,2.1153007764951326e-05,1.8265633116243407e-05,1.9260074623161927e-05,1.9608654838521034e-05,2.05041123990668e-05,1.965153387573082e-05,1.9410728782531805e-05,2.057150959444698e-05,1.9534236344043165e-05,2.192058673244901e-05,2.085242886096239e-05,2.134835085598752e-05,2.0322444470366463e-05,2.0414772734511644e-05
4900,1.0722428669396322e-05,1.0452939022798091e-05,9.11035567696672e-06,7.136332442314597e-06,1.3428924830805045e-05,1.3639152712130453e-05,1.4106743947195355e-05,1.160879764938727e-05,1.5564179193461314e-05,1.5029099813546054e-05,1.3677514289156534e-05,1.6577529095229693e-05,1.5946121493470855e-05,1.4340651432576124e-05,1.6199650417547673e-05,2.014092206081841e-05,1.8715669284574687e-05,1.787937799235806e-05,1.6787656932137907e-05,1.5239455933624413e-05,2.028515882557258e-05,1.6714284356567077e-05,1.702947156445589e-05,1.712722769298125e-05,1.808052184060216e-05,1.8535783965489827e-05,1.8842885765479878e-05,1.9563194655347615e-05,2.0805417079827748e-05,1.731655174808111e-05,2.1343574189813808e-05,1.8281816664966755e-05,1.8750424715108238e-05,2.0930432583554648e-05,1.7841915905592032e-05,1.911662366183009e-05,1.8896969777415507e-05,1.9493236322887242e-05,2.0439916625036858e-05,2.0363062503747642e-05,2.1229847334325314e-05,1.9182616597390734e-05,1.8993559933733195e-05,2.0330309780547395e-05,2.14495030377293e-05,2.2266607629717328e-05,2.1676478354493156e-05,2.2581776647712104e-05,2.0954474166501313e-05,2.1201734853093512e-05
5000,8.611199518782087e-06,1.1017169526894577e-05,9.851631148194429e-06,7.789287337800488e-06,1.0009163815993816e-05,1.3531519471143838e-05,1.2780163160641678e-05,1.0619432032399345e-05,1.2994612916372716e-05,1.4823748642811552e-05,1.5742740288260393e-05,1.6215988580370322e-05,1.684833478066139e-05,1.605545185157098e-05,1.6837893781485036e-05,1.7669117369223386e-05,1.6878941096365452e-05,2.034411591012031e-05,1.8801380065269768e-05,1.530908230051864e-05,1.892743239295669e-05,1.9197761503164656e-05,2.180862611567136e-05,1.927863559103571e-05,1.880466879811138e-05,1.768561196513474e-05,1.869483276095707e-05,1.8303084289073013e-05,1.8479657228454016e-05,1.747282294672914e-05,2.032773227256257e-05,1.9630915630841628e-05,1.80192910193e-05,1.9744198652915657e-05,2.012873846979346e-05,2.2051264750189148e-05,2.0336558009148575e-05,1.910270657390356e-05,2.145809048670344e-05,2.0631849110941403e-05,2.2824458937975578e-05,2.2101357899373397e-05,2.178989234380424e-05,1.9411996618146077e-05,2.2184225599630736e-05,2.0523428247543052e-05,2.020707142946776e-05,2.1871019271202385e-05,1.9730188796529546e-05,2.0374895029817708e-05
5100,1.0312275662727188e-05,1.2457450793590397e-05,1.145014994108351e-05,1.0789689440571237e-05,1.281062577618286e-05,1.4782230209675618e-05,1.4117836144578177e-05,1.3104739991831593e-05,1.5162201634666417e-05,1.6010157196433283e-05,1.5166470802796539e-05,1.678785338299349e-05,1.792962575564161e-05,1.5084233382367529e-05,1.645766315050423e-05,1.784172491170466e-05,1.8712435121415183e-05,2.0726385628222488e-05,1.8171864212490618e-05,1.6590007362538017e-05,1.7725165889714845e-05,1.7629818103159778e-05,1.9085831809206866e-05,1.7836870028986596e-05,2.0053344996995293e-05,1.8000384443439543e-05,1.9916842575185e-05,2.005197893595323e-05,2.055863296845928e-05,1.8783423001877964e-05,2.0427762137842365e-05,2.0186635083518922e-05,1.887905273179058e-05,2.1465244572027586e-05,2.070573827950284e-05,2.0312894775997847e-05,1.9654435163829476e-05,2.2449907191912644e-05,1.9233786588301882e-05,2.0405599570949562e-05,2.2169775547808968e-05,2.300077903782949e-05,2.122890691680368e-05,2.4258259145426564e-05,2.1066918634460308e-05,2.0664214389398694e-05,2.1073054085718468e-05,2.1920644940109923e-05,2.1415284209069796e-05,2.1965221094433218e-05
5200,8.287795026262756e-06,1.0527886843192391e-05,9.953287190000992e-06,6.770813797629671e-06,9.618748663342558e-06,1.2938105101056863e-05,1.3831168871547561e-05,1.1111180356238037e-05,1.3775029401585925e-05,1.5074181646923535e-05,1.2868255907960702e-05,1.5682528101024218e-05,1.3852948541170917e-05,1.3148815924068913e-05,1.536584568384569e-05,1.807855733204633e-05,1.650708873057738e-05,1.6625817806925625e-05,2.0568224499584176e-05,1.3985084478917997e-05,1.9718716430361383e-05,1.6475405573146418e-05,1.62558881129371e-05,1.7560012565809302e-05,1.832040106819477e-05,1.9242441339883953e-05,1.8335973436478525e-05,1.9909341062884778e-05,2.0085568394279107e-05,1.8327596990275197e-05,1.8680353605304845e-05,1.871362837846391e-05,1.7612837837077677e-05,1.91346862266073e-05,1.851937486208044e-05,1.842612800828647e-05,1.8131617252947763e-05,1.8910477592726238e-05,1.8662798538571224e-05,1.9506211174302734e-05,2.0390451027196832e-05,1.9567558410926722e-05,2.0478610167629085e-05,1.9570434233173728e-05,1.912056359287817e-05,1.984314621950034e-05,2.1757141439593397e-05,2.1804418793180957e-05,2.0466415662667714e-05,2.0973331629647873e-05
