step,channel_570,channel_208,channel_494,channel_56,channel_262,channel_53,channel_173,channel_483,channel_591,channel_62,channel_459,channel_757,channel_709,channel_844,channel_144,channel_646,channel_386,channel_285,channel_648,channel_694,channel_70,channel_728,channel_559,channel_624,channel_450,channel_263,channel_725,channel_643,channel_798,channel_276,channel_581,channel_363,channel_142,channel_31,channel_275,channel_123,channel_532,channel_106,channel_558,channel_427,channel_171,channel_153,channel_858,channel_80,channel_712,channel_777,channel_344,channel_455,channel_469,channel_880
0,0.00014233514957595617,0.00029476635972969234,9.438045526621863e-05,0.00012634599988814443,5.062419950263575e-05,0.00013388613297138363,9.832899377215654e-05,0.00019737113325390965,4.251615609973669e-05,7.878208998590708e-05,7.52918713260442e-05,6.44788597128354e-05,5.565731044043787e-05,6.7728447902482e-05,7.182628178270534e-05,0.00012082583270967007,9.564540960127488e-05,4.271029683877714e-05,0.00011373057350283489,9.760475950315595e-05,2.4869230401236564e-05,1.6962165318545885e-05,2.7551534003578126e-05,0.00010531744919717312,3.3136508136522025e-05,6.271651363931596e-05,2.524807678128127e-05,1.8699820429901592e-05,1.8607088350108825e-05,4.483767770580016e-05,1.78281516127754e-05,2.5956258468795568e-05,1.1818600796686951e-05,2.5624962290748954e-05,1.6596060959273018e-05,1.685239840298891e-05,3.522557017276995e-05,1.6889869584701955e-05,2.914390825026203e-05,1.9657665689010173e-05,2.3493683329434134e-05,2.13097137020668e-05,4.276739127817564e-05,1.3733752894040663e-05,2.833804137480911e-05,1.7455913621233776e-05,1.2522138604253996e-05,1.4316130545921624e-05,1.0114201359101571e-05,1.6160021914402023e-05
100,0.0004806782235391438,0.00042573633254505694,0.0002208743680967018,0.0002935016236733645,0.00023035371850710362,0.00021246798860374838,0.0001812496193451807,9.383202996104956e-05,0.00016827906074468046,0.0001777626312104985,0.00014907035802025348,0.00016038891044445336,0.00012025391333736479,0.00013703292643185705,0.0001150907191913575,0.00014294666470959783,0.00013146045967005193,0.00014004952390678227,0.00012161183258285746,7.880198972998187e-05,0.00011861415259772912,9.223457891494036e-05,9.640869393479079e-05,7.931613072287291e-05,8.205434278352186e-05,0.00010342263703932986,3.82477228413336e-05,6.220665090950206e-05,5.861944373464212e-05,9.415722161065787e-05,4.952034942107275e-05,6.802673306083307e-05,9.062232857104391e-05,8.86621855897829e-05,8.831951708998531e-05,6.753745401510969e-05,7.864690269343555e-05,6.585692608496174e-05,5.506558591150679e-05,6.113697600085288e-05,3.855627801385708e-05,5.947555837337859e-05,6.12513831583783e-05,8.04839946795255e-05,7.850572001188993e-05,7.845929212635383e-05,4.5513923396356404e-05,4.265306779416278e-05,7.614662172272801e-05,6.156525341793895e-05
200,0.00043041404569521546,0.0004458614275790751,0.0002688175009097904,0.0002583116292953491,0.00020592733926605433,0.000221470050746575,0.00015487959899473935,0.00014159732381813228,0.00015707094280514866,0.00017039243539329618,0.00016600472736172378,0.00014166430628392845,0.0001326998317381367,0.00013113472959958017,9.610009146854281e-05,0.00011248081136727706,0.00012751927715726197,0.00013843529450241476,0.00010628480958985165,8.903787966119125e-05,9.452876838622615e-05,7.039846241241321e-05,0.00010754125833045691,7.961205847095698e-05,0.00010104134707944468,9.550061804475263e-05,4.33257118857e-05,0.00010006164666265249,9.640222560847178e-05,8.518423419445753e-05,3.771397314267233e-05,7.58914538891986e-05,7.193738565547392e-05,6.173047586344182e-05,4.9457936256658286e-05,8.606464689364657e-05,5.521756247617304e-05,4.6181979996617883e-05,4.447919127414934e-05,6.983751518419012e-05,3.0650418921140954e-05,8.103450090857223e-05,8.077708480414003e-05,7.480726344510913e-05,6.23652376816608e-05,7.80148766352795e-05,4.490714127314277e-05,5.170937947696075e-05,5.521698039956391e-05,5.839161167386919e-05
300,0.0004933761083520949,0.0003906858619302511,0.00021329708397388458,0.0002910805633291602,0.0002525928430259228,0.0001834829745348543,0.0002190617233281955,0.00010184270649915561,0.00019721584976650774,0.00016907214012462646,0.00015545626229140908,0.00012724856787826866,0.00015560933388769627,0.00015290190640371293,0.0001469535200158134,0.00014388565614353865,0.0001343496551271528,0.0001375676365569234,0.00012538644659798592,0.00012078059080522507,0.00011368321429472417,0.00011490286124171689,9.99162657535635e-05,8.959992555901408e-05,0.00010476349416421726,7.40140603738837e-05,0.00010175475472351536,6.168566324049607e-05,7.042726065265015e-05,8.307180542033166e-05,9.380710253026336e-05,9.117160516325384e-05,6.974365533096716e-05,8.007420547073707e-05,4.8115507524926215e-05,7.510247814934701e-05,8.528325270162895e-05,8.274427818832919e-05,8.242040348704904e-05,8.172568050213158e-05,8.150703797582537e-05,6.502769974758849e-05,7.623086275998503e-05,7.32110784156248e-05,5.8250192523701116e-05,6.914976256666705e-05,7.836134318495169e-05,7.729388744337484e-05,6.706998101435602e-05,7.599789387313649e-05
400,0.00030291336588561535,0.00023218111891765147,0.0001274405512958765,0.00015334640920627862,0.00013315738760866225,0.0001045353346853517,9.398693509865552e-05,6.087766450946219e-05,8.148817141773179e-05,9.483344183536246e-05,8.258317393483594e-05,8.455815986962989e-05,4.387805165606551e-05,5.363891978049651e-05,4.6852874220348895e-05,6.865776958875358e-05,7.183494744822383e-05,8.231606625486165e-05,5.062375566922128e-05,4.130485831410624e-05,5.484705252456479e-05,5.776666512247175e-05,5.259696627035737e-05,3.2539464882574975e-05,3.532002665451728e-05,3.5891931474907324e-05,2.590958320070058e-05,4.098894351045601e-05,3.967507291235961e-05,3.013649256899953e-05,2.259289612993598e-05,4.298812564229593e-05,3.381464921403676e-05,4.295280450605787e-05,3.1679795938543975e-05,3.40954793500714e-05,2.7074363970314153e-05,2.8017142540193163e-05,2.3580259949085303e-05,2.571284130681306e-05,1.9796647393377498e-05,4.202597483526915e-05,2.7211943233851343e-05,2.5419842131668702e-05,3.0104671168373898e-05,3.534853021847084e-05,2.006677459576167e-05,2.2367074052453972e-05,3.383796865819022e-05,4.3527779780561104e-05
500,0.0002254196151625365,0.00019286252791061997,0.00012304742995183915,0.00017852956079877913,0.00010182445839745924,8.453739428659901e-05,9.243004024028778e-05,6.96122006047517e-05,7.778560393489897e-05,7.645098958164454e-05,6.74233742756769e-05,9.459513239562511e-05,6.638363265665248e-05,6.003584712743759e-05,6.0247220972087234e-05,4.947355409967713e-05,6.874853715999052e-05,6.485407357104123e-05,8.696841541677713e-05,5.259987301542424e-05,5.187119313632138e-05,3.9403810660587624e-05,5.091882121632807e-05,4.670947600970976e-05,3.7127309042261913e-05,3.801685670623556e-05,2.986854815389961e-05,2.9802324206684716e-05,2.7856593078467995e-05,3.072762046940625e-05,2.2961898139328696e-05,4.01904180762358e-05,2.333516204089392e-05,4.275847095414065e-05,2.8946449674549513e-05,3.5546894650906324e-05,2.98795730486745e-05,3.435477628954686e-05,2.999400021508336e-05,3.3902695577125996e-05,2.501246490282938e-05,2.97217247862136e-05,4.202031414024532e-05,3.0509054340654984e-05,2.877277984225657e-05,3.351057966938242e-05,2.348159978282638e-05,1.8928598365164362e-05,2.1075693439343013e-05,3.195831959601492e-05
600,0.00024939767899923027,0.00018671760335564613,0.00014432337775360793,0.00015833920042496175,0.00010824194032466039,0.0001077452179742977,7.612183253513649e-05,5.296657400322147e-05,9.429635247215629e-05,8.864763367455453e-05,6.353960634442046e-05,7.200091204140335e-05,8.177469862857834e-05,6.104286876507103e-05,6.324359128484502e-05,6.53012320981361e-05,7.23433040548116e-05,8.289528341265395e-05,4.867807365371846e-05,4.5969623897690326e-05,4.843843635171652e-05,4.596106373355724e-05,4.852295387536287e-05,4.267336771590635e-05,4.867176539846696e-05,4.6475888666464016e-05,1.9239010725868866e-05,3.255904812249355e-05,4.197794260107912e-05,2.944757761724759e-05,2.5519168048049323e-05,4.7733821702422574e-05,3.0130478990031406e-05,3.384616138646379e-05,3.194312012055889e-05,3.612990985857323e-05,3.017985181941185e-05,4.004874062957242e-05,2.3357950340141542e-05,3.4048425732180476e-05,2.806224256346468e-05,2.960575875476934e-05,3.5231405490776524e-05,2.4807348381727934e-05,2.199559094151482e-05,3.6803012335440144e-05,2.3945254724822007e-05,2.562561166996602e-05,3.3071584766730666e-05,4.239987538312562e-05
700,0.00023557462554890662,0.0002102244907291606,0.00011445429117884487,0.0001453847362427041,0.00010208105959463865,0.00014232558896765113,8.15123858046718e-05,5.778550621471368e-05,6.754462083335966e-05,7.952934538479894e-05,7.504462701035663e-05,7.653747161384672e-05,7.375190762104467e-05,6.948468944756314e-05,4.899821578874253e-05,5.359897841117345e-05,9.293997572967783e-05,9.43703344091773e-05,5.178596984478645e-05,4.046038884553127e-05,5.77361170144286e-05,4.935725519317202e-05,5.162647721590474e-05,3.6808116419706494e-05,4.668556357501075e-05,4.887323302682489e-05,1.9897828678949736e-05,3.004310383403208e-05,3.017990820808336e-05,4.340953819337301e-05,2.1347446818253957e-05,3.801927232416347e-05,2.6593595976009965e-05,2.8371958251227625e-05,3.359396941959858e-05,2.8022401238558814e-05,2.86343911284348e-05,3.829248089459725e-05,2.1386151274782605e-05,3.745645153685473e-05,2.606422276585363e-05,3.314518471597694e-05,3.889913932653144e-05,2.80773347185459e-05,3.189349081367254e-05,3.4662120015127584e-05,2.2789979993831366e-05,2.9308714147191495e-05,2.60551787505392e-05,3.274853224866092e-05
800,0.000210686688660644,0.00017649029905442148,0.00010593370825517923,0.00012112023250665516,9.167873940896243e-05,8.738852920942008e-05,6.923739420017228e-05,4.234281732351519e-05,9.645312820794061e-05,7.61213741498068e-05,7.119037036318332e-05,6.314412166830152e-05,0.00011358338088029996,4.958386853104457e-05,5.923518619965762e-05,6.581142224604264e-05,7.056352478684857e-05,5.928122118348256e-05,5.8577155868988484e-05,6.971655238885432e-05,5.561730722547509e-05,5.116644024383277e-05,4.110649388167076e-05,4.297299528843723e-05,4.052029544254765e-05,4.092089511686936e-05,1.95173251995584e-05,3.316035508760251e-05,3.108600867562927e-05,3.870752334478311e-05,2.9973072741995566e-05,4.6343895519385114e-05,2.902337655541487e-05,4.114921830478124e-05,2.9964689019834623e-05,2.509979094611481e-05,5.924441575189121e-05,3.363571522640996e-05,2.820140252879355e-05,3.5701628803508356e-05,1.980618071684148e-05,4.041933789267205e-05,3.2797262974781916e-05,4.9599413614487275e-05,2.7131820388603956e-05,4.209615508443676e-05,2.261017834825907e-05,2.7272701117908582e-05,2.0374589439597912e-05,2.9842378353350796e-05
900,0.00022786614135839045,0.00020079371461179107,0.00011216731218155473,0.00012562578194774687,0.00010188628220930696,8.687141962582245e-05,8.663089101901278e-05,5.349586353986524e-05,8.064522262429819e-05,7.275083044078201e-05,7.961274241097271e-05,8.478711970383301e-05,5.256631629890762e-05,5.009834421798587e-05,5.026560393162072e-05,5.136782056069933e-05,6.0234309785300866e-05,7.838204328436404e-05,5.020867320126854e-05,4.097276178072207e-05,5.767063339590095e-05,5.536203389056027e-05,4.9258833314524963e-05,4.218631875119172e-05,3.666719203465618e-05,5.1240509492345154e-05,2.70034925051732e-05,2.536611100367736e-05,3.4573618904687464e-05,3.4960532502736896e-05,2.460260111547541e-05,4.864523361902684e-05,2.8407543140929192e-05,3.438854400883429e-05,2.964094528579153e-05,4.1324790799990296e-05,2.9735194402746856e-05,3.861768709612079e-05,2.1952142560621724e-05,3.773303615162149e-05,1.9727982362383045e-05,3.016136724909302e-05,4.074932439834811e-05,4.692147922469303e-05,2.7622880224953406e-05,2.887887239921838e-05,2.0676881831604987e-05,2.663799750735052e-05,3.67316315532662e-05,2.686392326722853e-05
1000,0.0002614929398987442,0.00019922465435229242,0.0001565187849337235,0.00014212570386007428,0.00011237015860388055,0.00012382744171191007,8.876829087967053e-05,5.0023405492538586e-05,7.901665958343074e-05,9.396761743118986e-05,9.669422433944419e-05,9.838888217927888e-05,6.294193008216098e-05,5.170532313059084e-05,5.6626977311680093e-05,8.53891033330001e-05,8.363486995222047e-05,0.00010377419675933197,6.501690950244665e-05,5.146358671481721e-05,4.383349369163625e-05,3.3637832530075684e-05,5.245668216957711e-05,6.525107164634392e-05,6.3634681282565e-05,3.726584691321477e-05,2.6241104933433235e-05,3.4389810025459155e-05,4.1181363485520706e-05,4.4861175410915166e-05,2.1454210582305677e-05,3.74148330593016e-05,3.7044610508019105e-05,3.555016155587509e-05,3.084439958911389e-05,3.293735790066421e-05,2.950329871964641e-05,3.9774364267941564e-05,3.379824192961678e-05,3.614289016695693e-05,2.2413107217289507e-05,3.725114220287651e-05,3.4689488529693335e-05,2.8003139959764667e-05,3.5497083445079625e-05,3.741997352335602e-05,3.136833765893243e-05,2.8507392926258035e-05,2.649881935212761e-05,3.068532168981619e-05
1100,0.0002563614980317652,0.0001829358225222677,0.00013299056445248425,0.00015840743435546756,0.00010715991083998233,9.309102460974827e-05,8.316528692375869e-05,4.973612158210017e-05,8.679461461724713e-05,8.974283991847187e-05,6.97679424774833e-05,0.00010450114496052265,5.369052814785391e-05,5.177361163077876e-05,5.1566719776019454e-05,8.602466550655663e-05,6.902435416122898e-05,6.791664782213047e-05,6.0498412494780496e-05,4.460035779629834e-05,6.573340942850336e-05,5.035719004808925e-05,5.0837956223404035e-05,4.189433093415573e-05,5.668367521138862e-05,5.385118129197508e-05,2.115415918524377e-05,4.3127201934112236e-05,5.119240449857898e-05,3.3735741453710943e-05,2.8738768378389068e-05,4.583807094604708e-05,2.7249121558270417e-05,3.767424277612008e-05,2.8970311177545227e-05,3.168220064253546e-05,2.960009987873491e-05,5.384752876125276e-05,3.2018539059208706e-05,3.0689370760228485e-05,2.5001658286782913e-05,3.3964141039177775e-05,3.3921009162440896e-05,3.652740633697249e-05,3.402126458240673e-05,4.406813968671486e-05,2.459899042150937e-05,3.594141890062019e-05,2.7437530661700293e-05,3.0385310310521163e-05
1200,0.0002336077595828101,0.0002532120852265507,0.00011230307427467778,0.00011240263847867027,0.0001074485553544946,0.00010115131590282544,7.243129948619753e-05,6.141635094536468e-05,9.637316543376073e-05,7.418404129566625e-05,6.787510210415348e-05,6.800556002417579e-05,6.599194603040814e-05,4.935608376399614e-05,4.509259088081308e-05,7.43566924938932e-05,6.860513531137258e-05,5.578113632509485e-05,6.904256588313729e-05,4.039613850181922e-05,6.247523560887203e-05,3.537090742611326e-05,4.3597166950348765e-05,3.845804531010799e-05,4.71735475002788e-05,6.148472311906517e-05,1.8934601030196063e-05,2.8901609766762704e-05,3.8834397855680436e-05,3.468695285846479e-05,3.233529787394218e-05,4.5937089453218505e-05,2.2120379071566276e-05,4.346631612861529e-05,2.5352846932946704e-05,3.095050124102272e-05,2.6407264158478938e-05,3.755276702577248e-05,2.1282623492879793e-05,2.6410936698084697e-05,2.784292519208975e-05,2.9560074835899286e-05,3.6630397517001256e-05,3.03905617329292e-05,2.7627773306448944e-05,3.999043838120997e-05,1.943954521266278e-05,2.9636936233146116e-05,2.6036621420644224e-05,2.647555993462447e-05
1300,0.0003219126374460757,0.0002088400797219947,0.00019092891307082027,0.00015664496459066868,0.00013884434883948416,0.00012556421279441565,0.00011642620665952563,4.453014844330028e-05,8.73152821441181e-05,0.00011989089398412034,7.024766819085926e-05,7.037015166133642e-05,6.342838605633005e-05,5.931349005550146e-05,5.646579302265309e-05,5.9515819884836674e-05,0.00013678547111339867,6.267413118621334e-05,7.426289812428877e-05,4.267213080311194e-05,6.526157085318118e-05,3.533424387569539e-05,5.756592872785404e-05,3.617802576627582e-05,5.4251413530437276e-05,5.7034718338400126e-05,2.1171181288082153e-05,2.950787529698573e-05,2.869926356652286e-05,2.5768436898943037e-05,2.786630102491472e-05,6.706373824272305e-05,3.228663626941852e-05,4.4812117266701534e-05,3.090064274147153e-05,4.580860331770964e-05,3.498383375699632e-05,3.144001675536856e-05,3.9325106627075e-05,4.112982060178183e-05,1.9385113773751073e-05,4.027153045171872e-05,2.9464750696206465e-05,2.997534284077119e-05,2.6977173547493294e-05,4.551859819912352e-05,3.539330282364972e-05,3.0098959541646764e-05,3.0677911126986146e-05,2.9944500056444667e-05
1400,0.0002403764083283022,0.0002390904410276562,0.00016934951418079436,0.00012996747682336718,0.00011361369979567826,8.572982915211469e-05,0.00010948003910016268,4.45188234152738e-05,8.327770046889782e-05,8.313464786624536e-05,0.00011221658496651798,7.023379293968901e-05,7.451567944372073e-05,7.414794526994228e-05,8.90309747774154e-05,6.79701697663404e-05,7.349361112574115e-05,8.54707759572193e-05,7.152187026804313e-05,5.129057171870954e-05,5.808509013149887e-05,5.4087820899439976e-05,5.1984545279992744e-05,3.810837370110676e-05,5.762185901403427e-05,4.275339961168356e-05,3.26744957419578e-05,3.032636050193105e-05,4.303142850403674e-05,3.908966755261645e-05,2.22912676690612e-05,3.728052251972258e-05,4.0589038690086454e-05,3.60680787707679e-05,3.366538294358179e-05,6.269876030273736e-05,3.0419967515626922e-05,4.112823444302194e-05,2.5831250241026282e-05,6.281738023972139e-05,2.030001996899955e-05,3.2843909139046445e-05,4.060930950799957e-05,3.140647822874598e-05,2.804290306812618e-05,3.7529207475017756e-05,2.6856447220779955e-05,2.4281496735056862e-05,2.8312917493167333e-05,3.206109249731526e-05
1500,0.00023518360103480518,0.00019667389278765768,0.00010996664059348404,0.0001329575025010854,0.00010622223635436967,9.79680844466202e-05,8.416503987973556e-05,6.491778185591102e-05,9.354285430163145e-05,8.353643352165818e-05,7.806397479726002e-05,7.103169627953321e-05,6.850364297861233e-05,8.316730963997543e-05,5.812920062453486e-05,5.8113633713219315e-05,7.5111813202966e-05,7.225082663353533e-05,6.890568329254165e-05,3.669219950097613e-05,4.429594264365733e-05,5.897752635064535e-05,6.463253521360457e-05,3.5674809623742476e-05,3.922405085177161e-05,6.240273069124669e-05,3.369370097061619e-05,2.9429897040245123e-05,3.3191023248946294e-05,4.7465877287322655e-05,2.9279828595463187e-05,3.584184742067009e-05,3.075041240663268e-05,4.5675162255065516e-05,3.2221159926848486e-05,2.8020724130328745e-05,3.2201933208853006e-05,3.799347541644238e-05,2.7234802473685704e-05,3.9657828892813995e-05,2.314021003257949e-05,4.265439201844856e-05,4.1229512135032564e-05,4.422018173499964e-05,2.8193364414619282e-05,3.681598900584504e-05,2.777315239654854e-05,3.792762800003402e-05,2.6893432732322253e-05,3.67355823982507e-05
1600,0.00033826997969299555,0.0002025878638960421,0.0001401263289153576,0.00014356974861584604,0.00016624078853055835,0.00015123162302188575,7.424645446008071e-05,5.7055785873671994e-05,7.209472823888063e-05,0.00014157616533339024,8.03392322268337e-05,7.284339517354965e-05,0.0001200535916723311,5.407414209912531e-05,5.569598215515725e-05,7.719418499618769e-05,0.00011534499208210036,5.403346585808322e-05,5.153580423211679e-05,4.687915134127252e-05,5.06336145917885e-05,3.4035918361041695e-05,4.6941488108132035e-05,4.266027463017963e-05,4.86436729261186e-05,4.21480908698868e-05,2.587005656096153e-05,3.6274454032536596e-05,3.1145624234341085e-05,2.8009679226670414e-05,2.0556029994622804e-05,5.064164724899456e-05,2.963822589663323e-05,3.5645603929879144e-05,3.30002440023236e-05,4.579590677167289e-05,2.62621706497157e-05,3.611230931710452e-05,2.070093796646688e-05,3.236041447962634e-05,2.786920958897099e-05,4.160928074270487e-05,3.084556010435335e-05,2.7563552066567354e-05,2.7868678444065154e-05,3.716197534231469e-05,2.479315662640147e-05,2.3823466108296998e-05,2.47843490797095e-05,2.795389991661068e-05
1700,0.00036279865889810026,0.00021625113731715828,0.00016646111907903105,0.00021917927369941026,0.00015246270049829036,0.00013955352187622339,6.569283868884668e-05,6.56487318337895e-05,0.00011041757534258068,0.00010985532571794465,7.200572144938633e-05,7.79004258220084e-05,7.835433643776923e-05,5.481071275426075e-05,6.938900332897902e-05,8.27920957817696e-05,9.872558439383283e-05,7.192487100837752e-05,4.776823698193766e-05,3.9665159420110285e-05,7.576193456770852e-05,5.54198122699745e-05,7.687247125431895e-05,6.319773092400283e-05,7.294823444681242e-05,4.422082201926969e-05,3.2746240322012454e-05,2.5356777769047767e-05,3.1405572372023016e-05,5.388834688346833e-05,2.310285890416708e-05,4.930760042043403e-05,5.490699186339043e-05,3.062409450649284e-05,2.838932596205268e-05,4.464585435925983e-05,4.176259972155094e-05,4.74877015221864e-05,3.335086512379348e-05,3.4278418752364814e-05,1.74085253092926e-05,4.210001861792989e-05,4.452396751730703e-05,2.8029107852489688e-05,3.142999412375502e-05,5.880868047825061e-05,2.1469590137712657e-05,2.3847420379752293e-05,3.125717194052413e-05,3.91067260352429e-05
1800,0.0002531532372813672,0.00022530698333866894,0.0001578245428390801,0.00015447447367478162,0.0001252038637176156,0.00010258827387588099,7.511531293857843e-05,4.8575788241578266e-05,7.760318840155378e-05,9.51510519371368e-05,7.358387665590271e-05,0.00010147607827093452,7.235980592668056e-05,6.220081559149548e-05,4.577726940624416e-05,7.753051613690332e-05,0.00010432991984998807,7.366268255282193e-05,4.653949508792721e-05,4.560797970043495e-05,3.943980118492618e-05,5.748917465098202e-05,5.3207524615572765e-05,4.7869707486825064e-05,4.3441130401333794e-05,3.8656671677017584e-05,3.628270496847108e-05,3.438328712945804e-05,4.247506512911059e-05,4.087185880052857e-05,2.4528242647647858e-05,5.614429392153397e-05,6.304687121883035e-05,4.209487451589666e-05,3.196168108843267e-05,3.51200760633219e-05,3.781954728765413e-05,4.820122921955772e-05,2.7839014364872128e-05,3.123719579889439e-05,3.124635259155184e-05,2.9263515898492187e-05,2.9308801458682865e-05,2.7861236958415247e-05,3.249104702263139e-05,3.715215279953554e-05,2.6214844183414243e-05,2.635553028085269e-05,3.0418830647249706e-05,2.7713365852832794e-05
1900,0.00029452177113853395,0.0002034403441939503,0.00023361024796031415,0.00019502198847476393,0.00012925076589453965,0.0001066318727680482,0.00011197625281056389,5.638899529003538e-05,0.00010916397150140256,8.871475438354537e-05,8.555274689570069e-05,6.502177711809054e-05,6.632612348766997e-05,5.722521018469706e-05,4.234048174112104e-05,5.549873458221555e-05,9.384563600178808e-05,6.337822560453787e-05,4.4517517380882055e-05,4.067952249897644e-05,6.183493678690866e-05,4.0583494410384446e-05,5.492131458595395e-05,3.314372224849649e-05,5.886473081773147e-05,4.993984111933969e-05,2.12349696084857e-05,3.013236892002169e-05,2.527410651964601e-05,3.0358980438904837e-05,2.3480131858377717e-05,4.728887142846361e-05,2.656300966918934e-05,3.592199936974794e-05,3.937325527658686e-05,4.188260209048167e-05,3.472165917628445e-05,4.684193118009716e-05,2.9335513318073936e-05,3.0020970370969735e-05,1.7937862139660865e-05,2.9453172828652896e-05,3.387164179002866e-05,2.8115566237829626e-05,2.672092705324758e-05,4.816121145267971e-05,3.2215008104685694e-05,2.4896511604310945e-05,2.888181734306272e-05,4.1137856896966696e-05
2000,0.00026334234280511737,0.00023078775848262012,0.00013042068167123944,0.0001480807550251484,0.00011496321531012654,0.00011358310439391062,8.326602983288467e-05,5.939904440310784e-05,7.502712833229452e-05,0.00010412326810183004,6.363676948240027e-05,7.719133282080293e-05,8.09726188890636e-05,6.286050484050065e-05,6.312895129667595e-05,6.449499051086605e-05,6.995620060479268e-05,8.17630352685228e-05,5.204061380936764e-05,4.818759043700993e-05,5.612509266939014e-05,2.9509063097066246e-05,5.576269904850051e-05,3.497482612146996e-05,4.899855048279278e-05,4.0921087929746136e-05,2.3566788513562642e-05,2.506752389308531e-05,3.3043539588106796e-05,4.318316132412292e-05,2.1569123418885283e-05,4.827162410947494e-05,3.922034738934599e-05,4.4272615923546255e-05,2.4686520191607997e-05,2.7925701942876913e-05,2.2482889107777737e-05,3.094552448601462e-05,2.4031323846429586e-05,3.609948907978833e-05,1.6507518012076616e-05,2.9139508114894852e-05,2.7282643713988364e-05,4.588718729792163e-05,3.556802766979672e-05,4.434761649463326e-05,1.6855505236890167e-05,3.682712122099474e-05,3.518491212162189e-05,2.2491840354632586e-05
2100,0.00021954620024189353,0.00022303726291283965,0.00012108894588891417,0.00014340954658109695,0.00011442256800364703,8.374066965188831e-05,7.822454062988982e-05,5.610818698187359e-05,7.507967529818416e-05,8.623078610980883e-05,7.841224578442052e-05,8.26568211778067e-05,6.559996836585924e-05,7.799793092999607e-05,5.06052456330508e-05,5.1276885642437264e-05,6.511867832159624e-05,5.934351065661758e-05,5.290775516186841e-05,4.119020013604313e-05,6.115181895438582e-05,4.394706047605723e-05,7.74497602833435e-05,4.782657924806699e-05,3.750637552002445e-05,4.358921432867646e-05,2.106567808368709e-05,3.621654832386412e-05,2.4628121536807157e-05,3.113700222456828e-05,2.3142763893702067e-05,4.468022598302923e-05,2.933108771685511e-05,4.019458356196992e-05,2.961578320537228e-05,3.9601240132469684e-05,2.5345423637190834e-05,3.8043468521209434e-05,2.490592305548489e-05,3.287890649517067e-05,2.376804332016036e-05,4.019321204395965e-05,2.9978629754623398e-05,2.9592083592433482e-05,3.0575814889743924e-05,4.780684321303852e-05,2.5633868062868714e-05,2.8253531127120368e-05,2.489409780537244e-05,2.9015411200816743e-05
2200,0.000298304163152352,0.00023772529675625265,0.00017623462190385908,0.00015781693218741566,0.00013561898958869278,0.00011280365288257599,8.084793807938695e-05,6.04469605605118e-05,8.770847489358857e-05,0.00010616328654577956,9.26653083297424e-05,0.00013557469355873764,8.035561040742323e-05,5.5635184253333136e-05,5.53065437998157e-05,6.665803084615618e-05,7.181600813055411e-05,7.156690116971731e-05,7.515431934734806e-05,4.97992878081277e-05,5.773401790065691e-05,4.8767851694719866e-05,5.423948823590763e-05,3.4434931876603514e-05,6.072623000363819e-05,4.467596590984613e-05,2.2210899260244332e-05,3.186432149959728e-05,3.414947786950506e-05,6.045657573849894e-05,2.5590237783035263e-05,4.9109137762570754e-05,3.455765909166075e-05,3.19111168209929e-05,3.2610078051220626e-05,6.0275051509961486e-05,3.6345943954074755e-05,4.9182865041075274e-05,3.281029421486892e-05,3.3900294511113316e-05,2.7146590582560748e-05,4.2789135477505624e-05,3.425833347137086e-05,2.454003151797224e-05,3.0999119189800695e-05,4.381563121569343e-05,2.710702028707601e-05,3.9245020161615685e-05,2.9516484573832713e-05,3.5970762837678194e-05
2300,0.0003289764281362295,0.00021043985907454044,0.00016203314589802176,0.0001887218386400491,0.00018410135817248374,0.00013702332216780633,8.401028026128188e-05,6.989440589677542e-05,9.513914847048e-05,0.00012601003982126713,8.487233571941033e-05,9.549508104100823e-05,5.9226524172117934e-05,7.325707701966166e-05,9.875481919152662e-05,0.00012655052705667913,0.00010245354496873915,0.00011085473670391366,5.084041185909882e-05,5.211994721321389e-05,4.410129622556269e-05,7.868613465689123e-05,5.408265860751271e-05,4.8902649723459035e-05,5.096708991914056e-05,5.3591287723975256e-05,2.4319546355400234e-05,3.5688259231392294e-05,4.524310497799888e-05,4.51692940259818e-05,1.9519598936312832e-05,3.7060748582007363e-05,3.374805237399414e-05,4.13575216953177e-05,3.9358263165922835e-05,3.385475793038495e-05,3.293507324997336e-05,2.3807342586223967e-05,2.8392356398398988e-05,2.9841110517736524e-05,1.834811337175779e-05,4.181055919616483e-05,3.209731221431866e-05,5.7273929996881634e-05,5.21254405612126e-05,3.5904038668377325e-05,3.0326429623528384e-05,3.451605516602285e-05,3.459880099399015e-05,3.0062728910706937e-05
2400,0.0002590535150375217,0.0002053004427580163,0.00017980604025069624,0.00017636218399275094,0.00012166750093456358,9.546148066874593e-05,0.0001103467438952066,5.0977057981071994e-05,0.00010419557656859979,9.990441321860999e-05,6.973897689022124e-05,7.948261190904304e-05,7.412560808006674e-05,6.979248428251594e-05,6.623256194870919e-05,6.257390487007797e-05,8.214842819143087e-05,6.512990512419492e-05,5.69578078284394e-05,4.861203706241213e-05,6.709960871376097e-05,3.674150138976984e-05,6.807262252550572e-05,4.290843571652658e-05,4.158151932642795e-05,4.491457002586685e-05,3.0293444069684483e-05,3.0916846299078315e-05,3.465079498710111e-05,3.9220201870193705e-05,2.841497007466387e-05,5.3769654186908156e-05,4.06613944505807e-05,4.88117802888155e-05,3.145975279039703e-05,3.710292003233917e-05,4.193569839117117e-05,3.37322817358654e-05,3.7370067730080336e-05,3.703728361870162e-05,2.2474701836472377e-05,3.0982217140262946e-05,2.9673718017875217e-05,3.28509122482501e-05,3.429737625992857e-05,4.25741272920277e-05,2.37289223150583e-05,2.615512494230643e-05,3.376841050339863e-05,2.8310403649811633e-05
2500,0.0003464778419584036,0.00024065657635219395,0.0003386996395420283,0.0002743934455793351,0.00014564573939424008,0.00013721077993977815,0.00013517799379769713,5.8945781347574666e-05,0.0001066972326952964,0.00011437488865340129,8.200373849831522e-05,6.475021655205637e-05,8.861110109137371e-05,7.375727000180632e-05,7.097882189555094e-05,6.39477584627457e-05,7.853224087739363e-05,0.00010745718464022502,6.125668733147904e-05,3.911096428055316e-05,4.7093235480133444e-05,5.555199822993018e-05,3.9586389902979136e-05,5.0917115004267544e-05,5.1824041293002665e-05,4.4048392737749964e-05,4.240251655573957e-05,2.869448871933855e-05,4.315123806009069e-05,3.343544085510075e-05,2.563319867476821e-05,4.502331648836844e-05,3.0463586881523952e-05,4.828954115509987e-05,4.5022919948678464e-05,4.456589886103757e-05,3.7758287362521514e-05,4.442083081812598e-05,2.2614125555264764e-05,4.189563696854748e-05,2.862268047465477e-05,3.17368539981544e-05,4.240048656356521e-05,3.875598849845119e-05,2.9744027415290475e-05,3.479570659692399e-05,2.9928494768682867e-05,2.8236519938218407e-05,3.1120544008444995e-05,3.3779044315451756e-05
2600,0.0002950864436570555,0.00023544358555227518,0.0001473696029279381,0.00018151938274968415,0.00014310884580481797,0.00015877756231930107,0.00011189153156010434,6.011407094774768e-05,0.00010088634735438973,0.0001385122159263119,6.473365647252649e-05,0.00011504165740916505,8.44859387143515e-05,6.433159433072433e-05,4.910218922304921e-05,7.683356670895591e-05,0.00014211426605470479,0.00010134500917047262,6.329349707812071e-05,4.526572229224257e-05,5.1811442972393706e-05,7.450229168171063e-05,5.428419171948917e-05,3.73571201635059e-05,9.458762360736728e-05,3.9628295780858025e-05,2.1375773940235376e-05,3.870108776027337e-05,3.3917684049811214e-05,3.862057565129362e-05,2.363609746680595e-05,7.260495476657525e-05,4.2529984057182446e-05,3.899936564266682e-05,3.485727938823402e-05,4.714107853942551e-05,4.612059274222702e-05,3.905794437741861e-05,2.9141803679522127e-05,3.558898970368318e-05,2.9197848562034778e-05,3.899351941072382e-05,3.13090204144828e-05,2.8510799893410876e-05,4.5122364099370316e-05,3.7341622373787686e-05,2.8939110052306205e-05,3.418850974412635e-05,2.904915345425252e-05,3.081531758653e-05
2700,0.000266717019258067,0.0002491978812031448,0.0001553936454001814,0.00015224625531118363,0.00012755717034451663,9.197742474498227e-05,0.00010510065476410091,5.682561459252611e-05,7.170619937824085e-05,0.00011062668636441231,6.739829404978082e-05,8.62832966959104e-05,8.58379717101343e-05,0.00010632255725795403,6.84834667481482e-05,8.931053162086755e-05,6.448095518862829e-05,0.00010463592479936779,4.258697299519554e-05,4.43663120677229e-05,4.637684105546214e-05,8.862742834025994e-05,6.350842886604369e-05,4.191325933788903e-05,5.230077658779919e-05,5.658909503836185e-05,1.999097912630532e-05,2.850992495950777e-05,3.139981345157139e-05,5.168422285350971e-05,2.4142340407706797e-05,3.961266338592395e-05,3.0571824026992545e-05,4.97651235491503e-05,2.7266869437880814e-05,3.283110709162429e-05,3.588719482650049e-05,5.0913524319184944e-05,3.699669105117209e-05,3.209146234439686e-05,2.191318890254479e-05,4.090141010237858e-05,5.2752922783838585e-05,6.369758921209723e-05,4.4636140955844894e-05,5.115453677717596e-05,2.5574152459739707e-05,4.064560562255792e-05,3.3802687539719045e-05,4.363316111266613e-05
2800,0.00025487301172688603,0.00026268730289302766,0.00013981865777168423,0.000156157067976892,0.00012807360326405615,0.00011066287697758526,8.161306323017925e-05,5.885080463485792e-05,8.025554416235536e-05,8.635452832095325e-05,8.74761026352644e-05,9.22039762372151e-05,6.151518027763814e-05,5.304431761032902e-05,4.57633868791163e-05,6.512411346193403e-05,9.692060120869428e-05,7.697820547036827e-05,5.960947601124644e-05,5.127563053974882e-05,4.8733767471276224e-05,5.082502684672363e-05,5.444189446279779e-05,4.365775021142326e-05,4.2776711779879406e-05,4.560978777590208e-05,2.52355239354074e-05,2.8987331461394206e-05,3.852580630336888e-05,3.163903238601051e-05,3.392775033717044e-05,4.735276161227375e-05,3.110897887381725e-05,3.548529639374465e-05,3.0882372811902314e-05,3.380800626473501e-05,2.46378385782009e-05,2.8353568268357776e-05,2.39264245465165e-05,3.605962047004141e-05,2.4958962967502885e-05,3.794180884142406e-05,3.510325768729672e-05,2.4008895707083866e-05,3.665587064460851e-05,4.3111605918966234e-05,2.5943330911104567e-05,3.565564111340791e-05,2.416559073026292e-05,3.080395617871545e-05
2900,0.00037394874379970133,0.00020472465257626027,0.00022189420997165143,0.00020801402570214123,0.00017526486772112548,0.0001736244303174317,8.647776849102229e-05,6.469833897426724e-05,7.444788934662938e-05,0.0001272882946068421,0.00011233799887122586,8.593424718128517e-05,7.49078462831676e-05,9.720554226078093e-05,5.746196984546259e-05,6.411116191884503e-05,0.00011990076018264517,8.612066449131817e-05,5.707528907805681e-05,3.865850521833636e-05,5.9664711443474516e-05,5.0964572437806055e-05,5.7253928389400244e-05,5.2947336371289566e-05,5.905421494389884e-05,4.624951907317154e-05,2.2763570086681284e-05,2.6872934540733695e-05,4.409050234244205e-05,4.7858247853582725e-05,2.516534186725039e-05,5.63951616641134e-05,3.295965143479407e-05,3.767584712477401e-05,3.792552524828352e-05,4.0335929952561855e-05,2.8109760023653507e-05,3.14070020976942e-05,2.1982035832479596e-05,3.59441401087679e-05,2.6253623218508437e-05,3.942014154745266e-05,3.182255386491306e-05,4.504059688770212e-05,3.1729206966701895e-05,5.2669336582766846e-05,2.2688680473947898e-05,3.115597428404726e-05,3.6335924960440025e-05,4.983572944183834e-05
3000,0.0003991913399659097,0.0002040016552200541,0.00023697249707765877,0.0003010486834682524,0.00018794185598380864,0.00010613362974254414,0.00011299148900434375,5.641568350256421e-05,8.509668259648606e-05,0.0001434779551345855,9.050231892615557e-05,9.24623163882643e-05,6.722758553223684e-05,7.790918607497588e-05,6.607016257476062e-05,0.00010861160990316421,8.32040241220966e-05,9.697229688754305e-05,6.0824197134934366e-05,6.873265374451876e-05,7.094669854268432e-05,6.413504161173478e-05,5.49176475033164e-05,5.621741365757771e-05,5.687743760063313e-05,6.117119482951239e-05,2.3008155039860867e-05,2.8765807655872777e-05,4.162969344179146e-05,5.6343858886975795e-05,3.358966569066979e-05,4.1056726331589743e-05,5.627618884318508e-05,4.808601443073712e-05,4.173629349679686e-05,4.9266647693002596e-05,3.1760915589984506e-05,3.5093606129521504e-05,2.7495698304846883e-05,3.847992775263265e-05,1.638257526792586e-05,3.560828190529719e-05,4.1892664739862084e-05,2.4435939849354327e-05,3.2112446206156164e-05,4.1371575207449496e-05,3.662719973362982e-05,2.9698705475311726e-05,4.3064872443210334e-05,3.740219835890457e-05
3100,0.0002529077755752951,0.00022277267999015749,0.00019393664842937142,0.00016150932060554624,0.0001217693934449926,8.904683636501431e-05,9.257743658963591e-05,9.225300891557708e-05,0.000117185314593371,8.86298730620183e-05,7.782761531416327e-05,8.825118857203051e-05,8.243384218076244e-05,6.650218711001799e-05,6.76987983752042e-05,0.00010508488048799336,6.508287333417684e-05,7.014431321294978e-05,6.609605043195188e-05,5.038283416070044e-05,6.775714427931234e-05,6.0453443438746035e-05,7.44841672712937e-05,4.907193942926824e-05,5.6895692978287116e-05,5.051709740655497e-05,3.088860830757767e-05,3.323294731671922e-05,3.8753827539039776e-05,5.12737242388539e-05,3.45406006090343e-05,3.3315423934254795e-05,4.4539770897245035e-05,4.543715840554796e-05,3.730473690666258e-05,4.427847670740448e-05,3.780739280045964e-05,4.4736498239217326e-05,2.933320138254203e-05,3.927749639842659e-05,3.738351369975135e-05,5.2884941396769136e-05,5.847459033248015e-05,3.5430974094197154e-05,3.284060949226841e-05,5.1329298003111035e-05,2.8943972210981883e-05,2.6761188564705662e-05,3.462960012257099e-05,3.1354524253401905e-05
3200,0.000276363076409325,0.0002279525069752708,0.00018160749459639192,0.00017936631047632545,0.00013303283776622266,9.928573854267597e-05,6.896862032590434e-05,5.30484649061691e-05,7.698409899603575e-05,9.451107325730845e-05,8.653949771542102e-05,0.00012191710266051814,6.820285489084199e-05,6.982019840506837e-05,5.628254439216107e-05,5.7426052080700174e-05,7.144840492401272e-05,7.55449800635688e-05,5.666549623128958e-05,4.260035348124802e-05,5.33170641574543e-05,5.2260005759308115e-05,5.323567893356085e-05,3.698889122460969e-05,4.300344517105259e-05,5.288372267386876e-05,2.5277508029830642e-05,2.56807488767663e-05,4.3282278056722134e-05,3.2603500585537404e-05,2.7483654776006006e-05,3.349791222717613e-05,3.82903526769951e-05,5.0982649554498494e-05,3.169158662785776e-05,4.331777017796412e-05,3.043218021048233e-05,5.0169386668130755e-05,2.7263899028184824e-05,3.597752584028058e-05,2.0226607375661843e-05,3.103502604062669e-05,3.810538328252733e-05,3.629486309364438e-05,3.313553679618053e-05,3.73675356968306e-05,2.3119708203012124e-05,2.7226724341744557e-05,3.3885909942910075e-05,2.533111910452135e-05
3300,0.00025988707784563303,0.000200146489078179,0.0001841048215283081,0.00015776870714034885,0.00013476426829583943,7.63127172831446e-05,7.802605250617489e-05,6.851800571894273e-05,0.00010973067401209846,7.833150448277593e-05,6.277876673266292e-05,9.119765309151262e-05,7.620560063514858e-05,9.185011003864929e-05,5.52488854737021e-05,8.171879017027095e-05,6.481463788077235e-05,7.362899486906826e-05,5.2746843721251935e-05,3.70889829355292e-05,4.409741086419672e-05,4.274803723092191e-05,6.605510134249926e-05,6.0592905356315896e-05,3.795315933530219e-05,4.811201506527141e-05,3.290965469204821e-05,3.637221016106196e-05,4.135550625505857e-05,3.644870230345987e-05,2.9883487513870932e-05,3.7473211705219e-05,3.059050868614577e-05,3.6718989576911554e-05,3.7731628253823146e-05,3.1253162887878716e-05,4.1088573198067024e-05,3.174323865096085e-05,3.970606849179603e-05,3.439653664827347e-05,2.4929357095970772e-05,3.8913156458875164e-05,2.871656215575058e-05,3.0581632017856464e-05,2.7744330509449355e-05,7.028163236100227e-05,2.590090844023507e-05,2.4474227757309563e-05,2.5988281777244993e-05,2.7217924071010202e-05
3400,0.00024470529751852155,0.0001678383705439046,0.0001728649076540023,0.00018418766558170319,0.00012327785952948034,0.00012551608961075544,8.565023017581552e-05,5.390405567595735e-05,7.567526336060837e-05,9.57686934270896e-05,7.95988307800144e-05,6.628636037930846e-05,9.550726827001199e-05,5.9551832237048075e-05,6.834174564573914e-05,0.00011207467468921095,7.939356146380305e-05,7.923282100819051e-05,7.864721555961296e-05,4.3156836909474805e-05,6.731109169777483e-05,4.187881859252229e-05,5.648116712109186e-05,4.830388934351504e-05,4.891439311904833e-05,4.99893503729254e-05,2.3109114408725873e-05,2.4012051653699018e-05,4.3433061364339665e-05,4.214969521854073e-05,3.2261716114589944e-05,5.554471499635838e-05,3.164194640703499e-05,4.002848072559573e-05,3.0347591746249236e-05,4.035572419525124e-05,3.425796239753254e-05,3.1596537155564874e-05,2.4048093109740876e-05,2.946374843304511e-05,1.9892348063876852e-05,5.969365156488493e-05,3.943155752494931e-05,2.8241729523870163e-05,3.246113192290068e-05,3.3324395189993083e-05,2.27626551350113e-05,2.6091434847330675e-05,2.9062484827591106e-05,2.8375245165079832e-05
3500,0.0004340055165812373,0.0002133758825948462,0.0002703066566027701,0.0002693159331101924,0.0001971329329535365,0.00015874831296969205,0.00010155804920941591,5.694207357009873e-05,8.969420014182106e-05,0.00016411719843745232,0.00012327858712524176,8.980924030765891e-05,7.23249904694967e-05,9.085043711820617e-05,7.144455594243482e-05,6.611969001824036e-05,0.00011308685498079285,0.00010270302300341427,6.710313027724624e-05,4.1569794120732695e-05,8.009318844415247e-05,5.317438262864016e-05,6.355519144563004e-05,5.195767153054476e-05,5.3061408834764734e-05,4.467885082704015e-05,2.1802892661071382e-05,3.5021592339035124e-05,3.3168755180668086e-05,5.188011709833518e-05,3.0398572562262416e-05,4.4450680434238166e-05,4.3241048842901364e-05,5.2126884838799015e-05,3.950295285903849e-05,3.99558266508393e-05,3.0210432669264264e-05,4.399250610731542e-05,2.7609779863269068e-05,3.421891597099602e-05,2.5553599698469043e-05,3.9253915019799024e-05,4.882717621512711e-05,4.4925360271008685e-05,3.409813507460058e-05,4.8351168516092e-05,2.719627991609741e-05,2.683630009414628e-05,3.4960219636559486e-05,4.968454231857322e-05
3600,0.0002037293597823009,0.00022914719011168927,0.00012268427235540003,0.00019135745242238045,9.940104791894555e-05,7.956758054206148e-05,9.013702947413549e-05,5.33407655893825e-05,6.974136340431869e-05,8.9720131654758e-05,5.680273534380831e-05,8.163360325852409e-05,5.9469646657817066e-05,8.459655509795994e-05,7.294624811038375e-05,0.00011662013275781646,6.55877884128131e-05,9.66062507359311e-05,5.422979666036554e-05,3.830570130958222e-05,6.48978166282177e-05,4.710676148533821e-05,5.279051765683107e-05,4.3049247324233875e-05,3.8354966818587855e-05,4.899629493593238e-05,3.2342759368475527e-05,2.624772605486214e-05,3.0161105314618908e-05,4.355668352218345e-05,3.0103848985163495e-05,3.121683039353229e-05,3.613056833273731e-05,4.5345212129177526e-05,4.1647788748377934e-05,3.940658280043863e-05,2.8559190468513407e-05,3.664036194095388e-05,3.7217560020508245e-05,5.445515489554964e-05,2.5021568944794126e-05,4.687464752350934e-05,4.070630166097544e-05,3.7324112781789154e-05,2.95401787298033e-05,4.755295958602801e-05,2.6798403268912807e-05,3.3459778933320194e-05,2.7419444450060837e-05,3.498814839986153e-05
3700,0.0002821811649482697,0.00016870239051058888,0.0001358859590254724,0.00016395804414059967,0.00013898659381084144,0.0001023953445837833,0.00010191457840846851,5.217200668994337e-05,7.566254498669878e-05,9.915244299918413e-05,6.720056990161538e-05,0.00010381815081927925,8.336460450664163e-05,8.401014201808721e-05,4.804151103598997e-05,8.475372305838391e-05,9.044095349963754e-05,7.37075533834286e-05,6.567971286131069e-05,5.037889422965236e-05,6.0936716181458905e-05,6.0232534451643005e-05,6.60398363834247e-05,3.8375044823624194e-05,3.7242851249175146e-05,5.211444295127876e-05,2.4817096345941536e-05,4.192225605947897e-05,3.4895172575488687e-05,5.059791510575451e-05,3.0742034141439945e-05,2.9985625587869436e-05,3.671238664537668e-05,3.759875107789412e-05,3.44977161148563e-05,3.145327718812041e-05,3.783823558478616e-05,3.982194175478071e-05,2.958975892397575e-05,3.066351200686768e-05,3.052103056688793e-05,3.662954259198159e-05,3.368890247656964e-05,2.8966740501346067e-05,2.5527977413730696e-05,3.569219552446157e-05,3.075800123042427e-05,3.406114046811126e-05,2.648744521138724e-05,3.192363874404691e-05
3800,0.00026602440630085766,0.00019676765077747405,0.00021705776453018188,0.00017728809325490147,0.0001342875330010429,8.953835640568286e-05,9.283590043196455e-05,5.915995279792696e-05,0.0001007956379908137,9.912857785820961e-05,8.527857426088303e-05,0.00011654621630441397,0.00010917691542999819,7.35269786673598e-05,7.703343726461753e-05,8.662683103466406e-05,6.288167787715793e-05,7.514649769291282e-05,5.1599192374851555e-05,4.6293043851619586e-05,5.2719598897965625e-05,7.846449443604797e-05,6.185119855217636e-05,4.110581721761264e-05,4.036290556541644e-05,4.323612665757537e-05,2.9634918973897584e-05,3.5068838769802824e-05,6.202879740158096e-05,5.862468606210314e-05,2.858916559489444e-05,6.010630022501573e-05,3.656273474916816e-05,4.718414129456505e-05,3.559933975338936e-05,3.057999856537208e-05,3.469403236522339e-05,6.536558066727594e-05,2.9411095965770073e-05,3.777785605052486e-05,2.383628088864498e-05,4.1623196011641994e-05,5.271417467156425e-05,4.522102608461864e-05,3.719251981237903e-05,4.150303720962256e-05,3.391512291273102e-05,2.732317807385698e-05,2.7682039217324927e-05,2.9846343750250526e-05
3900,0.00024122434842865914,0.00027592125115916133,0.0001524366671219468,0.00013148585276212543,0.0001149371310020797,0.00011048066517105326,0.00011709832324413583,5.840676021762192e-05,8.8931767095346e-05,9.491931996308267e-05,7.434359577018768e-05,9.046353079611436e-05,6.230404687812552e-05,4.979090954293497e-05,6.194748129928485e-05,5.7239441957790405e-05,8.273006096715108e-05,9.776541264727712e-05,9.372166823595762e-05,4.867651659878902e-05,5.405041520134546e-05,4.209865437587723e-05,4.8430032620672137e-05,4.673896182794124e-05,4.09560052503366e-05,4.325538611738011e-05,3.794393705902621e-05,2.5348312192363665e-05,4.392693881527521e-05,3.5047058190684766e-05,2.144908285117708e-05,4.4248274207348004e-05,3.8322406908264384e-05,5.367789344745688e-05,2.7689557100529782e-05,3.2911470043472946e-05,2.965451858472079e-05,3.342129275551997e-05,3.256662603234872e-05,3.840089266304858e-05,2.6054714908241294e-05,4.4493222958408296e-05,3.5276487324154004e-05,3.2064435799838975e-05,3.40334081556648e-05,4.110116060473956e-05,2.948897054011468e-05,3.627435216913e-05,2.966451211250387e-05,2.3234639229485765e-05
4000,0.00029646462644450366,0.00032069539884105325,0.0002736726019065827,0.00015749353042338043,0.00012420937127899379,9.774665522854775e-05,0.00010495061724213883,5.7912162446882576e-05,0.00010857024608412758,9.620771743357182e-05,8.624179463367909e-05,9.175563900498673e-05,0.00010922231012955308,6.401655991794541e-05,5.118357512401417e-05,5.558563134400174e-05,0.00010382742766523734,9.688148566056043e-05,5.93432632740587e-05,4.3191961594857275e-05,9.06058048713021e-05,5.179606887395494e-05,8.258273010142148e-05,4.864380389335565e-05,5.042308839620091e-05,4.5974564272910357e-05,2.4720811779843643e-05,2.9974915378261358e-05,4.026397436973639e-05,5.602567034657113e-05,3.2317318982677534e-05,4.9220179789699614e-05,3.745979120139964e-05,5.3546180424746126e-05,2.8086134989280254e-05,4.118179276701994e-05,2.7060776119469665e-05,4.347547655925155e-05,2.764622331596911e-05,3.670156002044678e-05,1.9474668079055846e-05,2.9042725145700388e-05,3.0835886718705297e-05,2.845721428457182e-05,3.115151048405096e-05,4.2451491026440635e-05,2.60098822764121e-05,2.691322151804343e-05,2.9273383916006424e-05,3.111760815954767e-05
4100,0.000281235872535035,0.00026735433493740857,0.00016465858789160848,0.0002373563329456374,0.00014708898379467428,0.00013949754065833986,0.00010896185995079577,8.058368985075504e-05,0.0001286264741793275,0.00011312629794701934,8.603756577940658e-05,7.634035864612088e-05,9.898836287902668e-05,6.84980332152918e-05,6.27818371867761e-05,5.2931853133486584e-05,7.806045323377475e-05,8.738495671423152e-05,4.9722792027750984e-05,5.842205791850574e-05,5.611660162685439e-05,6.237276829779148e-05,5.454766142065637e-05,4.580015593091957e-05,4.882794382865541e-05,4.9081205361289904e-05,3.683612521854229e-05,2.446738290018402e-05,3.394126542843878e-05,4.210008410154842e-05,2.1622090571327135e-05,5.8725723647512496e-05,2.9598739274661057e-05,7.28159720893018e-05,3.6145749618299305e-05,2.807558121276088e-05,3.719824235304259e-05,3.915810157195665e-05,3.20637300319504e-05,4.272106525604613e-05,2.301331187481992e-05,4.250717756804079e-05,4.663015351979993e-05,3.402034781174734e-05,3.062206815229729e-05,4.682976577896625e-05,3.115677827736363e-05,2.4629303879919462e-05,3.5078057408099994e-05,4.755513873533346e-05
4200,0.00038947380380705,0.0002938882098533213,0.0002787617268040776,0.0002236653963336721,0.00017291608673986048,0.00014725219807587564,7.81658964115195e-05,7.316668052226305e-05,0.00010839612514246255,0.0001215805605170317,0.00011277492740191519,7.168377487687394e-05,0.00013698061229661107,8.708673703949898e-05,5.6673907238291577e-05,6.716642383253202e-05,7.98705659690313e-05,0.00010292980732629076,6.189328996697441e-05,5.267139567877166e-05,6.241399387363344e-05,6.12728254054673e-05,9.168161341222003e-05,5.615881673293188e-05,7.989799632923678e-05,4.8363461246481165e-05,2.6450083169038408e-05,2.7631836928776465e-05,4.031405842397362e-05,5.503491047420539e-05,2.4617556846351363e-05,6.465145270340145e-05,3.869435386150144e-05,4.6660908992635086e-05,2.9538927265093662e-05,3.32791569235269e-05,3.2170075428439304e-05,5.5162268836284056e-05,3.4528737160144374e-05,3.8886650145286694e-05,2.027853042818606e-05,4.3651507439790294e-05,4.880338383372873e-05,3.153377474518493e-05,2.743254299275577e-05,4.9460428272141144e-05,2.5431632820982486e-05,2.5377850761287846e-05,4.443916259333491e-05,2.5491262931609526e-05
4300,0.0002712116402108222,0.00029744167113676667,0.00013884810323361307,0.00014416211342904717,0.00012064606562489644,0.0001018319817376323,8.175618859240785e-05,7.708401972195134e-05,9.430560749024153e-05,9.512089309282601e-05,7.395300053758547e-05,8.147572953021154e-05,8.344752859557047e-05,6.136576848803088e-05,5.983579467283562e-05,4.4197011447977275e-05,7.346412166953087e-05,6.418192788260058e-05,5.776983016403392e-05,4.736044502351433e-05,6.116040458437055e-05,4.9858164857141674e-05,5.0811948312912136e-05,6.270461744861677e-05,4.344633998698555e-05,4.3420426663942635e-05,3.309474777779542e-05,3.9474773075198755e-05,4.39837749581784e-05,3.4088843676727265e-05,2.6814434022526257e-05,4.587252260535024e-05,2.5837667635641992e-05,5.532872091862373e-05,4.2554664105409756e-05,3.530118920025416e-05,2.2684360374114476e-05,4.287085903342813e-05,2.240068351966329e-05,2.591199336166028e-05,2.806339762173593e-05,3.552961061359383e-05,3.425475733820349e-05,5.935033186688088e-05,3.3015745430020615e-05,4.063874075654894e-05,2.089848021569196e-05,2.5300572815467604e-05,3.426558032515459e-05,2.7865929951076396e-05
4400,0.0002043355198111385,0.0002010864845942706,0.00018048104539047927,0.00018042957526631653,9.668355050962418e-05,6.720045348629355e-05,0.00012268182763364166,6.258649955270812e-05,7.125200500013307e-05,7.137109787436202e-05,7.032353460090235e-05,6.730564928147942e-05,8.078315295279026e-05,7.641995762242004e-05,8.123477891786024e-05,7.815516437403858e-05,5.841564052389003e-05,6.194288289407268e-05,5.785486428067088e-05,5.243352279649116e-05,5.402824899647385e-05,4.699474084191024e-05,7.810393435647711e-05,5.8876070397673175e-05,3.9004869904601946e-05,4.1823037463473156e-05,3.649835707619786e-05,2.9545792131102644e-05,3.6016706872032955e-05,3.9702925278106704e-05,2.129828862962313e-05,4.4096326746512204e-05,2.7523179596755654e-05,4.4605403672903776e-05,2.98703380394727e-05,3.254798139096238e-05,3.1479215977014974e-05,3.943172123399563e-05,2.4112339815474115e-05,3.403517621336505e-05,2.042084997810889e-05,3.3523163438076153e-05,4.065168832312338e-05,3.145883965771645e-05,3.118043241556734e-05,4.259202250977978e-05,2.420635246380698e-05,2.4728835342102684e-05,2.1487065168912522e-05,3.514857962727547e-05
4500,0.00021865269809495658,0.00019399180018808693,0.00014085136353969574,0.00020375933672767133,0.0001002599747152999,8.85308618308045e-05,9.474244870943949e-05,5.166147093405016e-05,8.156128751579672e-05,8.449235610896721e-05,7.735395047347993e-05,9.366258018417284e-05,7.364526391029358e-05,7.382423791568726e-05,6.60784644423984e-05,7.024659134913236e-05,8.154843817465007e-05,6.85759587213397e-05,6.311544711934403e-05,4.5431199396261945e-05,4.151597750023939e-05,5.8639776398194954e-05,6.275426130741835e-05,4.505764081841335e-05,4.566116331261583e-05,5.297542884363793e-05,2.9970680770929903e-05,3.16440527967643e-05,3.075965287280269e-05,4.770143277710304e-05,2.2558873752132058e-05,4.227957469993271e-05,2.7246474928688258e-05,3.3603693736949936e-05,4.110886948183179e-05,4.323861867305823e-05,3.118047970929183e-05,4.3731877667596564e-05,2.648662484716624e-05,3.5280078009236604e-05,2.2730564523953944e-05,3.428598211030476e-05,3.6405461287358776e-05,2.780353679554537e-05,2.5831719540292397e-05,4.082273881067522e-05,3.216465120203793e-05,2.9681248634005897e-05,3.792091229115613e-05,2.7905172828468494e-05
4600,0.0002406808198429644,0.0002183853357564658,0.00018968615040648729,0.00017133426445070654,0.0001122375761042349,9.238508937414736e-05,9.786989539861679e-05,4.405824074638076e-05,8.087100286502391e-05,9.825693268794566e-05,8.073521894402802e-05,8.83551620063372e-05,0.00011972348147537559,7.893628207966685e-05,4.918116974295117e-05,5.759526538895443e-05,7.632948836544529e-05,6.35545002296567e-05,7.479505438823253e-05,3.989979813923128e-05,4.988412911188789e-05,4.180961332167499e-05,6.206930993357673e-05,6.0836857301183045e-05,3.85656749131158e-05,5.348023842088878e-05,2.9997623641975224e-05,2.9228431230876595e-05,4.751357118948363e-05,4.849987453781068e-05,3.057127833017148e-05,3.586479215300642e-05,2.8397067580954172e-05,5.008033258491196e-05,3.8911442970857024e-05,5.435340426629409e-05,3.175813617417589e-05,4.2458985262783244e-05,3.159054176649079e-05,3.340269540785812e-05,1.753572723828256e-05,4.570241071633063e-05,4.041889769723639e-05,3.1942974601406604e-05,2.6406971301184967e-05,4.029913907288574e-05,2.6683621399570256e-05,2.7537795176613145e-05,3.781072882702574e-05,3.5465011023916304e-05
4700,0.00028452390688471496,0.0002764877863228321,0.00015965932107064873,0.00020268787920940667,0.00014127473696134984,0.00011427402205299586,9.396149835083634e-05,4.625727888196707e-05,7.477767212549224e-05,0.00011908536544069648,7.515018660342321e-05,8.366942347493023e-05,7.06066784914583e-05,7.195642683655024e-05,3.9489434129791334e-05,7.701983122387901e-05,7.510966679546982e-05,0.00010650222247932106,4.614306817529723e-05,5.091805360279977e-05,6.0513910284498706e-05,5.7367458794033155e-05,6.14738164586015e-05,4.42115415353328e-05,5.0082435336662456e-05,6.380108243320137e-05,2.9528806408052333e-05,3.945670323446393e-05,3.8432684959843755e-05,4.773760520038195e-05,2.7900834538741037e-05,3.839814235107042e-05,2.8425800337572582e-05,4.1578638047212735e-05,3.3562551834620535e-05,4.296226688893512e-05,3.652046507340856e-05,3.480984378256835e-05,3.0150627935654484e-05,4.6271030441857874e-05,2.2507008907268755e-05,4.850544792134315e-05,4.149557571508922e-05,3.0649931431980804e-05,3.179899067617953e-05,4.396466465550475e-05,2.3763786884956062e-05,2.6184528906014748e-05,3.5735953133553267e-05,3.44990476150997e-05
4800,0.0003078689915128052,0.00020884881087113172,0.00022125271789263934,0.00017949524044524878,0.00013211321493145078,0.00013320134894456714,0.00012888973287772387,5.253971175989136e-05,7.74397121858783e-05,0.00010785711492644623,8.325073576997966e-05,7.230748451547697e-05,7.887514948379248e-05,5.6026368838502094e-05,5.580449214903638e-05,7.655697118025273e-05,9.786912414710969e-05,7.896312308730558e-05,7.097162597347051e-05,5.4574611567659304e-05,8.799567876849324e-05,5.048249659012072e-05,5.39571738045197e-05,5.3507941629504785e-05,9.390329068992287e-05,4.5017841330263764e-05,2.228612356702797e-05,3.401885260245763e-05,3.5377495805732906e-05,3.487794674583711e-05,2.9574501240858808e-05,8.103016443783417e-05,3.552978887455538e-05,4.542841270449571e-05,2.593696081021335e-05,3.931626270059496e-05,2.427586332487408e-05,3.483892942313105e-05,2.552590740378946e-05,4.441479541128501e-05,1.8980177628691308e-05,5.017868534196168e-05,5.02266084367875e-05,3.0831724870949984e-05,3.039096191059798e-05,4.1143124690279365e-05,3.54597250407096e-05,3.669810394058004e-05,3.62757891707588e-05,3.815009768004529e-05
4900,0.00026576276286505163,0.00022239873942453414,0.00019772828090935946,0.00014911557082086802,0.00012034449173370376,9.894490358419716e-05,7.773912511765957e-05,5.654758570017293e-05,0.00013855936413165182,9.759148088051006e-05,7.27903243387118e-05,8.96895508049056e-05,0.00010090548312291503,7.341285527218133e-05,5.1214741688454524e-05,5.412480095401406e-05,8.65342517499812e-05,8.195522968890145e-05,6.428288907045498e-05,5.611772940028459e-05,6.378214311553165e-05,5.767776019638404e-05,5.944354415987618e-05,4.5795601181453094e-05,4.870272823609412e-05,5.363015952752903e-05,2.9815237212460488e-05,3.118001404800452e-05,4.4399006583262235e-05,5.019651143811643e-05,2.5459990865783766e-05,4.1974784835474566e-05,3.5365912481211126e-05,4.7486541006946936e-05,2.9837434340151958e-05,4.538309440249577e-05,3.1103543733479455e-05,5.679782771039754e-05,3.672097227536142e-05,3.3899119443958625e-05,2.4859831682988442e-05,3.114872015430592e-05,4.367696601548232e-05,3.7976093153702095e-05,4.218929461785592e-05,4.8771667934488505e-05,2.434695306874346e-05,2.467551894369535e-05,3.096652653766796e-05,4.104162871954031e-05
5000,0.00029121365514583886,0.00019590438751038164,0.0002216027060057968,0.00018968188669532537,0.00013760414731223136,0.00013238139217719436,0.00016800363664515316,5.944603981333785e-05,8.533495565643534e-05,0.00011059321695938706,0.00010546168778091669,0.00010327158815925941,7.929613639134914e-05,8.337405597558245e-05,7.276961696334183e-05,8.855923806549981e-05,8.159330900525674e-05,9.214248711941764e-05,7.768126670271158e-05,4.480541610973887e-05,7.042332435958087e-05,5.934204091317952e-05,8.481128315906972e-05,4.888083640253171e-05,6.501069583464414e-05,4.6100907638901845e-05,2.6249348593410105e-05,4.299745341995731e-05,4.196792360744439e-05,3.236668635508977e-05,2.677492557268124e-05,4.1289265936939046e-05,5.09700330439955e-05,5.603658428299241e-05,2.9521348551497795e-05,4.8699694161769e-05,2.985850915138144e-05,3.6193810956319794e-05,2.8067153834854253e-05,4.661835191654973e-05,2.17160013562534e-05,3.6844667192781344e-05,3.960754838772118e-05,3.5696328268386424e-05,3.603428922360763e-05,4.338198050390929e-05,2.3897237042547204e-05,2.490529732313007e-05,3.899394869222306e-05,3.676325286505744e-05
5100,0.00026124625583179295,0.00023425057588610798,0.0002209889207733795,0.00018708038260228932,0.00011187019845237955,8.703646017238498e-05,9.434262028662488e-05,6.445534381782636e-05,8.155464456649497e-05,9.165665687760338e-05,0.00010461884085088968,7.964240649016574e-05,6.715158087899908e-05,6.7232693254482e-05,6.987711094552651e-05,9.071061504073441e-05,8.098441321635619e-05,8.69200739543885e-05,7.025599188636988e-05,4.4034182792529464e-05,5.122838410898112e-05,5.062505806563422e-05,6.032354576746002e-05,6.864647730253637e-05,6.82262543705292e-05,4.186130900052376e-05,3.354671935085207e-05,3.3177799195982516e-05,4.6292032493511215e-05,4.6169818233465776e-05,2.800204310915433e-05,3.796931923716329e-05,3.749577444978058e-05,3.4904845961136743e-05,3.8866197428433225e-05,3.456489503150806e-05,4.012370845885016e-05,4.9555495934328064e-05,4.395640644361265e-05,3.805344385909848e-05,2.3112070266506635e-05,2.8662101613008417e-05,4.481389987631701e-05,3.9310529245994985e-05,3.2231531804427505e-05,3.704556365846656e-05,2.2735021047992632e-05,3.64212210115511e-05,3.6061228456674144e-05,2.7480788048706017e-05
5200,0.0003121214103884995,0.00020082533592358232,0.00018464909226167947,0.00015433218504767865,0.00014220073353499174,0.00012526517093647271,7.961638766573742e-05,5.058558963355608e-05,9.487309580435976e-05,0.00012872549996245652,9.6097108325921e-05,7.198960520327091e-05,0.0001121378518291749,6.761826807633042e-05,6.12301446381025e-05,6.269272125791758e-05,0.00011589585483307019,8.169715147232637e-05,5.279702236293815e-05,4.670552152674645e-05,5.166853588889353e-05,6.188876432133839e-05,5.226620123721659e-05,4.613026976585388e-05,6.371802010107785e-05,5.0621612899703905e-05,2.4368897356907837e-05,2.882350054278504e-05,4.794965934706852e-05,4.5963432057760656e-05,2.7163348931935616e-05,5.999090353725478e-05,2.9914739570813254e-05,4.779729715664871e-05,3.584430305636488e-05,3.4779390261974186e-05,3.5805580409942195e-05,3.411760553717613e-05,2.7278380002826452e-05,3.922253745258786e-05,2.7277603294351138e-05,4.7776087740203366e-05,4.317316415836103e-05,3.920224844478071e-05,3.534194911480881e-05,5.892483386560343e-05,2.769664024526719e-05,3.0152788895065896e-05,2.938318175438326e-05,3.061762618017383e-05
