step,channel_18878,channel_14906,channel_17594,channel_15802,channel_11322,channel_18490,channel_21178,channel_5946,channel_20945,channel_5050,channel_12218,channel_21047,channel_21408,channel_6842,channel_14010,channel_20661,channel_13114,channel_16698,channel_21139,channel_10426,channel_842,channel_8634,channel_7738,channel_9530,channel_2362,channel_3258,channel_21093,channel_1466,channel_21298,channel_21435,channel_20816,channel_20666,channel_4154,channel_21020,channel_21254,channel_4742,channel_21058,channel_21209,channel_674,channel_2750,channel_10960,channel_21186,channel_21305,channel_20643,channel_21101,channel_21365,channel_3489,channel_20693,channel_21282,channel_4533
0,0.0040539465844631195,0.00013127163401804864,0.00011140709830215201,0.0001284177997149527,0.0003299402305856347,8.172323578037322e-05,3.320839095977135e-05,7.734364771749824e-05,5.07623735757079e-05,0.0001268760534003377,0.00015742356481496245,5.392796447267756e-05,0.0001079960202332586,9.886565385386348e-05,0.00010138875950360671,3.50847294612322e-05,8.43421439640224e-05,6.912922981427982e-05,7.876271411078051e-05,0.00019963877275586128,0.00034145399695262313,8.958115358836949e-05,9.245824912795797e-05,9.818907710723579e-05,0.0001198325480800122,0.00011136639659525827,5.0056005420628935e-05,0.00010296887194272131,2.1393942006397992e-05,5.873720147064887e-05,0.00010709265188779682,3.304222263977863e-05,6.994324940023944e-05,1.8495426047593355e-05,9.150295227300376e-06,2.276363920827862e-05,1.5787643860676326e-05,1.4404798093892168e-05,0.0002757438342086971,0.0007662333664484322,0.00016325985779985785,1.2750880159728695e-05,2.3063163098413497e-05,8.615333172201645e-06,1.330890881945379e-05,2.0739413230330683e-05,4.346689456724562e-05,6.890069926157594e-05,4.268471820978448e-05,0.00012011390936095268
100,0.0001917875197250396,0.002029136987403035,0.0021303666289895773,0.002235391177237034,0.0009483759058639407,0.0015639117918908596,0.0008580207941122353,0.0009459613356739283,0.0008248730446211994,0.0012798757525160909,0.0010452696587890387,0.0009518536971881986,0.0003202271182090044,0.0010488363914191723,0.0011123510776087642,0.0005762750515714288,0.0009199646883644164,0.0013931719586253166,0.0005510752089321613,0.0008362088119611144,0.0007363756885752082,0.0009369680192321539,0.001031680265441537,0.0009035306866280735,0.0004764920740853995,0.000574348377995193,0.0005975801614113152,0.00047787584480829537,0.00044790180982090533,0.0005459027597680688,0.00030132848769426346,0.0008710447000339627,0.0005546956090256572,0.00036477792309597135,0.00015616598830092698,0.0005043829442001879,0.0002493512292858213,0.0005079460679553449,0.0007586568826809525,0.0003070826642215252,0.0002655241114553064,0.00022602926765102893,0.00028857975848950446,0.00021295824262779206,0.00016310671344399452,0.0002331775613129139,0.0002338297781534493,0.00025258545065298676,0.0005601809825748205,0.00019083118240814656
200,0.00015304576663766056,0.002242522081360221,0.0022433314006775618,0.0020206691697239876,0.0010081955697387457,0.0017377642216160893,0.0011043710401281714,0.000999715062789619,0.0005100035923533142,0.0011860711965709925,0.0012987757800146937,0.0012177597964182496,0.0007147203432396054,0.0010212422348558903,0.0013012284180149436,0.000450827123131603,0.0012068155920132995,0.0013623206177726388,0.00038482737727463245,0.0009799215476959944,0.00042429816676303744,0.0009623787482269108,0.001100053428672254,0.0009831348434090614,0.00032675120746716857,0.0004748200299218297,0.0013868723763152957,0.0002453114720992744,0.0008585479808971286,0.0007204623543657362,0.00048517651157453656,0.0007646961603313684,0.0005484396242536604,0.0003256256750319153,0.00040288406307809055,0.0004025737871415913,0.00045700723421759903,0.00033144932240247726,0.00030310903093777597,6.708237924613059e-05,0.00036206902586854994,0.0002672550908755511,0.00034319431870244443,0.0005148816271685064,0.00011973211803706363,0.00012962601613253355,0.00017261483299080282,0.00021817322704009712,0.000492720864713192,0.00022335573157761246
300,5.124373274156824e-05,0.001869166735559702,0.0018195585580542684,0.001888998318463564,0.0012604864314198494,0.0014433907344937325,0.0008911769837141037,0.0009733396582305431,0.0009805172448977828,0.001238060649484396,0.0013689936604350805,0.0008212063112296164,0.0002267606760142371,0.0010326987830922008,0.0011415574699640274,0.0008097324753180146,0.0011198646388947964,0.0012705367989838123,0.00023642746964469552,0.0007866706000640988,0.0006685775006189942,0.0008841909584589303,0.0009340795804746449,0.0009513433906249702,0.00044682793668471277,0.0005935506196692586,0.0003786290471907705,0.00032330822432413697,0.0003802176797762513,0.0004359274171292782,0.00029295776039361954,0.000790397054515779,0.000701642595231533,0.00036130863009020686,0.0002061001432593912,0.0004428738902788609,0.0001715995604172349,0.000514969346113503,0.0004815331776626408,8.166743646143004e-05,0.00023691385285928845,0.000167422229424119,0.00024731276789680123,0.00019846149371005595,0.00015235324099194258,0.00018827844178304076,0.00018661726790014654,0.0002845444541890174,0.0004703946178779006,0.0002488110330887139
400,6.157348252600059e-05,0.0021265677642077208,0.0019270646153017879,0.002179658506065607,0.0013341603334993124,0.001448723254725337,0.00045121682342141867,0.0009562137420289218,0.0005348147824406624,0.0012294468469917774,0.0012655336176976562,0.0008058824460022151,0.00021871176431886852,0.0010727450717240572,0.001172772841528058,0.001115855062380433,0.0010646041482686996,0.0013177660293877125,0.0003478621947579086,0.0009854878298938274,0.0006372257485054433,0.0011231453390792012,0.001146047143265605,0.0010984194232150912,0.00047396557056345046,0.0006239338545128703,0.00046915741404518485,0.00034241366665810347,0.0003409156925044954,0.0004218153771944344,0.0004157871298957616,0.0005537609104067087,0.0006624455563724041,0.00033106753835454583,0.00017986338934861124,0.00041791211697272956,0.0002107673790305853,0.0003417356056161225,0.0003640707873273641,7.637968519702554e-05,0.00038849268457852304,0.0002705270890146494,0.00021189218387007713,0.00011885263666044921,0.00023462755780201405,0.00019030857947655022,0.00018530130910221487,0.0002605915651656687,0.0003263757098466158,0.0002989545464515686
500,3.717795334523544e-05,0.0021790715400129557,0.002221040427684784,0.002494100946933031,0.0023492847103625536,0.0017485376447439194,0.0005001184763386846,0.0012093362165614963,0.00043849291978403926,0.001427365466952324,0.0020318864844739437,0.0006629187264479697,0.0004083885287400335,0.001285105012357235,0.0015467118937522173,0.0004096171469427645,0.0013700551353394985,0.0014675387647002935,0.0003953431732952595,0.0014403192326426506,0.0005252380506135523,0.0011264641070738435,0.0012251065345481038,0.0012272305320948362,0.0004767497885040939,0.0006731517496518791,0.0005411981837823987,0.0003097639128100127,0.0003379500994924456,0.0003983836795669049,0.0006584926159121096,0.00048816113849170506,0.0006918630097061396,0.00047241945867426693,0.00022739919950254261,0.000486847129650414,0.0003420619759708643,0.0004070191062055528,0.00035136358928866684,6.218987255124375e-05,0.0005256720469333231,0.0002515505184419453,0.00024601290351711214,0.00020829515415243804,0.00029348384123295546,0.00017783846124075353,0.0001851651177275926,0.0005872858455404639,0.00025491550331935287,0.00021773997286800295
600,0.0003586356178857386,0.002017592079937458,0.0019914950244128704,0.0018995050340890884,0.000861428095959127,0.0014869463630020618,0.0007862632046453655,0.0009002063889056444,0.00045320301433093846,0.0011368696577847004,0.0009882444282993674,0.0007690786733292043,0.0007321567973122001,0.0010012444108724594,0.0010475117014721036,0.0005999277345836163,0.0009457548731006682,0.0012470332439988852,0.0004385882057249546,0.0008149656350724399,0.0005280316108837724,0.0008165639592334628,0.000952167552895844,0.0008610152872279286,0.00040436588460579515,0.00045385246630758047,0.0005549208726733923,0.00029302999610081315,0.00035105092683807015,0.00039822087273932993,0.0002765915996860713,0.00038612436037510633,0.0005258699529804289,0.000270581484073773,0.00025592849124222994,0.0004172599292360246,0.00019153027096763253,0.0008569785277359188,0.0003979474713560194,0.0001546155835967511,0.0003318962699268013,0.00035766366636380553,0.0002481833507772535,0.0003257848438806832,0.00019910100672859699,0.00010889137047342956,0.00015864847227931023,0.00024264032253995538,0.0003209230490028858,0.0002477399248164147
700,0.00024159874010365456,0.0015455745160579681,0.0014331515412777662,0.001423433655872941,0.0007408751407638192,0.001110156998038292,0.001097309635952115,0.0008487249724566936,0.001800496713258326,0.0010799348820000887,0.0008748737163841724,0.0006221190560609102,0.0006107425433583558,0.0009192260913550854,0.0008268393576145172,0.0017061440739780664,0.0007120149093680084,0.0010742276208475232,0.00046592397848144174,0.0006935011479072273,0.0006221615476533771,0.0008007903816178441,0.0008513729553669691,0.0007622915436513722,0.0003949270467273891,0.00053972820751369,0.0005053146742284298,0.00029249981162138283,0.0004592274490278214,0.00034556002356112003,0.0003046523779630661,0.0003621997020673007,0.0005632304819300771,0.0004433044232428074,0.00034044458880089223,0.00033888855250552297,0.00048178675933741033,0.00020986690651625395,0.0004206866433378309,0.00012094448902644217,0.00028031886904500425,0.00028050236869603395,0.0005159663269296288,0.00019277069077361375,0.0003438459534663707,0.0006810375489294529,0.00018320936942473054,0.0002781339571811259,0.00038807129021734,0.0006152567220851779
800,4.9336274969391525e-05,0.002001590793952346,0.0019103046506643295,0.0021047110203653574,0.0009884362807497382,0.0015602625207975507,0.0005012627807445824,0.0009741286048665643,0.0004132663016207516,0.0013121491065248847,0.0012802928686141968,0.0006178566254675388,0.00022586004342883825,0.0011003002291545272,0.0011334780137985945,0.0006449510110542178,0.001055584754794836,0.001292969100177288,0.0003465427435003221,0.0008954582153819501,0.0005924215074628592,0.0009795294608920813,0.00106111541390419,0.0009822711581364274,0.0004004013317171484,0.0005033137858845294,0.0003210356808267534,0.0002838464279193431,0.000335531251039356,0.0003699634980875999,0.0006015509134158492,0.000598658574745059,0.000660485471598804,0.00025046360678970814,0.00011315611482132226,0.00047891034046187997,0.00019976819748990238,0.00041203683940693736,0.0004701611469499767,4.976493801223114e-05,0.0003123274655081332,0.00020080714602954686,0.0002504270523786545,0.00020447862334549427,0.0004476467438507825,0.00013582211977336556,0.00014160433784127235,0.0002193204709328711,0.0003066770441364497,0.0002913281787186861
900,0.00010980560182360932,0.0023056096397340298,0.0021064358297735453,0.002077606273815036,0.001442603999748826,0.001714607933536172,0.0012073052348569036,0.0008643923792988062,0.00037832072121091187,0.001164225279353559,0.001293708453886211,0.001253514550626278,0.0003660127695184201,0.001062313443981111,0.0012197054456919432,0.0008083442226052284,0.0011611124500632286,0.0012616361491382122,0.00031204873812384903,0.0010374111589044333,0.0004348187649156898,0.0009560948819853365,0.0010964630637317896,0.001029709237627685,0.0003518550656735897,0.00042914849473163486,0.0007041884819045663,0.0002519360859878361,0.0010626243893057108,0.0009513985132798553,0.00043979118345305324,0.0010038461768999696,0.0005853333859704435,0.0008053086348809302,0.00034348174813203514,0.0004009322728961706,0.0005589741631411016,0.00025414489209651947,0.00035290553933009505,5.4515992815140635e-05,0.0003780566912610084,0.00014026288408786058,0.0004689381457865238,0.0003434527898207307,0.0005167675553821027,0.00024394677893724293,0.00012243620585650206,0.0004107477725483477,0.0006375081720761955,0.00021438402472995222
1000,6.0414404288167134e-05,0.0022421497851610184,0.0023135030642151833,0.0023907737340778112,0.0012426843168213964,0.0016378688160330057,0.0009145954390987754,0.0010145159903913736,0.0008557575638405979,0.001241804100573063,0.0014597467379644513,0.0007604015991091728,0.000762432289775461,0.0011834710603579879,0.001297947601415217,0.0011165416799485683,0.0012209678534418344,0.0013652272755280137,0.0016725270543247461,0.0010260611306875944,0.0005105527234263718,0.0010138764046132565,0.0012025614269077778,0.0010686961468309164,0.00039204489439725876,0.0004995039780624211,0.0009517226717434824,0.00030464789597317576,0.0005781484069302678,0.0005153559613972902,0.000816317624412477,0.0005849370500072837,0.0005713708233088255,0.00047607196029275656,0.00022950978018343449,0.0004348067450337112,0.00036449963226914406,0.00033360731322318316,0.00042112209484912455,5.1521612476790324e-05,0.00036003917921334505,0.0001940389774972573,0.0003850340435747057,0.0005137711996212602,0.00020207735360600054,0.00047764607006683946,0.00014675910642836243,0.00024920873693190515,0.00038504431722685695,0.0002198150468757376
1100,3.713717887876555e-05,0.0021813882049173117,0.0022159614600241184,0.0022333231754601,0.0011745649389922619,0.0014819952193647623,0.0011480546090751886,0.0010053268633782864,0.0003660184738691896,0.0011632746318355203,0.0013195830397307873,0.0006761869299225509,0.0005324212834239006,0.0010601418325677514,0.001199402497150004,0.0004896562313660979,0.0011615739203989506,0.0013374220579862595,0.0003643722156994045,0.001059692818671465,0.0005163510795682669,0.001082592993043363,0.0010447214590385556,0.00110586266964674,0.0003925736527889967,0.0005320800119079649,0.0008323436486534774,0.0002873717457987368,0.0003204117820132524,0.0004010199336335063,0.00039362552342936397,0.0003710604505613446,0.000537131680175662,0.0003513742994982749,0.0002504012663848698,0.00040720615652389824,0.0008778883493505418,0.00047173391794785857,0.0003770037437789142,6.790433690184727e-05,0.000331993360305205,0.00021293484314810485,0.00024119927547872066,0.00022496216115541756,0.00047110230661928654,0.00011734938016161323,0.00013108557322993875,0.0003880307776853442,0.00024247606052085757,0.00020909268641844392
1200,0.0001090127116185613,0.0019694289658218622,0.0021480959840118885,0.00204341858625412,0.0010487730614840984,0.0015818292740732431,0.0006738011725246906,0.0008704672800377011,0.0007950605358928442,0.0010235466761514544,0.0012447854969650507,0.0006900346488691866,0.0003845458850264549,0.0009113046689890325,0.0011721837799996138,0.0004308393981773406,0.0009725714917294681,0.0012994949938729405,0.0002656439028214663,0.0009166867821477354,0.0005464599817059934,0.0009575929725542665,0.0009460614528506994,0.0008986478205770254,0.0004251912469044328,0.000481827009934932,0.00040549522964283824,0.0003066780627705157,0.0003838708798866719,0.0004112987080588937,0.00029825669480487704,0.0004015843151137233,0.000506243493873626,0.00028823106549680233,0.0002614071418065578,0.00040724105201661587,0.00019616211648099124,0.00036521966103464365,0.00045773026067763567,0.00020297258743084967,0.0003571335691958666,0.00017776203458197415,0.00025184560217894614,0.00024182890774682164,0.00021268276032060385,0.00017845642287284136,0.0001872015418484807,0.00021998902957420796,0.00034781714202836156,0.00017421938537154347
1300,4.632051786757074e-05,0.0023101780097931623,0.0021767469588667154,0.0024723256938159466,0.0012142063351348042,0.0018998003797605634,0.0007559700170531869,0.0009865323081612587,0.0007166778668761253,0.0010881758062168956,0.0014041174435988069,0.0006297599757090211,0.0006513582193292677,0.0011300735641270876,0.0013577135978266597,0.00042682298226282,0.001222357852384448,0.0014800732024013996,0.00031022587791085243,0.0008899634121917188,0.00046848063357174397,0.0009520979947410524,0.0009890199871733785,0.0011014009360224009,0.0003503789193928242,0.00041759974556043744,0.00061151257250458,0.0002588868956081569,0.0004242062277626246,0.0005888103041797876,0.00034580586361698806,0.0005029902677051723,0.000534926017280668,0.00031475609284825623,0.0002073448122246191,0.00035253705573268235,0.00018616091983858496,0.0005430528544820845,0.00034346969914622605,6.625189416809008e-05,0.00043381741852499545,0.0002022118424065411,0.0003693116013891995,0.00013508627307601273,0.0001550442393636331,0.00010750079673016444,0.00012998483725823462,0.00019757074187509716,0.00024751885212026536,0.00019828762742690742
1400,5.247136141406372e-05,0.00195216853171587,0.002127796644344926,0.002178229158744216,0.0011459721717983484,0.0014323957730084658,0.002228375058621168,0.0009994115680456161,0.002008075825870037,0.0013305809115990996,0.0013211590703576803,0.0012367877643555403,0.00041007701656781137,0.001251497189514339,0.0010904660448431969,0.0009700812515802681,0.0010247624013572931,0.0012398960534483194,0.0002345620159758255,0.0012605597730726004,0.0005964700831100345,0.0011528466129675508,0.001312590204179287,0.0011068505700677633,0.00043280364479869604,0.0005848720902577043,0.0005495300283655524,0.00031806505285203457,0.001228473731316626,0.0009352527558803558,0.00022985358373261988,0.0007016974268481135,0.0006391681963577867,0.0010060379281640053,0.00025925293448381126,0.0004303634923417121,0.0007824485655874014,0.0007289494969882071,0.0003474853001534939,6.921929161762819e-05,0.0003485101042315364,0.00021907569316681474,0.00043232901953160763,0.0006094129057601094,0.00014684683992527425,0.00010595718049444258,0.00017990265041589737,0.00021003271103836596,0.0006120973848737776,0.00019732341752387583
1500,0.00019027365488000214,0.0019985674880445004,0.002052893163636327,0.002540583023801446,0.00112946517765522,0.0014554857043549418,0.0012482733000069857,0.0010425427462905645,0.0004574952181428671,0.001200037426315248,0.0013036283198744059,0.0006846701144240797,0.0015120127936825156,0.0011429449077695608,0.0012818323448300362,0.0009584528743289411,0.0011727098608389497,0.0012984107015654445,0.0014055258361622691,0.0008707786910235882,0.0005473470082506537,0.0011307718232274055,0.00107222655788064,0.0010027076350525022,0.00036696172901429236,0.0005113106453791261,0.0005483651184476912,0.0002947745379060507,0.0007039117044769228,0.0003763816202990711,0.0011693763080984354,0.0011619373690336943,0.0005899279494769871,0.0002685075160115957,0.00016422930639237165,0.00047332586837001145,0.000531091820448637,0.0003037110436707735,0.00042819345253519714,0.00038496466004289687,0.00033247206010855734,0.0002192006359109655,0.00042174363625235856,0.0007109613507054746,0.00047203770373016596,0.00015124552010092884,0.00015220913337543607,0.0006249535363167524,0.000553198391571641,0.00022947053366806358
1600,5.090761624160223e-05,0.002331612864509225,0.0023470171727240086,0.0024823902640491724,0.0010575474007055163,0.0016217492520809174,0.0010196418734267354,0.0011524931760504842,0.0008436614298261702,0.0014207896310836077,0.0013972293818369508,0.0007874619914218783,0.00044928875286132097,0.001251053879968822,0.001515106065198779,0.0005818667123094201,0.0012152749113738537,0.00150355976074934,0.00024272412701975554,0.0009704341646283865,0.0005174888065084815,0.0010831933468580246,0.0010762420715764165,0.0011278388556092978,0.00041884579695761204,0.0005570886423811316,0.0005568073247559369,0.0003136025625281036,0.0006175271701067686,0.0005586796905845404,0.00042001891415566206,0.0008055344223976135,0.0005998721462674439,0.0004887284012511373,0.0004903320805169642,0.0005109739722684026,0.0005436376086436212,0.00038388557732105255,0.000363445607945323,6.706593558192253e-05,0.0002893216151278466,0.00020275056886021048,0.00040115154115483165,0.00029965967405587435,0.00024103629402816296,0.00017560177366249263,0.00020644291362259537,0.0002650168025866151,0.0003009075880981982,0.00023496565700042993
1700,4.369110320112668e-05,0.0020804349333047867,0.002028193324804306,0.0021802845876663923,0.0011888172011822462,0.0015427337493747473,0.0008797971531748772,0.0011223108740523458,0.0017071370966732502,0.0014265025965869427,0.001296156900934875,0.0005075127119198442,0.00044185027945786715,0.0012881243601441383,0.0013662613928318024,0.0004770183586515486,0.001122004585340619,0.001396248466335237,0.0003284020349383354,0.0009829994523897767,0.0004919963539578021,0.0010484950616955757,0.0011348269181326032,0.0011626641498878598,0.00038180549745447934,0.0005418549990281463,0.00038412134745158255,0.0002851937897503376,0.0004679498088080436,0.0003604629309847951,0.0002976702235173434,0.00043162834481336176,0.0005767011316493154,0.0005034327623434365,0.00019051491108257324,0.000494272680953145,0.00017599489365238696,0.000276628794381395,0.00045506993774324656,8.184014586731791e-05,0.00029274806729517877,0.0003963263297919184,0.0002079468686133623,0.00018811141490004957,0.00024847802706062794,0.00040126778185367584,0.00014855782501399517,0.0002946503518614918,0.0005326752434484661,0.00022238992096390575
1800,6.556071457453072e-05,0.002293958095833659,0.002181799616664648,0.0023674732074141502,0.0011919946409761906,0.001647749450057745,0.0007784559857100248,0.001104961964301765,0.00044924006215296686,0.0013323365710675716,0.0013296864926815033,0.0006419300334528089,0.0006455946713685989,0.0012393504148349166,0.0012816766975447536,0.0005970915080979466,0.0010919400956481695,0.001510918838903308,0.0003737889928743243,0.0010146248387172818,0.00055595429148525,0.0010961807565763593,0.001209121197462082,0.0011307207169011235,0.0004101474187336862,0.0005403949762694538,0.0003680808295030147,0.00029059837106615305,0.00036255508894100785,0.00041639863047748804,0.0004909105482511222,0.00036528793862089515,0.0006075968849472702,0.00042585853952914476,0.0001507116248831153,0.0005181776941753924,0.00020373673760332167,0.00041209044866263866,0.0004957070341333747,7.377927977358922e-05,0.0003390792408026755,0.00018948379147332162,0.0002263840287923813,0.00022086731041781604,0.00019183498807251453,0.00012732920004054904,0.00016734754899516702,0.00032439042115584016,0.0002513249928597361,0.00020566300372593105
1900,9.957861038856208e-05,0.0021034216042608023,0.002421292709186673,0.002250129822641611,0.0015221438370645046,0.001782926614396274,0.0008948773611336946,0.0009752676705829799,0.0004110843292437494,0.0011826190166175365,0.0017027152935042977,0.001365481992252171,0.0005495654186233878,0.0011311236303299665,0.0014836457557976246,0.001108825672417879,0.0012674749596044421,0.001370901009067893,0.00025099399499595165,0.001061434275470674,0.0005097715766169131,0.0010674423538148403,0.0011273669078946114,0.0011547594331204891,0.00032716040732339025,0.00045145227340981364,0.0005126955220475793,0.00027100834995508194,0.0005506190354935825,0.0005779647035524249,0.0003905642661266029,0.0005576725816354156,0.0005167784984223545,0.0002957402903120965,0.00019067044195253402,0.00043023971375077963,0.0003538162854965776,0.0002596761332824826,0.0003894066612701863,9.200502245221287e-05,0.00034509639954194427,0.0004141485260333866,0.00023529227473773062,0.0003339022514410317,0.0002354137395741418,0.00021454846137203276,0.00014060673129279166,0.00029254434048198164,0.00024315607151947916,0.00022616138448938727
2000,6.299340748228133e-05,0.00201771454885602,0.0018707963172346354,0.0019543301314115524,0.0009517882717773318,0.001269937609322369,0.0006137402378953993,0.0010486440733075142,0.0004245732561685145,0.001285617589019239,0.001113363541662693,0.00048222317127510905,0.000424116849899292,0.0011192078236490488,0.0010972265154123306,0.0003847978950943798,0.0009533453267067671,0.0012334678322076797,0.00023427617270499468,0.000801941379904747,0.0006206448888406157,0.000943697988986969,0.0010489494306966662,0.0009328249143436551,0.0004707377520389855,0.0005517724785022438,0.000555266800802201,0.0003584458027034998,0.0007454244769178331,0.00032072377507574856,0.00034100314951501787,0.00032684477628208697,0.0005579842254519463,0.0002503804862499237,0.00017704840865917504,0.0004469169653020799,0.0005015716305933893,0.0003706866700667888,0.0004907179973088205,0.00011437310604378581,0.00030023479484952986,0.00017919782840181142,0.0005330343847163022,0.000283190980553627,0.0003101035254076123,0.00016352927195839584,0.00017473184561822563,0.0002112613874487579,0.00026690345839597285,0.00027878620312549174
2100,0.00016003780183382332,0.0024267369881272316,0.0023882086388766766,0.002422645688056946,0.0011729189427569509,0.002029102062806487,0.000798882800154388,0.0011287868255749345,0.0004123952821828425,0.0012618921464309096,0.001362350769340992,0.0007482367218472064,0.0006770883337594569,0.0012618517503142357,0.0013226274168118834,0.00044941611122339964,0.0011311618145555258,0.0014983101282268763,0.0005109467310830951,0.001128321047872305,0.0006068878574296832,0.0010761910816654563,0.0011064719874411821,0.0010815936839208007,0.0004173657507635653,0.0005364614189602435,0.0005859766388311982,0.0003478488069958985,0.0005222617764957249,0.0005004717968404293,0.00047829258255660534,0.00039332592859864235,0.0006390555063262582,0.00037513228016905487,0.0002093672810588032,0.0004931254079565406,0.0005281268968246877,0.00031926226802170277,0.0004855841980315745,7.694761734455824e-05,0.00036310471477918327,0.00020223371393512934,0.00028811884112656116,0.00035448448034003377,0.00014271584223024547,0.00013272602518554777,0.0001497101184213534,0.00018409550830256194,0.0002868089359253645,0.00016280171985272318
2200,4.4919404899701476e-05,0.002394437789916992,0.002710215747356415,0.0023537154775112867,0.001354405889287591,0.0020777990575879812,0.000805698917247355,0.0012085158377885818,0.000350412679836154,0.001480436185374856,0.001391876139678061,0.0007274994859471917,0.0005665173521265388,0.0013094840105623007,0.0013569686561822891,0.0012840230483561754,0.001286081736907363,0.0015967460349202156,0.00046397102414630353,0.0011585314059630036,0.0006123122293502092,0.0012231143191456795,0.0012626637471839786,0.0012115412391722202,0.00041540537495166063,0.000625483226031065,0.0005116038955748081,0.0002911683695856482,0.0004428945539984852,0.0004506950208451599,0.0007104309042915702,0.0003823536681011319,0.0006229684804566205,0.0003079252492170781,0.00019006829825229943,0.0005213046679273248,0.00033209199318662286,0.00026958645321428776,0.00043272474431432784,8.330873970407993e-05,0.0003691385209094733,0.00018869098857976496,0.0003081008908338845,0.0003667260170914233,0.00047840032493695617,0.00010691373609006405,0.00018340513634029776,0.0005376022309064865,0.00022821061429567635,0.000265050504822284
2300,4.092274321010336e-05,0.0019472208805382252,0.0017425890546292067,0.002131606452167034,0.002155400812625885,0.001342626754194498,0.001014189561828971,0.0009535244316793978,0.001047319732606411,0.0011538541875779629,0.0011973704677075148,0.0004745217156596482,0.0004741759330499917,0.0010050216224044561,0.0011163288727402687,0.0004521665396168828,0.0010162307880818844,0.0011640070006251335,0.0005794136668555439,0.0012907007476314902,0.0005775288445875049,0.001094643259420991,0.001131126657128334,0.0011299888137727976,0.00042744402890093625,0.0005362297524698079,0.000576336751691997,0.0003415110695641488,0.0005843363469466567,0.00029061074019409716,0.0007798527949489653,0.0010116801131516695,0.0005875296192243695,0.0005253508570604026,0.0005586098995991051,0.00044786036596633494,0.00045573405805043876,0.0003580477787181735,0.0005787857226096094,0.0001081908994819969,0.00036453554639592767,0.00018582501797936857,0.000512469676323235,0.00033717331825755537,0.0003806712047662586,0.00024579744786024094,0.00018833522335626185,0.0005046732258051634,0.0005610834341496229,0.0002329297421965748
2400,3.6877550883218646e-05,0.0026579482946544886,0.0023491415195167065,0.002378295175731182,0.0015075072878971696,0.0016998477512970567,0.000697311304975301,0.0010062530636787415,0.0005351572181098163,0.001435144105926156,0.0016636044019833207,0.0005022380501031876,0.0003799359838012606,0.001225528889335692,0.0013968617422506213,0.000523701251950115,0.0013470363337546587,0.001517010387033224,0.000339257821906358,0.0011478087399154902,0.0006995234871283174,0.0011300400365144014,0.0011370425345376134,0.0011793141020461917,0.0005170743097551167,0.0006344065186567605,0.0004395651922095567,0.0003835383104160428,0.00034176564076915383,0.0003569668624550104,0.00028195729828439653,0.00041827186942100525,0.0007013282738626003,0.00031028693774715066,0.0001746351335896179,0.0005237432196736336,0.00019342711311765015,0.0003261375823058188,0.000556106329895556,6.81497622281313e-05,0.0003702509275171906,0.0001590614119777456,0.0002128260093741119,0.0002258954627905041,0.0001663043221924454,0.00012934912228956819,0.00016823630721773952,0.00017840701912064105,0.00028956824098713696,0.00022993149468675256
2500,6.253531319089234e-05,0.0024790496099740267,0.0023522330448031425,0.002633635653182864,0.0016423757188022137,0.0015759263187646866,0.0007225716253742576,0.0011044747661799192,0.0003200532519258559,0.0012320441892370582,0.0014047622680664062,0.0013652679044753313,0.0006915072444826365,0.0011582362931221724,0.0014378293417394161,0.000627753499429673,0.0012344707502052188,0.0014055244391784072,0.00044468179112300277,0.0012692345771938562,0.000539354863576591,0.0010671841446310282,0.001238546334207058,0.001211980707012117,0.00046949987881816924,0.000580250401981175,0.0005343809025362134,0.0002972482470795512,0.00048086827155202627,0.0005747276591137052,0.0003759282408282161,0.000571022683288902,0.0006090030074119568,0.00044734065886586905,0.0001803316263249144,0.0004263868904672563,0.00036848941817879677,0.0002807251876220107,0.0004961313679814339,9.613802831154317e-05,0.000409360887715593,0.00031627100543119013,0.00030654127476736903,0.00031097879400476813,0.00014400744112208486,0.00015604289365001023,0.00015621479542460293,0.0002156510017812252,0.00031373504316434264,0.00019062099454458803
2600,4.0757884562481195e-05,0.002338829915970564,0.002419120632112026,0.0024702392984181643,0.001341654802672565,0.0018710854928940535,0.0009468236239627004,0.0010556492488831282,0.0006785659934394062,0.0013963414821773767,0.001577286864630878,0.0007238594116643071,0.0005145113682374358,0.0012909432407468557,0.0014446256682276726,0.0005205973284319043,0.0012509042862802744,0.0015259641222655773,0.0003046234487555921,0.001199086895212531,0.0007215563673526049,0.0011678258888423443,0.0012631900608539581,0.0012680937070399523,0.0004951863083988428,0.000627850356977433,0.000554162310436368,0.0003923418989870697,0.0004107744025532156,0.00040382982115261257,0.0005754462908953428,0.00025386674678884447,0.0006715112249366939,0.000494364823680371,0.00023700969177298248,0.0004765783960465342,0.0002389299334026873,0.00027183894417248666,0.0005150403594598174,9.05832857824862e-05,0.0002937948447652161,0.000264254049398005,0.00024323302204720676,0.0003388569748494774,9.667476115282625e-05,0.0001287749910261482,0.00015756662469357252,0.00014250939420890063,0.0002185269258916378,0.00029833431472070515
2700,5.026858707424253e-05,0.0025333529338240623,0.0024681640788912773,0.00256150565110147,0.001056343549862504,0.0016235420480370522,0.0008454782655462623,0.0011032618349418044,0.0008695297874510288,0.001425834372639656,0.0011756302556023002,0.0008323178044520319,0.000695872469805181,0.0013583778636530042,0.0012040046276524663,0.001126620452851057,0.0012054183753207326,0.0014055013889446855,0.0006202196818776429,0.0011280410690233111,0.0006058693397790194,0.0012028601486235857,0.0013529739808291197,0.001427136012353003,0.00040095968870446086,0.0005140339490026236,0.0003291066095698625,0.00031589643913321197,0.00045370939187705517,0.0005474467761814594,0.0007068198174238205,0.0006356322555802763,0.0006823362200520933,0.0008832780295051634,0.0002568536438047886,0.0006574690341949463,0.00029865335091017187,0.0003775122750084847,0.0006849287310615182,7.360667223110795e-05,0.00030787274590693414,0.00017421708616893739,0.00020798417972400784,0.0001535764749860391,0.00015026889741420746,6.260041118366644e-05,0.00016735245299059898,0.00024095262051559985,0.0003332295164000243,0.00017634120013099164
2800,4.14177447964903e-05,0.0021383403800427914,0.0023188989143818617,0.002297854982316494,0.0012902087764814496,0.002168246079236269,0.001179038779810071,0.0011526752496138215,0.0004557174688670784,0.0014665351482108235,0.0015593216521665454,0.0020054441411048174,0.0010629913304001093,0.0012752619804814458,0.0014665431808680296,0.0008048286545090377,0.0013450406258925796,0.0015422170981764793,0.0003643273375928402,0.0011074856156483293,0.0005104900919832289,0.0014063292182981968,0.001348869875073433,0.0013709586346521974,0.0004212327185086906,0.0006089276866987348,0.0009333688649348915,0.00029886438278481364,0.0003759992541745305,0.001044045202434063,0.0007440645131282508,0.0006694273324683309,0.000621842104010284,0.0003492949763312936,0.00021160127653274685,0.0005162173765711486,0.00039612542605027556,0.00048311526188626885,0.0004164474084973335,7.221371924970299e-05,0.00032342629856429994,0.00036007945891469717,0.0005396213964559138,0.0005600938457064331,0.000215743959415704,0.00012706553388852626,0.0001918763155117631,0.0002965191670227796,0.0003309991443529725,0.00026624873862601817
2900,0.00020466477144509554,0.0018126340582966805,0.0018979513552039862,0.001955308485776186,0.0009913659887388349,0.0013928208500146866,0.0007446121890097857,0.000981588033027947,0.0009071659296751022,0.0011556986719369888,0.0012101723114028573,0.0005674585117958486,0.0010674281511455774,0.0012057529529556632,0.0011431800667196512,0.000589600414969027,0.001020356547087431,0.0013135077897459269,0.0002467724261805415,0.0009442437440156937,0.0005298912874422967,0.0011625702027231455,0.0011549544287845492,0.0010603488190099597,0.0003813429211732,0.0004809162637684494,0.0009030794026330113,0.0002871410106308758,0.0004411040572449565,0.0003597757895477116,0.00025951454881578684,0.0005216837162151933,0.0005713159334845841,0.00040812738006934524,0.00028846258646808565,0.00038100944948382676,0.00019886594964191318,0.00034763087751343846,0.0004052366712130606,0.0004073616291861981,0.0002784717653412372,0.0006001389119774103,0.000199108399101533,0.0002290585543960333,0.00011927376908715814,0.00015880381397437304,0.00013462557399179786,0.00020159894484095275,0.0005472571356222034,0.0003059962182305753
3000,3.844833918265067e-05,0.0028205926064401865,0.0023774378933012486,0.0026639068964868784,0.0024838256649672985,0.001801038277335465,0.000723987293895334,0.0013441139599308372,0.0005138180567882955,0.001775832730345428,0.0017524044960737228,0.0007005695370025933,0.000606823421549052,0.0014533274807035923,0.001596079207956791,0.00046442763414233923,0.0016961212968453765,0.0015109507367014885,0.00029076202190481126,0.0013426889199763536,0.0006530366372317076,0.0012468177592381835,0.0013662944547832012,0.0013527162373065948,0.0004928623093292117,0.0006428019260056317,0.00025798953720368445,0.00038155700895003974,0.0004801288596354425,0.00047953674220480025,0.0003568157844711095,0.0003267085994593799,0.0006949376547709107,0.00034268206218257546,0.00018927548080682755,0.0006947143119759858,0.00036161314346827567,0.00044206203892827034,0.0005325888050720096,7.170245226006955e-05,0.00045208391384221613,0.0002615365374367684,0.0002815710613504052,0.0002478376554790884,0.0001648666220717132,0.0001135054262704216,0.0001882996439235285,0.00028136352193541825,0.00044538569636642933,0.0002104376326315105
3100,7.072597509250045e-05,0.0025397411081939936,0.0027030124329030514,0.002491174964234233,0.0015722180251032114,0.0018276323098689318,0.000674129871185869,0.0012372382916510105,0.0004761403542943299,0.001387082040309906,0.001629572012461722,0.0006161836790852249,0.0007260989514179528,0.0013516333419829607,0.0015905167674645782,0.00040719230310060084,0.001530173933133483,0.0016959026688709855,0.0003587895189411938,0.0016224751016125083,0.00054643873590976,0.0014133627992123365,0.0014497514348477125,0.0014443749096244574,0.00043776037637144327,0.0006496365531347692,0.00040922820335254073,0.0003080007154494524,0.0005636430578306317,0.00046293740160763264,0.0004382058104965836,0.0003667139681056142,0.0005887536099180579,0.00032120791729539633,0.0004226270248182118,0.00048523733858019114,0.00042411108734086156,0.000364913372322917,0.0003707650175783783,6.245004624361172e-05,0.00047246349276974797,0.00019658246310427785,0.00041830967529676855,0.000520715897437185,0.00042719338671304286,0.00025764902238734066,0.00019286712631583214,0.0006437911069951952,0.00030936687835492194,0.0002136523835361004
3200,8.736587915336713e-05,0.002093428745865822,0.002210958395153284,0.0023240467999130487,0.0009746309369802475,0.0016815817216411233,0.0005403727409429848,0.0009980815229937434,0.00059333979152143,0.0012950260424986482,0.001168432179838419,0.00043506466317921877,0.0009698126232251525,0.0011168732307851315,0.0012388225877657533,0.001135050319135189,0.0011703168274834752,0.0014418934006243944,0.0010959334904327989,0.0009826375171542168,0.0005759722553193569,0.001128769712522626,0.0011654500849545002,0.0010835437569767237,0.0004150898603256792,0.0005684775533154607,0.00039568747160956264,0.0003119835746474564,0.000510827056132257,0.0003104612696915865,0.0005266277003102005,0.00044567021541297436,0.0005954760126769543,0.000488659308757633,0.00015625334344804287,0.00047568065929226577,0.00022269718465395272,0.0003530154936015606,0.000461975228972733,0.00012120787869207561,0.000308823335217312,0.00015929566870909184,0.0002200353774242103,0.0004020658088847995,0.00022587220882996917,0.00015181920025497675,0.000150752006447874,0.0002942634164355695,0.00030544682522304356,0.00022987152624409646
3300,4.06850413128268e-05,0.0025576462503522635,0.0024118388537317514,0.002824850380420685,0.0013645067811012268,0.0018056615954264998,0.0009320779936388135,0.001217851066030562,0.0005965857417322695,0.0013534892350435257,0.0016073131700977683,0.000652696646284312,0.00044268168858252466,0.001446411246433854,0.0014849138678982854,0.0005216456484049559,0.0013384917983785272,0.0015537621220573783,0.0002716572198551148,0.00124657666310668,0.0005724537768401206,0.001431250129826367,0.0015178548637777567,0.0013649247121065855,0.00045323430094867945,0.0005689265090040863,0.0007706032483838499,0.0003462777240201831,0.0006625686073675752,0.0004474844899959862,0.0003157931787427515,0.0006873557576909661,0.0006573915015906096,0.00042433099588379264,0.0002886034199036658,0.0004976452328264713,0.00029809767147526145,0.0003983269853051752,0.0005031047621741891,6.304291309788823e-05,0.00031228450825437903,0.0001836352894315496,0.0005236948491074145,0.00025438342709094286,0.00013219364336691797,0.0001199662801809609,0.00018878302944358438,0.00017783207294996828,0.00043021232704631984,0.00014895580534357578
3400,5.951909042778425e-05,0.0022505903616547585,0.0023799927439540625,0.002322152256965637,0.0013285767054185271,0.001562149147503078,0.0006378743564710021,0.0010223789140582085,0.0006138007156550884,0.0014285276411101222,0.0014149091439321637,0.0005643541808240116,0.0008142361184582114,0.001210423419252038,0.0013247706228867173,0.0006846819305792451,0.001185796456411481,0.0014335784362629056,0.000447202124632895,0.0009842760628089309,0.0006314904312603176,0.0010900404304265976,0.001197076286189258,0.0011223353212699294,0.00046524000936187804,0.0006561499321833253,0.0003523550112731755,0.0003569601976778358,0.00038119463715702295,0.00043602631194517016,0.00035869530984200537,0.0005484014400281012,0.0006515549030154943,0.00037178819184191525,0.00016483827494084835,0.000520123983733356,0.0002980659483000636,0.000355101830791682,0.0005160592845641077,0.00011853700561914593,0.00041035431786440313,0.0001625717559363693,0.0002559178974479437,0.00024390868202317506,0.0001988081494346261,0.0001201146369567141,0.00021124654449522495,0.00032914543407969177,0.0002779940841719508,0.0002632323303259909
3500,0.00013519596541300416,0.0022781952284276485,0.0021941515151411295,0.0023471005260944366,0.0020666359923779964,0.0016647817101329565,0.0005703102797269821,0.00114352663513273,0.0003379617119207978,0.0013157408684492111,0.0014519350370392203,0.0004748498322442174,0.000501010101288557,0.0012545937206596136,0.0013017908204346895,0.000626522523816675,0.0013266104506328702,0.0015390720218420029,0.00039684498915448785,0.0014733372954651713,0.0005769819836132228,0.0011257374426349998,0.0011900905519723892,0.001154388883151114,0.00044355489080771804,0.0005541417631320655,0.0004871808923780918,0.00034975845483131707,0.0003000118304044008,0.00032108460436575115,0.0003009743813890964,0.00026921959943138063,0.000641470483969897,0.00020158037659712136,0.00013812982069794089,0.00045135541586205363,0.0003016339323949069,0.0004280602734070271,0.0004476951726246625,0.00025555718457326293,0.0003859274438582361,0.00020461363601498306,0.0002535282983444631,0.000232611782848835,0.00017936290532816201,9.446779586141929e-05,0.0001662929862504825,0.0001605204161023721,0.00020396156469359994,0.0002348479174543172
3600,8.188244828488678e-05,0.0021566112991422415,0.001779009005986154,0.0019377965945750475,0.0010113436728715897,0.001317317015491426,0.00031922495691105723,0.0011225315975025296,0.0004606529837474227,0.0013378341682255268,0.0011285305954515934,0.000574555597268045,0.00046940642641857266,0.001139871426858008,0.0011351514840498567,0.0004321378655731678,0.0010017134482041001,0.0012470553629100323,0.0003486867935862392,0.0008596306433901191,0.0007216983940452337,0.0010233140783384442,0.0010748145869001746,0.0010287428740411997,0.0005081889685243368,0.000685721286572516,0.00045277990284375846,0.0004256842366885394,0.00020636446424759924,0.0002919226244557649,0.00020495371427387,0.0003772496711462736,0.0007427068776451051,0.0006673648022115231,0.00010200525866821408,0.0005208372604101896,0.00013715183013118804,0.00030006299493834376,0.0006776569643989205,0.0001552026515128091,0.0003304134006612003,0.00016073384904302657,0.00021382088016252965,0.00022973029990680516,0.00017103714344557375,7.992905739229172e-05,0.00022662317496724427,0.00016767004854045808,0.00015016290126368403,0.00023843173403292894
3700,6.284124538069591e-05,0.0029351171106100082,0.002361332532018423,0.0025458396412432194,0.001353691448457539,0.0018494260730221868,0.0005565248429775238,0.001138928346335888,0.00044396150042302907,0.001487023662775755,0.0014846347039565444,0.0006330662872642279,0.0009739642846398056,0.0013458763714879751,0.0014834818430244923,0.0009029830107465386,0.0013193150516599417,0.0015847580507397652,0.0003517376899253577,0.001221551327034831,0.0006817992543801665,0.0012963247718289495,0.0013372543035075068,0.001255001057870686,0.0004983048420399427,0.0005950056365691125,0.000277655606623739,0.0003495811834000051,0.00022541590442415327,0.00038162636337801814,0.00046964321518316865,0.0003894372784998268,0.0006893391255289316,0.00041336845606565475,0.00010290968930348754,0.0005811207229271531,0.00018847743922378868,0.0003435786929912865,0.0005522199207916856,6.664795364486054e-05,0.0003018822171725333,0.00025215971982106566,0.0001545584964333102,0.0004438846081029624,0.00021864970040041953,0.00011630436347331852,0.00016112776938825846,0.000157872709678486,0.00016526205581612885,0.0001986359420698136
3800,3.4812965168384835e-05,0.002572589088231325,0.0020121471025049686,0.002383122919127345,0.0012818858958780766,0.0018427835311740637,0.0009742715628817677,0.001204121857881546,0.0005121782887727022,0.0014910380123183131,0.0014539662515744567,0.000736580288503319,0.001622138312086463,0.00135955645237118,0.0014104957226663828,0.0007139084045775235,0.001310467952862382,0.0016675589140504599,0.00029273491236381233,0.0010892226127907634,0.0005977903492748737,0.0011614140821620822,0.0013089204439893365,0.0011148274643346667,0.00044872844591736794,0.0005920896655879915,0.00030380371026694775,0.00034201808739453554,0.00036406665458343923,0.0006522844778373837,0.0002568633353803307,0.00023297574080061167,0.0006385307060554624,0.0003561546327546239,0.00020591350039467216,0.000553558929823339,0.0003034057735931128,0.00031420812592841685,0.0005649587837979198,7.83069190219976e-05,0.0003238942881580442,9.986951772589236e-05,0.00022742779401596636,0.00030851957853883505,0.00027596225845627487,0.00019146357954014093,0.0001705256727291271,0.00021968974033370614,0.00022652672487311065,0.00018956491840071976
3900,4.639052349375561e-05,0.0022410335950553417,0.002260679379105568,0.0023330645635724068,0.001525471918284893,0.0014135587261989713,0.0006381750572472811,0.0011629703221842647,0.0006930413655936718,0.0014495525974780321,0.0013949077110737562,0.000766466953791678,0.0007031601271592081,0.0013111465377733111,0.0012760150711983442,0.00045596243580803275,0.0011228747898712754,0.0013627164298668504,0.00033141631865873933,0.001028644503094256,0.0007185697322711349,0.0010903938673436642,0.0013809787342324853,0.0012046038173139095,0.0005195512203499675,0.0006597272586077452,0.00048273723223246634,0.0003904513723682612,0.0003359323018230498,0.0003306737926322967,0.0005553513183258474,0.0007493207231163979,0.0007095437031239271,0.00040496111614629626,0.00021621776977553964,0.0005214039701968431,0.0003473539836704731,0.00046251548337750137,0.000419826916186139,8.186723425751552e-05,0.00044370591058395803,0.00018523153266869485,0.0002192133106291294,0.0004788892692886293,0.00021817587548866868,0.00016108484123833477,0.00016651565965730697,0.00042498085531406105,0.00024789758026599884,0.00027500951546244323
4000,7.32328335288912e-05,0.0022684759460389614,0.002333761425688863,0.0024589751847088337,0.0015534174162894487,0.0016406880458816886,0.0004316353879403323,0.0012326235882937908,0.0005420343950390816,0.0014081719564273953,0.0014745411463081837,0.0006061136373318732,0.00047139794332906604,0.001358562265522778,0.0014922295231372118,0.001104647060856223,0.001250069821253419,0.0014660611050203443,0.000647149165160954,0.0011866982094943523,0.0005830498412251472,0.0015109250089153647,0.0014433213509619236,0.0012693777680397034,0.00046725478023290634,0.0005955606466159225,0.00041091835009865463,0.0003566914238035679,0.00024540501181036234,0.0003252994501963258,0.0003152291174046695,0.00048163323663175106,0.0006649605347774923,0.00023232377134263515,0.00020131583733018488,0.0005127753829583526,0.00015900263679213822,0.0004270054632797837,0.00046279453090392053,7.796668796800077e-05,0.0003877163981087506,0.00018048263154923916,0.00024795735953375697,0.00013282398867886513,0.00016111780132632703,9.393000800628215e-05,0.00015918945427984,0.00019807407807093114,0.00018985653878189623,0.0001923233940033242
4100,8.567477198084816e-05,0.0024684714153409004,0.0019592007156461477,0.0022608311846852303,0.0011759423650801182,0.0014968570321798325,0.0007338319555856287,0.0011087787570431828,0.0006084981141611934,0.0013075490714982152,0.0016092805890366435,0.0005003296537324786,0.0010274120140820742,0.0011938848765566945,0.0014239790616557002,0.00046142598148435354,0.0013097279006615281,0.0014115719823166728,0.00022703621652908623,0.0010731536895036697,0.0006409988272935152,0.0010942037915810943,0.0011248084483668208,0.0010697597172111273,0.0004378392768558115,0.00060763128567487,0.0005494379438459873,0.0002916068769991398,0.0003959571768064052,0.0003001481236424297,0.0002932568022515625,0.00043944266508333385,0.0006399087724275887,0.000433368724770844,0.00026211494696326554,0.0005075336084701121,0.0003095319261774421,0.00028855231357738376,0.00040553417056798935,6.646483234362677e-05,0.00038931757444515824,0.00021062187443021685,0.0002504409058019519,0.00021483228192664683,0.0001348604855593294,0.00018352024198975414,0.0001927130506373942,0.00019655743381008506,0.0002732807188294828,0.00034695613430812955
4200,5.870995664736256e-05,0.002336675999686122,0.002222662325948477,0.0023854339960962534,0.0014821516815572977,0.0017741707852110267,0.001207534340210259,0.0012228589039295912,0.00039236535667441785,0.0015757587971165776,0.001533176051452756,0.0009398909169249237,0.0015646485844627023,0.0013811660464853048,0.0013073734007775784,0.00040410569636151195,0.0012660024221986532,0.0015882659936323762,0.00029598051332868636,0.0013012364506721497,0.0005349037237465382,0.0012725217966362834,0.0013758931308984756,0.001224337611347437,0.00039469607872888446,0.0006014821701683104,0.0008140584686771035,0.000305017369100824,0.0007973185274749994,0.0008922597044147551,0.00023810527636669576,0.0003729597374331206,0.0006778726237826049,0.0004792171821463853,0.00035832589492201805,0.000574926903937012,0.0004454997833818197,0.0002579916035756469,0.00037754327058792114,9.111304098041728e-05,0.0003540192265063524,0.00018956430722028017,0.00022616793285124004,0.0003579876502044499,0.00012917925778310746,0.000130717788124457,0.0001923145609907806,0.00020842510275542736,0.0003722505352925509,0.00026662967866286635
4300,6.950851093279198e-05,0.002398161683231592,0.002369505353271961,0.002437692368403077,0.002188887679949403,0.001634012209251523,0.0006853467202745378,0.0012294535990804434,0.0006246675620786846,0.0014834024477750063,0.0015048120403662324,0.0005382917006500065,0.0006386110326275229,0.001403088797815144,0.0013350232038646936,0.0011913031339645386,0.0012292357860133052,0.0015035797841846943,0.0006219382048584521,0.00123361696023494,0.000562861911021173,0.0011652603279799223,0.0013006844092160463,0.0012278823414817452,0.0004094508767593652,0.00054861546959728,0.00040701983380131423,0.00031523723737336695,0.0003244553226977587,0.00032139220274984837,0.0006676491466350853,0.0006841908907517791,0.0006526741199195385,0.0003160546475555748,0.00016240545664913952,0.0005385376862250268,0.00032173804356716573,0.00032381093478761613,0.00032168818870559335,9.202321962220594e-05,0.0003235011827200651,0.00023169610358309,0.0003251954331062734,0.000265623937593773,0.00014203556929714978,0.00022152785095386207,0.0001760751911206171,0.00019094343588221818,0.00024668194237165153,0.00022732166689820588
4400,8.351755241164938e-05,0.0030923248268663883,0.002995226066559553,0.002914062235504389,0.0019024844514206052,0.002373469527810812,0.0009527845541015267,0.0012845374876633286,0.0003609346749726683,0.0015068600187078118,0.0017240294255316257,0.00044186058221384883,0.000661791767925024,0.0013437733286991715,0.001772683346644044,0.0004126515123061836,0.00160266924649477,0.0016875122673809528,0.00037843704922124743,0.0014793932205066085,0.0006015802500769496,0.001467801397666335,0.0013656164519488811,0.0014419184299185872,0.0004461674252524972,0.0006119685131125152,0.0007978806970641017,0.00033405350404791534,0.0006448072963394225,0.00030802044784650207,0.00022832074319012463,0.0003814254014287144,0.0006651633302681148,0.0003052980755455792,0.00020142787252552807,0.0005525979213416576,0.0005537924007512629,0.00040162206278182566,0.0004766130878124386,7.763086614431813e-05,0.0003552456619217992,0.00022491574054583907,0.0007329471409320831,0.0004691857029683888,0.00012431673530954868,0.00019307725597172976,0.00018745340639725327,0.0001251641078852117,0.00020934584608767182,0.00019713843357749283
4500,0.00016246817540377378,0.0022924768272787333,0.0025871582329273224,0.002562276553362608,0.001479932339861989,0.0015692082233726978,0.0012987646041437984,0.001181607018224895,0.0007645930745638907,0.0013475586893036962,0.0016766376793384552,0.0007140971720218658,0.0005044832942076027,0.0012633469887077808,0.0013967554550617933,0.00040296075167134404,0.0013374658301472664,0.001461257808841765,0.0002937460958492011,0.001309067476540804,0.0006729657179675996,0.0011898553930222988,0.0013070246204733849,0.0013376835267990828,0.0004414108698256314,0.0005986301694065332,0.0010876460000872612,0.0003513509873300791,0.00044146415893919766,0.000436118250945583,0.0003420440771151334,0.00048556679394096136,0.0007010913686826825,0.00036739648203365505,0.0001648159377509728,0.0005107672186568379,0.0004230680933687836,0.00026301396428607404,0.0005011443281546235,0.00016032421262934804,0.00035636863321997225,0.0002561123401392251,0.000158270078827627,0.00020493267220444977,0.00037290516775101423,0.0001246579922735691,0.00017725335783325136,0.0002740004856605083,0.0004054182209074497,0.0001905273529700935
4600,7.788353832438588e-05,0.002566780662164092,0.0024804766289889812,0.002494565211236477,0.0018936590058729053,0.0018057702109217644,0.0008342557703144848,0.0013201705878600478,0.0007926339167170227,0.0014976536622270942,0.0015931513626128435,0.0004862158966716379,0.0005296603194437921,0.001523857470601797,0.0015291818417608738,0.000531328609213233,0.0015195211162790656,0.001575766014866531,0.0003475075645837933,0.0015981901669874787,0.0005725320661440492,0.0014734271680936217,0.0015102734323590994,0.0014286090154200792,0.00046672389726154506,0.0005611417582258582,0.0004492948646657169,0.00033732433803379536,0.0004646673914976418,0.00033802189864218235,0.0003821795107796788,0.00042765209218487144,0.0006864049937576056,0.00041997103835456073,0.00022198626538738608,0.0005439894739538431,0.0004563606926240027,0.0002454137720633298,0.00047793699195608497,0.0001361718459520489,0.00042786134872585535,0.00020227640925440937,0.00043594889575615525,0.000308990478515625,0.00011753558646887541,0.0003236399497836828,0.0002213644329458475,0.0001867790415417403,0.00030670149135403335,0.0001757489808369428
4700,5.4671567340847105e-05,0.002426430117338896,0.002703375881537795,0.002649466972798109,0.0022833221592009068,0.0017509410390630364,0.0008773917215876281,0.001209936337545514,0.00046418519923463464,0.0016567094717174768,0.0017667933134362102,0.0006257063942030072,0.0007541598752140999,0.0014613134553655982,0.0016306110192090273,0.00041647523175925016,0.0015621068887412548,0.001685121445916593,0.0003933365806005895,0.0014011128805577755,0.0006248871795833111,0.0012950138188898563,0.0015045192558318377,0.0014975181547924876,0.0004779354785569012,0.0007323354366235435,0.0004142898542340845,0.00035774288699030876,0.00034268025774508715,0.00035796419251710176,0.0004246722091920674,0.00037868396611884236,0.0008899770327843726,0.00039974009268917143,0.0002080257108900696,0.0006159034091979265,0.00030743604293093085,0.00038264066097326577,0.0004428903921507299,8.934680954553187e-05,0.0007620247197337449,0.00018751258903648704,0.00024069039500318468,0.0003174254088662565,7.530221773777157e-05,0.00014392439334187657,0.00020815615425817668,0.00016392499674111605,0.0002365266263950616,0.00021799826936330646
4800,0.0001028028636937961,0.0020065135322511196,0.001964414957910776,0.0022860472090542316,0.0018423589644953609,0.001504642190411687,0.0008610128425061703,0.0010545423720031977,0.0009282985702157021,0.0012478651478886604,0.0014265006175264716,0.0007437447202391922,0.0007739465218037367,0.0012207168620079756,0.0012922703754156828,0.0006755399517714977,0.0011872207978740335,0.0012966976501047611,0.00024571994435973465,0.001056849374435842,0.0006174631416797638,0.0010603482369333506,0.0011407110141590238,0.0011454992927610874,0.0004165211576037109,0.0005380443762987852,0.0012453669914975762,0.0003060524177271873,0.0006093503907322884,0.0006552992854267359,0.00038808039971627295,0.0004783014883287251,0.0005699865869246423,0.00035485875559970737,0.0004248154873494059,0.0004051748546771705,0.00017937109805643559,0.00019728022743947804,0.00038174496148712933,8.755378075875342e-05,0.00030542773311026394,0.00020643330935854465,0.0001657749235164374,0.00019649573368951678,0.00019994174363091588,0.00021633888536598533,0.00014609459321945906,0.0006036178674548864,0.0005739293992519379,0.00027312187012284994
4900,6.756534276064485e-05,0.0028242580592632294,0.0025239442475140095,0.0024578487500548363,0.0012875795364379883,0.001679900917224586,0.0005251388647593558,0.0011652992106974125,0.000319144397508353,0.0013325783656910062,0.0015906605403870344,0.0005923251737840474,0.0014299747999757528,0.0014287515077739954,0.0015526949428021908,0.0005927144084125757,0.0014062348054721951,0.0015127935912460089,0.000483188487123698,0.001498937839642167,0.000662160397041589,0.0013742856681346893,0.0014970451593399048,0.0014074108330532908,0.0004833025159314275,0.0006905125919729471,0.0008709926623851061,0.00032695173285901546,0.0003985762014053762,0.0003580880002118647,0.0005674015264958143,0.00038439390482380986,0.0007113055908121169,0.00043246106361038983,0.0002091766073135659,0.0004707383632194251,0.00021301902597770095,0.00034384478931315243,0.0005170324584469199,7.2936833021231e-05,0.0003181601641699672,0.0002346419496461749,0.0002736353490035981,0.00030603050254285336,0.00018390832701697946,0.00012062481255270541,0.00019212643383070827,0.00017603894229978323,0.00023770771804265678,0.00022406247444450855
5000,5.7274992286693305e-05,0.00211198884062469,0.0018605561926960945,0.00212188926525414,0.0011477364460006356,0.0014202186139300466,0.0005823961109854281,0.0009846203029155731,0.0007426039082929492,0.0011510647600516677,0.0012270838487893343,0.0005013011395931244,0.0014673067489638925,0.0011170111829414964,0.0011506298324093223,0.0006686132401227951,0.0010045139351859689,0.0012629155535250902,0.00036164920311421156,0.0009685585973784328,0.0006320019601844251,0.0009938529692590237,0.0010149781592190266,0.000941383303143084,0.00039394304621964693,0.0005130499484948814,0.0012409191112965345,0.0002975091047119349,0.0003481929888948798,0.00034328681067563593,0.0008045573486015201,0.0003892653330694884,0.0006031455704942346,0.00033286577672697604,0.0009961959440261126,0.00039910784107632935,0.0001789870293578133,0.00024077718262560666,0.0005478797829709947,0.00010216925875283778,0.0003232444869354367,0.0001606350124347955,0.00013527012197300792,0.0002481293340679258,0.00026489116135053337,0.00013768981443718076,0.00013745768228545785,0.0005121755530126393,0.0003983986680395901,0.0002775194589048624
5100,7.606342114740983e-05,0.0021288550924509764,0.0023137489333748817,0.0022243980783969164,0.0012307820143178105,0.0019493444124236703,0.000558965839445591,0.0011535394005477428,0.0006112685077823699,0.0014128903858363628,0.0012769976165145636,0.0006226919358596206,0.00110846315510571,0.0014052079059183598,0.0012952265096828341,0.00046584417577832937,0.0011642291210591793,0.00138283078558743,0.00034775433596223593,0.0012943899491801858,0.0006206464022397995,0.0012369845062494278,0.0013737159315496683,0.0012052542297169566,0.000457804708275944,0.0005635496927425265,0.0006909829680807889,0.00033695175079628825,0.0004077170160599053,0.00033273245207965374,0.0003505962959025055,0.0003379720146767795,0.0006736904615536332,0.0007215412333607674,0.00020388820848893374,0.0004895454621873796,0.00012493591930251569,0.000252146041020751,0.0004024179361294955,0.00010210055188508704,0.00028857041615992785,0.000753527507185936,0.00024026865139603615,0.00025480217300355434,0.0005285958759486675,0.00017180206486955285,0.00013668491737917066,0.0005444766138680279,0.00045295292511582375,0.00021796321379952133
5200,7.413187267957255e-05,0.002325191628187895,0.0022045127116143703,0.002131381304934621,0.0013822647742927074,0.0013815565034747124,0.0008016901556402445,0.0011780874338001013,0.0010552889434620738,0.0014867570716887712,0.0013971634907647967,0.0015982571057975292,0.0008375865290872753,0.0013050211127847433,0.0014376607723534107,0.0010288635967299342,0.0012898806016892195,0.0013065558159723878,0.00041513139149174094,0.0014262133045122027,0.0005826427368447185,0.0013328756904229522,0.0014040085952728987,0.001410260098055005,0.00045723628136329353,0.0006490438827313483,0.0011291473638266325,0.00036676169838756323,0.000680915080010891,0.001200623344630003,0.0005382897797971964,0.0007862565107643604,0.0006793545326218009,0.0004260706773493439,0.00020029980805702507,0.0005532969371415675,0.0002240063768113032,0.0002996188122779131,0.00043041823664680123,9.443221642868593e-05,0.0003245895204599947,0.0001268125488422811,0.00016963179223239422,0.00021749420557171106,0.00013197508815210313,0.00011497313244035468,0.0001737868005875498,0.00013941052020527422,0.000597250706050545,0.00021667761029675603
5300,0.00012559849710669369,0.00205252249725163,0.0024821115657687187,0.0022306295577436686,0.001607608050107956,0.0018223474035039544,0.0006110342219471931,0.0012660095235332847,0.0003537036827765405,0.0015207072719931602,0.001567815663293004,0.0006450548535212874,0.0006705023697577417,0.0014170135837048292,0.0013321730075404048,0.0004041807842440903,0.001182079897262156,0.001445321599021554,0.0002670905087143183,0.0013556175399571657,0.0005609465297311544,0.0013671880587935448,0.0014468636363744736,0.0013406069483608007,0.00047255729441531,0.0006673091556876898,0.00040229197475127876,0.0003899683360941708,0.0004670138005167246,0.00038442708319053054,0.00023352258722297847,0.0003113284765277058,0.0007141226669773459,0.0006843457813374698,0.00025370134972035885,0.0005701557965949178,0.0002782408846542239,0.00035752751864492893,0.0004294865357223898,0.00018156452279072255,0.0004102943930774927,0.00020157097605988383,0.0004216906672809273,0.0002126435429090634,0.00016462107305414975,0.00020214375399518758,0.0001839910983107984,0.00025338371051475406,0.0002608683716971427,0.00022690084006171674
5400,5.246648652246222e-05,0.0024082509335130453,0.0022094619926065207,0.002527686068788171,0.0015878095291554928,0.0016874057473614812,0.001917520654387772,0.0012508502695709467,0.0006101689068600535,0.0015198815381154418,0.0014410519506782293,0.0007578696822747588,0.0005322410725057125,0.0014298016903921962,0.0014871984021738172,0.0017063994891941547,0.0013327887281775475,0.0014957175590097904,0.00021787395235151052,0.001098973792977631,0.000740676186978817,0.0013430595863610506,0.0013831198448315263,0.0014804229140281677,0.0004995480994693935,0.0006407678010873497,0.0004270037170499563,0.00036830638418905437,0.0007552997558377683,0.0004011184792034328,0.0003227453271392733,0.00046380850835703313,0.0007289203931577504,0.0002848533622454852,0.00011702714255079627,0.0005240985192358494,0.000267768424237147,0.0005386368720792234,0.000479382200865075,7.732567610219121e-05,0.00032317591831088066,0.0003871866501867771,0.00019982703088317066,0.00022323493612930179,0.00022756696853321046,0.0002920186088886112,0.0001934574538609013,0.0002048018795903772,0.00031575639150105417,0.0003406441828701645
5500,4.801101749762893e-05,0.0026063467375934124,0.0023478525690734386,0.0024236482568085194,0.0014972134958952665,0.0019295115489512682,0.0006846127798780799,0.0013666108716279268,0.0005691240075975657,0.0016057926695793867,0.0015546001959592104,0.0006112001137807965,0.0010564716067165136,0.0014995366800576448,0.0015118764713406563,0.0005033498746342957,0.0016199809033423662,0.0015377834206447005,0.0003999547625426203,0.0013015784788876772,0.0006885749753564596,0.0013201931724324822,0.001316714333370328,0.001482117106206715,0.0004984615952707827,0.0006761399563401937,0.00040337996324524283,0.00036920630373060703,0.00048682736814953387,0.0004399408935569227,0.000288842071313411,0.0003933145781047642,0.0007072924636304379,0.0003494935226626694,0.000256277882726863,0.000608675938565284,0.00035350522375665605,0.0003884416655637324,0.000518155749887228,0.00012268952559679747,0.00030454384977929294,0.00026117684319615364,0.00021625494991894811,0.0003424323513172567,0.00018540860037319362,0.00015393077046610415,0.0002368347777519375,0.0002786296245176345,0.0001825622166506946,0.0001552774920128286
5600,3.9589129301020876e-05,0.0014970024349167943,0.0012965962523594499,0.001486065797507763,0.0009407925535924733,0.0009653251036070287,0.0004385679494589567,0.002141343429684639,0.00029859619098715484,0.002073387848213315,0.0009425162570551038,0.00033874716609716415,0.0006490247324109077,0.0019037690944969654,0.000882876047398895,0.0002762750373221934,0.0008912079501897097,0.0009468632051721215,0.0002213210827903822,0.001093897968530655,0.0016166286077350378,0.001333169755525887,0.0015632989816367626,0.0011535212397575378,0.0014338026521727443,0.0014294346328824759,0.0002830063458532095,0.0012949720257893205,0.00023914279881864786,0.00021013326477259398,0.00014635166735388339,0.0001790981914382428,0.0010898098116740584,0.00017867962014861405,9.990503895096481e-05,0.0009724267292767763,0.0002771680010482669,0.00014861433010082692,0.0008319732150994241,0.00012799982505384833,0.0002888873277697712,9.442216105526313e-05,0.00011550843191798776,0.00017103755089920014,7.022648060228676e-05,0.00013163802213966846,0.0006575208390131593,0.00010165812273044139,0.00014455171185545623,0.00018133316189050674
5700,5.735950617236085e-05,0.002242191694676876,0.00227777985855937,0.002483246149495244,0.0015122444601729512,0.001920697744935751,0.0015897718258202076,0.0012579915346577764,0.0010151483584195375,0.001625078497454524,0.0016156899509951472,0.0008020108216442168,0.001922209863550961,0.0014462830731645226,0.0013949456624686718,0.0004114297917112708,0.0013509313575923443,0.0014948162715882063,0.0002821898669935763,0.0014119799016043544,0.0005655215354636312,0.001590799423865974,0.0014948818134143949,0.001327018951997161,0.0004450859851203859,0.0005949883488938212,0.0005780282663181424,0.00034131514257751405,0.0004053430166095495,0.0008567795157432556,0.0004894445301033556,0.0002946037275251001,0.0007628918974660337,0.0003604866797104478,0.0001260572171304375,0.0005953221116214991,0.00037627186975441873,0.0003167997347190976,0.0004661408602260053,9.716245403978974e-05,0.00037706311559304595,0.0001511685986770317,0.00038295445847325027,0.0003504608175717294,0.00018175426521338522,0.00023381327628158033,0.00018796249059960246,0.00017196458065882325,0.00029514014022424817,0.00019147437706124038
5800,4.984510815120302e-05,0.0024221492931246758,0.002338844584301114,0.0023775273002684116,0.001465582405216992,0.0015844689914956689,0.0007250492926687002,0.0013261178974062204,0.0006706755957566202,0.0015517849242314696,0.0015123366611078382,0.0004536556079983711,0.0011970335617661476,0.0014717744197696447,0.0013585424749180675,0.00030686298850923777,0.0013899144250899553,0.001425106544047594,0.00020086285076104105,0.0012972046388313174,0.0005860350793227553,0.0012541189789772034,0.0013714719098061323,0.0014770503621548414,0.000443958502728492,0.0006279174704104662,0.0006795604713261127,0.0003216575423721224,0.00034413786488585174,0.00036242231726646423,0.00020973372738808393,0.0006658280617557466,0.0007341578020714223,0.0005370725993998349,0.0001505641994299367,0.0005945562734268606,0.00015850421914365143,0.0002937084063887596,0.00047544800327159464,8.490840264130384e-05,0.00031400180887430906,0.00017868727445602417,0.0005204177577979863,0.0003344219003338367,8.581849397160113e-05,0.00014029015437699854,0.00017261608445551246,0.0001745130866765976,0.0003424833412282169,0.0002194647677242756
5900,6.82085010339506e-05,0.0023083435371518135,0.0022604004479944706,0.0022455372381955385,0.0012037119595333934,0.0016698583494871855,0.0009278569486923516,0.001164083369076252,0.0006534057902172208,0.0013065162347629666,0.0014817793853580952,0.0004301539156585932,0.0005729858530685306,0.0013273803051561117,0.0013479592744261026,0.0005158911226317286,0.0013205622090026736,0.0013684115838259459,0.000263070163782686,0.0011371667496860027,0.0006750081083737314,0.001116116065531969,0.0011908208252862096,0.0011346646351739764,0.0005170255899429321,0.0005493388744071126,0.00048313592560589314,0.00037574124871753156,0.0002470745239406824,0.0003950783866457641,0.0005157069535925984,0.00047110230661928654,0.0006235189503058791,0.00041828182293102145,0.00017534405924379826,0.0005033623892813921,0.00021967229258734733,0.00046092254342511296,0.0005304869846440852,0.00014593590458389372,0.00036521453876048326,0.0001939399808179587,0.0004067686968483031,0.0003518617304507643,0.0006831910577602684,0.0002023314737016335,0.0001677526015555486,0.0006377279059961438,0.00025418659788556397,0.00020976876839995384
6000,5.496425001183525e-05,0.002566038630902767,0.00243526347912848,0.0024792919866740704,0.0013188330922275782,0.0016182109247893095,0.00041466683614999056,0.0011225335765630007,0.0004571509489323944,0.0013410646934062243,0.0014360052300617099,0.0005131831276230514,0.0009251318406313658,0.0013326186453923583,0.001582746859639883,0.00031427876092493534,0.0013407146325334907,0.0014517642557621002,0.00022748889750801027,0.001323546515777707,0.0006185337551869452,0.0012767252046614885,0.0013992121675983071,0.001327781705185771,0.0004385646025184542,0.0006068648654036224,0.0003773185017053038,0.0003280536911915988,0.00028102664509788156,0.00034921406768262386,0.0003183935477863997,0.00034250167664140463,0.0006615390302613378,0.00026741603505797684,0.00025363167515024543,0.0004440966004040092,0.00031806688639335334,0.0005258402670733631,0.0003639626665972173,0.00010455242590978742,0.0003871280641760677,0.00032508926233276725,0.00020822817168664187,0.00026508315932005644,0.00017336556629743427,0.00010044072405435145,0.00018471162184141576,0.00015700612857472152,0.00016678721294738352,0.00030340341618284583
6100,2.735666566877626e-05,0.0020216465927660465,0.001969770761206746,0.001957646571099758,0.0014115066733211279,0.0013052322901785374,0.0005095067317597568,0.001159603358246386,0.0008011410245671868,0.0014644089387729764,0.001152788638137281,0.0004750923835672438,0.0009171177516691387,0.0013601253740489483,0.0011803614906966686,0.0004906608373858035,0.0010504352394491434,0.0012592675630003214,0.0003840700665023178,0.001090470002964139,0.0006096907891333103,0.0011780292261391878,0.0011963630095124245,0.0012510196538642049,0.0004818027082365006,0.0005721997586078942,0.0007006254745647311,0.0003572942514438182,0.0002778264170046896,0.0004163070407230407,0.0003199647180736065,0.00031851124367676675,0.0006390574853867292,0.0002955866220872849,0.00016687023162376136,0.0004900172934867442,0.00018801545957103372,0.00020717389998026192,0.0004736452247016132,7.440156332449988e-05,0.0003253075119573623,0.0001621875271666795,0.00019994920876342803,0.00013209319149609655,0.0003391510108485818,0.00018733237811829895,0.00016370537923648953,0.0002344621898373589,0.00032858026679605246,0.00028193468460813165
6200,0.0001880778872873634,0.0020617572590708733,0.0021595978178083897,0.0023793282452970743,0.0016826526261866093,0.0017544282600283623,0.000524219882208854,0.0012470874935388565,0.0005883896956220269,0.001654483494348824,0.001619810238480568,0.0009064339101314545,0.0007295414688996971,0.0014758146135136485,0.0014107247116044164,0.0002256185980513692,0.0012931663077324629,0.0014327996177598834,0.0008571270736865699,0.0012082273606210947,0.0006680788937956095,0.0013060569763183594,0.0013103007804602385,0.001276133581995964,0.0004759971343446523,0.0005432871985249221,0.0004732215602416545,0.0003627977566793561,0.00029617425752803683,0.0004057624319102615,0.0005679356399923563,0.0006636708276346326,0.000667560612782836,0.00023097537632565945,0.00013723978190682828,0.0006103893974795938,0.0002791432780213654,0.0005644299671985209,0.0005153951933607459,0.00033989164512604475,0.000341813632985577,0.0002514404186513275,0.0004630155744962394,0.000593670061789453,0.0001426743547199294,0.00010443203791510314,0.00018267813720740378,0.00012705060362350196,0.00021336467762012035,0.00021302257664501667
6300,4.732950765173882e-05,0.0021990565583109856,0.002165778074413538,0.0021691282745450735,0.0011901630787178874,0.0016871301922947168,0.0007270595524460077,0.0010701495921239257,0.0006395080126821995,0.0013027365785092115,0.0014168611960485578,0.0004645835142582655,0.0009197191684506834,0.0011625329498201609,0.001377710490487516,0.00031503158970735967,0.0011961298296228051,0.001339893089607358,0.00024069583741948009,0.0011564540909603238,0.0005941971903666854,0.0009931977838277817,0.0011055771028622985,0.0011400897055864334,0.00046622485388070345,0.0005601433222182095,0.0005829227156937122,0.00034474863787181675,0.00036823085974901915,0.0004033405566588044,0.00028919021133333445,0.0003191551077179611,0.0005694582941941917,0.0002865893766283989,0.00020347947429399937,0.0004451041459105909,0.00027361264801584184,0.0002936731616500765,0.0004567217256408185,7.615728827659041e-05,0.0004388136730995029,0.0002528829500079155,0.0007212833152152598,0.00030296260956674814,0.00014963469584472477,0.00012757445801980793,0.00015716241614427418,0.00019970684661529958,0.0002695734438020736,0.0002814061881508678
6400,5.730432167183608e-05,0.0015516256680712104,0.0017088789027184248,0.0017976174131035805,0.0009449647041037679,0.0011813760502263904,0.0003935068962164223,0.0010571646271273494,0.0010479050688445568,0.0013386333594098687,0.000966884195804596,0.0004377237055450678,0.0007338704308494925,0.0011473316699266434,0.0009609701228328049,0.0004582054971251637,0.0008828277350403368,0.001062194351106882,0.000682433252222836,0.0009696099441498518,0.0006379950209520757,0.0010185583960264921,0.0011150551727041602,0.0009850660571828485,0.000427819526521489,0.0005539548001252115,0.0004062993684783578,0.0003289923188276589,0.00016094297461677343,0.0003745859139598906,0.00020996388047933578,0.00029559253016486764,0.0006395761156454682,0.0003535656724125147,0.00013519873027689755,0.0004248922341503203,0.0001606099249329418,0.00030741558293811977,0.0005264896899461746,9.545027569402009e-05,0.00029248028295114636,0.00025172843015752733,0.00016749156930018216,0.00012134485587012023,0.00018859452393371612,0.0001188411406474188,0.00015198539767879993,0.00019778418936766684,0.0001753668038873002,0.0003163003420922905
6500,3.858875425066799e-05,0.002231169957667589,0.002027115784585476,0.0023806807585060596,0.0013794127153232694,0.0016372373793274164,0.0015873562078922987,0.0012503158068284392,0.0020870279986411333,0.0014132794458419085,0.0013462445931509137,0.000420636119088158,0.0018567000515758991,0.0013952417066320777,0.001281898352317512,0.0006863076705485582,0.0012740222737193108,0.0013502910733222961,0.0005897278315387666,0.001207506051287055,0.0006479370058514178,0.0014419459039345384,0.0013349847868084908,0.0014206531923264265,0.0004772733082063496,0.0005832124152220786,0.000494702544528991,0.0003748323651961982,0.0003211268922314048,0.00029892672318965197,0.0004627174639608711,0.0008394109318032861,0.0006720008095726371,0.0005611848318949342,0.0002918837999459356,0.0005108204786665738,0.0006794907967559993,0.0006452783127315342,0.0004353797121439129,7.317929703276604e-05,0.00034369772765785456,0.0001484772510593757,0.0005248539382591844,0.0003117129090242088,0.00028838554862886667,0.0002227067161584273,0.0001797497970983386,0.0001754962286213413,0.000345955224474892,0.00020455889170989394
6600,6.882404704811051e-05,0.002284188289195299,0.0022924616932868958,0.002153134671971202,0.0012780872639268637,0.0016281406860798597,0.0009813013020902872,0.001212376169860363,0.0007576358621008694,0.0013517012121155858,0.001455101533792913,0.0005656155990436673,0.000859211606439203,0.0012914214748889208,0.001380125992000103,0.0008065330912359059,0.001324992161244154,0.0014293183339759707,0.0006567888776771724,0.0011063945712521672,0.0006529099773615599,0.0011683665215969086,0.0013376157730817795,0.0012000345159322023,0.00047010957496240735,0.0005792072624899447,0.0008983899606391788,0.00035780988400802016,0.00044269260251894593,0.0003789035836234689,0.0005788013804703951,0.00033473855000920594,0.0006608786643482745,0.0005584044265560806,0.00019073023577220738,0.0004989797598682344,0.0005898037925362587,0.0002192051470046863,0.0005123668233864009,7.35382636776194e-05,0.0003296828072052449,0.0004339847946539521,0.0006860048742964864,0.0003723236150108278,0.00012214590969961137,0.00020499729725997895,0.00016162911197170615,0.0001779755693860352,0.0003233863681089133,0.0002449609455652535
6700,4.994729897589423e-05,0.002287370152771473,0.002581643871963024,0.0023425573017448187,0.0018461367581039667,0.0016485888045281172,0.0009273322648368776,0.001171811600215733,0.000563447829335928,0.0014175546821206808,0.0014835315523669124,0.00044416787568479776,0.0007512401207350194,0.001282758079469204,0.0014774349983781576,0.00034330517519265413,0.001258787582628429,0.0015233918093144894,0.00028298862162046134,0.0012971877586096525,0.0006170239066705108,0.0011373378802090883,0.0012221280485391617,0.0011899308301508427,0.0004887056420557201,0.0006706073181703687,0.0004355947021394968,0.00037075363798066974,0.000431386346463114,0.0003311706241220236,0.0002708957181312144,0.0002605726185720414,0.0006942980107851326,0.0003028348146472126,0.00035256316186860204,0.0004579509259201586,0.00041603174759075046,0.0005152414669282734,0.000500322668813169,8.468722080579028e-05,0.0003567558014765382,0.00019708191393874586,0.00034127390244975686,0.00023018516367301345,0.00011927599553018808,0.0001705709146335721,0.00019649238674901426,0.0002754525630734861,0.00020542406127788126,0.00028751304489560425
6800,6.46777989459224e-05,0.002372557297348976,0.002668755128979683,0.0024473462253808975,0.0014590241480618715,0.0016732908552512527,0.0009172392310574651,0.001302151707932353,0.0012550543760880828,0.0015138958115130663,0.0015814867801964283,0.0005912521155551076,0.0005042903358116746,0.001489394111558795,0.0014451233437284827,0.00047155580250546336,0.0014072878984734416,0.0016349453944712877,0.0002817925706040114,0.00157917698379606,0.0005693670827895403,0.0015100332675501704,0.0015656950417906046,0.0015427571488544345,0.0004506910336203873,0.0006065054330974817,0.0005358816124498844,0.00031960196793079376,0.0005777425831183791,0.0004672904033213854,0.0006492129759863019,0.0002589772630017251,0.0006639861967414618,0.0004497600602917373,0.00038266167393885553,0.0005021799588575959,0.0003485274501144886,0.0003375055966898799,0.0003929885569959879,0.00014427356654778123,0.00044681678991764784,0.0003131894627586007,0.0002740244090091437,0.0002762249205261469,0.00014503981219604611,0.000229458644753322,0.000160992203745991,0.00021498024580068886,0.0003157291794195771,0.00020229855726938695
