step,channel_125,channel_127,channel_76,channel_66,channel_32,channel_92,channel_4,channel_82,channel_81,channel_67,channel_77,channel_114,channel_117,channel_9,channel_1,channel_28,channel_20,channel_47,channel_120,channel_102,channel_10,channel_71,channel_49,channel_93,channel_0,channel_85,channel_69,channel_94,channel_13,channel_106,channel_44,channel_15,channel_8,channel_83,channel_96,channel_40,channel_7,channel_24,channel_16,channel_122,channel_19,channel_17,channel_123,channel_46,channel_12,channel_91,channel_79,channel_116,channel_43,channel_14
0,0.002237536944448948,0.002057540463283658,0.002008273499086499,0.0019477666355669498,0.0011142671573907137,0.001623810618184507,0.001610216568224132,0.0015856028767302632,0.0015105294296517968,0.001489524613134563,0.001440695021301508,0.0013992137974128127,0.0013943066587671638,0.0013658092357218266,0.0012904538307338953,0.0012780975084751844,0.0012449785135686398,0.0011991310166195035,0.0011845007538795471,0.0008067800081335008,0.0011124822776764631,0.0010931699071079493,0.001074741710908711,0.0010672813514247537,0.0010538732167333364,0.0010464373044669628,0.0010223068529739976,0.0010040418710559607,0.0010038763284683228,0.0009462212328799069,0.0009385218727402389,0.0009318870725110173,0.0009120397735387087,0.0008969221380539238,0.0008926152368076146,0.0008882024558261037,0.0008876234642229974,0.000885934045072645,0.0008737908210605383,0.0008682443294674158,0.000858076848089695,0.0008514221990481019,0.0006720272358506918,0.0008256266009993851,0.0006267169956117868,0.0003025605692528188,0.0006585267256014049,0.0008023502305150032,0.00046754287905059755,0.0007962868548929691
100,0.0005929195904172957,0.0009752159821800888,0.0005915545043535531,0.00099706812761724,0.001186575973406434,0.0008814980974420905,0.0004329296061769128,0.0003087329678237438,0.0005686095682904124,0.0008236755966208875,0.0003629685961641371,0.00039464820292778313,0.0004473724984563887,0.00047863679355941713,0.0004759229486808181,0.0004994067130610347,0.0005340305506251752,0.0004167591978330165,0.00069425068795681,0.001150362309999764,0.0004062785883434117,0.00058071716921404,0.0004351431271061301,0.0006762105622328818,0.0005454007186926901,0.0008815594483166933,0.00048602226888760924,0.0006018088897690177,0.0002788897545542568,0.0005740136839449406,0.0005420081433840096,0.00041361033800058067,0.0003648816200438887,0.0006269188015721738,0.0006688270368613303,0.0004585549177136272,0.0004071858711540699,0.0003436972328927368,0.00041162705747410655,0.0007135900086723268,0.0004451326676644385,0.0004309742071200162,0.0008336112950928509,0.0005423046532087028,0.0005057481466792524,0.0008215558482334018,0.0008038401720114052,0.000492280232720077,0.00027003776631318033,0.00043691686005331576
200,0.000807675183750689,0.00044749744120053947,0.00037936598528176546,0.0006390432245098054,0.0008214456029236317,0.00048623961629346013,0.0004858423490077257,0.00033660948975011706,0.0004191906482446939,0.00036191861727274954,0.00019525934476405382,0.00040573746082372963,0.0004642074345611036,0.0002921311534009874,0.00045517354737967253,0.000364594510756433,0.00027254645829088986,0.00022809527581557631,0.00033390618045814335,0.0008104400476440787,0.0004035678575746715,0.0006928262300789356,0.0003028615901712328,0.00044362639891915023,0.0002584398025646806,0.0003540976031217724,0.0003701162349898368,0.00049697479698807,0.0005030398606322706,0.00022996001644060016,0.00033167775836773217,0.0005361756193451583,0.00037859496660530567,0.0002838356012944132,0.0003808755427598953,0.00043930188985541463,0.0002924642467405647,0.0003410417994018644,0.0002079600963043049,0.0007172103505581617,0.0003331410698592663,0.00027264264645054936,0.0006547888624481857,0.00029034464387223125,0.0008229442755691707,0.00040375938988290727,0.00035575509537011385,0.00037424868787638843,0.0003032465756405145,0.000287375325569883
300,0.00046500147436745465,0.0007135218475013971,0.0005260445177555084,0.00043887135689146817,0.001628764090128243,0.0004743016033899039,0.00035050648148171604,0.0003993756545241922,0.000548453361261636,0.0005459798849187791,0.0003888412029482424,0.00039397040382027626,0.0003999600594397634,0.0006115301512181759,0.00039672935963608325,0.0005443589761853218,0.0004438531759660691,0.0003188974515069276,0.0005352820735424757,0.000424461584771052,0.0003023896715603769,0.0008383981767110527,0.0002988020714838058,0.0003833560913335532,0.00035721485619433224,0.0007255180389620364,0.0005783372325822711,0.0004492501902859658,0.0002312753931619227,0.00039247184759005904,0.0002716421731747687,0.000387628679163754,0.0005544318119063973,0.0005181863089092076,0.0006290397141128778,0.00036763149546459317,0.0005023802514187992,0.0002834825136233121,0.000490268284920603,0.0004843265633098781,0.0005294320872053504,0.00019825328490696847,0.0004931531730107963,0.00046407763147726655,0.0004644914879463613,0.00044681812869384885,0.0005470464820973575,0.0005774374003522098,0.000800781010184437,0.0003611287975218147
400,0.00031610007863491774,0.000594227691181004,0.00033154335687868297,0.00046699290396645665,0.00034834412508644164,0.000393659487599507,0.0002603879547677934,0.0002876194193959236,0.00020280816534068435,0.00020334866712801158,0.0002501581620890647,0.00014453931362368166,0.000293348275590688,0.0003022619348485023,0.00046216294867917895,0.0003279408847447485,0.0002323887892998755,0.0001930023863678798,0.00030836803489364684,0.00024138375010807067,0.0001752422540448606,0.0004747796629089862,0.0003137407766189426,0.00038536262582056224,0.0002043132553808391,0.00030685262754559517,0.0001583821722306311,0.00017938479140866548,0.00022220620303414762,0.00032756946166045964,0.0002454228524584323,0.00023492543550673872,0.0002760013157967478,0.0001799933088477701,0.0003725304559338838,0.00020501941617112607,0.00033347573480568826,0.00017152898362837732,0.00015163636999204755,0.0001725494075799361,0.0002661467297002673,0.00023664248874410987,0.0002384361723670736,0.00015974952839314938,0.00023701357713434845,0.0001680173008935526,0.00038965875864960253,0.00020953817875124514,0.00019208707090001553,0.0001637493260204792
500,0.00012167204840807244,0.00025668967282399535,0.00014338837354443967,0.00021654550801031291,0.00048585626063868403,0.00016183988191187382,0.00020588969346135855,0.00016352201055269688,0.00025037353043444455,0.00017094721260946244,0.0002604318142402917,0.00019787000201176852,0.00018777238437905908,0.00027579700690694153,0.00022635562345385551,0.00026618034462444484,0.00011733562860172242,0.00018245815590489656,0.00018911251390818506,0.000308048416627571,0.00012801399861928076,0.00035151035990566015,0.00028168276185169816,0.00025803683092817664,0.0002238575543742627,0.00026109773898497224,0.00029063341207802296,0.00024362960539292544,0.0002314481680514291,0.00011676136637106538,0.00013468059478327632,0.0003217322810087353,0.000203771167434752,0.00018298371287528425,0.00029345639632083476,0.000151739819557406,0.00029897550120949745,0.00023811064602341503,0.00011875855852849782,0.00015329131565522403,0.00036951375659555197,0.00012537218572106212,0.0001714904938125983,0.00018438955885358155,0.00024340770323760808,0.00028781575383618474,0.00015947245992720127,0.0002050159964710474,0.00011888769950019196,0.00023363660147879273
600,0.00019689270993694663,0.00021371853654272854,0.00043043639743700624,0.00022873669513501227,0.0007365836063399911,0.00017512038175482303,0.00022333125525619835,0.00017534176004119217,0.00020508190209511667,0.00026733955019153655,0.0002067525201709941,0.00022315421665553004,0.0002096586540574208,0.0001890601561171934,0.0003060988965444267,0.00020694953855127096,0.00033652837737463415,0.00018821675621438771,0.0001967330026673153,0.0003395498206373304,0.0001337873691227287,0.0003087802033405751,0.00014515372458845377,0.00012835089000873268,0.00012729487207252532,0.00027859589317813516,0.0002972519432660192,0.00022650013852398843,0.0001589385065017268,0.0001630383776500821,0.00015450376668013632,0.0002216094289906323,0.0001471804571337998,0.00017147116886917502,0.00018363798153586686,0.0001778033620212227,0.00025945017114281654,0.0001175395300379023,0.00019289892225060612,0.0002987056504935026,0.00035232704249210656,0.00014960327825974673,0.000292216835077852,0.00016548055282328278,0.00027831605984829366,0.000244058552198112,0.0002620125887915492,0.00023090421746019274,0.0001385896175634116,0.00024201675842050463
700,0.0005159066640771925,0.0007748524658381939,0.0002918214304372668,0.0005607582861557603,0.00041920458897948265,0.00022157224884722382,0.0003106731455773115,0.0003083560732193291,0.0002840475062839687,0.0001920164650073275,0.0001966055715456605,0.000245802802965045,0.00014720317267347127,0.00021342711988836527,0.000203165749553591,0.00028241146355867386,0.00019510988204274327,0.00015524505579378456,0.00022146485571283847,0.00037402581074275076,0.00022876592993270606,0.0003075379063375294,0.00014367303811013699,0.0003339877293910831,0.00013959937496110797,0.00017907847359310836,0.00023193747620098293,0.00024059845600277185,0.0001075992186088115,0.00045277117169462144,0.00021897483384236693,0.0001733328535920009,0.0001455161691410467,0.0003293710760772228,0.0005754440207965672,0.0001703575544524938,0.0002295035228598863,0.00019590184092521667,0.00014373779413290322,0.00026894366601482034,0.00017231485981028527,0.00012928749492857605,0.0001816014264477417,0.00013574254990089685,0.00024813637719489634,0.00027336308266967535,0.0002863987465389073,0.00020811356080230325,0.00025512781576253474,0.0002241265756310895
800,0.00025377547717653215,0.00024356682843063027,0.00013146540732122958,0.00016256792878266424,0.0005197745049372315,0.00017724257486406714,0.00015080261800903827,0.00021447136532515287,0.0002543761220294982,0.00013273439253680408,0.00016116003098431975,0.0001258507400052622,0.0002853872429113835,0.0002919535036198795,0.0002087317843688652,0.00032834633020684123,0.00018866064783651382,0.00020801022765226662,0.00021714151080232114,0.00018872774671763182,0.00015157248708419502,0.00024349203158635646,0.00016554507601540536,0.00019975040049757808,0.0003033583052456379,0.00021432562789414078,0.0001853273861343041,0.00015153073763940483,0.00011052773334085941,0.0003082498733419925,0.00019315896497573704,0.00026758326566778123,0.0001767170469975099,0.00017371776630170643,0.0002801673545036465,0.00015790763427503407,0.00016003371274564415,0.00014594101230613887,0.00012373320350889117,0.00027141967439092696,0.0002476029039826244,0.000265930691966787,0.00020686915377154946,0.00017653997929301113,0.0002517871034797281,0.00014549367188010365,0.0001562808611197397,0.00016211716865655035,0.00019998503557872027,0.00017389870481565595
900,0.00020450277952477336,0.00021234927407931536,0.0002296349121024832,0.0002148668427253142,0.0003402572765480727,0.00027127680368721485,0.00016073165170382708,0.00018001534044742584,0.00023905844136606902,0.00016022886848077178,0.0002485693257767707,8.174499816959724e-05,0.00017717818263918161,0.00020808591216336936,0.0002872325712814927,0.0002055529475910589,0.00017543684225529432,0.00012022406735923141,0.0001710685173748061,0.0002253315906273201,0.00019414818962104619,0.0002010831522056833,0.0001334037078777328,0.0001734024117467925,0.00013563789252657443,0.00014505803119391203,0.00019791049999184906,0.0002018036029767245,0.00013483998191077262,0.0001359072921331972,0.00013891961134504527,0.000138106697704643,0.00017560302512720227,0.00018778828962240368,0.00018981390167027712,0.00014633707178290933,0.00018425214511808008,0.0001329698134213686,9.772300836630166e-05,0.0002097316028084606,0.00016511086141690612,0.00013971775479149073,0.0001968842261703685,0.0001732731907395646,0.00014936414663679898,0.0001784892228897661,0.0001894275046652183,0.00017095202929340303,0.00012134561984566972,0.00017292788834311068
1000,0.0001907958067022264,0.0002822235692292452,0.00018803542479872704,0.00023849033459555358,0.00037128839176148176,0.0002825417905114591,0.000254894228419289,0.00017234141705557704,0.00014745825319550931,0.0002895481593441218,0.00020882071112282574,0.0001285054604522884,0.00021208974067121744,0.00036270267446525395,0.00026683558826334774,0.00024563298211432993,0.00017149867198895663,0.00015768088633194566,0.00023781447089277208,0.0002492014318704605,0.00020736886654049158,0.00037287321174517274,0.00029555964283645153,0.00012881822476629168,0.00016219861572608352,0.00033962843008339405,0.0001974623155547306,0.00017690118693280965,0.0001444760273443535,0.00015736898058094084,0.0002093840594170615,0.0002288962568854913,0.0002638848382048309,0.00025954030570574105,0.00024052790831774473,0.0001724982139421627,0.00013860815670341253,0.00016963316011242568,0.00013055071758572012,0.00022037513554096222,0.00027935003163293004,0.00017933153139892966,0.00018551686662249267,0.00028662243857979774,0.00016794694238342345,0.00021339347586035728,0.00035338810994289815,0.00020166655303910375,0.0001345394557574764,0.00021083808678667992
1100,0.0004358787555247545,0.0001593831111676991,0.0001859993499238044,0.0003319962415844202,0.0005876563373021781,0.0002454877831041813,0.0001525118132121861,0.00018564946367405355,0.00013025246153119951,0.00023899634834378958,0.0003148911346215755,0.0001805800129659474,0.00022184045519679785,0.0001654870720813051,0.00020640500588342547,0.00019752186199184507,0.00018312415340915322,0.00022919201001059264,0.0002472203632351011,0.0002275092847412452,0.00014665615162812173,0.00018049210484605283,0.00014024254051037133,0.0002571835939306766,0.00018580455798655748,0.00023651499941479415,0.0001670534402364865,0.00022207242727745324,0.00012694769247900695,0.00018831535999197513,0.0002848269941750914,0.00019983459787908942,0.00019394019909668714,0.00011164501484017819,0.0004042545042466372,0.00016573519678786397,0.0001863849611254409,0.00017485691932961345,0.0001907926780404523,0.00022435373102780432,0.00024820835096761584,0.00019663873536046594,0.0003066913050133735,0.00018478762649465352,0.00016688043251633644,0.0002372652816120535,0.0001934651954798028,0.00017649777873884887,0.00011869392619701102,0.00019812333630397916
1200,0.0002739892224781215,0.00028700035181827843,0.00019540722132660449,0.00039134558755904436,0.000882769119925797,0.0002700667246244848,0.00020510352624114603,0.00032768986420705914,0.00017742931959219277,0.00034219303051941097,0.0003083592455368489,0.00026710808742791414,0.0003632081497926265,0.00022098698536865413,0.00021314511832315475,0.0001638223766349256,0.00012989701644983143,0.0002475693472661078,0.0003126674273516983,0.0005468556773848832,0.00028057812596671283,0.00024132886028382927,0.00023612412041984499,0.00022076762979850173,0.0001641408889554441,0.00022258723038248718,0.00024358583323191851,0.0003094464191235602,0.00023151161440182477,0.0002844847331289202,0.00013051196583546698,0.0002431582979625091,0.00019990684813819826,0.00014796237519476563,0.0002481097762938589,0.00020370507263578475,0.0003022903692908585,0.00024611433036625385,0.00018123575136996806,0.00032447039848193526,0.000367183267371729,0.00022312725195661187,0.0003945737553294748,0.00014605051546823233,0.00022337946575134993,0.00031150676659308374,0.00022197705402504653,0.0001890402054414153,0.00016574932669755071,0.0003636046894825995
1300,0.00017625839973334223,0.0002597420825622976,0.0002108677290380001,0.00016597127250861377,0.00046575869782827795,0.00015961058670654893,0.000164679586305283,0.00023872563906479627,0.00013739248970523477,0.0001781296159606427,0.00018990023818332702,0.00016161119856406003,0.00015557116421405226,0.00018385349540039897,0.00017559689877089113,0.0001985001435969025,0.00019742833683267236,0.00014524944708682597,0.0001444442168576643,0.000319579936331138,0.00017753905558492988,0.00032564077991992235,0.0001658767432672903,0.00035351666156202555,0.00019060079648625106,0.00015189948317129165,0.00016700028209015727,0.0003865421749651432,0.00017609009228181094,0.0001486389373894781,0.00013320305151864886,0.0001493959134677425,0.00023521082766819745,0.00016634714847896248,0.00016963981033768505,0.00021540565649047494,0.00013570125156547874,0.0001413412537658587,0.00018887185433413833,0.00020733846758957952,0.00016511545982211828,0.0001616778754396364,0.00019113837333861738,0.0001267033367184922,0.00018327453290112317,0.00022221812105271965,0.0003231361333746463,0.00014869989536236972,0.00017682858742773533,0.00017366380780003965
1400,0.00020910090825054795,0.00024561159079894423,0.00018688201089389622,0.00025742282741703093,0.0007800902822054923,0.00029000852373428643,0.0002189309016102925,0.0002485779987182468,0.0003010363143403083,0.00017296947771683335,0.00018241480574943125,0.0001998750667553395,0.00021210619888734072,0.00016093836165964603,0.00019942354992963374,0.00030486920149996877,0.00016918752226047218,0.00019572408928070217,0.0001623808202566579,0.00029654972604475915,0.0001533199829282239,0.00043359544361010194,0.00014784229279030114,0.00024278993078041822,0.00011060493852710351,0.00024347315775230527,0.0001271448127226904,0.00020219794532749802,0.00018149707466363907,0.00019985012477263808,0.00012390657502692193,0.00016294760280288756,0.00025573736638762057,0.0002584335452411324,0.00027518250863067806,0.0001980327651835978,0.00034455658169463277,0.00014638894936069846,0.00016270905325654894,0.0003329634200781584,0.00020974049402866513,0.00024657498579472303,0.0002473742642905563,0.00010276299144607037,0.0002437928633298725,0.0001407891686540097,0.00047769065713509917,0.00016885528748389333,0.00010746642510639504,0.00014788687985856086
1500,0.00016705279995221645,0.0002868887095246464,0.00023162491561379284,0.0002865328569896519,0.0003611532738432288,0.00019636632350739092,0.00028811508673243225,0.00027614308055490255,0.00018179557810071856,0.00023152965877670795,0.00019530454301275313,0.0002015099162235856,0.0001560122473165393,0.0003396917600184679,0.00027451093774288893,0.00026822209474630654,0.0001670828351052478,0.00011744590301532298,0.00016560005315113813,0.0003023382159881294,0.00021379593817982823,0.00015524154878221452,0.00016747369954828173,0.00018639721383806318,0.0002181719319196418,0.000215496082091704,0.00021168011880945414,0.00023131654597818851,0.00019138392235618085,0.0002001256652874872,0.00013177169603295624,0.0001294123794650659,0.00024524435866624117,0.0001893445005407557,0.00037889444502070546,0.0002166126505471766,0.00021670326532330364,0.00023537584638688713,0.00020201437291689217,0.00027973554097115993,0.0001885654346551746,0.00014268190716393292,0.00013680299161933362,0.00016699374828021973,0.00023361547209788114,0.00021714909235015512,0.000186386241693981,0.00020029829465784132,0.00016653943748679012,0.00020560059056151658
1600,0.000263222842477262,0.00023927207803353667,0.00021377175289671868,0.0003385848831385374,0.0007265371968969703,0.0002782471710816026,0.00017942013801075518,0.00015925290063023567,0.00025904487119987607,0.00030152901308611035,0.00023215834517031908,0.0002721143828239292,0.00015313923358917236,0.00020024101831950247,0.00028604408726096153,0.000318502658046782,0.00016709767805878073,0.00019906942907255143,0.0002652419207151979,0.0003737827646546066,0.00020255171693861485,0.0003242282837163657,0.00020768858666997403,0.0001879083429230377,0.00011607642954913899,0.00018763162370305508,0.00021081019076518714,0.00025664910208433867,0.0001625769946258515,0.0003227124107070267,0.0001348380174022168,0.0001824419159675017,0.00024415834923274815,0.00014045581337995827,0.00027124129701405764,0.0002285410009790212,0.00020899878290947527,0.0001635167864151299,0.00011942053242819384,0.0005534453666768968,0.00040579779306426644,0.00020043185213580728,0.0003944670897908509,0.0002025845751632005,0.00035601737909018993,0.00024974512052722275,0.0003515892894938588,0.00023067330766934901,0.00021114744595251977,0.0001831615372793749
1700,0.00021280429791659117,0.00034792922087945044,0.0002425851416774094,0.00025229682796634734,0.0004828611563425511,0.0003171002899762243,0.00021350786846596748,0.00025235407520085573,0.00035463672247715294,0.0002470455947332084,0.0001653882209211588,0.00024342848337255418,0.00031083752401173115,0.0002975108800455928,0.000249691482167691,0.00024357966321986169,0.00015760694805067033,0.0001645426091272384,0.0002394231705693528,0.00019121904915664345,0.00022599936346523464,0.00023129172041080892,0.00019247409363742918,0.0001519461948191747,0.00023137197422329336,0.00020892865722998977,0.00020098387903999537,0.00022360635921359062,0.0002776289766188711,0.00014593171363230795,0.000255158229265362,0.0002746372192632407,0.0001523171813460067,0.00019177954527549446,0.0002904071589000523,0.00025007661315612495,0.00023753399727866054,0.0002356288896407932,0.0001913958549266681,0.0003015891707036644,0.00020055407367181033,0.00018969275697600096,0.0002732990251388401,0.00012427070760168135,0.0001588155864737928,0.00029813669971190393,0.00017890894378069788,0.0002050146576948464,0.0001973514154087752,0.0001618230453459546
1800,0.00023754165158607066,0.00020032400789204985,0.00017090319306589663,0.00025262951385229826,0.0007782995817251503,0.0002874640340451151,0.00027268551639281213,0.00029368375544436276,0.00025284336879849434,0.00021021558495704085,0.00027346040587872267,0.00018781280959956348,0.00038898413185961545,0.00023647418129257858,0.00023386321845464408,0.0003159473417326808,0.00017731192929204553,0.0001393809652654454,0.00033052085200324655,0.0002487839665263891,0.00020252465037629008,0.0003142069326713681,0.00022028361854609102,0.00025360696599818766,0.00014693541743326932,0.00022068074031267315,0.0003365586162544787,0.00016698954277671874,0.00016561329539399594,0.0001361690810881555,0.00012073518155375496,0.000314283010084182,0.0001848457322921604,0.00022263040591496974,0.00019881318439729512,0.00014604722673539072,0.000408799183787778,0.00013443375064525753,0.0001528948632767424,0.00030192648409865797,0.00018169662507716566,0.00014154614473227412,0.00021107539942022413,0.00020450691226869822,0.0004027271061204374,0.0002601731684990227,0.0002447493316140026,0.00013531881268136203,0.00018004454614128917,0.00022537438781000674
1900,0.00012752407928928733,0.00025585954426787794,0.00024313581525348127,0.0003625171084422618,0.0008799529168754816,0.00023523514391854405,0.00018723923130892217,0.00018373274360783398,0.0002690758847165853,0.000264863163465634,0.00017839050269685686,0.00019446205988060683,0.00022331392392516136,0.00019274807709734887,0.00015339406672865152,0.00033310294384136796,0.0002884567657019943,0.0001514317118562758,0.0002672963310033083,0.00024076552654150873,0.0002071191556751728,0.00022672499471809715,0.0001402101624989882,0.00026113400235772133,0.00013218384992796928,0.0002701956545934081,0.00032897680648602545,0.00013666090671904385,0.00014938338426873088,0.00015167838137131184,0.00011985986202489585,0.00013377421419136226,0.0001973777252715081,0.00016483856597915292,0.0001998760853894055,0.0001851506531238556,0.00021447426115628332,0.00022531503054779023,0.0001841850607888773,0.00029501612880267203,0.00020308917737565935,0.00017142515571322292,0.00029938470106571913,0.00016305418103002012,0.00027498361305333674,0.0001447638642275706,0.00027360214153304696,0.00016367039643228054,0.0002301018248545006,0.00027159953606314957
2000,0.00031085300724953413,0.00031109925475902855,0.00020550074987113476,0.0004428149259183556,0.0004722258308902383,0.00031243544071912766,0.0002068308531306684,0.0002086548338411376,0.00028016703436151147,0.0001933892344823107,0.00018962667672894895,0.0002102662983816117,0.0002328699774807319,0.0003647212579380721,0.00040525090298615396,0.0004281936853658408,0.0002035499201156199,0.00032474385807290673,0.00015184820222202688,0.00045856344513595104,0.00020146816677879542,0.00027801073156297207,0.00021572875266429037,0.0001697658299235627,0.00013443210627883673,0.0003924824995920062,0.0002772283914964646,0.00040831949445419014,0.00023654563119634986,0.0002103346196236089,0.00020722283807117492,0.0001773950207279995,0.00028475766885094345,0.00017683574697002769,0.0003834464296232909,0.00028263754211366177,0.00033507015905342996,0.00016341081936843693,0.0001787355140550062,0.00033312616869807243,0.0001916125911520794,0.0001762480242177844,0.0003726486174855381,0.0001944671239471063,0.00020641015726141632,0.00021075530094094574,0.0002072356001008302,0.00016817399591673166,0.00015108176739886403,0.00019258818065281957
2100,0.00023254913685377687,0.0004758056893479079,0.0002535821695346385,0.0005549212219193578,0.0007949589635245502,0.0002500668924767524,0.00026105326833203435,0.00028262718115001917,0.0004384812491480261,0.0002899724058806896,0.00016737033729441464,0.0002438427327433601,0.00026649126084521413,0.00026300267199985683,0.0002449990133754909,0.00038477848283946514,0.00017185424803756177,0.0002141382428817451,0.00021052840747870505,0.0005044303834438324,0.00015550189709756523,0.0004473299195524305,0.0002595091937109828,0.0005813243333250284,0.0001355426065856591,0.00022093055304139853,0.00033122827881015837,0.00047596541116945446,0.00019353149400558323,0.00034405256155878305,0.00017430292791686952,0.0003279520315118134,0.0003071323735639453,0.00023275452258531004,0.0005333925946615636,0.00032911263406276703,0.0003507202782202512,0.00017623075109440833,0.00018087387434206903,0.00024914724053815007,0.00018483473104424775,0.00013520992069970816,0.0002818025532178581,0.0002654568525031209,0.0002497098466847092,0.0003104739880654961,0.0005098148831166327,0.00017376404139213264,0.00015797369997017086,0.0002760998031590134
2200,0.00043409402132965624,0.0004855059087276459,0.00032773014390841126,0.0003721259708981961,0.0006350281764753163,0.0003438100393395871,0.00025486425147391856,0.00022709417680744082,0.00030419169343076646,0.00025726488092914224,0.0001270861830562353,0.00031154596945270896,0.00013815611600875854,0.00042142448364757,0.0002527090546209365,0.00034764825250022113,0.0001720995205687359,0.0003186398826073855,0.0002607811475172639,0.0002184688055422157,0.00016334373503923416,0.00022011548571754247,0.0001492956216679886,0.00016010967374313623,0.0001341581519227475,0.00019534814055077732,0.00022639216331299394,0.00022681703558191657,0.0001616780791664496,0.0001553637266624719,0.00013595771451946348,0.00016886410594452173,0.00018359550449531525,0.00014571050996892154,0.00035498273791745305,0.0001756551646394655,0.0002067164605250582,0.00018473551608622074,0.00021988610387779772,0.0002965487365145236,0.00017710306565277278,0.00017301416664849967,0.00023223095922730863,0.00018977696890942752,0.00018628696852829307,0.00018844801525119692,0.00016527340631000698,0.00014166851178742945,0.0003013029636349529,0.0001681094872765243
2300,0.0002831729070749134,0.00024870558991096914,0.0001754370896378532,0.0003659665526356548,0.0005832578171975911,0.00025137828197330236,0.00026698026340454817,0.0002942535502370447,0.0002755024179350585,0.0002987892075907439,0.00020476100326050073,0.00021877359540667385,0.00026903595426119864,0.0003217279736418277,0.00024418593966402113,0.0002295203594258055,0.00019511488790158182,0.00017445266712456942,0.0005063695134595037,0.000206769400392659,0.0003200154169462621,0.0002999836578965187,0.00019434900605119765,0.00017142157594207674,0.00017356763419229537,0.0002072657080134377,0.00025686141452752054,0.0003045431221835315,0.00029023661045357585,0.00022030199761502445,0.0001867861283244565,0.00034751318162307143,0.0002976204559672624,0.00016297258844133466,0.00021197888418100774,0.0002213291882071644,0.00032997780363075435,0.00019310576317366213,0.00020461378153413534,0.00048475817311555147,0.0002633132680784911,0.0001547257706988603,0.0004769738588947803,0.00018067377095576376,0.0002833929320331663,0.0003462893655523658,0.0003069662197958678,0.00020704802591353655,0.00016143689572345465,0.00021413622016552836
2400,0.0004434289294295013,0.0005764990928582847,0.00033738769707269967,0.0005500816623680294,0.0005936846719123423,0.00024160703469533473,0.00028541902429424226,0.00020309873798396438,0.0003970398975070566,0.0002568061463534832,0.00024297015625052154,0.00024398148525506258,0.0003716764913406223,0.00026114238426089287,0.0003607069083955139,0.0002887488226406276,0.0002060975384665653,0.00026719190645962954,0.00025479504256509244,0.00031126837711781263,0.00018423284927848727,0.00026086971047334373,0.00021755154011771083,0.00024571261019445956,0.00020679112640209496,0.00021352249314077199,0.00023301265900954604,0.0002267716045025736,0.0001912026054924354,0.00030007268651388586,0.00020163522276561707,0.0002166885242331773,0.0002804202667903155,0.00015985792560968548,0.000261120090726763,0.0002626041532494128,0.00027211190899834037,0.00018479785649105906,0.00014946289593353868,0.000320550607284531,0.00016720591520424932,0.00018158636521548033,0.00036053278017789125,0.0001705661998130381,0.00022249940957408398,0.0002799181966111064,0.0002979521232191473,0.0002553199010435492,0.00023843871895223856,0.0002730964624788612
2500,0.0001683864538790658,0.00027128664078190923,0.00019107824482489377,0.0003738488594535738,0.0007541446248069406,0.0002673924609553069,0.0004123366088606417,0.00043288874439895153,0.0003948379016947001,0.00032093594199977815,0.00019251163757871836,0.0003855683025904,0.00021343845583032817,0.0001932954473886639,0.00018460136197973043,0.0002802351373247802,0.0001932431769091636,0.00019618700025603175,0.0002819246437866241,0.000262763409409672,0.00017634310643188655,0.00045979494461789727,0.0002737999602686614,0.00019135608454234898,0.00014822196681052446,0.0002191021922044456,0.00022229643946047872,0.00031258384115062654,0.00021479073620866984,0.00023146881721913815,0.00013989988656248897,0.00017195595137309283,0.00018056818225886673,0.0001804544881451875,0.0003783840802498162,0.00029054703190922737,0.00037425669142976403,0.00020750575640704483,0.00017046030552592129,0.0002908912720158696,0.0002157380513381213,0.00013703611330129206,0.00029434089083224535,0.0001487630361225456,0.00037430698284879327,0.0002453536435496062,0.00022634872584603727,0.0002643076586537063,0.0002519661793485284,0.00016306887846440077
2600,0.0005601239390671253,0.0005217652069404721,0.00020710536045953631,0.0004789273370988667,0.0007093185558915138,0.0003228170971851796,0.0006274278275668621,0.00014713343989569694,0.00032378770993091166,0.0002522409486118704,0.0002579160500317812,0.00018380382971372455,0.00020568916806951165,0.0002500590344425291,0.00023485577548854053,0.00019130419241264462,0.00019545901159290224,0.00020809815032407641,0.00022638897644355893,0.0003389570629224181,0.0002011308679357171,0.000497529108542949,0.0001683989103185013,0.00039399717934429646,0.00024106362252496183,0.00020542644779197872,0.0003053394902963191,0.00028189332806505263,0.00015472386439796537,0.00018463737796992064,0.00020471135212574154,0.000370512658264488,0.0002197224530391395,0.00020642258459702134,0.00029417051700875163,0.0001899859489640221,0.0005585532053373754,0.00019387202337384224,0.0003254892653785646,0.00041156011866405606,0.0002823808463290334,0.0001582764962222427,0.0003588457766454667,0.00017625006148591638,0.00021677966287825257,0.0002722101635299623,0.0003754253266379237,0.0002487206074874848,0.0002256575389765203,0.000289974850602448
2700,0.00036164355697110295,0.00040932573028840125,0.0003460655570961535,0.00021257468324620277,0.0009199443738907576,0.00020329457765910774,0.0002575948310550302,0.00022032806009519845,0.000173243650351651,0.00029017854831181467,0.000301969499560073,0.0002438336523482576,0.00023726222570985556,0.0002329888811800629,0.00018208127585239708,0.00022339506540447474,0.0001791584654711187,0.00014436719357036054,0.00035350798862054944,0.00030693408916704357,0.00015371295739896595,0.00031399886938743293,0.00018562313925940543,0.0002636302961036563,0.00016040743503253907,0.0002314304729225114,0.00041461799992248416,0.00028690401813946664,0.0004418758617248386,0.00021492221276275814,0.00023790898558218032,0.0003964004572480917,0.00024219158513005823,0.00017628959903959185,0.0003498364530969411,0.0002134507376467809,0.0003373773070052266,0.00021574068523477763,0.00016835193673614413,0.0002351966977585107,0.000385416264180094,0.00016544830577913672,0.00024073361419141293,0.00022357143461704254,0.00029832226573489606,0.00015976084978319705,0.0003053857071790844,0.00017836970800999552,0.0002552264486439526,0.00016469744150526822
2800,0.00042919194675050676,0.00025575197651050985,0.0003890896332450211,0.00037250493187457323,0.0005893349880352616,0.0002859164960682392,0.0002887932350859046,0.00036802139948122203,0.00024155553546734154,0.000333228352246806,0.00015605117368977517,0.00023221450101118535,0.00019488412362989038,0.0003902613534592092,0.0002708086103666574,0.0002649242233019322,0.00019578605133574456,0.00019050265836995095,0.00025620468659326434,0.00042165376362390816,0.00014995216042734683,0.00027243627118878067,0.0001752447715261951,0.0001947831187862903,0.00015127297956496477,0.00028266882873140275,0.00013869648682884872,0.00036052503855898976,0.00021493899112101644,0.00015903111489024013,0.00018964166520163417,0.0002376683842157945,0.00019370489462744445,0.000183803029358387,0.00021828542230650783,0.0002860445238184184,0.0003377314133103937,0.00013746347394771874,0.0001582729018991813,0.0002155105903511867,0.0002530949132051319,0.00027950023650191724,0.0003484923217911273,0.00015163872740231454,0.00019197032088413835,0.00013914809096604586,0.00032147669116966426,0.00017054376075975597,0.00018997129518538713,0.00014050908794160932
2900,0.00040351811912842095,0.00024110927188303322,0.0002880674146581441,0.0002894853241741657,0.0003976041334681213,0.0002267668314743787,0.00020119341206736863,0.00018992235709447414,0.00013855415454600006,0.0002166319900425151,0.0001679900597082451,0.00013313250383362174,0.00018325368000660092,0.00025724116130732,0.0002830815501511097,0.0002108542394125834,0.00015072438691277057,0.00013099229545332491,0.0003400636196602136,0.0002724259393289685,0.00013071726425550878,0.00019472683197818696,0.00013659175601787865,0.00016850656538736075,0.0002505676820874214,0.0002096508105751127,0.00022577712661586702,0.00019038385653402656,0.0001394934515701607,0.0002659263845998794,0.0002468026359565556,0.0001708992786007002,0.00023550380137749016,0.00010165816638618708,0.0003583127981983125,0.0001438130857422948,0.0003110540856141597,0.00028402882162481546,0.000173669628566131,0.000203747273189947,0.00032935579656623304,0.00012208250700496137,0.00015005809837020934,0.00015851222269702703,0.00020568256149999797,0.00018365232972428203,0.00027191173285245895,0.00024184129142668098,0.00014535363879986107,0.0001677702384768054
3000,0.00023531440820079297,0.00023378009791485965,0.00024078968272078782,0.00040327158058062196,0.0003792997740674764,0.00037445485941134393,0.00023149415210355073,0.00035024876706302166,0.00022738348343409598,0.00035926041891798377,0.0002402802783763036,0.0001409377291565761,0.00018892604566644877,0.0003468099457677454,0.0002648725640028715,0.00021544948685914278,0.00023450439039152116,0.00021735506015829742,0.00018721321248449385,0.00020425567345228046,0.00021468373597599566,0.00024618286988697946,0.0002373090828768909,0.0001525585539638996,0.00019958833581767976,0.0002764553646557033,0.00018351056496612728,0.00017778106848709285,0.00022391990933101624,0.00018193721189163625,0.00014637272397521883,0.00017110072076320648,0.00018779202946461737,0.00014475060743279755,0.0001938982168212533,0.00018843679572455585,0.00014383968664333224,0.00019221456022933125,0.0001984620903385803,0.0002516251988708973,0.0002866979339160025,0.0001624037540750578,0.0003403715090826154,0.000266172835836187,0.0002492218045517802,0.00015896659169811755,0.00032533862395212054,0.00012074884580215439,0.000128202693304047,0.00021288893185555935
3100,0.0001940326765179634,0.00030640538898296654,0.00020287763618398458,0.000279853877145797,0.0006333092460408807,0.0002554725797381252,0.0001559658849146217,0.00018163060303777456,0.00023072872136253864,0.00018882560834754258,0.0001728507922962308,0.0001839245087467134,0.0002005289716180414,0.00023045048874337226,0.00019385623454581946,0.0002741785137914121,0.00029257184360176325,0.0001492462761234492,0.00019072585564572364,0.0002534088562242687,0.00021946306515019387,0.00031996285542845726,0.0001339970767730847,0.00018640652706380934,0.00016929117555264384,0.00023795584274921566,0.0001564456324558705,0.0002086496533593163,0.00016474706353619695,0.00012902780144941062,0.00012798533134628087,0.0001590003230376169,0.0002108729095198214,0.00013975368347018957,0.0003597809700295329,0.00028649531304836273,0.0002444020356051624,0.00016273716755677015,0.0001565131824463606,0.00016909942496567965,0.00020382055663503706,0.00016055813466664404,0.0001732233795337379,0.00016328869969584048,0.00027929822681471705,0.00015563760825898498,0.000192388950381428,0.00017406631377525628,0.00010029508121078834,0.00019446185615379363
3200,0.00022974626335781068,0.0002950981433968991,0.00023887399584054947,0.0004267261829227209,0.0005216154386289418,0.00022931925195734948,0.00025347722112201154,0.00032606214517727494,0.0002683298662304878,0.00023179061827249825,0.00013565602421294898,0.0001813234412111342,0.0001600656396476552,0.00034345738822594285,0.000171897656400688,0.0002739029296208173,0.00014439965889323503,0.0001754831027938053,0.00018760956299956888,0.00019944270025007427,0.00015581124171148986,0.00033256798633374274,0.00017457884678151459,0.00019966354011557996,0.00020050554303452373,0.00024225744709838182,0.0002733112487476319,0.00015855512174312025,0.000169990977155976,0.00020382482034619898,0.0001941155642271042,0.00020307324302848428,0.00020490569295361638,0.00015479217108804733,0.0002883924462366849,0.00015714792243670672,0.00018615608860272914,0.0001477354671806097,0.00018196659220848233,0.0003782572748605162,0.000328254682244733,0.00013438276073429734,0.00018765073036774993,0.00037116644671186805,0.00018716769409365952,0.00038677628617733717,0.00020240669255144894,0.00017557284445501864,0.00022519555932376534,0.0003377214598003775
3300,0.00024948676582425833,0.00023436808260157704,0.0002759670896921307,0.00020778767066076398,0.00043028758955188096,0.00030973413959145546,0.00015749076555948704,0.00022437117877416313,0.0003053648106288165,0.00026642248849384487,0.0001863392099039629,0.00018169022223446518,0.0001461790525354445,0.00022586317209061235,0.00015366262232419103,0.0003475854464340955,0.0002201777824666351,0.00018508783250581473,0.00023917737416923046,0.00015960058954078704,0.00025038220337592065,0.00014980591367930174,0.0001574795023771003,0.00024221518833655864,0.00011711527622537687,0.00022089220874477178,0.00024775537895038724,0.00018337999063078314,0.00013828231021761894,0.00035887424019165337,0.00017435249174013734,0.00023144108126871288,0.00023744300415273756,0.00015553437697235495,0.0004575020866468549,0.0003126294177491218,0.0002589138166513294,0.00017300969921052456,0.00013280058919917792,0.00022284720034804195,0.00022881639597471803,0.0001844097423600033,0.00024074430984910578,0.00022949889535084367,0.00022835652634967119,0.00027441492420621216,0.00030452237115241587,0.00030584644991904497,0.00015166992670856416,0.00017187753110192716
3400,0.00017404527170583606,0.0002596586418803781,0.00021710207511205226,0.00031451534596271813,0.0005627736682072282,0.00020446721464395523,0.00015255629841703922,0.0002611341478768736,0.00027095453697256744,0.0001531557209091261,0.00016112346202135086,0.00015983196499291807,0.00024589989334344864,0.00023751608387101442,0.00024511819356121123,0.0003154208534397185,0.00017144682351499796,0.0002902866981457919,0.0003249448200222105,0.00029874936444684863,0.0002917704696301371,0.0001783617917681113,0.00019274823716841638,0.000331769697368145,0.0001989805168705061,0.0002094137598760426,0.00034386583138257265,0.00018693882157094777,0.00027291348669677973,0.00021796947112306952,0.00015993685519788414,0.00019745551981031895,0.00019327434711158276,0.00014197880227584392,0.0008532048668712378,0.0001963609247468412,0.00024333504552487284,0.0003601947973947972,0.00014290929539129138,0.0002748669940046966,0.00022716129024047405,0.00028326702886261046,0.00032303621992468834,0.00022689368051942438,0.00029093283228576183,0.00021207801182754338,0.00018742545216809958,0.0001848702522693202,0.0001777118886820972,0.0001723699242575094
3500,0.00017229716468136758,0.0003297934017609805,0.00024924022727645934,0.00032927212305366993,0.00039350538281723857,0.00020075000065844506,0.00020650065562222153,0.0001950660371221602,0.0001989859447348863,0.0002676065778359771,0.00014492844638880342,0.00011664647172437981,0.0002561201108619571,0.00023013951431494206,0.00041812131530605257,0.0002713360881898552,0.00017426465637981892,0.0002282856876263395,0.0003667870187200606,0.00040263935807161033,0.00029623782029375434,0.0004861953784711659,0.00025878220913000405,0.00023995920491870493,0.00016544638492632657,0.00021669513080269098,0.00032786375959403813,0.0004255330713931471,0.00014890207967255265,0.0002022054250119254,0.0001616849476704374,0.00019246223382651806,0.00021105335326865315,0.00016114332538563758,0.0003104620845988393,0.0001582110853632912,0.0003071031824219972,0.00014075713988859206,0.00017875184130389243,0.0002519864938221872,0.0003324613207951188,0.00018832393107004464,0.0002062905696220696,0.00018053168605547398,0.00023102470731828362,0.00019280356355011463,0.00019274282385595143,0.00024692111765034497,0.00021565565839409828,0.0002036132209468633
3600,0.0003865663893520832,0.000540178210940212,0.0003691865422297269,0.00024990065139718354,0.0006664652610197663,0.00025845106574706733,0.00023348517424892634,0.0003788972389884293,0.0002591902739368379,0.00034125533420592546,0.00017303841013927013,0.00023713044356554747,0.00037329623592086136,0.0001979624357772991,0.0003187047259416431,0.00022393908875528723,0.00028720428235828876,0.00021755651687271893,0.00020801328355446458,0.0004201957199256867,0.00030006718588992953,0.0003935167915187776,0.00021051551448181272,0.00018534177797846496,0.0001941093651112169,0.0002709203981794417,0.00034218328073620796,0.00024397012020926923,0.00018099744920618832,0.0002722570498008281,0.0002581006847321987,0.0003567013773135841,0.00019718470866791904,0.0002825432748068124,0.00022607854043599218,0.00019955504103563726,0.00024519386352039874,0.00016027805395424366,0.0001673242513788864,0.0004835530126001686,0.0004476540780160576,0.00024368100275751203,0.00037498146411962807,0.00026972495834343135,0.00033640535548329353,0.00023182852601166815,0.00038844195660203695,0.00021552445832639933,0.0002200502494815737,0.00035612081410363317
3700,0.00028985991957597435,0.0002961674763355404,0.0003287755826022476,0.0003209213900845498,0.0006323392735794187,0.0004050463903695345,0.00014867693244013935,0.0002675230789463967,0.00039899247349239886,0.00044470519060269,0.00022263637220021337,0.00012853340012952685,0.0001805477513698861,0.00028757189284078777,0.00017274290439672768,0.00021890712378080934,0.00015114486450329423,0.00018231591093353927,0.0002055219520116225,0.00031386397313326597,0.00017014947661664337,0.0005963406874798238,0.00017045294225681573,0.00022227794397622347,0.00021075658150948584,0.00023019383661448956,0.0002211894461652264,0.0002265438379254192,0.00019701871497090906,0.00016679128748364747,0.00023813909501768649,0.00021637557074427605,0.00028264481807127595,0.00015455974789801985,0.00032045552507042885,0.00017025168926920742,0.00024204266082961112,0.0001963443646673113,0.00029942006221972406,0.00026032276218757033,0.000370647176168859,0.00015419983537867665,0.0002964941377285868,0.00016963820962700993,0.0002165759651688859,0.0003332691849209368,0.00026995560619980097,0.00019288102339487523,0.00013378036965150386,0.00019707497267518193
3800,0.00023582909489050508,0.0004702046571765095,0.0002659077290445566,0.00032560614636167884,0.0006528571248054504,0.0003526140353642404,0.00023028295254334807,0.00019509946287143975,0.0002355551696382463,0.00018062502203974873,0.00020749565737787634,0.00019657953816931695,0.00020634970860555768,0.0004315348051022738,0.00023976607189979404,0.00020344169752206653,0.00026260907179675996,0.0002562029694672674,0.00016139559738803655,0.0003171170246787369,0.00013331990339793265,0.00029965140856802464,0.00021153259149286896,0.00017529210890643299,0.00014790132991038263,0.0002178438298869878,0.00018617778550833464,0.00019099291239399463,0.00014639092842116952,0.0001504475949332118,0.00016109725402202457,0.00018782912229653448,0.0002284288639202714,0.00016735619283281267,0.0002722605422604829,0.0002043490094365552,0.00023753805726300925,0.00014432394527830184,0.00022137834457680583,0.00024277031479869038,0.00020686519565060735,0.00022372344392351806,0.00021258584456518292,0.0002306629903614521,0.00045171432429924607,0.00028130653663538396,0.0002820356166921556,0.0002166963240597397,0.00010283174196956679,0.00018116988940164447
3900,0.00024683610536158085,0.0004889270639978349,0.0002716928138397634,0.00027231674175709486,0.0004891139687970281,0.00042394091724418104,0.0002873794874176383,0.0002541163412388414,0.0002136634720955044,0.00014404325338546187,0.00019161139789503068,0.00014749080582987517,0.0001601425465196371,0.0001858663308667019,0.00019299912673886865,0.00036535027902573347,0.00024631290580146015,0.00020211745868436992,0.0002585022011771798,0.00037829973734915257,0.00018093411927111447,0.00039326719706878066,0.0001856537419371307,0.00020880508236587048,0.00013351795496419072,0.000231095080380328,0.0001952295278897509,0.00031226014834828675,0.00024288694839924574,0.0003405218303669244,0.00018005674064625055,0.0002739555493462831,0.00022683986753690988,0.00017546798335388303,0.00028394380933605134,0.0001902467047329992,0.00021574535639956594,0.0002244510833406821,0.00025820339214988053,0.0003277922805864364,0.00021480958093889058,0.00022596708731725812,0.0002316348982276395,0.00021623702195938677,0.0003064044576603919,0.00023513032647315413,0.00025757006369531155,0.00013699648843612522,0.00016561461961828172,0.0002500355476513505
4000,0.00026699682348407805,0.0004090813163202256,0.00019421486649662256,0.0002584810135886073,0.0006493291002698243,0.00027147552464157343,0.0001893778971862048,0.0004568785079754889,0.0002615244884509593,0.00020029291044920683,0.00014266365906223655,0.00014966650633141398,0.00018367532175034285,0.0002281619526911527,0.00034953554859384894,0.00040771072963252664,0.00024910137290135026,0.00022708445612806827,0.00019257447274867445,0.00030627730302512646,0.00030879914993420243,0.00020458997460082173,0.00019062068895436823,0.00026448533753864467,0.00012496081762947142,0.0003450259391684085,0.00015735522902105004,0.00027968260110355914,0.0002499522815924138,0.00015952005924191326,0.0001956536725629121,0.00022749431082047522,0.0003154186124447733,0.0002789730788208544,0.0002515351807232946,0.00018482943414710462,0.00015530758537352085,0.00018144334899261594,0.0002639171143528074,0.00025077490136027336,0.00018805843137670308,0.0001271614892175421,0.0001512778690084815,0.00022173693287186325,0.00020157646213192493,0.0001939200155902654,0.00019224717107135803,0.00018280463700648397,0.00021698549971915781,0.00040475366404280066
4100,0.00025138288037851453,0.0002432178007438779,0.00027178655727766454,0.0003551951958797872,0.0004793152620550245,0.0004036848258692771,0.00020495716307777911,0.00016727371257729828,0.0003383533621672541,0.00020769861293956637,0.00022407698270399123,0.0003154777514282614,0.00025518282200209796,0.00025906579685397446,0.00020213764219079167,0.00027738415519706905,0.00014949694741517305,0.00023025274276733398,0.00015735099441371858,0.0002738012408372015,0.00023836822947487235,0.00026979437097907066,0.000188754202099517,0.00033235602313652635,0.00015189088298939168,0.0002245267532998696,0.0003473710676189512,0.00035284250043332577,0.00019382078608032316,0.00014387648843694478,0.0001902753720059991,0.00014317255408968776,0.00040366884786635637,0.0001501308724982664,0.0005845124251209199,0.00017624261090531945,0.00025627424474805593,0.00015536679711658508,0.0001315919798798859,0.00042252210550941527,0.0002833839098457247,0.00013664859579876065,0.00040882828761823475,0.00014274395653046668,0.000285884365439415,0.00023545454314444214,0.0002943066356237978,0.00023274202249012887,0.00015273349708877504,0.00024488658527843654
4200,0.00025805787299759686,0.00023499260714743286,0.0001897497131722048,0.0002893352648243308,0.0006328745512291789,0.00020902925461996347,0.00014659870066680014,0.00014992133947089314,0.0002638610894791782,0.00014935231592971832,0.0002670524991117418,0.00017021704115904868,0.00011131083010695875,0.00017098433454521,0.00025281848502345383,0.0002701269695535302,0.00021227661636658013,0.00028341307188384235,0.000167712481925264,0.00042919538100250065,0.00018635638116393238,0.00021498884598258883,0.00014685807400383055,0.00021327193826436996,0.0001107485659304075,0.00017873031902126968,0.00019599833467509598,0.000175347420736216,0.0002084199368255213,0.00017847873095888644,0.00018534337868914008,0.00023765789228491485,0.00024403480347245932,0.00018563524645287544,0.0005098326364532113,0.00016346505435649306,0.00018786759756039828,0.00015537248691543937,0.0001356488501187414,0.0002392078604316339,0.00022191919561009854,0.00017825962277129292,0.00028047480736859143,0.0002536119136493653,0.00020278473675716668,0.00016567586862947792,0.00023774357396177948,0.0002732992288656533,0.0001845377846620977,0.00022191606694832444
4300,0.0002527391188777983,0.00019907679234165698,0.00026699487352743745,0.00021244451636448503,0.0005375657929107547,0.00024294632021337748,0.00013661071716342121,0.00016174273332580924,0.0002863213885575533,0.00028187964926473796,0.0001681810972513631,0.00017573505465406924,0.0001288850326091051,0.00025839783484116197,0.00021353861666284502,0.00037749699549749494,0.00016098639753181487,0.00017927939188666642,0.00014941424888093024,0.0004851421690545976,0.00022448264644481242,0.00013470047269947827,0.00019404753402341157,0.0002390197041677311,0.0002960207057185471,0.00021052912052255124,0.000191631872439757,0.0002129422064172104,0.00017025090346578509,0.0003355068329256028,0.00013219498214311898,0.00021533254766836762,0.0001649060141062364,0.00012097327271476388,0.0001543108664918691,0.000200811424292624,0.00026191078359261155,0.00017125581507571042,0.0001558684161864221,0.00023899372899904847,0.0002484743017703295,0.0001579766976647079,0.00016354827675968409,0.00019603187683969736,0.000236200459767133,0.0002941472048405558,0.0003033646789845079,0.00012259800860192627,0.00012636052269954234,0.000341354520060122
4400,0.00021498753631021827,0.00037272414192557335,0.00022199552040547132,0.00027387801674194634,0.0004637890087906271,0.0002023907727561891,0.00018541145254857838,0.00023539857647847384,0.00021631180425174534,0.00021076622942928225,0.00013673545618075877,0.0001359656744170934,0.0003071575192734599,0.00020400970242917538,0.00017371655849274248,0.00027814620989374816,0.00029763273778371513,0.00016433565178886056,0.0002781760704237968,0.0003377181710675359,0.0001922415103763342,0.00020528740424197167,0.00020365964155644178,0.00014217178977560252,0.00015198603796306998,0.00019769092614296824,0.00026076968060806394,0.0001969257282325998,0.00020422700617928058,0.00015473415260203183,0.0001409889227943495,0.00015975548012647778,0.00020413449965417385,0.00018249001004733145,0.0002694956783670932,0.0002311836724402383,0.0002924665459431708,0.00014550489140674472,0.00015536657883785665,0.00025835377164185047,0.00017059636593330652,0.00019186933059245348,0.00021575632854364812,0.00014939279935788363,0.0002232841361546889,0.0002023519336944446,0.00023744699137751013,0.00017153314547613263,0.0002607789356261492,0.00015063982573337853
4500,0.0001375837455270812,0.00024257702170871198,0.0002398011856712401,0.0003029666841030121,0.0011069999309256673,0.00019946829706896096,0.00016758343554101884,0.0002494111831765622,0.0002227111253887415,0.00036110394285060465,0.00014264009951148182,0.00014798915071878582,0.00015527760842815042,0.00018392068159300834,0.0002082049468299374,0.00026806641835719347,0.00025373685639351606,0.00015022129809949547,0.0002508095349185169,0.00034043335472233593,0.0002203619369538501,0.00030061593861319125,0.00030992738902568817,0.0002169129002140835,0.00011988063488388434,0.00029595650266855955,0.0002560592838563025,0.0001370935933664441,0.0002603907778393477,0.00014630875375587493,0.00013909632980357856,0.0001626587036298588,0.0002697603777050972,0.00015673553571105003,0.0003490094968583435,0.00022223596170078963,0.00020179485727567226,0.0001887529797386378,0.00015760306268930435,0.00018180748156737536,0.0004034509474877268,0.00015317196084652096,0.00020085455616936088,0.00023199689167086035,0.0002484418509993702,0.00020629138452932239,0.0002623969630803913,0.0003050890809390694,0.00018258372438140213,0.000279623840469867
4600,0.00024313274479936808,0.0002695434377528727,0.00018208991969004273,0.0002217115688836202,0.0005471469485200942,0.00020399213826749474,0.0002228059311164543,0.0002866892609745264,0.0001333611726295203,0.000207692981348373,0.0002112532820319757,0.00016518919437658042,0.00022019667085260153,0.00023051358584780246,0.0002829007862601429,0.0003340090624988079,0.00015883076412137598,0.00019902311032637954,0.0003067699435632676,0.0003086132346652448,0.00018598810129333287,0.00022528276895172894,0.00016159896040335298,0.0003684935800265521,0.00015294196782633662,0.00021758842922281474,0.00020370852143969387,0.00019220402464270592,0.0001757181016728282,0.00023229252838063985,0.0001762845931807533,0.00024656596360728145,0.0002414601476630196,0.00015827400784473866,0.0003019040450453758,0.0002511675120331347,0.0002578857238404453,0.00019472645362839103,0.00017214448598679155,0.0003475612902548164,0.00021380701218731701,0.00014120114792604,0.00020282769401092082,0.00019535221508704126,0.0003318483359180391,0.00017361964273732156,0.00029063946567475796,0.00021990570530761033,0.0002572746016085148,0.00020213975221849978
4700,0.0002709188556764275,0.00022497304598800838,0.0002596370759420097,0.0003676213091239333,0.0006877327687107027,0.00040218225331045687,0.00021123285114299506,0.00018181453924626112,0.00019023727509193122,0.0002614149416331202,0.00021400772675406188,0.00015770472236908972,0.00017312356794718653,0.00019835525017697364,0.00019901928317267448,0.00040693857590667903,0.00012935223639942706,0.00019384044571779668,0.00022485728550236672,0.00023806780518498272,0.00020312279229983687,0.00019422169134486467,0.00017776664753910154,0.0002270833501825109,0.0001195636868942529,0.00016038207104429603,0.00021114744595251977,0.0002700870390981436,0.00018013404041994363,0.000371405272744596,0.00018885092868003994,0.00015811513003427535,0.00016179603699129075,0.00014867224672343582,0.00019729496852960438,0.000217021704884246,0.0001791730464901775,0.000179719427251257,0.00012446439359337091,0.000177490888745524,0.00034818044514395297,0.00017508011660538614,0.0002569299249444157,0.00023603263252880424,0.00019054584845434874,0.00020413001766428351,0.00022825278574600816,0.00017072416085284203,0.00017219876463059336,0.00017716194270178676
4800,0.0002662084298208356,0.00044447823893278837,0.0005557052209042013,0.00026624248130246997,0.0004926173132844269,0.0002624858170747757,0.00018249396816827357,0.00020196152036078274,0.0002786919067148119,0.00019232065824326128,0.0002329951385036111,0.00020183056767564267,0.00016081346257124096,0.00026292240363545716,0.0002851033059414476,0.00026135597727261484,0.00022808420180808753,0.0001996269274968654,0.00017814994498621672,0.0002601258456707001,0.0002909450849983841,0.0002485046279616654,0.0001636898668948561,0.0001936938933795318,0.00015397397510241717,0.0002347578847547993,0.00021869858028367162,0.0003239865764044225,0.00010966310946969315,0.00035647189361043274,0.00016508431872352958,0.00019645359134301543,0.0001442965294700116,0.00013746973127126694,0.00024872380890883505,0.00019844576308969408,0.00022121994697954506,0.00015582484775222838,0.00037050124956294894,0.00018157614977099001,0.0003069677040912211,0.00015802786219865084,0.00025345341418869793,0.0002108431508531794,0.00025149021530523896,0.00016602363029960543,0.00028149550780653954,0.00012423655425664037,0.00011939021351281554,0.00012648488336708397
4900,0.0001652265345910564,0.0003117892483714968,0.0001671113568590954,0.00037885786150582135,0.0005581043078564107,0.0002026967122219503,0.0002068759495159611,0.00025502408971078694,0.00021907180780544877,0.0002034836943494156,0.0001601256662979722,0.00022103516675997525,0.0001970315643120557,0.00025001761969178915,0.0002487060846760869,0.0001889160048449412,0.0002389202854828909,0.0001340079033980146,0.0003023879253305495,0.00031989358831197023,0.00018325788551010191,0.0005370408180169761,0.000164278520969674,0.00025055903824977577,0.00023124775907490402,0.00014654164260718971,0.0003706639108713716,0.00018254716997034848,0.00016161073290277272,0.00017801356443669647,0.0002051566552836448,0.00016458131722174585,0.00021430145716294646,0.00014387955889105797,0.0003082442271988839,0.0001876197784440592,0.00019410513050388545,0.00014102162094786763,0.0002091320202453062,0.000353173614712432,0.00021303629910107702,0.00016073269944172353,0.00033485243329778314,0.0001913690794026479,0.00023014967155177146,0.0003454925899859518,0.00017991762433666736,9.677438356447965e-05,0.0003533047856763005,0.00017184126772917807
5000,0.0003875135735142976,0.0004406905500218272,0.0002569850767031312,0.0004132736357860267,0.0004351083480287343,0.00027079874416813254,0.00037038043956272304,0.0002125028258888051,0.00017067950102500618,0.0002881216933019459,0.00022222151164896786,0.00014793331502005458,0.00017947802552953362,0.00029855387401767075,0.0003545588697306812,0.0004729337524622679,0.00023291495745070279,0.00019339898426551372,0.00028819014551118016,0.00020656663400586694,0.00016641833644825965,0.0002955612726509571,0.00019635273201856762,0.00017929228488355875,0.0002776171895675361,0.0001734825927997008,0.00036430262844078243,0.00018148640810977668,0.0002098008117172867,0.00016387761570513248,0.0002906056761275977,0.00014302913041319698,0.00018121344328392297,0.0001368404336972162,0.000409300351748243,0.00020217655401211232,0.00026107713347300887,0.0003569645341485739,0.00014847783313598484,0.0002335854369448498,0.0002091772184940055,0.00018775503849610686,0.0002539584820624441,0.00018254290625918657,0.0002463136042933911,0.00021822037524543703,0.00029540437390096486,0.00017390510765835643,0.00028962650685571134,0.0002060514671029523
5100,0.00020730134565383196,0.00016173369658645242,0.0002532396465539932,0.00026520207757130265,0.0004771722014993429,0.00020128805772401392,0.00017596232646610588,0.00018439957057125866,0.00021466119505930692,0.00022244438878260553,0.00010641326662153006,0.00014160401769913733,0.00018725614063441753,0.00026501272805035114,0.00032633653609082103,0.00021379989630077034,0.0002193251420976594,0.00016905524535104632,0.0002471630577929318,0.00020181815489195287,0.00018072096281684935,0.000237968226429075,0.00017963828577194363,0.00022416624415200204,0.00022055153385736048,0.00024681337526999414,0.0002074458316201344,0.0001805475912988186,0.00023135764058679342,0.0001453436998417601,0.0001347676879959181,0.00019257677195128053,0.00020827175467275083,0.00023000870714895427,0.000267838011495769,0.00021512125385925174,0.00019147452258039266,0.00016805055201984942,0.00015611207345500588,0.0001952135789906606,0.00025282998103648424,0.0002459804527461529,0.0002207199577242136,0.00014726641529705375,0.00022233840718399733,0.00022605416597798467,0.00022558170894626528,0.0001620946277398616,0.00017555516387801617,0.0002878783270716667
5200,0.00018782993720378727,0.0003338840033393353,0.00017215069965459406,0.00026863327366299927,0.0007087986450642347,0.00013496189785655588,0.00017154263332486153,0.00020460854284465313,0.00027243338990956545,0.000277585320873186,0.0001675191306276247,0.000123839097796008,0.00021770648891106248,0.00017662062600720674,0.000287373288301751,0.00022206909488886595,0.00018765077402349561,0.00014296646986622363,0.0002649319067131728,0.00026016824995167553,0.00016676638915669173,0.00025135959731414914,0.0002262735361000523,0.00024382740957662463,0.00015277526108548045,0.0002788561105262488,0.000270925898803398,0.00014033167099114507,0.0002256739098811522,0.00013680760457646102,0.00016240464174188673,0.00019969360437244177,0.0002344668173464015,0.00016094579768832773,0.00024152583500836045,0.0001900640781968832,0.00015186797827482224,0.0002561620494816452,0.0001443397777620703,0.00018634172738529742,0.00021223687508609146,0.00016792176757007837,0.00023522612173110247,0.0003751737531274557,0.00027502077864483,0.00020175201643723994,0.00019154534675180912,0.00017970410408452153,0.0001829071406973526,0.00022460756008513272
