step,channel_97,channel_64,channel_65,channel_98,channel_67,channel_96,channel_99,channel_66,channel_69,channel_100,channel_68,channel_120,channel_82,channel_102,channel_114,channel_101,channel_110,channel_88,channel_72,channel_118,channel_125,channel_87,channel_90,channel_85,channel_122,channel_115,channel_117,channel_106,channel_89,channel_123,channel_70,channel_92,channel_93,channel_109,channel_126,channel_91,channel_76,channel_0,channel_94,channel_84,channel_78,channel_103,channel_75,channel_121,channel_74,channel_111,channel_104,channel_119,channel_124,channel_105
0,4.259234628989361e-06,2.563020871093613e-06,3.6507540244201664e-06,2.4538994694012217e-06,4.140694727539085e-06,2.4267360458907206e-06,4.305209131416632e-06,6.559982011822285e-06,1.4255273526941892e-05,9.445821888220962e-06,6.678942099824781e-06,1.3601575119537301e-05,2.977588155772537e-05,8.673071533848997e-06,4.746984632220119e-05,1.5790470570209436e-05,3.1800984288565814e-05,1.3512953046301845e-05,3.548579479684122e-05,8.771018656261731e-06,8.492986125929747e-06,3.6847555747954175e-05,8.72589043865446e-06,1.88050380529603e-05,2.5589970391592942e-05,5.963115836493671e-05,1.1519664440129418e-05,1.8035490938927978e-05,4.595193786371965e-06,1.3022468010603916e-05,1.4007671779836528e-05,1.2549577149911784e-05,1.8063145034830086e-05,2.002553446800448e-05,1.0204453246842604e-05,2.2944444936001673e-05,1.1155520041938871e-05,2.4879322154447436e-05,7.733511665719561e-06,1.4529611689795274e-05,1.5429328414029442e-05,2.9320235626073554e-05,2.4421391572104767e-05,1.6521973520866595e-05,1.1770928722398821e-05,3.2626616302877665e-05,6.766881142539205e-06,5.400841837399639e-05,1.4047071999812033e-05,2.364753163419664e-05
100,1.8802649719873443e-05,1.5005080058472231e-05,2.3226835764944553e-05,2.5819948859862052e-05,2.074672738672234e-05,2.3844224415370263e-05,2.9955244826851413e-05,3.090445898124017e-05,2.419328666292131e-05,3.0431583581957966e-05,1.9477287423796952e-05,3.951651888201013e-05,3.6296922189649194e-05,4.961080776411109e-05,3.1235489586833864e-05,4.071101648150943e-05,5.0601123803062364e-05,4.130271190661006e-05,4.915720273857005e-05,3.5659275454236194e-05,4.0837552660377696e-05,5.4635442211292684e-05,4.5153301471145824e-05,5.6709846830926836e-05,5.757393955718726e-05,5.7557732361601666e-05,6.0916889196960256e-05,6.106671207817271e-05,4.024882218800485e-05,6.291024328675121e-05,4.519878712017089e-05,4.256595639162697e-05,5.096066524856724e-05,6.011826189933345e-05,5.524846710613929e-05,5.626845813822001e-05,6.237249908735976e-05,6.406215106835589e-05,6.010466313455254e-05,4.021385757368989e-05,4.921248182654381e-05,6.856099935248494e-05,6.834317900938913e-05,4.651717972592451e-05,5.735665399697609e-05,6.538273737533018e-05,8.344522211700678e-05,5.274953946354799e-05,8.586041076341644e-05,9.171407873509452e-05
200,1.6441807019873522e-05,1.3855600627721287e-05,1.6983804016490467e-05,2.1544650735449977e-05,1.609427999937907e-05,2.9224713216535747e-05,2.3324555513681844e-05,1.8943870600196533e-05,2.6335157599532977e-05,2.710136141104158e-05,2.1980020392220467e-05,3.591879067244008e-05,3.767586167668924e-05,3.4109572879970074e-05,3.810910857282579e-05,3.904445838998072e-05,3.631745130405761e-05,4.6170094719855115e-05,4.146228820900433e-05,3.731308606802486e-05,4.1046205296879634e-05,4.250161146046594e-05,5.054995563114062e-05,2.6562745915725827e-05,4.155198621447198e-05,4.465307938517071e-05,2.5464536520303227e-05,4.845572038902901e-05,3.916479181498289e-05,6.004359238431789e-05,2.8426227800082415e-05,5.201328167458996e-05,4.310900840209797e-05,4.210468250676058e-05,4.678737968788482e-05,5.110721031087451e-05,3.827196269412525e-05,5.6918597692856565e-05,4.6800687414361164e-05,4.057124533574097e-05,4.1190145566361025e-05,4.354284828878008e-05,5.729762779083103e-05,3.748998278751969e-05,4.99059897265397e-05,5.94339617236983e-05,4.489947241381742e-05,3.523239502101205e-05,5.389722718973644e-05,5.539052654057741e-05
300,1.4957578059693333e-05,1.6048423276515678e-05,2.232724000350572e-05,2.691985537239816e-05,2.7315443730913103e-05,2.807341661537066e-05,2.6547384550212882e-05,2.1360141545301303e-05,3.620886855060235e-05,3.7095720472279936e-05,3.249810106353834e-05,4.505906690610573e-05,4.572037505568005e-05,4.1601604607421905e-05,4.869754411629401e-05,5.025310747441836e-05,4.702517617261037e-05,5.078328467789106e-05,5.168591451365501e-05,4.2833442421397194e-05,5.084562144475058e-05,4.305034235585481e-05,5.54227372049354e-05,5.6531720474595204e-05,5.3225237934384495e-05,4.7000416088849306e-05,3.5968918382423e-05,4.333493052399717e-05,5.344368037185632e-05,5.82382817810867e-05,6.334847421385348e-05,5.457805309561081e-05,5.501963823917322e-05,5.742105713579804e-05,5.427561700344086e-05,5.5521577451145276e-05,6.908785144332796e-05,6.945492350496352e-05,5.221047467784956e-05,4.820576941710897e-05,4.97068976983428e-05,7.282722071977332e-05,6.690718146273866e-05,7.968187856022269e-05,8.05892123025842e-05,6.57846758258529e-05,4.29832907684613e-05,8.507343591190875e-05,5.799684004159644e-05,7.669542537769303e-05
400,8.27954318083357e-06,9.7966749308398e-06,1.6853990018717013e-05,1.6279143892461434e-05,2.071498784061987e-05,9.309877896157559e-06,1.0298686902387999e-05,8.113239346130285e-06,2.397018761257641e-05,9.298514669353608e-06,1.4722967534908094e-05,1.91308899957221e-05,3.591239874367602e-05,1.778898513293825e-05,1.78448244696483e-05,2.038825368799735e-05,2.1451060092658736e-05,1.9823361071757972e-05,2.384176514169667e-05,1.8144964997190982e-05,2.43822669290239e-05,1.744536893966142e-05,2.8490874683484435e-05,2.476397821737919e-05,2.3285239876713604e-05,1.8659255147213116e-05,2.344018139410764e-05,1.6771147784311324e-05,2.244821735075675e-05,3.065973214688711e-05,2.2061487470637076e-05,4.662425635615364e-05,2.2718133550370112e-05,2.7912730729440227e-05,5.498266182257794e-05,3.0083328965702094e-05,3.3096403058152646e-05,3.413071681279689e-05,3.27496491081547e-05,2.2877309675095603e-05,1.9917613826692104e-05,2.6953248379868455e-05,3.8385827792808414e-05,2.8219214073033072e-05,3.340400508022867e-05,3.5742858017329127e-05,2.042095184151549e-05,2.0853840396739542e-05,2.6271703973179683e-05,3.251846646890044e-05
500,1.381260790367378e-05,1.0815060704771895e-05,9.744107046572026e-06,1.0429297617520206e-05,1.106808576878393e-05,6.612120614590822e-06,1.1291761438769754e-05,8.518043614458293e-06,1.8498862118576653e-05,9.235794095729943e-06,1.2592987332027406e-05,2.5051031116163358e-05,1.3478601431415882e-05,1.781200262485072e-05,1.7570309864822775e-05,2.824631883413531e-05,1.938011519087013e-05,2.238996239611879e-05,2.862413748516701e-05,3.268162254244089e-05,1.877239265013486e-05,1.7037073121173307e-05,2.3248871002579108e-05,1.7348727851640433e-05,1.9866576622007415e-05,1.80893148353789e-05,1.7455880879424512e-05,1.929101927089505e-05,3.0766539566684514e-05,2.0371435311972164e-05,2.507238241378218e-05,1.942156632139813e-05,3.2848427508724853e-05,2.245211180706974e-05,2.1272246158332564e-05,1.7340296835754998e-05,2.120437056873925e-05,3.405356255825609e-05,1.9687086023623124e-05,2.815850530168973e-05,1.6173873518710025e-05,3.503726838971488e-05,3.733492121682502e-05,1.571148823131807e-05,2.3383852749248035e-05,3.270219167461619e-05,1.720104592095595e-05,2.9088563678669743e-05,1.668597360549029e-05,3.532131086103618e-05
600,1.205766420753207e-05,1.8120850654668175e-05,9.511243661108892e-06,1.1826827176264487e-05,1.1345468919898849e-05,1.3016111552133225e-05,1.195921049657045e-05,1.0598374501569197e-05,2.5817796995397657e-05,1.6378106010961346e-05,1.4081648259889334e-05,3.0826129659544677e-05,2.4164613932953216e-05,2.5948686015908606e-05,1.6596921341260895e-05,2.9002587325521745e-05,2.049983049801085e-05,2.578831117716618e-05,3.1377028790302575e-05,5.262031118036248e-05,4.2035404476337135e-05,1.9171968233422376e-05,3.105242649326101e-05,4.1214989323634654e-05,5.2209896239219233e-05,3.036985253856983e-05,3.3969969081226736e-05,1.8772712792269886e-05,3.289522646809928e-05,3.458566061453894e-05,3.001952609338332e-05,3.6415320209925994e-05,3.0858442187309265e-05,3.321035183034837e-05,3.870217187795788e-05,3.0074408641667105e-05,2.4881306671886705e-05,3.804203515755944e-05,2.884012064896524e-05,3.37544952344615e-05,2.4998849767143838e-05,6.171371205709875e-05,6.099427628214471e-05,3.325947545818053e-05,3.0368279112735763e-05,3.720425956998952e-05,4.036070095025934e-05,5.2666011470137164e-05,2.632074392749928e-05,5.7760214986046776e-05
700,8.456925570499152e-06,9.897133168124128e-06,1.1250344869040418e-05,1.1682358490361366e-05,1.2530080311989877e-05,9.583407518221065e-06,1.1307068234600592e-05,1.1362927580194082e-05,1.1773814549087547e-05,2.198084257543087e-05,1.9408211301197298e-05,2.3022827008389868e-05,1.855440132203512e-05,1.90330119949067e-05,4.9638667405815795e-05,1.9283748770249076e-05,2.0232553652022034e-05,2.2327832994051278e-05,2.513684557925444e-05,1.680867535469588e-05,3.997279054601677e-05,1.8662414731807075e-05,3.2075618946691975e-05,2.3887056158855557e-05,2.1536032363655977e-05,2.7837690140586346e-05,2.2363110474543646e-05,1.8889801140176132e-05,1.7833339370554313e-05,2.9258619179017842e-05,1.5196493222902063e-05,2.850687815225683e-05,2.53539728873875e-05,2.6901883757091127e-05,2.36581818171544e-05,2.229013443866279e-05,2.7402444175095297e-05,4.0489201637683436e-05,2.3309465177590027e-05,3.712707257363945e-05,2.4225175366154872e-05,2.834802944562398e-05,3.27213310811203e-05,3.760977415367961e-05,4.217520108795725e-05,6.213691813172773e-05,2.7459384000394493e-05,2.660796235431917e-05,2.814297840814106e-05,3.9049955375958234e-05
800,9.714462066767737e-06,1.202816201839596e-05,1.1537767022673506e-05,1.6048672478063963e-05,1.3280672646942548e-05,1.0902735084528103e-05,1.1952909517276566e-05,1.1402615200495347e-05,1.6616646462352946e-05,1.2275250810489524e-05,1.0286243195878342e-05,2.294158002769109e-05,1.5755718777654693e-05,1.3968936400488019e-05,1.397940741298953e-05,2.223926094302442e-05,1.378335218760185e-05,1.4802660189161543e-05,2.054480864899233e-05,2.5877308871713467e-05,2.9999739126651548e-05,1.5281064406735823e-05,2.4744247639318928e-05,1.71084775502095e-05,3.854991518892348e-05,1.8194357835454866e-05,1.594471905264072e-05,1.970658740901854e-05,1.5361349142040126e-05,1.527341373730451e-05,1.3605687854578719e-05,1.959274595719762e-05,2.5092231226153672e-05,2.1879153791815042e-05,2.0925686840200797e-05,2.7580957976169884e-05,1.9616274585132487e-05,3.633151209214702e-05,3.4285498259123415e-05,2.2299136617220938e-05,2.062957537418697e-05,2.997164301632438e-05,2.9272452593431808e-05,1.9226430595153943e-05,2.0470146409934387e-05,2.520491398172453e-05,1.6364936527679674e-05,1.678004082350526e-05,2.5229315724573098e-05,2.2006663130014203e-05
900,7.849240319046658e-06,7.916821232356597e-06,7.397439730993938e-06,1.3682914868695661e-05,9.727604265208356e-06,8.226919817388989e-06,1.2306559256103355e-05,9.940937161445618e-06,2.5427882064832374e-05,1.598167909833137e-05,2.5266312150051817e-05,1.7745454897521995e-05,3.252747774240561e-05,2.8459608074626885e-05,2.5555425963830203e-05,2.8136726541561075e-05,4.486572288442403e-05,1.9692077330546454e-05,3.610480052884668e-05,2.0133240468567237e-05,3.2887102861423045e-05,2.608178328955546e-05,2.7154797862749547e-05,2.105095518345479e-05,1.918850830406882e-05,4.3088686652481556e-05,2.304939516761806e-05,3.72046597476583e-05,2.165272417187225e-05,2.921319355664309e-05,2.8809348805225454e-05,6.363481952575967e-05,3.7013862311141565e-05,2.902360756706912e-05,3.0922052246751264e-05,2.3166336177382618e-05,2.93227731162915e-05,2.671285801625345e-05,2.5015831852215342e-05,4.1692655941005796e-05,3.607350299716927e-05,5.5543921916978434e-05,3.531020047375932e-05,1.982931098609697e-05,3.5178840334992856e-05,6.276846397668123e-05,3.530273897922598e-05,2.830429730238393e-05,2.9656202968908474e-05,4.143656406085938e-05
1000,8.676811376062687e-06,9.917046554619446e-06,9.01466773939319e-06,2.1337125872378238e-05,1.32624882098753e-05,8.475873983115889e-06,1.3103345736453775e-05,1.0206453225691803e-05,1.6040197806432843e-05,1.3139708244125359e-05,2.1325306079233997e-05,2.38878474192461e-05,2.0838535419898108e-05,2.3347824026132002e-05,4.389568493934348e-05,2.6486299248063006e-05,2.2081880160840228e-05,2.5037004888872616e-05,2.3677255740039982e-05,3.526302316458896e-05,1.8950662706629373e-05,2.159142604796216e-05,2.5421624741284177e-05,2.322082764294464e-05,2.9469911169144325e-05,4.360665843705647e-05,1.8320803064852953e-05,1.8294524124939926e-05,2.5416678909095936e-05,2.894382123486139e-05,1.5566343790851533e-05,2.3348302420345135e-05,2.3715050701866858e-05,2.9684011678909883e-05,1.884563607745804e-05,2.7242253054282628e-05,2.7875603336724453e-05,4.184436329524033e-05,2.4377401132369414e-05,4.1013281588675454e-05,2.1263029339024797e-05,3.269929584348574e-05,3.0932769732316956e-05,3.3731525036273524e-05,2.5893938072840683e-05,5.286871601128951e-05,3.019931318704039e-05,2.3257640350493602e-05,2.649785892572254e-05,3.4645105188246816e-05
1100,1.0828844096977264e-05,1.3622347069031093e-05,1.3108350685797632e-05,1.1255536264798138e-05,9.934706213243771e-06,5.670354312314885e-06,1.200857059302507e-05,1.0670980373106431e-05,1.5934456314425915e-05,1.4548882063536439e-05,1.1331686437188182e-05,1.8365957657806575e-05,1.640331538510509e-05,2.3662129024160095e-05,2.0264293198124506e-05,1.9930455891881138e-05,1.5774039638927206e-05,1.7945771105587482e-05,2.229333586001303e-05,2.707226485654246e-05,2.0902345568174496e-05,1.8794453353621066e-05,2.0282534023863263e-05,2.2804157197242603e-05,3.678193024825305e-05,3.0260540370363742e-05,2.22646449401509e-05,1.9626251742010936e-05,1.3358478099689819e-05,4.784317934536375e-05,1.9153418179485016e-05,2.5562194423400797e-05,2.7700671125785448e-05,2.3646400222787634e-05,2.5485536752967164e-05,4.0550898120272905e-05,1.5074469047249295e-05,3.5696928534889594e-05,2.3452937966794707e-05,2.480885450495407e-05,2.72947181656491e-05,2.5392640964128077e-05,2.019243584072683e-05,3.4483979106880724e-05,2.5961648134398274e-05,8.07161268312484e-05,3.0081502700340934e-05,2.3196209440357052e-05,2.3977356249815784e-05,3.0664963560411707e-05
1200,6.761494205420604e-06,9.367224265588447e-06,9.358409442938864e-06,9.703599062049761e-06,1.2246103324287105e-05,6.571237008756725e-06,1.4179247045831289e-05,9.521376341581345e-06,2.424530430289451e-05,1.5091716704773717e-05,1.8107903088093735e-05,1.790044734661933e-05,1.652645369176753e-05,2.0100278561585583e-05,1.6767286069807597e-05,2.4369885068153962e-05,3.930630919057876e-05,1.7580518033355474e-05,2.8626831408473663e-05,1.9551354853319936e-05,4.486218676902354e-05,2.510416743461974e-05,2.451196087349672e-05,1.832995258155279e-05,2.837615647877101e-05,2.6949481252813712e-05,1.675211933616083e-05,2.041391417151317e-05,1.6272917491733097e-05,2.3936718207551166e-05,1.897065703815315e-05,2.385548759775702e-05,2.9177010219427757e-05,2.3341732230619527e-05,1.7184878743137233e-05,2.192871761508286e-05,2.7892610887647606e-05,3.5333141568116844e-05,2.864798989321571e-05,2.5514649678370915e-05,2.6232390155200846e-05,3.026187368959654e-05,3.328749880893156e-05,2.2680493202642538e-05,2.7551794119062833e-05,3.4128235711250454e-05,2.348489942960441e-05,2.0260156816220842e-05,2.297046194144059e-05,2.9592198188765906e-05
1300,1.212356255564373e-05,1.7121423297794536e-05,2.2200092644197866e-05,2.2101150534581393e-05,2.0238559955032542e-05,8.823712960293051e-06,3.075378481298685e-05,3.193029260728508e-05,1.6183466868824326e-05,3.3100855944212526e-05,2.8238664526725188e-05,1.2113214324926957e-05,1.3007590496272314e-05,2.3241989765665494e-05,1.0307008778909221e-05,3.5594079236034304e-05,1.6697948012733832e-05,1.4462000763160177e-05,2.3229233192978427e-05,1.2911688827443868e-05,2.6332232664572075e-05,1.5001819519966375e-05,1.7576690879650414e-05,1.4952864148654044e-05,1.572212750033941e-05,1.9953524315496907e-05,1.6601399693172425e-05,1.8915956388809718e-05,1.77678757609101e-05,2.7499178031575866e-05,3.0749728466616943e-05,2.401377059868537e-05,1.742080712574534e-05,2.2482076019514352e-05,1.2563052223413251e-05,1.7657486750977114e-05,1.542924110253807e-05,3.331894185976125e-05,1.7619669961277395e-05,1.8142816770705394e-05,2.723539546423126e-05,5.205902925808914e-05,2.9964161512907594e-05,2.221516115241684e-05,3.191113501088694e-05,2.7918335035792552e-05,2.033854616456665e-05,2.089379086100962e-05,1.9483466530800797e-05,2.8671271138591692e-05
1400,1.0305934665666427e-05,1.0518760973354802e-05,7.421939244522946e-06,9.737613254401367e-06,1.006624097499298e-05,9.833727744990028e-06,1.431426153430948e-05,1.589839484950062e-05,2.1303929315763526e-05,1.9974262613686733e-05,1.7294381905230694e-05,1.5313127732952125e-05,1.90375776583096e-05,2.5327173716505058e-05,2.4576364012318663e-05,3.738039958989248e-05,1.752513344399631e-05,2.6283469196641818e-05,2.9436367185553536e-05,1.3925621715316083e-05,1.9484747099340893e-05,4.5343385863816366e-05,4.1103146941168234e-05,1.4610894140787423e-05,2.4153379854396917e-05,2.484442484274041e-05,2.1528294382733293e-05,1.6796111594885588e-05,2.631233110150788e-05,2.8774846214218996e-05,2.1289410142344423e-05,1.717458690109197e-05,3.4075157600454986e-05,2.913133539550472e-05,1.647670433158055e-05,3.114448918495327e-05,2.1729065338149667e-05,4.602359695127234e-05,2.7890830097021535e-05,2.8702945201075636e-05,1.7455606212024577e-05,3.300943353679031e-05,3.312632907181978e-05,2.0933910491294228e-05,1.9711562345037237e-05,3.136420127702877e-05,2.1254772946122102e-05,2.2205977074918337e-05,1.819865792640485e-05,3.771496267290786e-05
1500,1.1516457561810967e-05,1.98812413145788e-05,2.3225024051498622e-05,1.405640159646282e-05,1.9557188352337107e-05,1.6846994185470976e-05,1.0857941560971085e-05,1.4472315342572983e-05,1.7868978829937987e-05,2.0248991859261878e-05,1.3791287528874818e-05,2.1801472030347213e-05,3.378303881618194e-05,2.1803591153002344e-05,1.88221220014384e-05,3.069110243814066e-05,2.294772093591746e-05,2.8337666662991978e-05,3.128635580651462e-05,3.600074342102744e-05,2.449876228638459e-05,3.428597119636834e-05,3.429770367802121e-05,4.133065522182733e-05,2.3549635443487205e-05,3.079244925174862e-05,1.9618986698333174e-05,1.7608565030968748e-05,6.114386633271351e-05,4.07673760491889e-05,1.5517456631641835e-05,2.5263283532694913e-05,3.7962734495522454e-05,2.3319533283938654e-05,2.059120924968738e-05,2.9819693736499175e-05,2.8724973162752576e-05,3.83481674361974e-05,2.621261046442669e-05,2.7184509235667065e-05,1.669531047809869e-05,3.11449148284737e-05,4.4968517613597214e-05,3.767603629967198e-05,3.1185103580355644e-05,3.336089139338583e-05,1.9593438992160372e-05,2.6142486603930593e-05,4.746286867884919e-05,3.759272658498958e-05
1600,7.924627425381914e-06,5.908053481107345e-06,6.533388386742445e-06,8.941942724050023e-06,1.197762685478665e-05,7.985502634255681e-06,1.1433650797698647e-05,9.479309483140241e-06,1.7242882677237503e-05,1.2562127267301548e-05,1.3437534107652027e-05,3.9582238969160244e-05,2.6381576390122063e-05,1.9562707166187465e-05,1.5834915757295676e-05,2.0250587112968788e-05,1.944639916473534e-05,2.1248444681987166e-05,1.8043172531179152e-05,1.8575308786239475e-05,1.4704848581459373e-05,1.742616223054938e-05,1.64851426234236e-05,1.5530004020547494e-05,2.0018151190015487e-05,2.1094392650411464e-05,1.998906554945279e-05,1.953852734004613e-05,1.8428456314723007e-05,2.2558173441211693e-05,1.6129766663652845e-05,1.851541492214892e-05,2.1764444682048634e-05,2.201913775934372e-05,2.5931140044122003e-05,1.7809135897550732e-05,1.3426948498818092e-05,4.495614120969549e-05,2.6855381292989478e-05,1.8839273252524436e-05,2.2765605535823852e-05,2.708602369239088e-05,2.434833368170075e-05,2.3111957489163615e-05,2.789433165162336e-05,3.5750854294747114e-05,2.3610646167071536e-05,2.6623934900271706e-05,2.0077877707080916e-05,2.8357799237710424e-05
1700,8.223370969062671e-06,1.1521827218530234e-05,6.163551915960852e-06,1.1376500879123341e-05,1.3656876944878604e-05,9.677891284809448e-06,1.9219751266064122e-05,1.636413435335271e-05,1.977718602574896e-05,2.1413607100839727e-05,1.3330345609574579e-05,1.6643507478875108e-05,2.6939505914924666e-05,2.74450758297462e-05,1.7016967831295915e-05,4.367081419331953e-05,2.9245678888401017e-05,2.6809169867192395e-05,2.5864042981993407e-05,2.570612559793517e-05,2.2453499695984647e-05,3.08243470499292e-05,2.3527269149781205e-05,1.4653293874289375e-05,2.129130734829232e-05,2.8654709240072407e-05,1.8591317711980082e-05,1.6822632460389286e-05,2.29256838792935e-05,2.253595994261559e-05,2.8237283913767897e-05,2.544198105169926e-05,3.902512617059983e-05,2.9055470804451033e-05,2.7754031179938465e-05,2.0734531062771566e-05,1.7971397028304636e-05,3.9384496631100774e-05,4.492583320825361e-05,2.1174546418478712e-05,1.990538112295326e-05,3.230221045669168e-05,3.123689748463221e-05,2.47695752477739e-05,3.1683899578638375e-05,2.569379284977913e-05,3.475516859907657e-05,1.932360464707017e-05,2.909174327214714e-05,3.5531931644072756e-05
1800,7.913015906524379e-06,8.657545549795032e-06,1.167331629403634e-05,9.171110832539853e-06,1.1932632332900539e-05,9.849144589679781e-06,1.0360025044064969e-05,1.0973529242619406e-05,1.542425343359355e-05,1.2272625099285506e-05,1.7514177670818754e-05,2.8136204491602257e-05,3.0221455745049752e-05,1.4722803825861774e-05,2.677476186363492e-05,1.844747384893708e-05,3.59241348633077e-05,2.3740394681226462e-05,2.6255029297317378e-05,3.2904805266298354e-05,2.978665361297317e-05,3.113947968813591e-05,2.7405889341025613e-05,2.2491214622277766e-05,3.8730548112653196e-05,3.0958850402384996e-05,1.925179094541818e-05,2.4547940483898856e-05,2.0573706933646463e-05,2.8659382223850116e-05,1.7689955711830407e-05,2.765616045508068e-05,3.629146522143856e-05,3.458567152847536e-05,6.782736454624683e-05,2.361195583944209e-05,2.9259887014632113e-05,4.3617656046990305e-05,2.7395875804359093e-05,2.172067434003111e-05,2.8619640943361446e-05,2.841329842340201e-05,4.2067717004101723e-05,6.0336158639984205e-05,2.9411152354441583e-05,3.530009780661203e-05,2.525421223253943e-05,2.144517384294886e-05,2.8212947654537857e-05,3.0394006898859516e-05
1900,7.422283488267567e-06,7.074978839227697e-06,1.1112470019725151e-05,1.025919209496351e-05,1.0557007954048458e-05,6.378188118105754e-06,1.1531657946761698e-05,7.813699085090775e-06,1.6312154912156984e-05,1.169425104308175e-05,1.5367335436167195e-05,1.4147711226542015e-05,1.87170098797651e-05,1.4243933947000187e-05,1.6883381249499507e-05,1.8162832930102013e-05,2.4284367100335658e-05,1.6615462300251238e-05,2.306101487192791e-05,1.2928335308970418e-05,3.187093898304738e-05,1.889126724563539e-05,1.8926706616184674e-05,1.607348895049654e-05,3.1210456654662266e-05,1.7411381122656167e-05,1.633413921808824e-05,2.4222828869824298e-05,1.7678956282907166e-05,1.8167818780057132e-05,1.5479203284485266e-05,2.643920925038401e-05,2.3073154807207175e-05,3.151466808049008e-05,3.918932270607911e-05,2.1507874407689087e-05,2.7929130737902597e-05,3.406092582736164e-05,2.5833514882833697e-05,1.5583529602736235e-05,4.777353024110198e-05,3.04331406368874e-05,3.0567844078177586e-05,1.8356713553657755e-05,2.3256179702002555e-05,4.286778494133614e-05,2.0250554371159524e-05,1.8073462342726998e-05,1.906534453155473e-05,2.6540388716966845e-05
2000,1.5461853763554245e-05,1.4192894923326094e-05,1.5697440176154487e-05,1.3365023733058479e-05,2.009418858506251e-05,1.2258617061888799e-05,1.2954911653650925e-05,1.7180755094159395e-05,1.893682019726839e-05,1.8751627067103982e-05,1.770160633896012e-05,1.6321313523803838e-05,2.5867144358926453e-05,1.999481173697859e-05,1.7613509044167586e-05,2.310889249201864e-05,2.8680900868494064e-05,2.430936183372978e-05,1.9804649127763696e-05,2.1513717001653276e-05,2.6434026949573308e-05,1.8133132471120916e-05,2.6064193662023172e-05,2.7427386157796718e-05,2.9238915885798633e-05,3.0391462132683955e-05,2.0792658688151278e-05,2.049888644251041e-05,2.108529042743612e-05,2.576349834271241e-05,2.305360794707667e-05,2.3760987460264005e-05,3.552585621946491e-05,2.0645002223318443e-05,3.140651460853405e-05,2.082107494061347e-05,1.8297305359737948e-05,3.492947871563956e-05,1.8701874068938196e-05,2.0392326405271888e-05,2.0172294171061367e-05,4.0512459236197174e-05,3.649875725386664e-05,2.377511191298254e-05,3.196273974026553e-05,3.323006967548281e-05,2.15710297197802e-05,2.0415369363036007e-05,3.7044072087155655e-05,2.9160535632399842e-05
2100,1.1718168934748974e-05,1.0413465133751743e-05,1.3047629181528464e-05,1.1671518223010935e-05,1.2405921552272048e-05,7.077292593749007e-06,1.1601327059906907e-05,1.2135167708038352e-05,1.6997088096104562e-05,1.349586273136083e-05,2.0244064216967672e-05,1.2594301551871467e-05,1.135890943260165e-05,2.0829953427892178e-05,2.250750912935473e-05,2.1702722733607516e-05,1.5372546840808354e-05,1.5112703295017127e-05,2.585351830930449e-05,1.831006011343561e-05,1.6816122297313996e-05,1.7618591300561093e-05,1.7957141608349048e-05,1.788695044524502e-05,1.9163477190886624e-05,3.247681524953805e-05,2.087118809868116e-05,1.5632531358278356e-05,1.7269914678763598e-05,2.2488686227006838e-05,1.5450512364623137e-05,1.608183629286941e-05,1.6728678019717336e-05,2.9968005037517287e-05,1.8924019968835637e-05,1.7245314666070044e-05,1.6619866073597223e-05,4.916606849292293e-05,2.4620572730782442e-05,1.4361298781295773e-05,2.1190810002735816e-05,4.3419826397439465e-05,3.469991861493327e-05,1.8618722606333904e-05,2.205371310992632e-05,2.7595255232881755e-05,3.4887354559032246e-05,2.2540096324519254e-05,2.126540130120702e-05,4.006495146313682e-05
2200,9.208555638906546e-06,1.019090268528089e-05,1.2005073585896753e-05,1.3521805158234201e-05,1.0122974344994873e-05,1.2045094081258867e-05,1.1205636837985367e-05,8.44440728542395e-06,2.1273186575854197e-05,1.4988390830694698e-05,1.6814876289572567e-05,2.3456723283743486e-05,3.0499486456392333e-05,2.323150147276465e-05,1.318146587436786e-05,2.4403030693065375e-05,4.823237759410404e-05,2.1533498511416838e-05,3.0761311791138723e-05,2.08520232263254e-05,2.2991338482825086e-05,2.64874761342071e-05,2.831591700669378e-05,2.399040931777563e-05,3.2979995012283325e-05,2.8313379516475834e-05,1.830898690968752e-05,1.6042773495428264e-05,2.3103510102373548e-05,2.5364694010932e-05,1.7865653717308305e-05,3.177592589054257e-05,2.820399822667241e-05,3.225641921744682e-05,4.1279196011601016e-05,2.773592495941557e-05,2.3830221834941767e-05,3.767950693145394e-05,2.005161513807252e-05,1.9577835701056756e-05,2.8193782782182097e-05,3.6064593587070704e-05,4.2298404878238216e-05,2.760472307272721e-05,4.285693648853339e-05,3.9547314372612163e-05,2.270720506203361e-05,1.772493305907119e-05,2.3616466933162883e-05,3.74055998690892e-05
2300,9.787663657334633e-06,8.801867807051167e-06,9.841645805863664e-06,1.1013761650247034e-05,1.1165156138304155e-05,8.20518471300602e-06,1.5301822713809088e-05,1.1011694368789904e-05,1.5541771062999032e-05,1.991207682294771e-05,1.0855911568796728e-05,2.0702300389530137e-05,1.9385972336749546e-05,2.6417208573548123e-05,1.9502573195495643e-05,2.666753061930649e-05,2.9301851100171916e-05,1.8756485587800853e-05,2.9921142413513735e-05,2.492847852408886e-05,3.457721686572768e-05,2.1399715478764847e-05,2.0591411157511175e-05,2.1854597434867173e-05,2.932773350039497e-05,2.1330368326744065e-05,2.6604639060678892e-05,1.8059265130432323e-05,2.1755551642854698e-05,2.1940468286629766e-05,2.025619505729992e-05,1.75696040969342e-05,3.451513111940585e-05,2.8422457035048865e-05,2.2157160856295377e-05,2.671318725333549e-05,2.9094786441419274e-05,5.219733066041954e-05,2.9752049158560112e-05,1.971677011169959e-05,2.3638576749362983e-05,3.3382959372829646e-05,2.615088305901736e-05,2.9691473173443228e-05,5.2177256293362007e-05,4.355681812739931e-05,2.7156253054272383e-05,1.997024992306251e-05,1.562386933073867e-05,3.3440537663409486e-05
2400,9.170802513835952e-06,9.800687621464022e-06,8.455987881461624e-06,1.2687864909821656e-05,1.0088121598528232e-05,8.057639206526801e-06,1.5068960237840656e-05,1.3386302271101158e-05,2.4407136152149178e-05,1.7309594113612548e-05,1.7448863218305632e-05,3.422814916120842e-05,2.7113177566207014e-05,2.5455188733758405e-05,1.585666905157268e-05,2.777850386337377e-05,2.397312164248433e-05,2.0901883544865996e-05,2.498135290807113e-05,2.6112064006156288e-05,2.5157843992928974e-05,3.067723082494922e-05,2.2039983377908356e-05,2.5551276849000715e-05,1.9417393559706397e-05,3.521433245623484e-05,2.1375779397203587e-05,2.5469742467976175e-05,1.8766537323244847e-05,3.399332126718946e-05,1.3506751201930456e-05,2.5483126592007466e-05,3.091158941970207e-05,2.9116839868947864e-05,2.267408672196325e-05,2.4482287699356675e-05,4.000063563580625e-05,4.5778600906487554e-05,3.4199587389593944e-05,2.82491873804247e-05,3.7425244954647496e-05,4.374007403384894e-05,3.612109139794484e-05,2.5151888621621765e-05,2.9482278478099033e-05,4.2825122363865376e-05,2.7247067919233814e-05,3.985437797382474e-05,3.7934023566776887e-05,4.717918636742979e-05
2500,1.2590333426487632e-05,1.3327990927791689e-05,8.95029825187521e-06,1.1255775461904705e-05,1.7705277059576474e-05,1.2169596629973967e-05,1.5583631466142833e-05,1.7770267731975764e-05,2.4969947844510898e-05,1.6966207113000564e-05,1.422060449840501e-05,2.7248082915320992e-05,2.5641917090979405e-05,3.754767749342136e-05,1.7051414033630863e-05,3.645513788796961e-05,2.8861701139248908e-05,1.883996264950838e-05,2.4750672309892252e-05,3.498870137264021e-05,3.749943061848171e-05,2.535198836994823e-05,3.383810326340608e-05,2.515317828510888e-05,3.132681013084948e-05,3.525122156133875e-05,1.7431075320928358e-05,3.2814790756674483e-05,3.435840335441753e-05,2.404678707534913e-05,3.0353625334100798e-05,2.996578041347675e-05,2.917100937338546e-05,2.9647260817000642e-05,2.2429907403420657e-05,3.31393675878644e-05,2.6293088012607768e-05,6.096361903473735e-05,2.3171807697508484e-05,1.783687730494421e-05,3.1665422284277156e-05,4.391492620925419e-05,3.766654117498547e-05,2.4962786483229138e-05,3.500581078696996e-05,4.110371810384095e-05,2.77551771432627e-05,2.405213308520615e-05,3.5059441870544106e-05,3.794542863033712e-05
2600,1.604825956746936e-05,1.2908898497698829e-05,1.89144593605306e-05,2.1880268832319416e-05,1.6533109373995103e-05,1.0649873729562387e-05,1.3245448826637585e-05,1.5048212844703812e-05,2.961383870569989e-05,3.474418190307915e-05,4.489190541789867e-05,2.1950980226392858e-05,4.762927346746437e-05,3.206332985428162e-05,3.448846109677106e-05,2.9522158001782373e-05,3.772921263589524e-05,2.909116847149562e-05,2.8562566512846388e-05,2.5936307793017477e-05,2.5101800929405726e-05,2.4442535504931584e-05,3.187574111507274e-05,3.115227082162164e-05,3.0090321160969324e-05,4.4533928303280845e-05,1.5456860637641512e-05,1.7390269931638613e-05,3.68185319530312e-05,4.311660450184718e-05,5.012485053157434e-05,5.56411687284708e-05,2.3776668967911974e-05,3.643418676801957e-05,3.0322700695251115e-05,2.3239546862896532e-05,2.968862281704787e-05,3.233955067116767e-05,3.297737202956341e-05,2.245026007585693e-05,3.0015266020200215e-05,4.5193239202490076e-05,5.2607807447202504e-05,2.774700988084078e-05,4.169262319919653e-05,7.43619748391211e-05,1.9091567082796246e-05,2.301974564034026e-05,3.0710947612533346e-05,4.094848191016354e-05
2700,1.2164156032667961e-05,1.3069419765088242e-05,1.2573024832818191e-05,9.544815839035437e-06,1.4448694855673239e-05,1.2746467291435692e-05,1.4613845451094676e-05,1.3842975931765977e-05,2.0871177184744738e-05,1.4655428458354436e-05,2.1461735741468146e-05,2.8168671633466147e-05,4.9239104555454105e-05,2.5329480195068754e-05,2.3895216145319864e-05,3.058202855754644e-05,3.1902043701848015e-05,3.903651668224484e-05,3.53178329532966e-05,3.0462495487881824e-05,2.990577559103258e-05,2.7956544727203436e-05,3.1316285458160564e-05,2.3795204469934106e-05,3.208381531294435e-05,3.762708365684375e-05,2.72645029326668e-05,2.043307358690072e-05,3.702185858855955e-05,4.085188265889883e-05,2.59547869063681e-05,6.132828275440261e-05,6.390567432390526e-05,5.879734453628771e-05,2.9523662306019105e-05,3.4553038858575746e-05,3.8650618080282584e-05,4.068128328071907e-05,3.735138307092711e-05,7.108483259798959e-05,6.0330410633469e-05,5.3002040658611804e-05,7.312927482416853e-05,4.2555391701171175e-05,3.499794547678903e-05,4.603753404808231e-05,3.42505554726813e-05,3.1725565349915996e-05,3.2018702768255025e-05,6.255288462853059e-05
2800,1.3267932445160113e-05,1.0736308468040079e-05,8.225957571994513e-06,8.907538358471356e-06,9.971804502129089e-06,9.912349923979491e-06,1.0609220225887839e-05,1.3699122064281255e-05,2.0696985302492976e-05,1.2475465155148413e-05,1.1241658285143785e-05,1.6367064745281823e-05,3.3785701816668734e-05,2.067291279672645e-05,1.681963294686284e-05,1.746218913467601e-05,2.9332444682950154e-05,1.672479629633017e-05,3.102737173321657e-05,2.2114754756330512e-05,1.7815569663071074e-05,4.1550629248376936e-05,2.5617797291488387e-05,1.8650052879820578e-05,2.1050449504400603e-05,3.1359453714685515e-05,3.195570025127381e-05,1.5080765479069669e-05,2.2319316485663876e-05,2.909852992161177e-05,1.8819302567862906e-05,2.0984001821489073e-05,3.213618401787244e-05,2.4459188352921046e-05,3.263547841925174e-05,2.3265172785613686e-05,2.4852382921380922e-05,3.587102401070297e-05,2.5705312509671785e-05,2.96828911814373e-05,3.570536136976443e-05,2.5283874492743053e-05,3.055826891795732e-05,2.6727220756583847e-05,4.070283830515109e-05,3.8064794352976605e-05,1.953688115463592e-05,2.7893938749912195e-05,2.4631926862639375e-05,3.203764572390355e-05
2900,1.2932608115079347e-05,1.2973150660400279e-05,8.01327041699551e-06,9.842553481576033e-06,9.44945804803865e-06,7.372228083113441e-06,1.013125256577041e-05,1.0069942618429195e-05,1.6981724911602214e-05,1.4639120308856945e-05,1.0041172572528012e-05,1.6602178220637143e-05,1.8608518075780012e-05,2.1427769752335735e-05,1.4872311112412717e-05,2.3662450985284522e-05,1.8729197108768858e-05,1.6992240489344113e-05,2.3845193936722353e-05,2.0664190742536448e-05,2.9628599804709665e-05,1.7570915588294156e-05,1.9041626728721894e-05,2.027343725785613e-05,4.560721936286427e-05,1.9407701984164305e-05,1.7911699615069665e-05,1.5516934581683017e-05,1.9363960745977238e-05,1.6506584870512597e-05,2.0595241949195042e-05,2.2300888304016553e-05,3.632222069427371e-05,2.3374106604023837e-05,2.6217509002890438e-05,2.169703111576382e-05,2.800953370751813e-05,4.881718632532284e-05,3.0392860935535282e-05,2.761637188086752e-05,2.1390471374616027e-05,4.9100843170890585e-05,4.8842302931007e-05,2.960843630717136e-05,2.8541029678308405e-05,2.8752796424669214e-05,4.0125505620380864e-05,1.620171133254189e-05,2.9382179491221905e-05,5.673174382536672e-05
3000,6.5838685259222984e-06,1.5264184185070917e-05,8.74035686138086e-06,8.970137059804983e-06,1.1559601261978969e-05,9.732385478855576e-06,9.191780918627046e-06,9.138957466348074e-06,1.806445470720064e-05,1.2114725905121304e-05,1.4671797543996945e-05,1.7372958609485067e-05,1.5070527297211811e-05,2.332818621653132e-05,1.9443568817223422e-05,1.9130849977955222e-05,2.1284446120262146e-05,1.7461710740462877e-05,2.533689621486701e-05,1.975854866032023e-05,2.8741284040734172e-05,1.7747353922459297e-05,2.100041092489846e-05,1.633179999771528e-05,2.0042118194396608e-05,2.643042171257548e-05,1.650295962463133e-05,2.6041521778097376e-05,2.2752163204131648e-05,2.000617860176135e-05,1.1696192814270034e-05,1.8024054952547885e-05,1.812668051570654e-05,3.274077971582301e-05,2.068795402010437e-05,2.514252446417231e-05,2.0421197405084968e-05,4.256550528225489e-05,3.239811121602543e-05,2.0713527192128822e-05,1.89520105777774e-05,2.77849831036292e-05,4.222679854137823e-05,1.837958006944973e-05,2.4320681404788047e-05,4.082258965354413e-05,3.501272658468224e-05,2.2010670363670215e-05,2.9309474484762177e-05,5.1363935199333355e-05
3100,1.1737566637748387e-05,1.0206573278992437e-05,1.018065904645482e-05,1.704767237242777e-05,1.933086423377972e-05,1.0340909284423105e-05,1.0453363756823819e-05,1.404046815878246e-05,2.4408669560216367e-05,1.695125138212461e-05,1.4119489605946e-05,1.529385190224275e-05,2.0482437321334146e-05,1.69182094396092e-05,2.2525224267155863e-05,2.4165916329366155e-05,3.1895990105113015e-05,2.05925534828566e-05,3.0323639293783344e-05,2.1961650418234058e-05,2.4493301680195145e-05,3.382324575795792e-05,3.3577198337297887e-05,3.0260654966696166e-05,3.184340675943531e-05,2.8572074370458722e-05,2.5426114007132128e-05,1.768028778315056e-05,3.263859252911061e-05,2.2611955500906333e-05,1.754859295033384e-05,3.349673716002144e-05,4.565546987578273e-05,3.533117342158221e-05,2.76489372481592e-05,2.324310662515927e-05,4.445347803994082e-05,4.235711821820587e-05,1.82441872311756e-05,2.3570662960992195e-05,4.4135966163594276e-05,4.25038997491356e-05,3.346630182932131e-05,2.621510975586716e-05,2.9843286029063165e-05,3.887041020789184e-05,2.241598122054711e-05,3.906648271367885e-05,2.375582880631555e-05,3.44281033903826e-05
3200,8.615676961198915e-06,7.141590231185546e-06,6.885256880195811e-06,1.1104819350293837e-05,1.1870521120727062e-05,8.928695024223998e-06,1.1061593795602676e-05,9.108523045142647e-06,2.746094651229214e-05,1.692867954261601e-05,9.262809726351406e-06,1.381589663651539e-05,1.3105902326060459e-05,1.7948552340385504e-05,1.374550902255578e-05,2.782812953228131e-05,1.4467555956798606e-05,2.1069379727123305e-05,2.7289137506159022e-05,1.9151733795297332e-05,1.8587377780932002e-05,1.8379079847363755e-05,2.0794617739738896e-05,3.0083974706940353e-05,1.7306232621194795e-05,2.221261092927307e-05,2.0943680283380672e-05,2.527766628190875e-05,2.1197585738264024e-05,1.2781982150045224e-05,2.2069078113418072e-05,1.847536987042986e-05,3.0083168894634582e-05,2.4510918592568487e-05,2.4616851078462787e-05,1.969888762687333e-05,1.210799837281229e-05,4.473975786822848e-05,1.895366222015582e-05,2.1541720343520865e-05,1.4516130249830894e-05,4.370032183942385e-05,3.298023511888459e-05,2.281202978338115e-05,2.030624818871729e-05,4.225695374771021e-05,4.1240895370719954e-05,1.80931619979674e-05,2.6227260605082847e-05,4.232464561937377e-05
3300,7.5990683399140835e-06,5.986053565720795e-06,1.1776759492931888e-05,8.026590876397677e-06,1.2626043826458044e-05,7.141823516576551e-06,9.59264889388578e-06,1.1651389286271296e-05,1.7627342458581552e-05,1.173262808151776e-05,1.3064823178865481e-05,1.5106972568901256e-05,2.1098967408761382e-05,1.6925881936913356e-05,1.667256947257556e-05,1.7452413885621354e-05,2.1031037249485962e-05,1.5956595234456472e-05,2.8536960599012673e-05,2.1935638869763352e-05,2.1777548681711778e-05,2.069091351586394e-05,2.2403668481274508e-05,2.6112273189937696e-05,2.3465509002562612e-05,2.0451294403756037e-05,2.144706013496034e-05,2.8991558792768046e-05,1.9113076632493176e-05,1.8288383216713555e-05,1.3790843695460353e-05,2.4335997295565903e-05,1.6493995644850656e-05,3.60680787707679e-05,2.5923722205334343e-05,2.113615846610628e-05,2.8474054488469847e-05,4.34447247243952e-05,3.0641473131254315e-05,2.5371355150127783e-05,2.383460923738312e-05,3.16818077408243e-05,5.1668077503563836e-05,2.5834264306467958e-05,3.266004205215722e-05,3.275561903137714e-05,2.168144601455424e-05,2.0063529518665746e-05,4.140265082241967e-05,4.096193879377097e-05
3400,7.601646302646259e-06,7.405482392641716e-06,1.4945688235457055e-05,1.2418104233802296e-05,9.446991498407442e-06,1.391905334457988e-05,1.0882810784096364e-05,1.0309544450137764e-05,1.41810996865388e-05,1.668666664045304e-05,1.1633483154582791e-05,2.1560603272519074e-05,1.6129710274981335e-05,2.2613839973928407e-05,1.9899947801604867e-05,1.83087722689379e-05,1.65445981110679e-05,2.166320336982608e-05,2.582171327958349e-05,2.832950121955946e-05,2.0929071979480796e-05,2.253766251669731e-05,2.3034523110254668e-05,1.904282544273883e-05,2.3724214770481922e-05,2.928980211436283e-05,1.9008733943337575e-05,1.4938839740352705e-05,1.5286894267774187e-05,2.835262057487853e-05,1.4484981875284575e-05,2.9425056709442288e-05,2.3251974198501557e-05,2.6026069463114254e-05,2.3687487555434927e-05,1.9792383682215586e-05,1.7891179595608264e-05,3.5327509976923466e-05,2.2112046281108633e-05,1.831597364798654e-05,2.1519410438486375e-05,2.8585014661075547e-05,2.9371087293839082e-05,2.4933928216341883e-05,2.2231139155337587e-05,3.25787732435856e-05,2.0436358681763522e-05,3.0444438380072825e-05,2.7046868126490153e-05,2.9323786293389276e-05
3500,7.678360816498753e-06,8.712161616131198e-06,1.2308553777984343e-05,1.2531649190350436e-05,1.0734737770690117e-05,1.1875995369337033e-05,9.742966540216003e-06,9.065409358299803e-06,1.7677222786005586e-05,1.570706990605686e-05,1.1632792848104145e-05,4.0271759644383565e-05,1.9094184608547948e-05,1.8263226593262516e-05,1.8677561456570402e-05,2.5491897758911364e-05,3.6704463127534837e-05,2.092983413604088e-05,3.497032594168559e-05,2.4979848603834398e-05,2.945411324617453e-05,2.68724234047113e-05,2.363415296713356e-05,2.4982355171232484e-05,2.2491240088129416e-05,3.493499389151111e-05,2.026199217652902e-05,2.3932065232656896e-05,3.223242674721405e-05,2.3061762476572767e-05,1.7814154489315115e-05,2.3984246581676416e-05,3.777480378630571e-05,6.458512507379055e-05,2.5892481062328443e-05,2.557765219535213e-05,3.1916704756440595e-05,5.2976432925788686e-05,2.5389150323462673e-05,1.7179707356262952e-05,1.8160842955694534e-05,3.3462467399658635e-05,4.392831397126429e-05,2.012375625781715e-05,2.5052788259927183e-05,4.455668749869801e-05,2.5370667572133243e-05,2.6905088816420175e-05,2.9197048206697218e-05,4.362444087746553e-05
3600,1.8318774891668e-05,1.0497272342036013e-05,1.1604627616179641e-05,1.2871796570834704e-05,1.830765904742293e-05,1.3112353371980134e-05,1.8335629647481255e-05,1.3488595868693665e-05,1.761858402460348e-05,1.6010946637834422e-05,1.6410627722507343e-05,2.91319411189761e-05,2.8983145966776647e-05,2.1979589291731827e-05,3.110207035206258e-05,2.6276649805367924e-05,3.2746665965532884e-05,1.6682830391800962e-05,3.4652362955966964e-05,2.094877891067881e-05,1.8074599211104214e-05,1.975501982087735e-05,3.391157588339411e-05,2.3125618099584244e-05,1.9962786609539762e-05,5.009187589166686e-05,3.0328044886118732e-05,1.636791421333328e-05,2.4314098482136615e-05,1.9301169231766835e-05,2.8176180421723984e-05,2.9185392122599296e-05,2.753230364760384e-05,2.5653422198956832e-05,1.6965102986432612e-05,1.9945495296269655e-05,2.438587944197934e-05,5.9090525610372424e-05,2.1264399038045667e-05,2.504630720068235e-05,3.748433300643228e-05,4.015420563519001e-05,4.3416497646830976e-05,2.4648104954394512e-05,4.0547856769990176e-05,3.6916619137628004e-05,2.383127502980642e-05,2.482564013916999e-05,2.164806028304156e-05,3.622834265115671e-05
3700,1.284116387978429e-05,1.0905061571975239e-05,1.0672406460798811e-05,7.452758381987223e-06,1.2164818144810852e-05,7.933555025374517e-06,9.129189493251033e-06,1.31303413581918e-05,1.4099250620347448e-05,1.4967806237109471e-05,1.4866475794406142e-05,2.426368519081734e-05,2.2581474695471115e-05,1.5066856576595455e-05,1.666896787355654e-05,1.7328144167549908e-05,2.5600538720027544e-05,1.7277445294894278e-05,2.561157089076005e-05,1.8030652427114546e-05,2.0853365640505217e-05,2.4147453586920165e-05,2.861106622731313e-05,2.711283741518855e-05,2.2321548385662027e-05,1.7236194253200665e-05,1.8700458895182237e-05,1.7769820260582492e-05,2.147757368220482e-05,2.8554602977237664e-05,2.0682513422798365e-05,2.3015296392259188e-05,3.165268572047353e-05,1.9688937754835933e-05,2.9546781661338173e-05,1.996176979446318e-05,2.4727698473725468e-05,4.922775042359717e-05,2.044948450929951e-05,2.9010405341978185e-05,1.6795644114608876e-05,2.119603959727101e-05,2.451976979500614e-05,3.168928742525168e-05,3.001068216690328e-05,3.383097282494418e-05,1.4263674529502168e-05,1.917846384458244e-05,2.4327964638359845e-05,2.184064760513138e-05
3800,1.1403113603591919e-05,9.565296750224661e-06,8.442810212727636e-06,1.1656091373879462e-05,1.7455691704526544e-05,8.998353223432787e-06,1.36002918225131e-05,1.07058986031916e-05,2.0951376427547075e-05,1.8406874005449936e-05,1.8955808627652004e-05,1.7700263924780302e-05,2.2716785679222085e-05,3.0072495064814575e-05,2.2246780645218678e-05,2.639878584886901e-05,3.0109731596894562e-05,1.9600509403971955e-05,3.704771006596275e-05,2.637835859786719e-05,2.0033012333442457e-05,3.808426845353097e-05,2.3957820303621702e-05,3.138517422485165e-05,1.956086271093227e-05,3.0391282052733004e-05,1.770327980921138e-05,2.301732456544414e-05,2.030264113273006e-05,2.9326582080102526e-05,1.5040799553389661e-05,2.1625952285830863e-05,3.737864608410746e-05,3.490608651190996e-05,3.510279202600941e-05,1.9907614841940813e-05,3.2346488296752796e-05,3.4751385101117194e-05,3.380925772944465e-05,2.509781734261196e-05,3.0372415494639426e-05,3.2637151889503e-05,4.536085180006921e-05,3.085269054281525e-05,3.239964644308202e-05,7.051056309137493e-05,3.0277567930170335e-05,2.4536997443647124e-05,2.5322959118057042e-05,4.658126999856904e-05
3900,7.1588156060897745e-06,1.281833101529628e-05,1.2022845112369396e-05,1.2250991858309135e-05,1.592488115420565e-05,9.436375876248349e-06,1.3713412954530213e-05,1.5046654880279675e-05,2.1178460883675143e-05,2.8597951313713565e-05,1.7716605725581758e-05,1.6166650311788544e-05,1.614667780813761e-05,2.997938463522587e-05,1.8719929357757792e-05,2.12275826925179e-05,1.7631498849368654e-05,1.731550946715288e-05,3.0860293918522075e-05,1.3670070984517224e-05,5.310231790645048e-05,2.2630583771388046e-05,2.2153861209517345e-05,2.041019070020411e-05,1.868149956862908e-05,1.7453112377552316e-05,1.7670598026597872e-05,1.4302074305305723e-05,2.267842683068011e-05,3.053901673411019e-05,2.0799288904527202e-05,1.841787525336258e-05,3.1837746064411476e-05,2.030954055953771e-05,2.273001882713288e-05,1.651401362323668e-05,1.7615309843677096e-05,4.083907333551906e-05,1.820001307351049e-05,1.849913314799778e-05,2.4512584786862135e-05,2.2360463844961487e-05,2.294590558449272e-05,2.3305949071072973e-05,3.371500861248933e-05,3.5942553950008005e-05,2.4049848434515297e-05,3.096510044997558e-05,3.781831401283853e-05,3.089956226176582e-05
4000,1.6734540622564964e-05,1.4085620023251977e-05,1.732889359118417e-05,1.5554238416370936e-05,1.422881268808851e-05,1.270838674827246e-05,1.081729442375945e-05,8.644625268061645e-06,1.1898702723556198e-05,1.4126456335361581e-05,2.68192779913079e-05,2.383265564276371e-05,2.6795112717081793e-05,1.9844019334414043e-05,2.8104699595132843e-05,2.6720770620158873e-05,3.935177664970979e-05,2.483023672539275e-05,2.0391318685142323e-05,2.0313862478360534e-05,1.8517219359637238e-05,1.8758912119665183e-05,2.6173051082878374e-05,2.226086871814914e-05,2.585594484116882e-05,5.251159018371254e-05,2.3236574634211138e-05,2.8149419449619018e-05,2.2606231141253375e-05,3.0864397558616474e-05,1.7351869246340357e-05,2.18459936149884e-05,2.9221742806839757e-05,3.6811205063713714e-05,3.196100442437455e-05,3.28736896335613e-05,4.2505042074481025e-05,5.1553019147831947e-05,3.3116230042651296e-05,1.9110291759716347e-05,2.877436600101646e-05,3.257157004554756e-05,3.720494351000525e-05,3.36125485773664e-05,2.7574551495490596e-05,3.081929753534496e-05,3.120312248938717e-05,3.138479951303452e-05,2.8952223146916367e-05,4.3238935177214444e-05
4100,9.441418114874978e-06,1.0449243745824788e-05,1.1489478310977574e-05,9.598303222446702e-06,1.6159392544068396e-05,9.128801139013376e-06,1.7652122551226057e-05,1.5676636394346133e-05,1.7921978724189103e-05,1.3405452591541689e-05,1.2632703146664426e-05,1.6150692317751236e-05,1.8043070667772554e-05,2.0769142793142237e-05,1.9270819393568672e-05,2.4254279196611606e-05,2.81799839285668e-05,2.445039717713371e-05,3.149149415548891e-05,2.1915904653724283e-05,1.9544115275493823e-05,3.177428152412176e-05,2.3855815015849657e-05,1.9637111108750105e-05,2.4831186237861402e-05,3.0358680305653252e-05,2.2746411559637636e-05,1.533024260425009e-05,2.9382870707195252e-05,1.897769652714487e-05,2.1215013475739397e-05,5.422745016403496e-05,1.8627868485054933e-05,4.177143273409456e-05,2.7577059881878085e-05,2.2855030692880973e-05,2.6253122996422462e-05,4.490969149628654e-05,2.1072097297292203e-05,1.791553950170055e-05,1.7922840925166383e-05,3.0374563721125014e-05,2.8522577849798836e-05,4.242545037413947e-05,2.1045141693321057e-05,2.9271630410221405e-05,2.3345075533143245e-05,2.4611146727693267e-05,2.7538910217117518e-05,3.266887870267965e-05
4200,7.156892024795525e-06,1.713030542305205e-05,1.3455163752951194e-05,1.131144836108433e-05,9.5679843070684e-06,1.3202644367993344e-05,1.2586846423801035e-05,9.694982509245165e-06,1.2156889170000795e-05,1.620342482056003e-05,1.4387579540198203e-05,2.2530590285896324e-05,1.600081850483548e-05,2.4776933059911244e-05,1.865218837338034e-05,2.9875174732296728e-05,1.4520469449053053e-05,1.6010264516808093e-05,2.4212784410337918e-05,1.5816094673937187e-05,1.740254992910195e-05,2.2589090804103762e-05,2.3161435819929466e-05,2.4068267521215603e-05,2.0121024135733023e-05,2.6911870008916594e-05,1.5787580196047202e-05,1.929905374709051e-05,2.4556082280469127e-05,2.5588167773094028e-05,1.676423562457785e-05,1.6952444639173336e-05,2.3990427507669665e-05,4.065764369443059e-05,1.8775674107018858e-05,2.7770847736974247e-05,1.4564248886017594e-05,5.8588811953086406e-05,1.7475957065471448e-05,1.6278780094580725e-05,2.1735862901550718e-05,5.4306852689478546e-05,4.59160037280526e-05,2.5052562705241144e-05,1.7163058146252297e-05,4.7480840294156224e-05,3.8808331737527624e-05,2.711896195251029e-05,2.5714967705425806e-05,5.0582610128913075e-05
4300,1.1074782378273085e-05,1.0404408385511488e-05,1.1220785381738096e-05,8.1966591096716e-06,7.816470315447077e-06,7.806639587215614e-06,1.5677267583669163e-05,1.128853818954667e-05,2.7696698452928104e-05,1.9722863726201467e-05,1.363048613711726e-05,1.7162006770377047e-05,1.80215483851498e-05,2.155412767024245e-05,1.6700985725037754e-05,1.8414357327856123e-05,1.711534605419729e-05,2.0434343241504394e-05,2.844718073902186e-05,2.1233936422504485e-05,1.947414239111822e-05,1.951577542058658e-05,3.597392060328275e-05,2.359316022193525e-05,2.058231802948285e-05,2.4776929421932437e-05,2.042054256889969e-05,2.5755196475074627e-05,2.696690171433147e-05,1.955293191713281e-05,1.5130503015825525e-05,2.524044430174399e-05,2.7156524083693512e-05,2.2226689907256514e-05,2.14902847801568e-05,2.4497183403582312e-05,1.738231730996631e-05,4.258506669430062e-05,2.622928332129959e-05,2.4202476197388023e-05,2.375146868871525e-05,4.222072311677039e-05,2.8143320378148928e-05,2.0880856027361006e-05,2.9027554774074815e-05,3.148303221678361e-05,2.0962806956958957e-05,4.309348514652811e-05,2.560944813012611e-05,3.0684517696499825e-05
4400,1.679495289863553e-05,1.1057463780161925e-05,8.876606443664059e-06,1.5612236893502995e-05,1.0052326615550555e-05,1.4733532225363888e-05,1.560318014526274e-05,9.81128050625557e-06,1.802119550120551e-05,1.349210742773721e-05,1.1835004443128128e-05,2.0380321075208485e-05,3.136026134598069e-05,1.7297667000093497e-05,1.9723207515198737e-05,2.3393584342557006e-05,1.7561695131007582e-05,2.3059103114064783e-05,2.3362421416095458e-05,2.1702548110624775e-05,2.4027189283515327e-05,1.8836652088793926e-05,3.878953430103138e-05,2.737073737080209e-05,2.3879405489424244e-05,2.3680089725530706e-05,1.4573563930753153e-05,1.9799963411060162e-05,2.7031837817048654e-05,2.4498205675627105e-05,2.0736037185997702e-05,2.593069802969694e-05,2.749736449914053e-05,2.8313586881267838e-05,2.760316783678718e-05,2.0851502995355986e-05,2.5836890927166678e-05,3.646897675935179e-05,2.5823237592703663e-05,2.7626414521364495e-05,5.119336856296286e-05,3.167055911035277e-05,2.81450502370717e-05,2.5186714992742054e-05,1.9628370864666067e-05,3.021903285116423e-05,1.620827788428869e-05,3.011153603438288e-05,4.260699643054977e-05,2.988900087075308e-05
4500,1.87824662134517e-05,1.2011344551865477e-05,2.3168273401097395e-05,1.2975492609257344e-05,1.3932247384218499e-05,1.495939795859158e-05,1.6606738427071832e-05,1.3880876394978259e-05,1.6746482287999243e-05,1.675404200796038e-05,1.7288113667746074e-05,2.587321250757668e-05,2.484344076947309e-05,3.110780016868375e-05,2.134509850293398e-05,4.3690284655895084e-05,2.51287201535888e-05,3.206236215191893e-05,3.485026172711514e-05,3.601906792027876e-05,3.927693251171149e-05,2.6432060622028075e-05,4.715760223916732e-05,3.570759508875199e-05,3.669374927994795e-05,3.535450741765089e-05,1.832348425523378e-05,2.2615471607423387e-05,4.4924057874595746e-05,3.717348226928152e-05,1.9001599866896868e-05,4.041150532430038e-05,3.477951395325363e-05,4.319914660300128e-05,3.379994086571969e-05,3.4730754123302177e-05,3.6075623938813806e-05,4.074582102475688e-05,3.351503983139992e-05,3.286567152827047e-05,7.218922110041603e-05,4.4433705625124276e-05,4.965792322764173e-05,4.9335900257574394e-05,3.534752977429889e-05,6.31092771072872e-05,2.9742179322056472e-05,2.5184170226566494e-05,4.739596261060797e-05,5.7436256611254066e-05
4600,1.0118949830939528e-05,7.91319052950712e-06,1.4621135960624088e-05,1.11169065348804e-05,1.2571353181556333e-05,1.1944192920054775e-05,1.0461485544510651e-05,1.0836735782504547e-05,2.2921647541807033e-05,1.2835027519031428e-05,1.2853825865022372e-05,1.5091316527104937e-05,1.544919541629497e-05,1.3215143553679809e-05,2.7155603675055318e-05,3.0470202545984648e-05,1.9715189409907907e-05,1.7873497199616395e-05,3.400860441615805e-05,1.859147050708998e-05,3.390878555364907e-05,2.4236185709014535e-05,2.068861977022607e-05,1.9290195268695243e-05,5.4043051932239905e-05,3.6412006011232734e-05,1.965003139048349e-05,1.8981745597557165e-05,1.9093968148808926e-05,2.0645571567001753e-05,2.0343575670267455e-05,2.024535024247598e-05,1.9758817870751955e-05,3.028966602869332e-05,2.2211643226910383e-05,3.83642254746519e-05,2.507614226487931e-05,5.0265742174815387e-05,2.0981038687750697e-05,2.4724911781959236e-05,1.7988642866839655e-05,4.428161264513619e-05,7.309590000659227e-05,1.586263533681631e-05,2.1655450836988166e-05,3.7379162677098066e-05,4.7427336539840326e-05,2.726101956795901e-05,1.759583392413333e-05,6.17770929238759e-05
4700,1.2041642548865639e-05,1.3471135389409028e-05,1.607627928024158e-05,1.3541065527533647e-05,1.3774283615930472e-05,9.466502888244577e-06,1.634651744097937e-05,1.1536986676219385e-05,2.624030275910627e-05,1.4728520909557119e-05,1.464079468860291e-05,1.590011379448697e-05,3.0255649107857607e-05,2.204535121563822e-05,2.1918434867984615e-05,2.6443945898790844e-05,3.62751234206371e-05,2.8063701392966323e-05,2.607164060464129e-05,2.4763494366197847e-05,2.5915469450410455e-05,4.1034068999579176e-05,2.887633309001103e-05,3.556527371983975e-05,3.209835267625749e-05,3.0474424420390278e-05,1.645683732931502e-05,2.8584972824319266e-05,3.0680614145239815e-05,3.35292934323661e-05,1.4009416190674528e-05,3.3901607821462676e-05,5.905734360567294e-05,4.649400943890214e-05,2.442930417601019e-05,4.901100692222826e-05,3.305951031506993e-05,5.5169588449643925e-05,2.7121699531562626e-05,2.917848905781284e-05,2.4489971110597253e-05,2.8508971809060313e-05,5.26496150996536e-05,3.3850596082629636e-05,3.227413253625855e-05,3.83020487788599e-05,2.1558960725087672e-05,2.6030780645669438e-05,2.7351918106433004e-05,4.4057196646463126e-05
4800,1.0197137271461543e-05,7.714193998253904e-06,8.226877071138006e-06,1.2334012353676371e-05,9.8111931947642e-06,8.572457772970665e-06,1.2266365956747904e-05,9.867479093372822e-06,1.3352475434658118e-05,1.1927612831641454e-05,1.182839878310915e-05,1.9089795387117192e-05,1.911304752866272e-05,1.732375858409796e-05,1.986928327823989e-05,2.529555422370322e-05,1.9672323105623946e-05,2.545930510677863e-05,2.9068200092297047e-05,2.233582745247986e-05,2.491454142727889e-05,1.832536145229824e-05,3.4686185244936496e-05,2.253519960504491e-05,2.843212496372871e-05,3.391659265616909e-05,2.2281486963038333e-05,2.1238431145320646e-05,2.5319261112599634e-05,2.8025644496665336e-05,2.16789630940184e-05,3.2146621379069984e-05,2.0069326637894846e-05,2.3604043235536665e-05,2.147592749679461e-05,2.034843055298552e-05,2.412856883893255e-05,5.150044307811186e-05,2.7124258849653415e-05,2.209076592407655e-05,3.2687436032574624e-05,3.17730191454757e-05,3.2955817005131394e-05,2.5215351342922077e-05,3.0012628485565074e-05,3.786976230912842e-05,2.318780025234446e-05,2.25344774662517e-05,2.232603947049938e-05,3.1340237910626456e-05
4900,1.2689223694906104e-05,8.180367331078742e-06,1.380486173729878e-05,1.204825093736872e-05,1.8120803360943682e-05,1.272199097002158e-05,1.311766027356498e-05,1.0725466381700244e-05,2.264086106151808e-05,1.4502704289043322e-05,1.4500134057016112e-05,2.1832442143931985e-05,2.7147267246618867e-05,1.694058119028341e-05,1.5273402823368087e-05,2.783045965770725e-05,1.9889359464286827e-05,3.39260368491523e-05,3.0168966986821033e-05,3.273409674875438e-05,2.511855200282298e-05,3.122570342384279e-05,2.830142511811573e-05,1.9047793102799915e-05,3.531439142534509e-05,2.7952286473009735e-05,2.105195017065853e-05,2.0020803276565857e-05,2.0812474758713506e-05,2.171239430026617e-05,1.852039531513583e-05,3.052880856557749e-05,3.0466271709883586e-05,4.5900225813966244e-05,2.2633881599176675e-05,1.9549193893908523e-05,2.4732493329793215e-05,4.512004306889139e-05,2.4400487745879218e-05,3.8365997170330957e-05,3.424307215027511e-05,2.8140706490376033e-05,4.390230242279358e-05,2.629663867992349e-05,3.465359623078257e-05,3.0865059670759365e-05,2.025233334279619e-05,2.97323440463515e-05,4.0427385101793334e-05,2.6731422622106038e-05
5000,1.2441834769560955e-05,1.0649212526914198e-05,1.0416261829959694e-05,9.1005476861028e-06,1.6701818822184578e-05,9.249002687283792e-06,1.2696180419879965e-05,1.4586105862690601e-05,1.8091621313942596e-05,2.0457255232031457e-05,1.0918499356193934e-05,1.6347634300473146e-05,3.210662180208601e-05,2.537525688239839e-05,2.9571740014944226e-05,2.8923941499670036e-05,3.699155058711767e-05,1.8512384485802613e-05,2.7557873181649484e-05,3.1678046070737764e-05,1.893381522677373e-05,2.2891859771334566e-05,1.9785384210990742e-05,1.91276067198487e-05,2.3941222025314346e-05,3.902865501004271e-05,2.0921845134580508e-05,1.896911271614954e-05,2.1941292288829572e-05,3.575734808691777e-05,2.3433178284903988e-05,2.4400182155659422e-05,3.658426066976972e-05,2.5689932954264805e-05,1.5059686120366678e-05,2.9102317057549953e-05,2.6781124688568525e-05,4.135499330004677e-05,4.4444714148994535e-05,2.163434874091763e-05,3.0070941647863947e-05,4.567448195302859e-05,3.198453850927763e-05,2.580139334895648e-05,3.507812652969733e-05,4.718597847386263e-05,2.7848178433487192e-05,2.8451291655073874e-05,3.233208190067671e-05,4.556262501864694e-05
5100,1.4170965187076945e-05,1.8748587535810657e-05,1.8260763681610115e-05,1.4922059563104995e-05,2.3825412426958792e-05,1.3959514035377651e-05,1.584828714840114e-05,1.3280603525345214e-05,3.2368028769269586e-05,1.9627988876891322e-05,2.7463078367873095e-05,3.56510718120262e-05,4.182321936241351e-05,3.269192893640138e-05,2.8966524041607045e-05,2.9697945137741044e-05,3.6223118513589725e-05,2.7192902052775025e-05,3.226852641091682e-05,3.8308797229547054e-05,4.057414480485022e-05,3.647948324214667e-05,4.362373874755576e-05,2.763712836895138e-05,4.391452966956422e-05,3.627048499765806e-05,2.590447365946602e-05,2.4506951376679353e-05,4.557851207209751e-05,4.489853381528519e-05,2.126697654603049e-05,4.116419586353004e-05,4.6918845328036696e-05,4.91217797389254e-05,5.9095251344842836e-05,6.805749580962583e-05,3.9969840145204216e-05,3.9753609598847106e-05,6.966856017243117e-05,3.658268178696744e-05,2.8216492864885367e-05,5.5214706662809476e-05,5.250232061371207e-05,4.688116678153165e-05,4.009535405202769e-05,5.4008964070817456e-05,3.0396617148653604e-05,2.608382419566624e-05,4.932866067974828e-05,4.341265594121069e-05
5200,7.7550766945933e-06,9.543840860715136e-06,9.181816494674422e-06,8.876377250999212e-06,1.0214600479230285e-05,1.0005255717260297e-05,1.355014683213085e-05,8.890094250091352e-06,1.4901284885127097e-05,1.5355060895672068e-05,1.383312792313518e-05,1.9953917217208073e-05,2.1354944692575373e-05,2.1513838873943314e-05,1.9935667296522297e-05,2.2936555978958495e-05,2.1102463506394997e-05,2.1381301849032752e-05,2.5826726414379664e-05,2.471857260388788e-05,3.739442036021501e-05,2.003288500418421e-05,2.386849155300297e-05,2.268019670736976e-05,2.4223185391747393e-05,2.575650069047697e-05,1.704653914202936e-05,1.699393760645762e-05,2.938580837508198e-05,2.9629942218889482e-05,1.9387751308386214e-05,4.9324604333378375e-05,2.077889075735584e-05,3.31213122990448e-05,3.036302950931713e-05,3.463306711637415e-05,2.3028032956062816e-05,4.139702650718391e-05,2.6366242309450172e-05,2.8962980650248937e-05,2.4428032702417113e-05,3.796006421907805e-05,3.0455455998890102e-05,2.2982148948358372e-05,2.5604063921491615e-05,3.480460145510733e-05,2.3794333174009807e-05,2.6895691917161457e-05,4.113682371098548e-05,3.119921530014835e-05
