step,channel_27,channel_123,channel_105,channel_47,channel_22,channel_91,channel_45,channel_10,channel_110,channel_103,channel_76,channel_59,channel_50,channel_8,channel_114,channel_86,channel_5,channel_82,channel_121,channel_37,channel_44,channel_100,channel_98,channel_64,channel_31,channel_56,channel_69,channel_28,channel_26,channel_118,channel_48,channel_32,channel_96,channel_0,channel_18,channel_73,channel_97,channel_2,channel_62,channel_63,channel_68,channel_79,channel_40,channel_66,channel_19,channel_84,channel_60,channel_33,channel_13,channel_24
0,0.0003136736049782485,0.00020637435954995453,4.422523488756269e-05,6.028107236488722e-05,6.903018220327795e-05,4.293648089515045e-05,5.892070839763619e-05,5.580823926720768e-05,3.764816574403085e-05,3.796708188019693e-05,5.150120341568254e-05,4.9946789658861235e-05,5.0130307499784976e-05,3.875510810757987e-05,3.896481211995706e-05,3.30266120727174e-05,2.7267429686617106e-05,3.3812320907600224e-05,4.792109029949643e-05,2.2820824597147293e-05,2.7412159397499636e-05,3.8240759749896824e-05,2.5598041247576475e-05,4.759844523505308e-05,2.725108788581565e-05,1.4686935173813254e-05,2.974910421471577e-05,3.284755803178996e-05,2.5842158720479347e-05,2.6208530471194535e-05,2.7145901185576804e-05,3.135827500955202e-05,2.3713217160548083e-05,1.7093989299610257e-05,1.5462483133887872e-05,3.944599302485585e-05,3.677375570987351e-05,3.552691123331897e-05,3.0321240046760067e-05,2.1292480596457608e-05,2.513645449653268e-05,1.8749047740129754e-05,2.205166128987912e-05,3.9991420635487884e-05,8.844743206282146e-06,3.854935857816599e-05,1.1420054761401843e-05,1.8746924979495816e-05,2.9303293558768928e-05,1.0484068297955673e-05
100,0.001251366687938571,0.0013142203679308295,0.0003997241146862507,0.00021417565585579723,0.0002723608340602368,0.0003219419450033456,0.0003230009169783443,0.0002552263904362917,0.00030986039200797677,0.00030023950967006385,0.0002979728451464325,0.0001994106569327414,0.00019108837295789272,0.0002678342571016401,0.00024870887864381075,0.00020822248188778758,0.00023881529341451824,0.00023783656070008874,0.0002286175440531224,0.00011078341049142182,0.0001289138017455116,0.00021346536232158542,0.00020072466577403247,0.00020054815104231238,0.0001669935300014913,0.0001137235012720339,0.00018694018945097923,0.0001852557179518044,0.00016506169049534947,0.00010974081669701263,0.00017904888954944909,0.00012913165846839547,0.00017006375128403306,0.00010912950529018417,0.000165418692631647,0.00013498352200258523,0.00014248867228161544,0.00013265700545161963,0.0001230303168995306,0.0001209192123496905,0.00015836834791116416,0.00011887153232237324,0.00014062963600736111,0.00014957872917875648,8.119836275000125e-05,0.00013594722258858383,0.00013453641440719366,0.00013389185187406838,7.849452958907932e-05,0.00010478865442564711
200,0.001190725713968277,0.0009127316297963262,0.00022742738656233996,0.00020713986305054277,0.0001842889905674383,0.00012698925274889916,0.0001870756532298401,0.0002297713654115796,0.000189611513633281,0.00016018812311813235,0.00020222694729454815,0.00019677018281072378,0.0001449780975235626,0.0002045525034191087,0.00010640466643963009,0.00012614687148015946,0.0001546352286823094,0.0001706089242361486,0.00016751336806919426,8.799370698397979e-05,0.00021481563453562558,0.00011921174882445484,0.00010850308899534866,0.00013560100342147052,0.00019777640409301966,0.0001933223393280059,8.867178985383362e-05,0.0001212309580296278,0.0001434034638805315,8.270116813946515e-05,0.00013866934750694782,0.00014384152018465102,9.60495526669547e-05,0.00010796637798193842,0.00012806415907107294,4.6596764150308445e-05,0.00016408906958531588,0.00012564999633468688,0.00016196511569432914,8.788102422840893e-05,0.0001193027273984626,0.00015651178546249866,0.00010343746544094756,0.00013217120431363583,0.00014349137200042605,0.00010253823711536825,0.00011841030936921015,9.548794332658872e-05,9.359000250697136e-05,0.00010182197001995519
300,0.0014621379086747766,0.0014280142495408654,0.0002822077658493072,0.00034553781733848155,0.0003286898718215525,0.0003237030759919435,0.0002122022706316784,0.0003178060578648001,0.00025146480766125023,0.00028878694865852594,0.00029499988886527717,0.0002760863280855119,0.00027260446222499013,0.00026277988217771053,0.00014502652629744262,0.00024447133182547987,0.00017364842642564327,0.00021209067199379206,0.00022969032579567283,0.00022183195687830448,8.195031114155427e-05,0.0001922197116073221,0.00017171408399008214,0.00018619604816194624,0.00011866633576573804,0.00015968811931088567,0.0001858679752331227,8.152905502356589e-05,0.00013530066644307226,0.00018284135148860514,0.00014236263814382255,0.00015309095033444464,0.00014038398512639105,0.0001680138666415587,0.0001488365523982793,0.0001647936151130125,8.924894063966349e-05,0.0001626499288249761,0.00014568792539648712,0.0001588033337611705,0.00012358104868326336,7.085731340339407e-05,0.00013003102503716946,9.678574133431539e-05,0.00011058055679313838,9.217252227244899e-05,8.817356138024479e-05,0.00010408223170088604,0.0001319204893661663,0.00010466556705068797
400,0.0007509542629122734,0.0004610929172486067,0.0001305190089624375,0.00010995945922331885,0.00011347278632456437,7.451645069522783e-05,0.00012582697672769427,0.00011616762640187517,0.00010042123903986067,0.00010526009282330051,0.00010209123138338327,0.0001068240380845964,9.863157174549997e-05,0.00014370257849805057,5.032999615650624e-05,7.70815895521082e-05,8.940242696553469e-05,9.143630450125784e-05,9.880691504804417e-05,4.078730125911534e-05,6.747776933480054e-05,9.382438292959705e-05,7.461923087248579e-05,7.379128510365263e-05,9.577564196661115e-05,7.674879452679306e-05,5.966436583548784e-05,5.412506652646698e-05,6.005775139783509e-05,3.83469377993606e-05,8.037852239795029e-05,8.93104515853338e-05,0.0001111655292334035,7.42953343433328e-05,7.175501377787441e-05,2.2703685317537747e-05,4.451455970411189e-05,6.051918171579018e-05,7.113500032573938e-05,4.38505012425594e-05,5.145040267962031e-05,3.710994133143686e-05,4.432881542015821e-05,4.26160404458642e-05,0.0001145040150731802,3.6583052860805765e-05,4.782139149028808e-05,5.952874562353827e-05,6.505157944047824e-05,7.285635365406051e-05
500,0.0006105537759140134,0.0006108899251557887,0.000138271163450554,9.92050627246499e-05,0.00011360203643562272,7.556276250397786e-05,0.00012786974548362195,0.0001363308692816645,0.00013252142525743693,0.0001173115088022314,0.00014830828877165914,7.704561721766368e-05,8.685411739861593e-05,0.00016044294170569628,5.579241769737564e-05,5.111464997753501e-05,0.0001390514662489295,0.00011977101530646905,0.00016174289339687675,0.00015170773258432746,7.894319423940033e-05,7.917824405012652e-05,6.060958548914641e-05,7.625842408742756e-05,5.2718671213369817e-05,4.195187648292631e-05,5.571119982050732e-05,4.1139184759231284e-05,7.66854063840583e-05,6.526981451315805e-05,9.309182496508583e-05,0.0001359679299639538,6.994671275606379e-05,4.225829252391122e-05,6.308046431513503e-05,2.4605888029327616e-05,7.935711619211361e-05,7.48926613596268e-05,7.073253800626844e-05,5.595894981524907e-05,7.576570351375267e-05,3.043604374397546e-05,3.6166300560580567e-05,7.696082320762798e-05,4.096291013411246e-05,3.520802056300454e-05,4.264688686816953e-05,7.239788101287559e-05,3.0134489861666225e-05,6.272913014981896e-05
600,0.000766423880122602,0.00047692906809970737,0.00012538937153294683,0.00015472437371499836,0.00012026987678837031,8.173119567800313e-05,0.00013336131814867258,0.0001291228545596823,0.0001119749213103205,0.00010419042519060895,0.00010662098065949976,0.00011651736713247374,8.94329568836838e-05,0.00012357192463241518,5.418225919129327e-05,5.9635352954501286e-05,0.00014075046055950224,8.98192884051241e-05,0.0001278189884033054,7.607507723150775e-05,6.321746332105249e-05,7.134213956305757e-05,6.488091457867995e-05,7.937119517009705e-05,7.208025635918602e-05,4.6207034756662324e-05,5.803190288133919e-05,5.3498999477596954e-05,0.00011079092655563727,3.582827775971964e-05,6.933273107279092e-05,9.373184002470225e-05,5.764330489910208e-05,6.32175215287134e-05,6.936982390470803e-05,2.9058297513984144e-05,6.812132050981745e-05,7.760761945974082e-05,5.841700476594269e-05,6.685225525870919e-05,6.694228068226948e-05,4.152381370658986e-05,2.931154813268222e-05,6.76644267514348e-05,4.953722236678004e-05,4.550963785732165e-05,4.0155638998840004e-05,8.674072159919888e-05,4.7346002247650176e-05,4.894467565463856e-05
700,0.0006075649871490896,0.00044479905045591295,0.0001225945889018476,0.00012022633745800704,0.00011356620962033048,8.487673767376691e-05,0.00012300578237045556,0.000125707098050043,0.00010685530287446454,9.644066449254751e-05,0.00010481380013516173,8.966874884208664e-05,0.00010028216638602316,0.00011956285743508488,6.657790800090879e-05,6.863036833237857e-05,8.191052620531991e-05,9.338890231447294e-05,0.00011279077443759888,5.045331272413023e-05,5.249665628070943e-05,7.57085217628628e-05,7.093189924489707e-05,8.51123477332294e-05,8.261411858256906e-05,5.483999120770022e-05,6.734553608112037e-05,5.506855086423457e-05,0.00011844544496852905,6.073589975130744e-05,9.246388071915135e-05,7.577892392873764e-05,9.735148341860622e-05,3.9705715607851744e-05,6.98020012350753e-05,4.043559601996094e-05,7.990733865881339e-05,7.003299833741039e-05,7.339791773119941e-05,8.182770397979766e-05,5.845792838954367e-05,4.002463538199663e-05,4.0448736399412155e-05,5.709063043468632e-05,5.277224045130424e-05,8.698239253135398e-05,5.506807065103203e-05,7.800135790603235e-05,3.781514897127636e-05,4.8829846491571516e-05
800,0.0006294299382716417,0.00045291249989531934,0.00011791815632022917,0.00011003988038282841,0.00015156689914874732,7.974056643433869e-05,0.00015003782755229622,0.000133760433527641,9.590182162355632e-05,9.939156007021666e-05,9.137111192103475e-05,7.211667980300263e-05,0.00010747865599114448,0.0001432986173313111,7.157831714721397e-05,6.44661340629682e-05,8.962082938523963e-05,8.466341387247667e-05,0.0001301218435401097,3.608949191402644e-05,7.20675234333612e-05,9.440385474590585e-05,6.542146002175286e-05,7.840467151254416e-05,6.106324872234836e-05,3.694971383083612e-05,6.979861063882709e-05,4.156631985097192e-05,7.160971290431917e-05,4.270949284546077e-05,8.82543608895503e-05,9.630593558540568e-05,4.7913435992086306e-05,4.5378888898994774e-05,5.3328174544731155e-05,4.337512655183673e-05,6.62757083773613e-05,7.776441634632647e-05,5.620981028187089e-05,2.626466994115617e-05,4.794300548383035e-05,2.7227169994148426e-05,3.869032661896199e-05,4.727552004624158e-05,3.9920869312481955e-05,2.9550108592957258e-05,4.878162144450471e-05,5.5219086789293215e-05,4.582495239446871e-05,6.187131657497957e-05
900,0.0006197266047820449,0.00045778037747368217,0.00012490908557083458,0.00010389721865067258,0.00011952174099860713,8.073680510278791e-05,0.00018776976503431797,0.00015519563748966902,0.00010618120722938329,0.00011368350533302873,0.00014124753943178803,8.651506504975259e-05,0.00013642376870848238,0.00017171794024761766,8.535774395568296e-05,7.314724643947557e-05,0.00014407048001885414,0.00010650477634044364,8.216181595344096e-05,9.27415385376662e-05,8.154148963512853e-05,7.137366628739983e-05,6.263592513278127e-05,6.0546022723428905e-05,8.56389306136407e-05,6.231800944078714e-05,5.7165467296727e-05,5.4469208407681435e-05,0.00018294411711394787,3.494359043543227e-05,0.00011509597970871255,8.464228449156508e-05,4.633370190276764e-05,6.34297975921072e-05,6.69757355353795e-05,3.620469578891061e-05,4.7319896111730486e-05,9.626473911339417e-05,0.00011072255438193679,6.747542647644877e-05,7.845752406865358e-05,3.749232928385027e-05,9.028330532601103e-05,6.0123431467218325e-05,7.923468365333974e-05,0.0001044860910042189,6.279773515416309e-05,9.684734686743468e-05,4.852557322010398e-05,9.887724445434287e-05
1000,0.0006195823661983013,0.000578689796384424,0.00011425191769376397,9.518540900899097e-05,0.00010665445734048262,7.210400508483872e-05,0.0001544586120871827,0.00011415612243581563,0.00011521095439093187,9.142898488789797e-05,0.00011300458572804928,9.81851844699122e-05,8.997209079097956e-05,0.00015807499585207552,5.386780685512349e-05,8.087301102932543e-05,0.00013852973643224686,9.41666221478954e-05,9.545439388602972e-05,6.712323374813423e-05,9.720039088279009e-05,8.735246228752658e-05,6.469278014265001e-05,7.622603152412921e-05,0.0001396122679580003,6.626865069847554e-05,5.024434358347207e-05,5.926273297518492e-05,0.00010307256889063865,4.46169069618918e-05,9.20249949558638e-05,7.805690256645903e-05,5.5221713409991935e-05,3.731338438228704e-05,7.077734335325658e-05,2.5552189981681295e-05,4.572473335429095e-05,9.011186921270564e-05,7.391266262857243e-05,4.5534474338637665e-05,3.8992438931018114e-05,4.7139103116933256e-05,8.116286335280165e-05,5.28972850588616e-05,5.4362644732464105e-05,4.749144136440009e-05,5.3039715567138046e-05,5.03738883708138e-05,4.2154053517151624e-05,4.92155049869325e-05
1100,0.0006614294252358377,0.0004332633106969297,0.00012540619354695082,0.00012613910075742751,0.00014553403889294714,6.743332778569311e-05,0.0001340227317996323,0.00015891226939857006,9.440289431950077e-05,0.00012680313375312835,8.916596561903134e-05,8.926109148887917e-05,0.00014261422620620579,0.0001503991225035861,5.373131716623902e-05,4.8129692004295066e-05,0.00012273210450075567,7.778902363497764e-05,9.444288298254833e-05,3.618726987042464e-05,8.64048779476434e-05,7.77086170273833e-05,5.910731852054596e-05,7.278747216332704e-05,0.00014112345525063574,4.7845740482443944e-05,5.274808791000396e-05,4.566583447740413e-05,5.022470577387139e-05,3.560382901923731e-05,7.732978701824322e-05,9.682491509011015e-05,4.9604892410570756e-05,6.40261423541233e-05,8.518221147824079e-05,3.73212642443832e-05,4.825696669286117e-05,6.0752470744773746e-05,6.759649841114879e-05,4.714985334430821e-05,6.259237852646038e-05,3.0504677852150053e-05,8.402601088164374e-05,5.453382254927419e-05,4.476655158214271e-05,4.169932071818039e-05,3.7949837860651314e-05,7.621927943546325e-05,4.082470331923105e-05,6.214997847564518e-05
1200,0.0005415730411186814,0.0004152684414293617,0.00012593458814080805,0.00010257673420710489,9.721213427837938e-05,7.005995576037094e-05,9.284343832405284e-05,8.682161569595337e-05,9.941375901689753e-05,9.13512849365361e-05,0.00010411956463940442,9.393669461132959e-05,6.525390926981345e-05,9.658063936512917e-05,6.328769086394459e-05,5.775978206656873e-05,9.323458652943373e-05,9.556560689816251e-05,0.00010596752690616995,4.361414539744146e-05,5.311016138875857e-05,5.798411075375043e-05,5.6839238823158666e-05,6.00122548348736e-05,0.00013705692254006863,6.208287959452718e-05,7.217178063001484e-05,4.521077062236145e-05,0.00011580518184928223,3.238189310650341e-05,6.03095322730951e-05,0.00011019290832336992,7.669603655813262e-05,3.498174555716105e-05,5.0544331315904856e-05,3.0759696528548375e-05,7.764765905449167e-05,6.432166264858097e-05,4.808464291272685e-05,8.755283488426358e-05,7.444883522111923e-05,2.6699301088228822e-05,4.2972918890882283e-05,9.310837049270049e-05,8.2562786701601e-05,5.683084964402951e-05,4.2134088289458305e-05,6.667213165201247e-05,2.680550460354425e-05,3.698070577229373e-05
1300,0.0005377578199841082,0.0007646035519428551,0.00012165217049187049,0.00011717538291122764,0.00011195328988833353,0.00011802330118371174,0.00012914871331304312,0.00012563368363771588,0.00016240953118540347,0.00010342134919483215,0.00014608284982386976,8.145340689225122e-05,8.397911005886272e-05,0.00011598254059208557,6.376607052516192e-05,5.8098485169466585e-05,9.637411858420819e-05,0.0001268493797397241,7.976944471010938e-05,9.08621950657107e-05,6.383819709299132e-05,9.00378727237694e-05,7.24068668205291e-05,9.462457819608971e-05,7.166768773458898e-05,4.261389040038921e-05,5.457175211631693e-05,3.907636710209772e-05,8.199238072847947e-05,4.653986616176553e-05,8.31563156680204e-05,9.489208605373278e-05,5.0328162615187466e-05,8.767244435148314e-05,6.306487193796784e-05,5.416384738055058e-05,5.947882164036855e-05,5.762819273513742e-05,7.351634849328548e-05,5.645515921059996e-05,5.299980330164544e-05,3.767372982110828e-05,3.674352410598658e-05,8.037297084229067e-05,7.150946476031095e-05,6.035303886164911e-05,5.329193299985491e-05,6.799752736696973e-05,6.67335552861914e-05,6.109418609412387e-05
1400,0.0007879890035837889,0.00041542126564309,0.00014887128781992942,0.00012301925744395703,0.00013285402383189648,7.604264828842133e-05,0.00019879324827343225,0.00013978527567815036,9.031393710756674e-05,9.804635919863358e-05,9.846928878687322e-05,9.827781468629837e-05,0.0001033795706462115,0.0001575977075845003,5.832553142681718e-05,8.01084388513118e-05,0.00010905318049481139,8.47969131427817e-05,0.00014282607298810035,4.593825724441558e-05,6.0740010667359456e-05,9.11717870621942e-05,6.515172572107986e-05,8.837459608912468e-05,9.090806997846812e-05,5.728979886043817e-05,5.9876565501326695e-05,3.6043526051798835e-05,9.110479732044041e-05,4.311823067837395e-05,9.341537952423096e-05,6.95383278070949e-05,5.5314016208285466e-05,7.176459621405229e-05,8.060268010012805e-05,2.6987172532244585e-05,4.446885213837959e-05,5.96208410570398e-05,9.000398858916014e-05,6.560496694874018e-05,6.54279938316904e-05,2.722898898355197e-05,6.0667647630907595e-05,5.340056668501347e-05,4.157852890784852e-05,4.4421773054637015e-05,6.6914020862896e-05,6.509355443995446e-05,4.679723861045204e-05,5.3886775276623666e-05
1500,0.0004542676033452153,0.0005439724773168564,0.00014509247557725757,8.036153303692117e-05,8.321681525558233e-05,6.813369691371918e-05,0.000112662382889539,9.774299542186782e-05,0.00013106700498610735,8.672520198160782e-05,0.00012751454778481275,7.700399874011055e-05,8.359845378436148e-05,0.0001060421418515034,5.6961740483529866e-05,4.9486508942209184e-05,9.93419234873727e-05,0.00011640576849458739,0.00016998824139591306,4.027001705253497e-05,8.558649278711528e-05,5.749774936703034e-05,5.4810556321172044e-05,6.452787056332454e-05,4.8190173401962966e-05,4.5836215576855466e-05,6.16894249105826e-05,4.6761357225477695e-05,5.778538979939185e-05,4.4011125282850116e-05,7.169798482209444e-05,9.127341763814911e-05,5.12456099386327e-05,3.665264739538543e-05,4.1770632378757e-05,9.641912038205191e-05,4.585497663356364e-05,5.207299182075076e-05,7.75600055931136e-05,3.262864993303083e-05,4.267784606781788e-05,5.1312887080712244e-05,4.0370392525801435e-05,6.638243939960375e-05,5.056986992713064e-05,3.411373472772539e-05,3.617956463131122e-05,4.3855252442881465e-05,3.496483259368688e-05,5.5396776588167995e-05
1600,0.001002016942948103,0.0006263093091547489,0.00014386593829840422,0.00019930991402361542,0.00018974296108353883,0.00011184431059518829,0.00020518719975370914,0.00016016472363844514,0.00013160277740098536,9.714229236124083e-05,0.00012995766883250326,0.00013924090308137238,0.00014857130008749664,0.00015581909974571317,9.529988165013492e-05,6.084377673687413e-05,0.00012975784193258733,0.00010253096115775406,0.00014357754844240844,7.31817344785668e-05,5.3354480769485235e-05,7.406820805044845e-05,8.024788257898763e-05,9.286952263209969e-05,8.702012564754114e-05,6.60051591694355e-05,7.296574040083215e-05,5.981355207040906e-05,9.422755829291418e-05,3.297160947113298e-05,0.00013846308866050094,0.00012897617125418037,5.572601003223099e-05,4.803996853297576e-05,9.813192446017638e-05,3.600151103455573e-05,4.967595305060968e-05,0.00010137830395251513,5.671361577697098e-05,4.399378667585552e-05,8.335801248904318e-05,4.754552719532512e-05,8.167976193362847e-05,5.4015596106182784e-05,4.317295315559022e-05,4.57940150226932e-05,3.566192026482895e-05,6.427806511055678e-05,8.914758655009791e-05,3.6239667679183185e-05
1700,0.0004399116151034832,0.00038489128928631544,8.542105933884159e-05,0.00013649076572619379,8.04151059128344e-05,6.052575190551579e-05,8.684416388859972e-05,8.608208736404777e-05,8.576165419071913e-05,9.586121450411156e-05,8.176320261554793e-05,6.35325486655347e-05,6.608920375583693e-05,9.349629544885829e-05,4.785663986694999e-05,5.06445394421462e-05,7.073791493894532e-05,7.430391997331753e-05,9.284925909014419e-05,3.543706043274142e-05,5.271206100587733e-05,7.110218575689942e-05,8.03298462415114e-05,9.362448327010497e-05,4.965415791957639e-05,3.2457894121762365e-05,4.875169543083757e-05,4.9651651352178305e-05,6.896010745549574e-05,5.479951869347133e-05,6.912020762683824e-05,5.312109351507388e-05,5.145654722582549e-05,4.21206459577661e-05,5.4638392612105235e-05,3.3452597563154995e-05,7.102359086275101e-05,4.915419776807539e-05,4.41055599367246e-05,4.868733958574012e-05,8.282508497359231e-05,2.6667008569347672e-05,5.1003600674448535e-05,4.57546666439157e-05,4.70853628939949e-05,5.7527900935383514e-05,4.752977838506922e-05,4.9464742915006354e-05,3.442821980570443e-05,3.650296639534645e-05
1800,0.0006989957764744759,0.000685636478010565,0.0001420913904439658,0.00013056320312898606,0.0001310918596573174,0.00012912599777337164,0.00015304189582820982,0.00012927457282785326,0.00017937594384420663,0.00011734128202078864,0.0001629815815249458,0.00011832000018330291,0.00010947611008305103,0.0001501969527453184,8.50094947963953e-05,8.779926429269835e-05,0.00011378355702618137,0.0001608402089914307,9.765426511876285e-05,6.753300112904981e-05,5.491139745572582e-05,0.00010267453762935475,6.865166506031528e-05,6.189201667439193e-05,6.960370956221595e-05,5.416199201135896e-05,6.89873268129304e-05,8.282667840830982e-05,0.00011003488907590508,3.636575274867937e-05,0.00013102863158565015,7.978759822435677e-05,7.824487693142146e-05,4.367105066194199e-05,6.668080459348857e-05,4.2887721065199e-05,5.7850633311318234e-05,5.4552794608753175e-05,9.769205644261092e-05,3.4347369364695624e-05,6.192126602400094e-05,4.2417505028424785e-05,4.613218334270641e-05,7.217738311737776e-05,5.445080023491755e-05,5.020551907364279e-05,8.540911949239671e-05,5.4092386562842876e-05,5.444698763312772e-05,0.00012931077799294144
1900,0.0007470648852176964,0.0005334351444616914,0.00012136204895796254,0.0001087120472220704,0.00016544584650546312,7.998002547537908e-05,0.0001651154161663726,0.0001468236732762307,0.00013462756760418415,9.828629845287651e-05,0.00012677603808697313,0.00010025501251220703,0.00013113163004163653,0.00015530006203334779,5.8345198340248317e-05,6.426988693419844e-05,0.00010229335748590529,0.00013101035438012332,0.00019436767615843564,8.879818778950721e-05,7.332154928008094e-05,7.908161933301017e-05,9.51496695051901e-05,9.673713793745264e-05,9.191096614813432e-05,6.555271102115512e-05,5.667621371685527e-05,4.60896517324727e-05,7.114856998668984e-05,7.089329301379621e-05,7.13561603333801e-05,0.00010163790284423158,8.895309292711318e-05,5.776754915132187e-05,7.590300083393231e-05,2.3475648049497977e-05,6.50040092295967e-05,6.842352740932256e-05,6.446026964113116e-05,4.09902204410173e-05,4.846304000238888e-05,3.453985846135765e-05,8.60139771248214e-05,7.215379446279258e-05,5.4462929256260395e-05,6.498194125015289e-05,4.8043380957096815e-05,6.652031879639253e-05,3.248482244089246e-05,5.7279044995084405e-05
2000,0.0006242276285775006,0.0006445757462643087,0.00015010786592029035,0.0001128495205193758,0.00012429815251380205,0.0001301952579524368,0.00014518994430545717,0.0001257388066733256,0.00013427244266495109,0.000136003945954144,0.00014278948947321624,8.878160588210449e-05,0.0001333912805421278,0.00013175801723264158,0.00010004643263528123,8.826646080706269e-05,0.00011909347085747868,0.00011030497989850119,7.88426332292147e-05,5.5689113651169464e-05,6.087420479161665e-05,9.009669884108007e-05,7.759758591419086e-05,0.00010866654338315129,0.00010082610242534429,3.291087341494858e-05,7.608943269588053e-05,6.252844468690455e-05,8.298857574118301e-05,6.439393473556265e-05,8.104660810204223e-05,0.0001780999155016616,8.64683897816576e-05,0.00011270031245658174,6.444235623348504e-05,6.118610326666385e-05,3.979195753345266e-05,7.117251516319811e-05,8.211743261199445e-05,3.691003439598717e-05,4.426913437782787e-05,6.472547829616815e-05,5.2352523198351264e-05,4.739836003864184e-05,4.464555240701884e-05,4.083127714693546e-05,5.388086356106214e-05,9.576979209668934e-05,5.950432750978507e-05,3.797675162786618e-05
2100,0.0004414725408423692,0.0004902157234027982,0.00010640669643180445,8.939888357417658e-05,0.00010048761760117486,6.449462671298534e-05,0.00012022727605653927,0.0001148312512668781,9.682761447038502e-05,8.929969771998003e-05,9.367092570755631e-05,6.422855221899226e-05,8.148009510478005e-05,0.00012877117842435837,5.124694871483371e-05,5.553504524868913e-05,8.823216194286942e-05,9.767979645403102e-05,0.0001241585414391011,6.842068978585303e-05,6.010502329445444e-05,6.32182855042629e-05,5.509930997504853e-05,7.088337588356808e-05,5.8206274843541905e-05,5.516161036211997e-05,5.6515757023589686e-05,3.401304638828151e-05,7.092375017236918e-05,2.844326627382543e-05,7.66269295127131e-05,7.235395605675876e-05,4.674265437643044e-05,4.376243305159733e-05,5.060554394731298e-05,4.600523607223295e-05,5.7280969485873356e-05,5.87052054470405e-05,4.930391150992364e-05,3.419564018258825e-05,6.0450114688137546e-05,3.339586692163721e-05,3.761195330298506e-05,6.0565500461962074e-05,4.041354259243235e-05,4.340382292866707e-05,5.568468623096123e-05,5.7268887758255005e-05,2.652068724273704e-05,5.263600905891508e-05
2200,0.00048212462570518255,0.000470322702312842,0.0001108975411625579,8.801362855592743e-05,9.717775537865236e-05,7.66599114285782e-05,0.00011726633238140494,0.00012298150977585465,0.000108941865619272,0.00010669224138837308,0.00010832132102223113,8.942494605435058e-05,9.028094791574404e-05,0.00012766817235387862,6.212520383996889e-05,7.889447442721575e-05,9.013379167299718e-05,9.714865882415324e-05,0.00012306563439778984,5.0133348850067705e-05,5.8056692068930715e-05,8.076270023593679e-05,6.474854308180511e-05,7.833613926777616e-05,7.508476846851408e-05,4.986465864931233e-05,4.9919082812266424e-05,4.199137765681371e-05,8.936670201364905e-05,3.653526437119581e-05,9.57284210016951e-05,8.137337863445282e-05,0.00010499775089556351,8.237138536060229e-05,6.228483835002407e-05,2.708042666199617e-05,5.095873348182067e-05,5.6026681704679504e-05,7.076361362123862e-05,4.669425470638089e-05,6.337941158562899e-05,3.405821917112917e-05,4.422976417117752e-05,5.628505095955916e-05,6.144008511910215e-05,5.220161619945429e-05,4.91677965328563e-05,5.4611147788818926e-05,4.161499600741081e-05,4.482280928641558e-05
2300,0.00048773150774650276,0.0004798747831955552,0.00013697441318072379,0.00010814464621944353,0.00013588191359303892,8.225993951782584e-05,0.00011877767246915027,0.00011444638221291825,0.00010247628961224109,9.881996811600402e-05,0.00010533215390751138,8.004008122952655e-05,9.632409637561068e-05,0.00010620198008837178,7.170200115069747e-05,6.307216972345486e-05,8.679494203533977e-05,9.414857777301222e-05,0.00013314078387338668,4.424086000653915e-05,6.753161869710311e-05,8.510959014529362e-05,6.727366417180747e-05,0.0001079065041267313,5.3454488806892186e-05,4.509257632889785e-05,5.3562642278848216e-05,4.9983878852799535e-05,7.202788401627913e-05,4.412953057908453e-05,0.0001011700660455972,7.267310138558969e-05,4.7039295168360695e-05,4.957847704645246e-05,4.759026342071593e-05,2.8203752663102932e-05,4.626992449630052e-05,6.25879256404005e-05,5.4535470553673804e-05,4.702394289779477e-05,7.91666388977319e-05,3.2214680686593056e-05,0.00011466130672488362,5.643343320116401e-05,4.221195194986649e-05,4.720949800685048e-05,4.050744973937981e-05,6.114030111348256e-05,5.911173502681777e-05,4.994251867174171e-05
2400,0.00065324961906299,0.0005487226299010217,0.0001382473565172404,0.00011893355258507654,0.00012821632844861597,9.505925845587626e-05,0.00013577374920714647,0.0001579177042003721,0.00011766736133722588,0.0001120830638683401,0.00011011567403329536,8.957721729530022e-05,0.00010849058162420988,0.0001604299759492278,7.754844409646466e-05,5.9445130318636075e-05,9.10445160116069e-05,0.00010612192272674292,8.996784163173288e-05,4.369276939542033e-05,4.792177787749097e-05,9.604905062587932e-05,8.386949775740504e-05,7.98956971266307e-05,8.275020809378475e-05,6.934782140888274e-05,6.125115760369226e-05,4.705163883045316e-05,7.675534288864583e-05,2.945213418570347e-05,9.695623157313094e-05,8.691272523719817e-05,5.4110099881654605e-05,8.955254452303052e-05,7.032959547359496e-05,3.288387961219996e-05,5.09079109178856e-05,9.122976189246401e-05,7.325864135054871e-05,4.6395507524721324e-05,7.575151539640501e-05,3.4465076168999076e-05,5.3702056902693585e-05,7.561178063042462e-05,7.021120109129697e-05,6.338830280583352e-05,5.142220470588654e-05,7.740056025795639e-05,3.7785957829328254e-05,4.527190321823582e-05
2500,0.0005266019725240767,0.0006783292628824711,0.00018238167103845626,0.00011451038881205022,0.00010510136053198949,0.00010253366053802893,0.00011701926996465772,0.00011805494432337582,0.0001549906883155927,0.00013767897326033562,0.00015258361236192286,8.151785732479766e-05,7.40509494789876e-05,0.00010024583752965555,7.453205034835264e-05,9.290998423239216e-05,8.089357288554311e-05,0.00013161412789486349,0.00010085767280543223,0.00010423665662528947,7.2774630098138e-05,8.930185867939144e-05,7.666752208024263e-05,0.00011772735888371244,7.550200098194182e-05,5.20544926985167e-05,5.855663039255887e-05,3.174300218233839e-05,8.251891995314509e-05,6.195582682266831e-05,7.027787069091573e-05,0.00010323666356271133,0.0001127744180848822,7.453554280800745e-05,6.098700760048814e-05,3.292425753897987e-05,4.009328768006526e-05,5.642565884045325e-05,6.690034933853894e-05,5.202282773097977e-05,4.038426050101407e-05,4.6378168917726725e-05,4.285496470401995e-05,6.985001527937129e-05,5.15564825036563e-05,6.361456325976178e-05,4.028408511658199e-05,6.138733442639932e-05,4.483461452764459e-05,5.7564124290365726e-05
2600,0.0006904606125317514,0.00038331159157678485,9.33769770199433e-05,0.00013086339458823204,0.00013005241635255516,8.535861707059667e-05,0.00015240415814332664,0.00015568453818559647,8.494286885252222e-05,8.315751620102674e-05,8.178631105693057e-05,0.00011867802095366642,0.0001134116027969867,0.000139356852741912,7.294754323083907e-05,5.698351378669031e-05,9.416280227014795e-05,7.489520794479176e-05,9.187928662868217e-05,7.088421261869371e-05,0.00012071926175849512,8.033453923417255e-05,6.455747643485665e-05,0.00011878602526849136,8.609668293502182e-05,6.959129677852616e-05,4.737808558274992e-05,0.00014305963122751564,9.884972678264603e-05,3.774905053433031e-05,9.541394683765247e-05,9.79161195573397e-05,5.625938138109632e-05,4.340574741945602e-05,9.165510709863156e-05,4.494513268582523e-05,6.503944314317778e-05,6.944538472453132e-05,9.520868479739875e-05,7.443406502716243e-05,5.34073515154887e-05,2.9157572498661466e-05,3.386445314390585e-05,6.402599683497101e-05,5.687204975401983e-05,4.942584564560093e-05,6.855445826658979e-05,9.567884262651205e-05,4.1239229176426306e-05,8.768845145823434e-05
2700,0.0006134472787380219,0.0004792603722307831,0.00010318143904441968,0.00015714322216808796,0.00013659200340043753,0.00011147346231155097,0.00013072649016976357,0.00012311401951592416,0.0001156615762738511,0.00010393404227215797,0.00010191478213528171,0.00010215141082881019,0.00010763838508864865,0.0001327515346929431,5.32008234586101e-05,5.811336450278759e-05,8.687897934578359e-05,8.031774632399902e-05,9.711856546346098e-05,4.445530066732317e-05,0.00010682664287742227,8.714079740457237e-05,7.12383771315217e-05,9.455803228775039e-05,0.00013413190026767552,5.5037904530763626e-05,6.636705802520737e-05,6.367117748595774e-05,8.34228121675551e-05,6.134106661193073e-05,9.850257629295811e-05,8.219193841796368e-05,5.762123691965826e-05,3.0856415833113715e-05,5.7840923545882106e-05,2.0900573872495443e-05,6.309541640803218e-05,6.878245767438784e-05,8.716701267985627e-05,3.915676643373445e-05,5.2088180382270366e-05,2.540865352784749e-05,3.949884921894409e-05,6.882326124468818e-05,5.634848275803961e-05,3.8008667615940794e-05,6.393425428541377e-05,7.570224261144176e-05,4.5829146984033287e-05,7.085385732352734e-05
2800,0.000800512614659965,0.0005236761062406003,0.0001121736568165943,0.00016985079855658114,0.00017946999287232757,0.00011831072333734483,0.00014933232159819454,0.00013158016372472048,0.00013214173668529838,0.00010447037493577227,0.0001231882779393345,0.00012901249283459038,0.0001274152600672096,0.00012459563731681556,8.307961252285168e-05,0.00010573473991826177,8.37944753584452e-05,0.00012334559869486839,9.780714026419446e-05,7.062239455990493e-05,5.527672328753397e-05,8.631785749457777e-05,7.082203956088051e-05,9.540736937196925e-05,8.443961996817961e-05,4.5609467633767053e-05,5.8904002798954025e-05,7.426176307490095e-05,7.132865721359849e-05,5.9574860642896965e-05,6.756248330930248e-05,9.397378016728908e-05,4.750439984491095e-05,4.5061147829983383e-05,6.625726382480934e-05,4.1945462726289406e-05,7.86528762546368e-05,5.539017001865432e-05,8.597207488492131e-05,5.719812907045707e-05,7.901552453404292e-05,3.7377372791524976e-05,7.427072705468163e-05,7.421436021104455e-05,4.691724097938277e-05,7.394700514851138e-05,5.018644515075721e-05,4.543535760603845e-05,7.957276102388278e-05,4.871556302532554e-05
2900,0.0005446180584840477,0.0005698156310245395,0.00014197670680005103,0.00011086405720561743,0.0001414830912835896,7.988878496689722e-05,0.0001477791665820405,0.00014759108307771385,0.00012767466250807047,0.00011357521725585684,0.00011937927774852142,7.867384556448087e-05,0.0001213570503750816,0.00014071572513785213,5.86906899116002e-05,6.45393374725245e-05,0.00010229255713056773,0.00011488571180962026,9.664536628406495e-05,6.24656822765246e-05,8.645292837172747e-05,8.535526285413653e-05,8.401933155255392e-05,7.219657709356397e-05,6.798194954171777e-05,4.818847810383886e-05,6.114402640378103e-05,4.9131631385535e-05,8.248043741332367e-05,3.5102697438560426e-05,0.0001082503076759167,0.00011208231444470584,6.637463229708374e-05,8.732712012715638e-05,5.4213247494772077e-05,2.7684900487656705e-05,5.684057032340206e-05,7.203455606941134e-05,4.6838311391184106e-05,3.950905374949798e-05,4.29479950980749e-05,4.745252226712182e-05,8.074692595982924e-05,5.826115011586808e-05,5.3052277507958934e-05,6.591426063096151e-05,5.690348916687071e-05,7.463694782927632e-05,3.57566423190292e-05,5.430906458059326e-05
3000,0.0006757745868526399,0.00048285312368534505,0.00012142361811129376,0.0001107842763303779,0.00013590393064077944,7.429632387356833e-05,0.00015098921721801162,0.0001460244384361431,0.00010883957293117419,0.00011394576722523198,0.00011213201651116833,0.00010102241503773257,0.00011090371117461473,0.0001837186428019777,6.011180448695086e-05,6.655561446677893e-05,0.00012605458323378116,9.714435873320326e-05,0.00010451709385961294,6.383507570717484e-05,5.430362944025546e-05,8.77390120876953e-05,7.530996663263068e-05,9.552487608743832e-05,8.635356061859056e-05,5.620969386654906e-05,6.329486495815217e-05,6.819098052801564e-05,8.305909432237968e-05,5.095363667351194e-05,9.157331078313291e-05,0.00011439344234531745,9.935627167578787e-05,4.3524552893359214e-05,6.638211925746873e-05,2.523558032407891e-05,4.745486148749478e-05,9.275601769331843e-05,6.523019692394882e-05,0.00010585259587969631,4.93740699312184e-05,3.285857383161783e-05,3.194816235918552e-05,5.983052324154414e-05,5.156617044121958e-05,6.147564999992028e-05,6.367568130372092e-05,9.012380905915052e-05,4.2043509893119335e-05,4.818673187401146e-05
3100,0.0005536276148632169,0.0006622879300266504,0.00012585819058585912,0.00011315485608065501,0.00013363503967411816,7.603942503919825e-05,0.00014280308096203953,0.0001324851909885183,0.00012314296327531338,0.00010121933883056045,0.00012579048052430153,8.493405766785145e-05,8.752269059186801e-05,0.00012579906615428627,6.693739123875275e-05,6.15292665315792e-05,0.0001199192920466885,0.00011415154585847631,0.00014050568279344589,4.599884414346889e-05,7.668362377444282e-05,9.143388160737231e-05,6.602723442483693e-05,0.00011838938371511176,9.577218588674441e-05,9.417870023753494e-05,5.255428186501376e-05,4.047397669637576e-05,6.869983917567879e-05,4.4653628719970584e-05,7.600452954648063e-05,0.00010185124119743705,7.279682176886126e-05,4.878523031948134e-05,6.579115870408714e-05,2.2679978428641334e-05,5.5628366681048647e-05,7.287749758688733e-05,6.717695214319974e-05,4.025517773698084e-05,6.50303263682872e-05,4.06153776566498e-05,5.151785080670379e-05,7.303854363271967e-05,5.063326898380183e-05,8.134049130603671e-05,4.023746805614792e-05,5.837778371642344e-05,3.65107916877605e-05,4.701404395746067e-05
3200,0.0010348341893404722,0.0006221244111657143,0.0001503444364061579,0.00014915005885995924,0.00016029355174396187,8.585669274907559e-05,0.00017476300126872957,0.00014886466669850051,0.00013668999599758536,0.00010758433927549049,0.00015102817269507796,0.00013300091086421162,0.0001077523993444629,0.00013122716336511075,7.867062231525779e-05,4.903280932921916e-05,0.00010436406591907144,0.0001487790432292968,0.00020592348300851882,4.3155010644113645e-05,6.58312055747956e-05,7.577789801871404e-05,6.253377796383575e-05,6.869956268928945e-05,7.437060412485152e-05,9.252871677745134e-05,5.475842044688761e-05,6.26902692602016e-05,6.06019857514184e-05,3.302239201730117e-05,7.690991333220154e-05,0.00010357646533520892,7.5890937296208e-05,4.26269652962219e-05,7.746812480036169e-05,7.624294812558219e-05,5.678866000380367e-05,5.345467070583254e-05,5.722101195715368e-05,3.0451014026766643e-05,6.959677557460964e-05,6.43381426925771e-05,3.227714478271082e-05,5.7818233472062275e-05,6.295428465818986e-05,4.620521212927997e-05,2.956000571430195e-05,6.491837848443538e-05,7.608041778439656e-05,4.070486102136783e-05
3300,0.0007412804989144206,0.0004663272120524198,0.0001187693269457668,0.00019858195446431637,0.00016289085033349693,7.424954674206674e-05,0.00014168091001920402,0.00019342447922099382,0.00010111457231687382,9.098355803871527e-05,0.00010399583698017523,0.00011924339196411893,0.00011067902960348874,0.00019492628052830696,6.328316521830857e-05,5.64832407690119e-05,0.00010100736835738644,9.195080201607198e-05,7.743987953290343e-05,5.875413626199588e-05,9.66592924669385e-05,6.93048641551286e-05,6.966523505980149e-05,7.121318049030378e-05,8.2354927144479e-05,5.044399222242646e-05,6.366011803038418e-05,4.061200888827443e-05,9.83771460596472e-05,3.793493306147866e-05,0.00012744078412652016,9.248105197912082e-05,4.8819714720593765e-05,6.535757711390033e-05,8.282390626845881e-05,4.0948973037302494e-05,4.674466254073195e-05,7.030049164313823e-05,6.292579928413033e-05,6.409984052879736e-05,4.257661566953175e-05,3.385557283763774e-05,6.0050464526284486e-05,4.74888292956166e-05,5.07173863297794e-05,7.068534614518285e-05,5.0911545258713886e-05,5.417122883955017e-05,3.579581607482396e-05,7.941336662042886e-05
3400,0.0006954329437576234,0.0006434203824028373,0.0001474544988013804,0.00014129070041235536,0.00011960836127400398,0.00011255053686909378,0.00013212118938099593,0.00012072835670551285,0.00014934678620193154,0.00010835874854819849,0.00013981095980852842,0.00011150664067827165,8.81995729287155e-05,0.00012078489817213267,7.036466558929533e-05,6.307252624537796e-05,9.166137897409499e-05,0.00011539327533682808,9.601809142623097e-05,5.392327148001641e-05,6.153714639367536e-05,8.26741597848013e-05,7.119996007531881e-05,8.920669642975554e-05,6.631029100390151e-05,3.385094169061631e-05,6.509589002234861e-05,3.963115159422159e-05,7.23407938494347e-05,4.307544804760255e-05,8.38727064547129e-05,0.0001085923140635714,8.242353214882314e-05,4.7325902414740995e-05,7.731018558843061e-05,3.070453385589644e-05,5.934122236794792e-05,7.014303264440969e-05,9.56363437580876e-05,4.702375008491799e-05,8.188013453036547e-05,4.930493378196843e-05,3.532573828124441e-05,4.72859428555239e-05,5.522299761651084e-05,4.5503365981858224e-05,3.95774441130925e-05,5.894350397284143e-05,5.006479113944806e-05,3.8977890653768554e-05
3500,0.0009626354440115392,0.0006856913678348064,0.00011750018165912479,0.00022370285296346992,0.000157753805979155,0.00016403073095716536,0.00014023808762431145,0.00025910857948474586,0.00013161581591702998,9.713923645904288e-05,0.00014925861614756286,0.00011700431059580296,0.00011167368938913569,0.00017785803356673568,6.264761032070965e-05,9.054918336914852e-05,0.0001342376635875553,0.00010136907076230273,0.000162196098244749,7.811723480699584e-05,9.698273061076179e-05,8.886853174772114e-05,7.887061656219885e-05,7.981251837918535e-05,0.0001280461874557659,4.655712837120518e-05,7.166500290622935e-05,6.224018579814583e-05,8.778270421316847e-05,6.178943294798955e-05,0.00010974837641697377,0.00010367280628997833,6.057893187971786e-05,7.025863305898383e-05,7.268986519193277e-05,4.865231676376425e-05,4.013510624645278e-05,8.063598943408579e-05,7.606521103298292e-05,6.051696982467547e-05,8.625593181932345e-05,2.8084356017643586e-05,0.00015054922550916672,4.8346588300773874e-05,5.6341370509471744e-05,5.97460129938554e-05,5.1343471568543464e-05,6.6564061853569e-05,6.108774687163532e-05,7.634793291799724e-05
3600,0.0006001228466629982,0.0007110193255357444,0.0001332861720584333,0.0001095947009162046,0.00013860313629265875,9.809168841456994e-05,0.00011222625471418723,0.00012456854165066034,0.0001328349026152864,0.00010144432599190623,0.0001161072141258046,0.00011425007687648758,0.00010331474186386913,0.0001285315229324624,7.323856698349118e-05,5.8907204220304266e-05,0.0001103077083826065,0.00011241146421525627,9.493972174823284e-05,7.795129931764677e-05,5.4247197112999856e-05,9.61501500569284e-05,5.718152897316031e-05,7.628485764143988e-05,5.642175892717205e-05,5.3842868510400876e-05,6.588274845853448e-05,3.490516246529296e-05,7.569936860818416e-05,5.988657721900381e-05,5.9510715800570324e-05,9.433227387489751e-05,8.970805356511846e-05,8.830036676954478e-05,6.467355706263334e-05,6.42601225990802e-05,5.246163345873356e-05,7.211326010292396e-05,4.9738664529286325e-05,3.424466194701381e-05,7.09926534909755e-05,4.261361027602106e-05,3.387163451407105e-05,5.075086301076226e-05,5.038864037487656e-05,4.112817987333983e-05,3.7952038837829605e-05,8.759605407249182e-05,6.0761776694562286e-05,4.559559602057561e-05
3700,0.0006388227920979261,0.0007959641516208649,0.00018279769574292004,0.00011547195754246786,0.00012122985208407044,0.00016245152801275253,0.00014673391706310213,0.00014333597209770232,0.00019752430671360344,0.0001408818643540144,0.0001873539004009217,8.999674901133403e-05,0.00010319207649445161,0.0001645220472710207,0.00010987396672135219,0.00010442661732668057,9.966368088498712e-05,0.00013800596934743226,9.385112207382917e-05,8.632603567093611e-05,5.391585727920756e-05,0.00010157828364754096,0.0001267080515390262,0.00015513875405304134,0.0001003112702164799,4.636176527128555e-05,8.919669926399365e-05,7.929491403046995e-05,7.437240128638223e-05,5.080017581349239e-05,8.311642159242183e-05,0.00011645491031231359,0.00016540195792913437,4.557158536044881e-05,7.590513268951327e-05,8.266819349955767e-05,4.90447819174733e-05,9.568022505845875e-05,7.387007644865662e-05,4.9887185014085844e-05,6.896831473568454e-05,5.848231739946641e-05,4.3384989112382755e-05,5.790733848698437e-05,5.278888056636788e-05,7.226281013572589e-05,4.468355837161653e-05,9.26655120565556e-05,3.7289486499503255e-05,6.994617433520034e-05
3800,0.0007648481987416744,0.0006560628535225987,0.00012093523400835693,0.00011887078289873898,0.00013692663924302906,7.900841592345387e-05,0.00013569685688707978,0.0001375356805510819,0.00013984071847517043,0.00010938211198663339,0.00011241936590522528,0.00012841906573157758,8.803616947261617e-05,0.00012048277130816132,6.27381305093877e-05,6.156622839625925e-05,9.162864444078878e-05,0.00012682222586590797,0.0001359280722681433,5.805254477309063e-05,4.750070729642175e-05,9.071464592125267e-05,6.376804230967537e-05,9.911500819725916e-05,8.597395935794339e-05,9.317344665760174e-05,5.6964243412949145e-05,5.9350124502088875e-05,8.428842556895688e-05,3.88466905860696e-05,7.86347736720927e-05,8.712738053873181e-05,9.176288585877046e-05,5.167202471056953e-05,9.111630788538605e-05,3.619532071752474e-05,6.10941497143358e-05,6.600574124604464e-05,5.613731264020316e-05,4.847102900384925e-05,9.146786760538816e-05,3.119147368124686e-05,3.916435525752604e-05,5.707975651603192e-05,0.00011131858627777547,4.098982026334852e-05,6.520280294353142e-05,6.429427594412118e-05,6.173743167892098e-05,4.047579932375811e-05
3900,0.0004374824929982424,0.0004786364152096212,0.00015622074715793133,8.804599201539531e-05,0.00010621551336953416,0.00012211666035000235,0.00013839910388924181,9.377540118293837e-05,0.00010492677392903715,8.608571806689724e-05,9.648475679568946e-05,7.53588683437556e-05,8.309823897434399e-05,0.00012322358088567853,8.513684588251635e-05,8.147871994879097e-05,9.510448580840603e-05,7.627278682775795e-05,0.0001415936858393252,4.9161149945575744e-05,4.9601814680499956e-05,0.00011043495032936335,5.7170393120031804e-05,8.514662476954982e-05,5.521281127585098e-05,4.622004053089768e-05,6.134852446848527e-05,5.548324770643376e-05,6.591822602786124e-05,6.307443982223049e-05,5.992841761326417e-05,7.974049367476255e-05,4.6577148168580607e-05,5.4634565458400175e-05,6.144634971860796e-05,6.291389581747353e-05,5.166100891074166e-05,5.881276592845097e-05,5.071160558145493e-05,3.8655205571558326e-05,5.250557296676561e-05,3.4633787436177954e-05,7.94834122643806e-05,7.103684765752405e-05,3.551307236193679e-05,5.696337393601425e-05,4.891634307568893e-05,5.0654336519073695e-05,2.8563290470629e-05,5.140441135154106e-05
4000,0.000765295815654099,0.0005386942648328841,0.00014879598165862262,0.00011059699318138883,0.00014763711078558117,7.117138738976792e-05,0.00023314994177781045,0.00019313186930958182,0.00011923163401661441,8.95013363333419e-05,0.00012035527470288798,0.00010148553701583296,0.00014065478171687573,0.00020521362603176385,6.74531765980646e-05,5.923819117015228e-05,0.00013042055070400238,0.00010398465383332223,0.00019284995505586267,4.3903150071855634e-05,4.758675640914589e-05,6.633756856899709e-05,5.822527236887254e-05,8.926942973630503e-05,7.70462429500185e-05,3.964884308516048e-05,4.7735535190440714e-05,6.261505768634379e-05,8.126342436298728e-05,3.274556001997553e-05,0.0001266448525711894,7.771581294946373e-05,7.295086834346876e-05,3.483544787741266e-05,8.866751159075648e-05,6.323259003693238e-05,5.215939017944038e-05,7.382720650639385e-05,0.00010183580889133736,4.4492062443168834e-05,5.42386005690787e-05,4.255453677615151e-05,0.0001312213862547651,8.043606067076325e-05,5.426524512586184e-05,5.2509385568555444e-05,6.378513353411108e-05,8.439089288003743e-05,5.3117924835532904e-05,5.6968747230712324e-05
4100,0.0006345909787341952,0.0008627454517409205,0.0001796404249034822,0.00010925450624199584,0.00014260970056056976,0.00015489540237467736,0.0001630491897230968,0.00015214551240205765,0.0001838113967096433,0.00016029723337851465,0.00020890829910058528,9.446413605473936e-05,0.00012365172733552754,0.00015014263044577092,0.0001536605996079743,0.00010225515870843083,0.00013424296048469841,0.00018459655984770507,9.810155461309478e-05,3.562118217814714e-05,7.034553709672764e-05,0.00011909827298950404,8.073991921264678e-05,0.00012040005094604567,7.297353295143694e-05,4.314179750508629e-05,6.844237941550091e-05,5.4686188377672806e-05,0.0001119493754231371,8.802011143416166e-05,9.627974941395223e-05,8.618778520030901e-05,6.945395580260083e-05,5.169471478438936e-05,6.936759746167809e-05,9.464619506616145e-05,5.1091912609990686e-05,7.64845244702883e-05,7.70630213082768e-05,3.0201781555661e-05,5.4803360399091616e-05,5.626912752632052e-05,4.1451272409176454e-05,7.202115375548601e-05,5.093310392112471e-05,8.775700553087518e-05,4.371762042865157e-05,5.8001227444037795e-05,3.675099287647754e-05,3.373015351826325e-05
4200,0.0006531092803925276,0.000589210947509855,0.00012652852456085384,0.0001399780303472653,0.00013753089297097176,7.830490358173847e-05,0.00012708749272860587,0.00017026750720106065,0.00012751035683322698,0.00010788555664476007,0.00011263856140431017,9.931966633303091e-05,8.452458860119805e-05,0.0001335469860350713,6.40878570266068e-05,5.489608520292677e-05,7.473686127923429e-05,0.00011582181468838826,0.00016528779815416783,0.00010780904267448932,5.7174605899490416e-05,8.555128442822024e-05,6.908790965098888e-05,9.920648153638467e-05,0.00011501050903461874,5.320799755281769e-05,5.4496977099915966e-05,6.247913552215323e-05,7.634440407855436e-05,4.635367440641858e-05,0.0001078474015230313,8.850351150613278e-05,5.102372233523056e-05,4.02847581426613e-05,7.06566934240982e-05,3.74760857084766e-05,5.87059766985476e-05,4.85189666505903e-05,8.903840353013948e-05,6.516835856018588e-05,4.95775202580262e-05,4.577870640787296e-05,4.596028884407133e-05,5.7817720517050475e-05,4.540835288935341e-05,5.811704249936156e-05,7.845859363442287e-05,5.3864449000684544e-05,4.5420078095048666e-05,5.3358122386271134e-05
4300,0.0009293262264691293,0.0005642292671836913,0.00014837222988717258,0.00011865228589158505,0.00021674619347322732,8.31222059787251e-05,0.00020379674970172346,0.0001964541879715398,0.00012226511898916215,8.798080671112984e-05,0.00012111525575164706,0.00011808978888439015,0.00017790618585422635,0.0001862934441305697,5.8788718888536096e-05,8.41795263113454e-05,0.00015126630023587495,0.00010291698708897457,8.194023394025862e-05,7.741090666968375e-05,6.649212446063757e-05,8.09474295238033e-05,7.379961607512087e-05,7.712057413300499e-05,6.823174771852791e-05,4.1980827518273145e-05,5.0773884140653536e-05,3.580100747058168e-05,0.00010886890959227458,5.6406392104690894e-05,9.116010915022343e-05,0.00016047693497966975,5.1579401770140976e-05,7.346517668338493e-05,6.773192581022158e-05,4.005903610959649e-05,5.4196476412471384e-05,0.00011801942309830338,6.603474321309477e-05,4.132974208914675e-05,5.0795064453268424e-05,3.9275830204132944e-05,4.251416612532921e-05,6.389294867403805e-05,4.169009844190441e-05,5.160490400157869e-05,6.262745591811836e-05,0.00010396033030701801,5.738595427828841e-05,4.5921115088276565e-05
4400,0.0005929586477577686,0.0006256853812374175,9.956126450560987e-05,0.00011514238576637581,0.00011108048056485131,0.00013514420425053686,0.0001307910424657166,0.00011796261969720945,0.00017143860168289393,0.00011987001198576763,0.0001922973751788959,7.838857709430158e-05,0.00010815450514201075,0.0001445978705305606,5.678355955751613e-05,0.00010667306196410209,0.0001246167958015576,0.00016417985898442566,9.822512220125645e-05,5.336511821951717e-05,8.497516682837158e-05,7.524294051108882e-05,7.338107388932258e-05,9.368737664772198e-05,7.812876719981432e-05,4.203140997560695e-05,5.8185360103379935e-05,4.988025102647953e-05,7.375231507467106e-05,3.821747668553144e-05,7.762579480186105e-05,7.31703985366039e-05,7.62704003136605e-05,5.937560126767494e-05,6.921785097802058e-05,4.129916487727314e-05,5.7859124353853986e-05,6.2923165387474e-05,5.162052548257634e-05,3.58917131961789e-05,5.0648330216063187e-05,4.966629057889804e-05,7.159768574638292e-05,6.669411231996492e-05,4.194341818219982e-05,7.977840141393244e-05,4.386853106552735e-05,7.336304406635463e-05,4.594259735313244e-05,4.439405529410578e-05
4500,0.0007339477306231856,0.0006106611690483987,0.00011674028792185709,0.0001496626646257937,0.00012837216490879655,8.78192950040102e-05,0.00016430973482783884,0.00013861559273209423,0.00012206452811369672,0.00010866073716897517,0.00011348931730026379,0.0001093419487006031,0.00011845774861285463,0.00016470291302539408,5.392370076151565e-05,5.3683193982578814e-05,0.00011634640395641327,0.00013158454385120422,0.00011159003770444542,6.890748773002997e-05,6.579982436960563e-05,7.628022285643965e-05,6.512559775728732e-05,7.193431520136073e-05,0.00010140499944100156,4.796859866473824e-05,5.2076073188800365e-05,6.759841198800132e-05,0.00014673732221126556,4.7242279833881184e-05,0.00011362973600625992,8.938412793213502e-05,4.768367580254562e-05,5.1301591156516224e-05,7.485815149266273e-05,3.336249938001856e-05,4.704865932581015e-05,7.988660945557058e-05,8.898866508388892e-05,9.018108539748937e-05,6.260436930460855e-05,4.103735773242079e-05,3.9015565562294796e-05,7.504899258492514e-05,6.591226701857522e-05,3.416281469981186e-05,6.749587191734463e-05,6.082135223550722e-05,4.909191920887679e-05,6.658625352429226e-05
4600,0.00047501566587015986,0.0005120960413478315,0.00010488022962817922,8.997412078315392e-05,0.00010211857443209738,8.419073128607124e-05,0.0001250293425982818,0.0001071570222848095,0.0001140550957643427,0.00010189910244662315,0.00010518668568693101,6.911658419994637e-05,9.088026854442433e-05,9.950292587745935e-05,6.122650665929541e-05,5.57703897356987e-05,9.249046706827357e-05,0.00010946432303171605,0.00013600462989415973,3.430509241297841e-05,6.338775710901245e-05,7.902600918896496e-05,7.837228622520342e-05,9.48452579905279e-05,0.0001079138892237097,3.369004843989387e-05,6.352875789161772e-05,4.184207500657067e-05,7.171642209868878e-05,3.160258347634226e-05,7.099276263033971e-05,9.492059325566515e-05,7.630475738551468e-05,3.128892421955243e-05,5.7734221627470106e-05,4.0382503357250243e-05,4.0220846130978316e-05,7.219437975436449e-05,6.954460695851594e-05,4.5208238589111716e-05,4.7504567191936076e-05,3.5278186260256916e-05,4.1298761061625555e-05,4.0581595385447145e-05,3.836704127024859e-05,4.060849823872559e-05,3.568957617972046e-05,5.877678995602764e-05,3.3795469789765775e-05,4.456323949852958e-05
4700,0.000512930448167026,0.0005563574959523976,0.0001629713806323707,8.544528827769682e-05,9.744874841999263e-05,7.790153904352337e-05,0.00011930698383366689,9.868507186183706e-05,0.0001291527005378157,0.00011239630839554593,0.00011521182022988796,7.05326528986916e-05,7.817235746188089e-05,0.00010366506467107683,8.470899774692953e-05,6.60480436636135e-05,9.595859592081979e-05,0.00011206273484276608,0.00015305225679185241,5.494157812790945e-05,5.752498691435903e-05,0.00011915585491806269,7.013209688011557e-05,7.728065247647464e-05,6.819310510763898e-05,4.7149136662483215e-05,5.094414154882543e-05,6.065439083613455e-05,9.922077151713893e-05,3.399958222871646e-05,6.355984078254551e-05,7.043841469567269e-05,7.365414057858288e-05,4.24277204729151e-05,5.851947935298085e-05,7.585378625662997e-05,4.5458356908056885e-05,5.446814247989096e-05,9.060470620170236e-05,4.4855347368866205e-05,4.601387263392098e-05,3.6887333408230916e-05,3.781536725000478e-05,5.87181348237209e-05,4.209871985949576e-05,3.816017851931974e-05,7.335916598094627e-05,6.368399044731632e-05,4.5030250475974753e-05,4.714653914561495e-05
4800,0.0004961208323948085,0.0005113614024594426,0.00014139097766019404,9.149077959591523e-05,0.00010060605563921854,7.242082210723311e-05,0.00012940572923980653,0.00011026642459910363,0.00012208547559566796,8.696130680618808e-05,0.00011326785897836089,7.191726035671309e-05,9.472409874433652e-05,9.647194383433089e-05,6.13124793744646e-05,5.738099571317434e-05,8.398896898142993e-05,9.808300092117861e-05,9.474570833845064e-05,5.404896364780143e-05,6.405876047210768e-05,6.100654718466103e-05,5.5222259106813e-05,7.213829667307436e-05,6.579009641427547e-05,3.7867328501306474e-05,5.1414808694971725e-05,6.095983553677797e-05,8.475935464957729e-05,4.126315252506174e-05,8.116072422126308e-05,8.213271212298423e-05,4.398082819534466e-05,5.139103814144619e-05,5.556015457841568e-05,5.0407732487656176e-05,4.0507267840439454e-05,6.425313040381297e-05,5.534631054615602e-05,6.050575393601321e-05,5.348495324142277e-05,3.2980871765175834e-05,3.0006400265847333e-05,5.825061452924274e-05,7.050677231745794e-05,4.650555638363585e-05,3.944395575672388e-05,8.003864058991894e-05,4.0764363802736625e-05,3.616945832618512e-05
4900,0.0004934166790917516,0.0007316603441722691,0.00012745099957101047,0.00010949476563837379,0.00016691080236341804,9.021938603837043e-05,0.00011777640611398965,0.0001384617353323847,0.00014673045370727777,0.00011217025166843086,0.00014176849799696356,7.87164390203543e-05,0.00013300467981025577,0.0001341036695521325,8.375247125513852e-05,9.441070142202079e-05,9.011516522150487e-05,0.00014287343947216868,0.00015428574988618493,3.8184181903488934e-05,0.0001024096054607071,8.246415382018313e-05,0.00010208017920376733,0.0001113714388338849,8.7700282165315e-05,5.3389645472634584e-05,5.604718535323627e-05,6.331405165838078e-05,9.030623914441094e-05,6.379671685863286e-05,0.00013853116251993924,8.868031000019982e-05,8.991399954538792e-05,4.2233357817167416e-05,6.163332727737725e-05,3.970607212977484e-05,9.055606642505154e-05,6.624300294788554e-05,8.167896157829091e-05,6.127281085355207e-05,5.265963773126714e-05,5.0909446144942194e-05,3.58170218532905e-05,7.479592750314623e-05,5.178977517061867e-05,4.5778750063618645e-05,7.71639752201736e-05,6.11597643001005e-05,0.0001002547433017753,7.05889324308373e-05
5000,0.0005762738292105496,0.0004440529446583241,0.0001567232102388516,0.00011325915693305433,0.00013606474385596812,8.596569387009367e-05,0.00013828827650286257,0.00012325170973781496,0.00011447240831330419,9.966698416974396e-05,0.00011224061017856002,8.386188710574061e-05,0.00011660972813842818,0.00014034396735951304,6.041517553967424e-05,8.238086593337357e-05,8.420662925345823e-05,9.27669316297397e-05,0.00012526330829132348,3.70912384823896e-05,3.9447251765523106e-05,8.796224574325606e-05,6.288252916419879e-05,0.00016531521396245807,8.368533599423245e-05,4.0780527342576534e-05,6.571407720912248e-05,7.170157186919823e-05,8.547069592168555e-05,6.573734572157264e-05,9.757852967595682e-05,8.844290277920663e-05,5.6468925322405994e-05,0.00011775994789786637,6.333148485282436e-05,3.348525569890626e-05,6.469853542512283e-05,5.252206392469816e-05,5.233997944742441e-05,7.792760152369738e-05,5.0275662943022326e-05,5.0495858886279166e-05,6.857151311123744e-05,6.492411193903536e-05,3.660137008409947e-05,6.70624285703525e-05,5.464237983687781e-05,7.774641562718898e-05,5.639439768856391e-05,6.243396637728438e-05
5100,0.0006913464167155325,0.000954180839471519,0.00016464703367091715,0.000130308631923981,0.00014076758816372603,0.0001511622394900769,0.00012478850840125233,0.00011851316230604425,0.00020439858781173825,0.00015380544937215745,0.00017425775877200067,0.00012775060895364732,9.136157314060256e-05,0.0001223631261382252,0.00012701832747552544,7.855033618398011e-05,9.42923070397228e-05,0.00015975884161889553,0.00019460642943158746,3.706572169903666e-05,9.386613237438723e-05,9.300539386458695e-05,8.81667947396636e-05,0.00011184706818312407,7.899382035247982e-05,6.703859980916604e-05,7.138600631151348e-05,4.317965795053169e-05,0.0001725795737002045,5.199738370720297e-05,0.00012929837976116687,0.0001029042832669802,5.2337472880026326e-05,7.008121610851958e-05,0.00010354027472203597,3.8446181861218065e-05,7.338196883210912e-05,6.684161053271964e-05,6.699554796796292e-05,6.903302710270509e-05,7.300319703062996e-05,6.408106128219515e-05,7.863394421292469e-05,6.284884875640273e-05,6.301084795268252e-05,3.927295620087534e-05,5.9369551308918744e-05,6.010955621604808e-05,5.701404370483942e-05,7.21201067790389e-05
5200,0.0005556558026000857,0.0005027009756304324,0.0001399021130055189,0.00011545384768396616,0.0001651930360822007,0.00011303093197057024,0.00015156307199504226,0.0001638179091969505,0.00012053173122694716,0.00011240260937483981,0.0001228016335517168,7.708773773629218e-05,0.00016102890367619693,0.00015014653035905212,5.083674841444008e-05,6.309025775408372e-05,0.00010721877333708107,0.0001084365212591365,0.0001287449267692864,4.979998993803747e-05,5.9038873587269336e-05,7.347269274760038e-05,7.49750470276922e-05,7.56626104703173e-05,8.64477624418214e-05,4.312319288146682e-05,5.476536898640916e-05,9.979559399653226e-05,7.016227027634159e-05,5.7117777032544836e-05,0.00010040654888143763,7.45262805139646e-05,5.2547198720276356e-05,3.860126162180677e-05,5.858382792212069e-05,9.903789032250643e-05,6.638161721639335e-05,6.608071271330118e-05,8.412484748987481e-05,4.917568730888888e-05,5.712184793082997e-05,3.434541213209741e-05,7.25215213606134e-05,6.515696441056207e-05,4.951231676386669e-05,6.534859858220443e-05,6.968314119149e-05,4.82747309433762e-05,4.1415696614421904e-05,7.439323962898925e-05
