step,channel_1303,channel_4789,channel_2531,channel_2997,channel_964,channel_3825,channel_1302,channel_4015,channel_4667,channel_2922,channel_2443,channel_997,channel_1993,channel_3276,channel_3168,channel_3264,channel_2802,channel_2678,channel_1876,channel_367,channel_2548,channel_1584,channel_227,channel_2138,channel_2228,channel_4712,channel_270,channel_2237,channel_70,channel_1912,channel_1281,channel_2492,channel_335,channel_2296,channel_4086,channel_3113,channel_2845,channel_904,channel_3774,channel_2477,channel_4036,channel_182,channel_4788,channel_1372,channel_3669,channel_4116,channel_489,channel_4303,channel_1982,channel_1110
0,0.0006403143634088337,0.0006366346497088671,0.00046849570935592055,0.0004268252814654261,0.0004193969944026321,0.00041490732110105455,5.015987699152902e-05,0.0003903507604263723,0.0003821055870503187,0.00018766206630971283,0.00037190207513049245,0.00036887836176902056,7.053159788483754e-05,0.00035205253516323864,0.0003519691526889801,0.00035082848626188934,0.0003492075193207711,7.170763274189085e-05,0.000344838947057724,8.4595667431131e-05,0.00033173870178870857,0.0003297973016742617,9.86433879006654e-05,0.0003082535695284605,4.395298310555518e-05,0.0003055435954593122,8.845276170177385e-05,0.00011683443881338462,0.00010235601075692102,0.00029799644835293293,9.860408317763358e-05,0.00028829980874434114,0.00010297817061655223,0.0002778454218059778,0.0002768587146420032,0.00017357151955366135,8.305698429467157e-05,0.00012685991532634944,0.0002686572552192956,0.0002663057530298829,0.00018378156528342515,0.00010949314309982583,0.0002597995335236192,0.0002577043487690389,1.979339140234515e-05,0.00025647689471952617,0.0002563276211731136,0.000253846897976473,0.00012809313193429261,0.00018515887495595962
100,0.0001218468532897532,0.0001150245443568565,8.310767589136958e-05,6.856030086055398e-05,7.494859892176464e-05,0.00013553706230595708,5.3652758651878685e-05,7.25134159438312e-05,6.052497701602988e-05,0.0002200159360654652,3.3234904549317434e-05,0.00017506319272797555,0.0003539254830684513,6.651809235336259e-05,4.912131407763809e-05,5.6537650380050763e-05,0.00010200820543104783,0.00022964017989579588,5.698165841749869e-05,0.00033580660237930715,7.726056355750188e-05,6.47926572128199e-05,0.0003254275943618268,0.00015957088908180594,0.0003059000591747463,9.217979095410556e-05,0.0003055343695450574,0.0003038249851670116,0.00030218614847399294,5.999402128509246e-05,0.00016486019012518227,4.9397382099414244e-05,0.0001883919321699068,7.9793666373007e-05,4.516104672802612e-05,0.00022378891299013048,0.0002592543896753341,0.00023123028222471476,4.7268422349588946e-05,6.870570359751582e-05,0.00019321207946632057,0.00018915027612820268,6.585309893125668e-05,6.428820779547095e-05,7.130319136194885e-05,5.009901724406518e-05,0.00013804915943183005,4.154823545832187e-05,0.0001490992435719818,0.00024073482200037688
200,9.166610107058659e-05,0.0001353708648821339,8.791775326244533e-05,4.0065147913992405e-05,9.857943223323673e-05,0.00014022222603671253,6.371495692292228e-05,9.011644579004496e-05,0.00010349851800128818,0.0001657982647884637,7.755095430184156e-05,0.00016057176981121302,0.00017832536832429469,3.874831600114703e-05,5.378427522373386e-05,5.025678547099233e-05,5.8001503930427134e-05,0.00034484901698306203,4.3287520384183154e-05,4.538997745839879e-05,5.627443897537887e-05,4.440995689947158e-05,0.00010873997234739363,9.226200927514583e-05,6.823546573286876e-05,7.890815322753042e-05,4.391947004478425e-05,0.00018519240256864578,0.00015354208881035447,6.08600712439511e-05,0.0002283693611389026,5.460102329379879e-05,0.0002818601788021624,4.779156006406993e-05,3.383829607628286e-05,0.0002091498172376305,0.0002756061148829758,0.0002695747825782746,8.592801168560982e-05,6.757637311238796e-05,0.0001689009804977104,0.00024031984503380954,8.677878213347867e-05,5.874406997463666e-05,4.428236206877045e-05,6.660672079306096e-05,0.000218198198126629,5.4789627029094845e-05,0.0002536927640903741,0.0001934247848112136
300,0.00011521844862727448,6.10007336945273e-05,7.143196125980467e-05,4.582132532959804e-05,6.764356658095494e-05,0.00015154859283939004,5.847204738529399e-05,6.213560118339956e-05,6.898872379679233e-05,0.00038139327079989016,3.963592098443769e-05,0.00030740725924260914,0.00022839508892502636,8.227654325310141e-05,5.1563805754994974e-05,8.005512790987268e-05,0.00010012840357376263,0.00020379910711199045,4.692686707130633e-05,5.167353083379567e-05,0.00010476842726347968,5.194698314880952e-05,6.511090032290667e-05,0.0001132540128310211,6.532294355565682e-05,8.328032708959654e-05,5.987309850752354e-05,0.00027343013789504766,0.00023347885871771723,7.344030746025965e-05,0.00029459281358867884,5.847390275448561e-05,0.00018767704023048282,5.853635957464576e-05,5.562352453125641e-05,0.00019622169202193618,0.00021246659161988646,0.00021077950077597052,6.071428651921451e-05,7.168838055804372e-05,0.00026557891396805644,0.0002613113902043551,6.004224269418046e-05,5.377796333050355e-05,8.597953274147585e-05,5.453333869809285e-05,0.00016164578846655786,5.9010384575231e-05,0.00015965659986250103,0.0002506225137040019
400,3.664615724119358e-05,3.427838237257674e-05,5.193414108362049e-05,2.6445155526744202e-05,4.641886698664166e-05,0.0001036606845445931,2.73522746283561e-05,3.6695171729661524e-05,3.032342647202313e-05,9.83860736596398e-05,2.496055640222039e-05,8.570889622205868e-05,0.00010319517605239525,2.8545200621010736e-05,3.228479909012094e-05,2.4870672859833576e-05,5.571264409809373e-05,0.00015137276204768568,2.960348683700431e-05,2.3676944692851976e-05,3.547747110133059e-05,4.084361353307031e-05,3.703319453052245e-05,7.135543273761868e-05,2.399868390057236e-05,4.153771078563295e-05,2.9633565645781346e-05,0.00012985142529942095,0.00011443944094935432,3.313343404443003e-05,7.784795889165252e-05,2.0039906303281896e-05,0.00014224123151507229,2.0609439161489718e-05,3.570615081116557e-05,0.00012648013944271952,7.535361510235816e-05,0.00011195898696314543,2.338739977858495e-05,2.6361636628280394e-05,9.181706263916567e-05,8.019788947422057e-05,2.509747355361469e-05,2.1335215933504514e-05,2.207989564340096e-05,2.852208308468107e-05,8.094159420579672e-05,2.7824069547932595e-05,0.00010827917139977217,0.00018476395052857697
500,3.427839692449197e-05,2.84329398709815e-05,3.792655115830712e-05,1.9732086002477445e-05,2.054624019365292e-05,0.00013318310084287077,2.236028012703173e-05,7.914436719147488e-05,4.232074206811376e-05,0.0001244871091330424,2.021854743361473e-05,8.035916835069656e-05,8.351235737791285e-05,2.1190795450820588e-05,2.091318128805142e-05,2.788275378406979e-05,3.137012754450552e-05,0.00010061763896374032,1.9856664948747493e-05,2.897029662563e-05,3.277895666542463e-05,2.16400276258355e-05,3.230226502637379e-05,5.065388177172281e-05,2.423225305392407e-05,3.618542541516945e-05,2.5867504518828355e-05,0.00010095592733705416,9.54443312366493e-05,2.575099642854184e-05,0.00010705087333917618,2.279658474435564e-05,0.00010304834722774103,3.144145375699736e-05,2.1895220925216563e-05,0.00013165301061235368,8.336239261552691e-05,9.040550503414124e-05,2.0379120542202145e-05,3.271978494012728e-05,7.400407048407942e-05,8.350492862518877e-05,5.060896364739165e-05,2.1084621039335616e-05,2.810276419040747e-05,2.9392909709713422e-05,7.323381578316912e-05,2.112295806000475e-05,8.383056410821155e-05,0.00012079572479706258
600,2.8402913812897168e-05,3.6775236367248e-05,2.5515617380733602e-05,3.487544017843902e-05,3.197267869836651e-05,7.213269418571144e-05,2.6590514607960358e-05,3.653009480331093e-05,3.101651600445621e-05,0.00012293081090319902,1.673641054367181e-05,9.148684330284595e-05,9.450691868551075e-05,2.6815443561645225e-05,4.5887903979746625e-05,2.7150539608555846e-05,3.671627564472146e-05,0.00010993554315064102,2.8008667868562043e-05,3.1060986657394096e-05,4.0725150029174984e-05,1.866696220531594e-05,3.916459536412731e-05,5.963696094113402e-05,2.3941007384564728e-05,2.9670685762539506e-05,3.348448080942035e-05,0.00010170484165428206,0.00010439701873110607,3.272672256571241e-05,7.970977458171546e-05,4.007880124845542e-05,0.000100813849712722,3.2888990972423926e-05,2.6863137463806197e-05,0.00010891450074268505,9.046355989994481e-05,0.00010123453830601647,2.907113048422616e-05,4.597494989866391e-05,9.261848026653752e-05,0.00010421837941976264,3.7686284485971555e-05,2.2352773157763295e-05,2.8861233658972196e-05,1.8465385437593795e-05,6.751470937160775e-05,2.014136771322228e-05,8.490758773405105e-05,0.00010835862485691905
700,2.6863197490456514e-05,3.151505734422244e-05,3.087833465542644e-05,2.5262796043534763e-05,5.8392510254634544e-05,6.724255945300683e-05,3.0107983548077755e-05,3.746257061720826e-05,2.9626075047417544e-05,0.00010862230556085706,2.8197609935887158e-05,9.983934432966635e-05,0.0001399603788740933,3.765668589039706e-05,3.869228748953901e-05,3.2754844141891226e-05,3.442727029323578e-05,0.00013633763592224568,2.8380412913975306e-05,6.859158020233735e-05,3.337925227242522e-05,2.7832958949147724e-05,3.864434620481916e-05,6.50914225843735e-05,3.40138612955343e-05,3.6057372199138626e-05,3.097800799878314e-05,9.200663771480322e-05,9.682954987511039e-05,2.7649930416373536e-05,8.918172534322366e-05,3.4857610444305465e-05,0.00010271141945850104,2.7049891286878847e-05,2.608547220006585e-05,0.00013537544873543084,7.935915346024558e-05,0.00014875855413265526,2.280998887727037e-05,3.080891110585071e-05,0.00011637284478638321,0.0001055425891536288,5.1579590945038944e-05,4.680156416725367e-05,3.236296834074892e-05,4.544364855973981e-05,0.00010927001130767167,2.2605276171816513e-05,8.932594209909439e-05,0.00016568075807299465
800,2.90624811896123e-05,5.4749059927416965e-05,3.0845258152112365e-05,2.0979468899895437e-05,4.0635972254676744e-05,0.00011155304673593491,3.70233719877433e-05,4.551359234028496e-05,3.530704270815477e-05,9.546054934617132e-05,2.0949308236595243e-05,9.892044909065589e-05,0.0001561227545607835,2.780850263661705e-05,2.871547440008726e-05,3.6860827094642445e-05,4.1762232285691425e-05,0.00012591475388035178,3.522889892337844e-05,2.2254884243011475e-05,3.365124575793743e-05,2.215971653640736e-05,2.7702915758709423e-05,0.00010334962280467153,4.108165740035474e-05,7.259433186845854e-05,3.878380812238902e-05,0.00016336004773620516,0.00010402610496385023,3.218855272280052e-05,8.37584157125093e-05,2.2654026906820945e-05,0.00010268222104059532,2.16764492506627e-05,2.8002057661069557e-05,0.00011604718019952998,8.128055924316868e-05,0.0001332184619968757,2.6750449251267128e-05,3.347194433445111e-05,0.00011508075840538368,0.0001456119935028255,3.1477185984840617e-05,2.425170168862678e-05,2.4108185243676417e-05,1.817574775486719e-05,0.0001523234386695549,2.1017669496359304e-05,8.071322372416034e-05,0.0001098532957257703
900,4.790645107277669e-05,5.387041164794937e-05,2.762708936643321e-05,1.848650208557956e-05,3.1269311875803396e-05,0.00011694843851728365,2.5246115910704248e-05,3.80258570658043e-05,2.9004926545894705e-05,0.00011672763503156602,2.5404799089301378e-05,0.00012815758236683905,8.865280688041821e-05,2.235843385278713e-05,2.4073373424471356e-05,2.1399051547632553e-05,3.074058622587472e-05,9.140255133388564e-05,1.8823719074134715e-05,2.9973723940202035e-05,4.0603474189992994e-05,2.056744779110886e-05,2.7881238565896638e-05,4.6416083932854235e-05,2.658437006175518e-05,4.7301207814598456e-05,2.9827266189386137e-05,9.911509550875053e-05,9.115559078054503e-05,2.214713276771363e-05,6.867242336738855e-05,2.3133250579121523e-05,9.429578494746238e-05,1.793856790754944e-05,2.425805723760277e-05,8.548971527488902e-05,9.32884868234396e-05,0.00015160250768531114,1.9423910998739302e-05,2.4671990104252473e-05,0.000113649271952454,8.365957910427824e-05,2.6381119823781773e-05,2.517752545827534e-05,2.4576842406531796e-05,2.830886842275504e-05,7.66991579439491e-05,2.4716395273571834e-05,0.000135719237732701,9.658479393692687e-05
1000,3.261691745137796e-05,3.180665589752607e-05,3.922825999325141e-05,3.305234349681996e-05,2.7695843527908437e-05,9.302789840148762e-05,6.1948892835062e-05,3.967222073697485e-05,2.9493949114112183e-05,8.814307511784136e-05,2.0654493710026145e-05,9.731221507536247e-05,0.00010785258200485259,4.185824582236819e-05,4.213523425278254e-05,2.8336555260466412e-05,4.6751101763220504e-05,0.00014249571540858597,2.233462146250531e-05,2.578607018222101e-05,2.9899236324126832e-05,2.891102121793665e-05,2.208559999417048e-05,6.910707452334464e-05,8.53662786539644e-05,3.2271924283122644e-05,7.980666850926355e-05,8.440595411229879e-05,9.085413330467418e-05,3.3456275559728965e-05,7.396203000098467e-05,1.985838753171265e-05,0.0001222910505020991,2.2590404114453122e-05,3.057593130506575e-05,9.665393008617684e-05,7.940293289721012e-05,9.701387898530811e-05,2.51269229920581e-05,2.784597199934069e-05,9.704756666906178e-05,0.00016774496180005372,3.9781807572580874e-05,2.145316102541983e-05,4.083860039827414e-05,2.7149317247676663e-05,8.729946421226487e-05,2.5542049115756527e-05,9.957642032532021e-05,0.00010385585483163595
1100,4.6822515287203714e-05,2.5724804800120182e-05,3.773866774281487e-05,2.5644112611189485e-05,1.7816591935115866e-05,0.00013135427434463054,3.7109693948877975e-05,2.9368571631493978e-05,2.9852895750082098e-05,0.00010470013512531295,1.5601282939314842e-05,8.50586366141215e-05,9.254016185877845e-05,4.224495205562562e-05,2.5349081624881364e-05,2.269479591632262e-05,3.2715815905248746e-05,9.52474438236095e-05,3.1859060982242227e-05,2.7014733859687112e-05,3.3198288292624056e-05,2.5261728296754882e-05,3.156465390929952e-05,6.021597801009193e-05,3.4295644582016394e-05,3.2250020012725145e-05,3.2002553780330345e-05,9.11971801542677e-05,0.00011092715431004763,3.6689754779217765e-05,7.141938840504736e-05,3.222897430532612e-05,0.0001500831131124869,2.7268300982541405e-05,2.1354831915232353e-05,0.0001345639320788905,8.287890523206443e-05,8.540861017536372e-05,2.0335783119662665e-05,2.907933412643615e-05,0.00010868151730392128,7.510470459237695e-05,3.4838096325984225e-05,2.0710209355456755e-05,2.6811692805495113e-05,2.3993336071725935e-05,7.391240069409832e-05,2.239863169961609e-05,7.753063982818276e-05,0.0001972513709915802
1200,5.143591624801047e-05,4.920972787658684e-05,3.7907408113824204e-05,2.4596185539849102e-05,3.28485039062798e-05,7.371769606834278e-05,0.0004133439506404102,3.822275539278053e-05,2.6224062821711414e-05,0.00014341359201353043,2.0395968022057787e-05,8.733081631362438e-05,0.0001108626092900522,2.5774847017601132e-05,2.2447849914897233e-05,2.8242124244570732e-05,5.9812657127622515e-05,0.00011611859372351319,2.935248085123021e-05,8.066576992860064e-05,2.251005389553029e-05,3.360370101290755e-05,7.2439645009581e-05,4.215878288960084e-05,3.193098382325843e-05,4.942909436067566e-05,3.0336053896462545e-05,0.00011465942952781916,0.00011744318908313289,2.4931903681135736e-05,9.932650573318824e-05,2.2834230549051426e-05,0.00014746867236681283,2.1989802917232737e-05,2.8324728191364557e-05,0.00016936339670792222,0.00010415602446300909,9.293784387409687e-05,3.429761636652984e-05,2.4257751647382975e-05,7.50225517549552e-05,9.833172953221947e-05,3.779784310609102e-05,2.1523688701563515e-05,0.00025730699417181313,3.491112875053659e-05,8.075597725110129e-05,3.4781482099788263e-05,0.00012538617011159658,0.00011276581062702462
1300,3.207931877113879e-05,2.7335321647115052e-05,2.9011247534072027e-05,2.0830957510042936e-05,2.3708800654276274e-05,7.057400944177061e-05,3.1386534828925505e-05,3.894129258696921e-05,2.6791978598339483e-05,8.728464308660477e-05,2.279772343172226e-05,9.215604222845286e-05,0.00012565538054332137,2.5426321371924132e-05,2.1255142200971022e-05,2.4869519620551728e-05,3.1845615012571216e-05,0.00020380858040880412,2.4192966520786285e-05,1.979883381864056e-05,2.7509975552675314e-05,2.562979716458358e-05,2.6085008357767947e-05,4.664363223128021e-05,2.2181564418133348e-05,3.035078952962067e-05,2.9840455681551248e-05,9.248910646419972e-05,0.00010519662464503199,2.55496797763044e-05,8.555252134101465e-05,3.1627485441276804e-05,8.827328565530479e-05,2.3765074729453772e-05,2.2135220206109807e-05,0.00011413843458285555,7.729870412731543e-05,8.508250175509602e-05,2.2716170860803686e-05,2.5344665118609555e-05,7.335741247516125e-05,0.00010435942385811359,2.322816726518795e-05,2.4839862817316316e-05,2.251702062494587e-05,3.8798367313575e-05,0.0001438891631551087,2.575859434728045e-05,0.00015766975411679596,0.00011140192509628832
1400,4.018187246401794e-05,3.859482967527583e-05,3.402864240342751e-05,1.9352402887307107e-05,2.9943486879346892e-05,6.013507299940102e-05,3.144439324387349e-05,3.3742420782800764e-05,2.6377631002105772e-05,9.87112580332905e-05,3.011502485605888e-05,0.00011202534369658679,8.708231325726956e-05,2.2778622223995626e-05,2.2397378415917046e-05,2.239166497020051e-05,4.520954826148227e-05,9.775027865543962e-05,2.6858659111894667e-05,2.773536107270047e-05,3.294682755949907e-05,3.331700281705707e-05,2.8316526368143968e-05,5.4494888900080696e-05,2.9632954465341754e-05,3.037471469724551e-05,2.4093498723232187e-05,0.00011062407429562882,9.365329606225714e-05,2.1882264263695106e-05,8.729050023248419e-05,2.228997072961647e-05,0.00012346598668955266,2.128938831447158e-05,3.1600553484167904e-05,0.0002761423238553107,7.61813935241662e-05,8.139896090142429e-05,2.373981988057494e-05,2.4595585273345932e-05,8.248219091910869e-05,8.365440589841455e-05,3.818181357928552e-05,3.120270048384555e-05,2.1862379071535543e-05,2.8343205485725775e-05,7.730866491328925e-05,1.9683715436258353e-05,9.450762445339933e-05,9.589313413016498e-05
1500,2.3492297259508632e-05,4.703318336396478e-05,2.856711762433406e-05,2.7336096536600962e-05,2.9057877327431925e-05,8.823092503007501e-05,2.1549363736994565e-05,3.6358804209157825e-05,3.767256566789001e-05,0.00010481860226718709,2.681642581592314e-05,9.738559310790151e-05,0.00010444742656545714,2.072359529847745e-05,4.8790680011734366e-05,2.594517900433857e-05,3.734952042577788e-05,9.997696179198101e-05,1.958348548214417e-05,2.4916349502746016e-05,3.7445122870849445e-05,2.1932217350695282e-05,2.3824946765671484e-05,6.874673999845982e-05,2.6981082555721514e-05,3.38169775204733e-05,3.7410318327602e-05,0.00010699457925511524,7.8566801676061e-05,2.6465322662261315e-05,8.187325147446245e-05,3.0238812541938387e-05,9.68922977335751e-05,3.372592618688941e-05,2.415009839751292e-05,0.00011286645894870162,0.00010066705726785585,0.00010055108577944338,3.162864231853746e-05,2.955296622531023e-05,9.727184806251898e-05,0.00011267049558227882,3.285935235908255e-05,3.7070291000418365e-05,2.1873425794183277e-05,2.0149020201642998e-05,6.848930206615478e-05,1.9610906747402623e-05,9.029830107465386e-05,0.00012719040387310088
1600,4.817583248950541e-05,3.075231143156998e-05,3.6552006349666044e-05,2.4237984689534642e-05,2.8641698008868843e-05,9.388218313688412e-05,2.5837171051534824e-05,4.0174309106078e-05,2.7737673008232377e-05,0.00015690451255068183,2.6241366867907345e-05,7.965465192683041e-05,0.00010238640970783308,4.637796155293472e-05,3.0156883440213278e-05,2.681135811144486e-05,3.0040946512599476e-05,0.00010685105371521786,3.6059489502804354e-05,2.727916398725938e-05,3.244938488933258e-05,3.4677741496125236e-05,3.098640445386991e-05,4.709268978331238e-05,3.577830284484662e-05,3.303206176497042e-05,3.298820956842974e-05,8.49965654197149e-05,9.040878649102524e-05,3.276730058132671e-05,9.82718775048852e-05,2.0488101654336788e-05,0.00010509724233997986,3.463195025688037e-05,2.618972212076187e-05,8.765578968450427e-05,7.960115181049332e-05,0.00010069505515275523,1.9525703464751132e-05,2.3849235731177032e-05,9.957177098840475e-05,8.645425259601325e-05,2.4928189304773696e-05,2.5542833100189455e-05,3.0203655114746653e-05,1.983263973670546e-05,9.235837205778807e-05,1.9168715880368836e-05,9.54325805651024e-05,0.00016153111937455833
1700,2.8989546990487725e-05,2.649043199198786e-05,2.854842387023382e-05,2.1213811123743653e-05,4.872013596468605e-05,8.839633665047586e-05,3.113390630460344e-05,5.12240658281371e-05,3.2453117455588654e-05,0.00011231810640310869,2.227199547633063e-05,9.655181202106178e-05,0.00011638120486168191,3.053582622669637e-05,3.088961966568604e-05,2.9903059839853086e-05,4.3715015635825694e-05,0.00010625896538840607,2.4000486519071274e-05,2.4035638489294797e-05,3.0656596209155396e-05,2.1474595996551216e-05,2.4993627448566258e-05,4.7169312892947346e-05,4.9656879127724096e-05,3.307255610707216e-05,3.3542026358190924e-05,0.00011052374611608684,0.00011139371781609952,5.037718074163422e-05,8.211671956814826e-05,2.7041332941735163e-05,0.00011394749162718654,2.4517643396393396e-05,2.546406540204771e-05,0.0001430303673259914,8.837988571031019e-05,0.00011097519745817408,2.7201464035897516e-05,3.205363464076072e-05,0.00010698090773075819,0.00012069765944033861,3.6705267120851204e-05,4.9073772970587015e-05,2.9821118005202152e-05,2.60069064097479e-05,0.00010587966244202107,2.4672088329680264e-05,8.008071745280176e-05,9.660171781433746e-05
1800,2.356716140639037e-05,3.3635955333011225e-05,2.8962374926777557e-05,2.0181430954835378e-05,3.129342076135799e-05,6.181222124723718e-05,4.395482028485276e-05,3.427244882914238e-05,3.6207758967066184e-05,0.0001950783043866977,2.280314038216602e-05,9.309976303484291e-05,9.27420987864025e-05,2.518032124498859e-05,2.6908428480965085e-05,2.687076266738586e-05,2.9492359317373484e-05,9.557823068462312e-05,2.7038695407100022e-05,2.918466088885907e-05,2.795090404106304e-05,2.6854702809941955e-05,5.480290565174073e-05,6.468463834607974e-05,2.9574064683401957e-05,5.746947499574162e-05,3.6551442462950945e-05,0.00019255289225839078,9.630287968320772e-05,2.6774250727612525e-05,0.00011328334949212149,2.5944940716726705e-05,0.00011594383249757811,2.915614277299028e-05,3.022167038579937e-05,9.586267697159201e-05,8.854747284203768e-05,0.00010859396570594981,2.886715628847014e-05,2.5331994038424455e-05,0.00011338075273670256,7.922914664959535e-05,3.279030352132395e-05,2.5614652258809656e-05,2.8868598747067153e-05,2.284674883412663e-05,8.311346027767286e-05,1.9217281078454107e-05,8.236594294430688e-05,0.00010485644452273846
1900,3.0157558285281993e-05,3.279705560998991e-05,3.285056664026342e-05,2.6086869183927774e-05,2.4375007342314348e-05,7.84803632996045e-05,4.932435695081949e-05,3.7342950236052275e-05,3.207241388736293e-05,8.344219531863928e-05,1.8656397514860146e-05,0.0001039964408846572,0.00011630706285359338,2.0381547074066475e-05,4.4600375986192375e-05,2.5452802219660953e-05,2.5470184482401237e-05,0.00010630908946041018,2.7234429580857977e-05,3.624042437877506e-05,4.064663880853914e-05,1.802483711799141e-05,2.423274600005243e-05,5.6690783821977675e-05,3.6645935324486345e-05,5.250437243375927e-05,3.229817230021581e-05,0.00015560378960799426,0.00010084483801620081,4.584509588312358e-05,6.827535253250971e-05,2.72252582362853e-05,8.44001115183346e-05,3.58626784873195e-05,2.2788408386986703e-05,0.00015815476945135742,9.764913556864485e-05,8.849998994264752e-05,2.4099865186144598e-05,4.934333264827728e-05,8.8620072347112e-05,9.170527482638136e-05,4.221530252834782e-05,2.345989014429506e-05,2.6890813387581147e-05,3.693493999890052e-05,9.237912308890373e-05,2.385749940003734e-05,9.205051901517436e-05,0.00010437935270601884
2000,5.8830035413848236e-05,2.9209419153630733e-05,4.771796739078127e-05,1.864823207142763e-05,5.1058050303254277e-05,6.406573083950207e-05,2.9876728149247356e-05,4.592786353896372e-05,4.5054202928440645e-05,0.00011764224473154172,2.4193202989408746e-05,0.00011559582344489172,9.895093535305932e-05,5.7890374591806903e-05,3.4103104553651065e-05,2.4019011107156985e-05,4.9637616029940546e-05,0.00010798407311085612,3.5576402297010645e-05,2.8128815756645054e-05,2.9072563847876154e-05,5.2784809668082744e-05,2.990920802403707e-05,4.887660179520026e-05,5.281637641019188e-05,3.263583857915364e-05,4.052270742249675e-05,9.888540080282837e-05,0.00010180523531744257,3.451558586675674e-05,9.563477942720056e-05,2.370728543610312e-05,0.00011310290574328974,3.353465217514895e-05,3.716663195518777e-05,0.00011258184531470761,8.632171375211328e-05,9.953010885510594e-05,2.8763599402736872e-05,3.2989715691655874e-05,0.00011908951273653656,9.99428957584314e-05,4.213277861708775e-05,2.7031617719330825e-05,2.740391209954396e-05,3.6831705074291676e-05,0.0001278651470784098,1.7812355508795008e-05,0.00012534203415270895,0.00011384363460820168
2100,6.930521340109408e-05,3.567186649888754e-05,3.485451452434063e-05,3.377293251105584e-05,2.930814662249759e-05,7.61656992835924e-05,2.3377440811600536e-05,4.01277829951141e-05,4.2653100535972044e-05,8.880113455234095e-05,3.172588185407221e-05,9.628275438444689e-05,9.312987822340801e-05,2.848103758879006e-05,2.5642410037107766e-05,2.952706017822493e-05,2.920069709944073e-05,0.00010421372280688956,2.9008751880610362e-05,2.801009759423323e-05,4.1328006773255765e-05,2.1084379113744944e-05,3.0255756428232417e-05,5.3702769946539775e-05,5.1005914428969845e-05,3.211829243809916e-05,6.667093839496374e-05,0.00011392903979867697,0.00010598712833598256,2.2970747522776946e-05,8.126854663714767e-05,3.982438283856027e-05,0.00011427848221501336,3.672780439956114e-05,2.278365718666464e-05,0.00012204735685372725,8.348621486220509e-05,0.00015039123536553234,3.0297420380520634e-05,2.3362086722045206e-05,0.00010358119470765814,0.00012132274423493072,3.069155718549155e-05,4.516568878898397e-05,2.6570913178147748e-05,2.9617458494612947e-05,6.955152639420703e-05,2.184130426030606e-05,0.0001008091785479337,0.0001162053958978504
2200,4.721779623650946e-05,4.76828936371021e-05,2.657307413755916e-05,2.468931234034244e-05,3.921470488421619e-05,5.9290843637427315e-05,2.8264990760362707e-05,5.894219066249207e-05,3.122900670859963e-05,0.00013412100088316947,2.2202953914529644e-05,9.733968181535602e-05,0.00011177472333656624,2.6008279746747576e-05,2.8668906452367082e-05,3.0376735594472848e-05,4.051237920066342e-05,0.00010989966540364549,2.863804365915712e-05,5.2826850151177496e-05,5.09036508447025e-05,2.2690916011924855e-05,3.288627340225503e-05,5.879127638763748e-05,2.7732843591365963e-05,3.385288073332049e-05,3.331515472382307e-05,9.61014666245319e-05,8.373434684472159e-05,2.2809052097727545e-05,7.713778177276254e-05,3.1129526178119704e-05,0.00010537236084928736,4.62985917693004e-05,2.4793953343760222e-05,9.704437979962677e-05,8.555850217817351e-05,8.940616680774838e-05,2.9908538635936566e-05,3.602264041546732e-05,9.609822154743597e-05,7.849216490285471e-05,2.6956449801218696e-05,2.345402754144743e-05,2.7466936444398016e-05,2.0248446162440814e-05,7.729118078714237e-05,2.3427932319464162e-05,8.86234556674026e-05,0.0001091470621759072
2300,4.971092857886106e-05,5.287546446197666e-05,3.2520863896934316e-05,2.2988733689999208e-05,4.3149218981852755e-05,7.297893171198666e-05,3.0057408366701566e-05,4.119101140531711e-05,3.4172604500781745e-05,0.00010714928066590801,2.3862945454311557e-05,9.259040234610438e-05,0.00012960615276824683,2.3688913643127307e-05,2.6804003937286325e-05,2.737254362727981e-05,3.7785004678880796e-05,0.00010128363646799698,2.7277113986201584e-05,6.217462214408442e-05,4.1009203414432704e-05,2.43103968387004e-05,3.869728243444115e-05,6.06052708462812e-05,2.678054261195939e-05,3.692373138619587e-05,3.066879799007438e-05,0.000113872425572481,9.41457474255003e-05,5.076348315924406e-05,0.00011169724893989041,2.3233185856952332e-05,0.00011392248416086659,3.204431777703576e-05,1.950647492776625e-05,0.00016230775509029627,0.00010084855603054166,0.00011237696162424982,3.47745772160124e-05,3.152964563923888e-05,0.00011315118899801746,0.00010144674160983413,3.563748759916052e-05,2.386263986409176e-05,3.766006193473004e-05,3.448816278250888e-05,7.596363866468892e-05,3.304336860310286e-05,8.529223123332486e-05,0.00012159981270087883
2400,3.46834167430643e-05,7.4936673627235e-05,3.394219311303459e-05,2.392645546933636e-05,6.636551552219316e-05,0.0001172720585600473,3.5629764170153067e-05,5.013636837247759e-05,3.580338307074271e-05,0.00016999362560454756,4.073721720487811e-05,0.0001274075184483081,9.543400665279478e-05,3.267069405410439e-05,2.3863902242737822e-05,3.916988134733401e-05,3.142401692457497e-05,0.00011280749458819628,3.73392686014995e-05,4.856849045609124e-05,2.744740959315095e-05,3.528415982145816e-05,4.40112198702991e-05,6.293211481533945e-05,2.9199294658610597e-05,0.00010161403042729944,2.5954221200663596e-05,0.00010259996633976698,0.00010279395792167634,3.0241089916671626e-05,0.00011340239871060476,5.265827712719329e-05,0.00012527602666523308,2.5203717086696997e-05,2.6737105145002715e-05,9.749339369591326e-05,0.00010447219392517582,0.00015015168173704296,2.6452933525433764e-05,3.3492338843643665e-05,8.26346586109139e-05,8.234613778768107e-05,3.753986311494373e-05,3.698105501825921e-05,3.821314385277219e-05,4.9233214667765424e-05,0.000203878793399781,2.6778825485962443e-05,8.712046110304072e-05,0.0001760722661856562
2500,3.4441221941960976e-05,3.97413969039917e-05,3.859749631374143e-05,2.2461634216597304e-05,3.0231574783101678e-05,8.080094266915694e-05,7.592420297442004e-05,4.252577491570264e-05,4.046034882776439e-05,9.497089922660962e-05,2.23879160330398e-05,9.973355190595612e-05,0.00011179567809449509,3.034325891348999e-05,2.8350423235679045e-05,2.8654836569330655e-05,5.150301512912847e-05,0.0001158848317572847,2.15287091123173e-05,2.248709279228933e-05,4.771771273226477e-05,2.7307933123665862e-05,2.8701304472633637e-05,5.3787305660080165e-05,3.0954852263676e-05,4.659919432015158e-05,3.0256729587563314e-05,0.00012174740550108254,0.00011053093476220965,2.7493690140545368e-05,8.0606245319359e-05,2.0576302631525323e-05,0.0001281642762478441,3.3300450013484806e-05,2.692303132789675e-05,0.00018017050751950592,0.00010762475722003728,0.00011729541438398883,2.475318979122676e-05,2.887030495912768e-05,8.437149517703801e-05,8.286824595415965e-05,3.94383750972338e-05,2.5776847905945033e-05,3.631414074334316e-05,3.1613675673725083e-05,8.613854879513383e-05,2.3483002223656513e-05,8.7004154920578e-05,9.725787822389975e-05
2600,5.0733993703033775e-05,3.081219256273471e-05,3.611768261180259e-05,2.3086724468157627e-05,8.229743252741173e-05,7.352157263085246e-05,3.6072109651286155e-05,9.335057256976143e-05,3.406109317438677e-05,0.00010870229743886739,2.2684847863274626e-05,0.00011654296395136043,0.00011320100747980177,3.0259150662459433e-05,2.916837365773972e-05,5.27348202012945e-05,4.085971158929169e-05,0.00010181332618230954,2.6881956728175282e-05,5.185713598621078e-05,4.206762241665274e-05,3.9018883398966864e-05,3.17893318424467e-05,6.508363003376871e-05,2.651268005138263e-05,3.824218947556801e-05,2.449450403219089e-05,0.00011190566146979108,8.867979340720922e-05,2.5848143195617013e-05,0.00010735068644862622,2.7142175895278342e-05,0.00014648969226982445,2.703412428672891e-05,3.17719423037488e-05,9.752502955961972e-05,9.238476195605472e-05,9.372623026138172e-05,2.3335063815466128e-05,2.479908289387822e-05,0.0001052141742547974,9.70831752056256e-05,4.0937124140327796e-05,2.8317330361460336e-05,2.3819693524274044e-05,2.73700243269559e-05,7.249254849739373e-05,2.5884346541715786e-05,9.631341526983306e-05,0.00011772727884817868
2700,3.717375875567086e-05,2.8377327907946892e-05,4.05313003284391e-05,2.7403662897995673e-05,2.6453717509866692e-05,0.0001142480832641013,3.7653873732779175e-05,3.7542431527981535e-05,3.692367681651376e-05,0.0001021426942315884,1.698290725471452e-05,9.970360406441614e-05,9.195882739732042e-05,2.0896395653835498e-05,2.118574957421515e-05,4.1366736695636064e-05,3.498246587696485e-05,9.69909960986115e-05,3.30385664710775e-05,3.192952135577798e-05,3.334166103741154e-05,2.3828706616768613e-05,2.6920621166937053e-05,6.894536636536941e-05,3.4512962884036824e-05,3.250307054258883e-05,6.754725473001599e-05,0.00010587148426566273,9.035132825374603e-05,2.8530937925097533e-05,7.128935249056667e-05,2.0468092770897783e-05,0.00013615844363812357,3.225186083000153e-05,2.5513296350254677e-05,0.00012362423876766115,9.342054545413703e-05,9.765420691110194e-05,2.8677695809165016e-05,3.447554263402708e-05,0.00011416194320190698,0.00016014133871067315,5.677248555002734e-05,2.6750438337330706e-05,4.979471123078838e-05,2.271798439323902e-05,8.698386955074966e-05,1.762718238751404e-05,8.050910400925204e-05,0.00016555096954107285
2800,5.9273770602885634e-05,3.9736762118991464e-05,3.195250974385999e-05,1.929912468767725e-05,2.5296245439676568e-05,7.447102689184248e-05,3.0605999199906364e-05,5.391798913478851e-05,3.6966765037504956e-05,0.00011780903150793165,2.1217243556748144e-05,0.00013605161802843213,9.018880518851802e-05,3.0964441975811496e-05,2.833331200235989e-05,2.7600923203863204e-05,5.8880512369796634e-05,0.00013141259842086583,2.829755248967558e-05,3.030054176633712e-05,5.0987215217901394e-05,2.1750234736828133e-05,2.737464637903031e-05,8.208527287933975e-05,2.484928882040549e-05,6.578331522177905e-05,3.060686867684126e-05,8.973108924692497e-05,8.499204705003649e-05,2.5747420295374468e-05,8.146096661221236e-05,2.8584689061972313e-05,0.00010959881183225662,1.985224662348628e-05,3.4607004636200145e-05,0.00012051777594024315,7.64645665185526e-05,8.415285992668942e-05,2.1880796339246444e-05,4.423347854753956e-05,7.636259397258982e-05,8.10695783002302e-05,2.8382208256516606e-05,2.6601941499393433e-05,5.1275947043905035e-05,3.805620872299187e-05,9.557127486914396e-05,1.7357635442749597e-05,8.283045463031158e-05,8.939276449382305e-05
2900,3.167276372550987e-05,2.9832683139829896e-05,2.693711758183781e-05,1.90445534826722e-05,4.3438190914457664e-05,7.441912748618051e-05,2.516807580832392e-05,4.720652214018628e-05,2.9734132112935185e-05,9.3925315013621e-05,2.218140616605524e-05,8.887750300345942e-05,0.00011682212789310142,2.3840706489863805e-05,2.1898211343795992e-05,2.0364941519801505e-05,4.148395964875817e-05,0.00011203173198737204,2.563167072366923e-05,2.1507410565391183e-05,5.954239532002248e-05,2.3521293769590557e-05,3.442128945607692e-05,6.062069223844446e-05,3.801976708928123e-05,2.9361013730522245e-05,4.045383320772089e-05,0.00011694678687490523,0.0001145209971582517,2.2616142814513296e-05,7.278294651769102e-05,2.3394646632368676e-05,9.211365977535024e-05,1.9237175365560688e-05,2.1281573935993947e-05,0.00013439498434308916,0.00011660672316793352,0.00010747847409220412,2.4911028958740644e-05,2.406546445854474e-05,9.150442201644182e-05,0.0001127280411310494,2.8148459023213945e-05,2.971411231555976e-05,2.519734698580578e-05,3.418854612391442e-05,0.00010284918243996799,2.494966065569315e-05,8.576315303798765e-05,0.00011882208491442725
3000,4.534839899861254e-05,3.893357643391937e-05,3.431998266023584e-05,2.5244913558708504e-05,3.0432769563049078e-05,8.085445733740926e-05,7.60533002903685e-05,4.5862048864364624e-05,3.565365113900043e-05,0.00011319146142341197,2.1351806935854256e-05,8.890975004760548e-05,0.00012311278260312974,3.1802996090846136e-05,2.7636273443931714e-05,2.8777825718862005e-05,5.457586303236894e-05,0.00010848702368093655,2.7675538149196655e-05,2.482560921635013e-05,4.166910730418749e-05,2.1751657186541706e-05,2.4875935196178034e-05,7.23721896065399e-05,0.00025730981724336743,4.2648309317883104e-05,0.00014592947263736278,0.00010463499347679317,8.655662531964481e-05,2.8801803637179546e-05,0.00010485883831279352,2.9993228963576257e-05,0.00011581980652408674,8.531373896403238e-05,2.7634294383460656e-05,0.00013601084356196225,0.0001238224358530715,9.788238094188273e-05,2.9630646167788655e-05,3.392211510799825e-05,0.00010297838161932305,8.904172864276916e-05,3.0226032322389074e-05,2.966392639791593e-05,2.5171562811010517e-05,2.5339453713968396e-05,0.00011528475442901254,3.5136887163389474e-05,7.935732719488442e-05,0.00016866416262928396
3100,3.099143577856012e-05,3.585265585570596e-05,2.2878219169797376e-05,2.199104164901655e-05,3.637602276285179e-05,8.394411997869611e-05,3.396985266590491e-05,2.6614618036546744e-05,2.3774227884132415e-05,8.870397141436115e-05,2.8324948289082386e-05,0.00010869577818084508,9.022215090226382e-05,2.641943865455687e-05,2.5906729206326418e-05,2.287005918333307e-05,3.229507274227217e-05,0.00010628211020957679,2.312561082362663e-05,3.614383967942558e-05,3.212184310541488e-05,2.5449275199207477e-05,3.157231549266726e-05,4.86324897792656e-05,2.7853257051901892e-05,3.142816058243625e-05,4.78322763228789e-05,9.824056905927137e-05,9.250912989955395e-05,3.3485648600617424e-05,0.00010081858636112884,2.5725943487486802e-05,9.827989561017603e-05,4.535544940154068e-05,3.061012830585241e-05,0.00012791837798431516,8.214061381295323e-05,8.594268729211763e-05,2.0657762433984317e-05,2.4951310479082167e-05,8.555634849471971e-05,0.00016225296712946147,3.520961763570085e-05,3.8505473639816046e-05,2.6136207452509552e-05,2.5519399059703574e-05,6.417855911422521e-05,1.8712640667217784e-05,0.00013099492934998125,0.0001170176183222793
3200,3.0688821425428614e-05,3.5869277780875564e-05,2.7429672627476975e-05,3.146808739984408e-05,2.4877552277757786e-05,6.691295857308432e-05,3.0045106541365385e-05,2.971918547700625e-05,3.1033319828566164e-05,0.00011942172568524256,2.1264997485559434e-05,9.582266648067161e-05,8.926852751756087e-05,4.962077582604252e-05,2.979154851345811e-05,2.5071703930734657e-05,3.312924309284426e-05,0.0001547422434668988,3.096119689871557e-05,2.4738961656112224e-05,3.09148381347768e-05,3.5936212952947244e-05,3.7213983887340873e-05,5.830575173604302e-05,3.9948914491105825e-05,3.766353620449081e-05,2.8824671971960925e-05,0.00011132442159578204,0.00010194365313509479,2.811928243318107e-05,7.192015618784353e-05,2.6178222469752654e-05,0.00016116222832351923,2.9996293960721232e-05,3.161140193697065e-05,0.00011016110511263832,8.982644067145884e-05,0.00011877490760525689,2.17612468986772e-05,3.803320214501582e-05,0.00011337237810948864,8.442192483926192e-05,3.416251274757087e-05,2.5877321604639292e-05,8.024224371183664e-05,2.9505692509701476e-05,8.673330012243241e-05,2.2734981030225754e-05,0.00015321739192586392,0.0001533456816105172
3300,5.47526688023936e-05,5.2276056521805e-05,3.597369504859671e-05,2.487713936716318e-05,2.3557582608191296e-05,0.00011264259956078604,5.2380080887814984e-05,3.410839053685777e-05,4.0137238102033734e-05,8.766951941652223e-05,1.6928337572608143e-05,0.00010021701746154577,9.265141125069931e-05,3.927170837414451e-05,2.4406735974480398e-05,3.307851147837937e-05,4.9703703552950174e-05,0.000104593658761587,2.367534216318745e-05,3.044821096409578e-05,3.3893142244778574e-05,2.356804361625109e-05,3.138825923088007e-05,5.190786032471806e-05,2.851719909813255e-05,6.560236943187192e-05,2.6860077923629433e-05,9.2387264885474e-05,9.5875293482095e-05,2.6521473046159372e-05,7.973258470883593e-05,3.0508654162986204e-05,9.309507004218176e-05,4.853597783949226e-05,3.379219560883939e-05,0.00010743398161139339,0.00010086927068186924,0.00011670757521642372,3.3408839954063296e-05,2.7261212380835786e-05,0.00014225902850739658,0.00010437644959893078,3.0125174816930667e-05,3.195942917955108e-05,3.775877121370286e-05,2.4934088287409395e-05,7.51834231778048e-05,3.2800566259538755e-05,0.00012093687109882012,0.00010153149924008176
3400,2.909055183408782e-05,3.798398029175587e-05,3.511830436764285e-05,1.97815152205294e-05,2.528552977310028e-05,0.00011445822747191414,2.638122532516718e-05,3.291033863206394e-05,2.6696856366470456e-05,0.0001145057103713043,3.906762140104547e-05,9.228612907463685e-05,9.120524191530421e-05,2.5311885110568255e-05,3.0752478778595105e-05,3.6206743970979005e-05,3.3611249818932265e-05,0.00010265342280035838,3.1427964131580666e-05,3.604916128097102e-05,3.975066283601336e-05,2.85182504740078e-05,3.4283584682270885e-05,4.968724533682689e-05,4.221232666168362e-05,3.823290535365231e-05,3.9141996239777654e-05,0.00010073371231555939,8.798812632448971e-05,3.5021988878725097e-05,8.777630137046799e-05,2.6401774448459037e-05,8.543740841560066e-05,2.460620817146264e-05,2.599431900307536e-05,0.0001662424620008096,8.329459524247795e-05,8.538502152077854e-05,3.453222234384157e-05,2.5852079488686286e-05,8.731021807761863e-05,9.447995398659259e-05,3.4458145819371566e-05,2.246403892058879e-05,3.188954360666685e-05,2.807187229336705e-05,7.972791354404762e-05,2.9870196158299223e-05,9.533745469525456e-05,0.00010242610005661845
3500,4.078086567460559e-05,3.285043203504756e-05,2.503680116205942e-05,2.8374412067933008e-05,3.454997204244137e-05,6.975037103984505e-05,2.5804320102906786e-05,3.0427547244471498e-05,3.383904913789593e-05,9.874191164271906e-05,2.5480308977421373e-05,9.265148401027545e-05,0.00010456119343871251,2.859992309822701e-05,2.3961585611687042e-05,2.328732625755947e-05,4.5251694245962426e-05,0.0001375412248307839,3.129558535874821e-05,3.160434425808489e-05,4.914860619464889e-05,2.3966782464412972e-05,3.7951198464725167e-05,7.267359615070745e-05,3.4254924685228616e-05,4.2907380702672526e-05,3.9432525227312e-05,0.00010343714529881254,9.467501513427123e-05,3.530329922796227e-05,0.00011547913163667545,2.418104122625664e-05,0.000115197581180837,2.377773489570245e-05,2.6660854928195477e-05,0.00010705763997975737,8.394410542678088e-05,0.00010275886597810313,2.8817737984354608e-05,5.262856211629696e-05,9.902574674924836e-05,9.683763346401975e-05,3.026994818355888e-05,2.3541233531432226e-05,2.4487340851919726e-05,2.568123454693705e-05,8.097788668237627e-05,2.3306576622417197e-05,8.460834942525253e-05,0.0001223423023475334
3600,4.0112092392519116e-05,4.359720696811564e-05,4.452077700989321e-05,2.5631836251704954e-05,4.9373476940672845e-05,9.295283234678209e-05,4.543577597360127e-05,4.407348751556128e-05,5.141456495039165e-05,0.0001258310949197039,3.328009188408032e-05,0.00010739771096268669,0.00012321955000516027,3.289814412710257e-05,2.611563468235545e-05,3.428825584705919e-05,5.389841680880636e-05,0.00010855406435439363,5.407544813351706e-05,3.728134834091179e-05,4.472408545552753e-05,3.747467781067826e-05,4.470235217013396e-05,5.882024561287835e-05,3.928050500690006e-05,4.630752300727181e-05,3.2698040740797296e-05,0.0001548409491078928,0.00016143338871188462,5.291986599331722e-05,0.00013942168152425438,3.098217348451726e-05,0.0001358112640446052,3.869703505188227e-05,3.069815647904761e-05,0.00010569145524641499,0.00010573890176601708,0.0001629751204745844,3.248786379117519e-05,3.6869194445898756e-05,0.00014437802019529045,0.00012749838060699403,3.361991184647195e-05,4.627771704690531e-05,2.8119735361542553e-05,3.508041481836699e-05,8.784440433373675e-05,4.1008428524946794e-05,9.494501136941835e-05,0.00012617175525519997
3700,4.985316263628192e-05,7.392709812847897e-05,2.8701666451524943e-05,2.455381581967231e-05,2.9219057978480123e-05,6.931531243026257e-05,2.6445199182489887e-05,3.548682798282243e-05,4.141489262110554e-05,9.559121099300683e-05,2.2518408513860777e-05,0.00010286608448950574,0.00010308909259038046,2.8332309739198536e-05,2.9002936571487226e-05,3.438408384681679e-05,3.217675839550793e-05,0.00010882801871048287,3.6983990867156535e-05,2.516286440368276e-05,4.126044950680807e-05,5.4947602620813996e-05,3.5506025596987456e-05,7.465686940122396e-05,3.7410474760690704e-05,4.676704338635318e-05,2.7665400921250694e-05,8.394079486606643e-05,8.27670082799159e-05,2.7076834157924168e-05,0.00012319684901740402,2.8114571250625886e-05,9.313180635217577e-05,2.7699814381776378e-05,2.382832462899387e-05,0.00011252688273089007,9.856812539510429e-05,8.613629324827343e-05,3.6973495298298076e-05,3.397938053240068e-05,0.00015686529513914138,0.00010731552902143449,3.857080082525499e-05,3.7511457776417956e-05,4.3819687562063336e-05,2.5660949177108705e-05,8.95613557077013e-05,2.289050280523952e-05,9.485710324952379e-05,0.0001402929046889767
3800,3.053246473427862e-05,5.269709072308615e-05,3.3617878216318786e-05,2.0462613974814303e-05,2.3767626771586947e-05,9.736232459545135e-05,2.4264478270197287e-05,5.585037433775142e-05,3.779855614993721e-05,0.00012295627675484866,2.9546632504207082e-05,9.178421896649525e-05,0.00010293092054780573,2.6404537493363023e-05,3.97043077100534e-05,2.693241367524024e-05,4.8738282202975824e-05,0.00010392506374046206,4.189279570709914e-05,3.2311727409251034e-05,4.515331602306105e-05,2.1651454517268576e-05,3.6078352422919124e-05,7.446945528499782e-05,4.8215115384664387e-05,3.628452759585343e-05,3.82248945243191e-05,0.00011573195661185309,0.0001759113947628066,2.8611882953555323e-05,0.00011005186388501897,2.4469380150549114e-05,9.548579691909254e-05,2.3587683244841173e-05,3.041911440959666e-05,9.404320735484362e-05,8.976241952041164e-05,8.794263703748584e-05,2.9339335014810786e-05,3.486681453068741e-05,0.00012887718912679702,8.952737698564306e-05,4.07373663620092e-05,2.4213159122155048e-05,2.4287988708238117e-05,2.077658245980274e-05,0.00013883315841667354,2.3324531866819598e-05,0.00010822308831848204,0.00015723505930509418
3900,5.729713666369207e-05,2.9570815968327224e-05,4.072845331393182e-05,3.557290983735584e-05,3.924797420040704e-05,7.289808127097785e-05,2.179031798732467e-05,3.635301982285455e-05,3.857232513837516e-05,9.026739280670881e-05,2.73195455520181e-05,0.0001108182841562666,8.678908488946036e-05,2.767194018815644e-05,2.2948986952542327e-05,3.218084020772949e-05,3.479949737084098e-05,9.802869317354634e-05,2.5666495275800116e-05,2.920635415648576e-05,2.7821130061056465e-05,5.350883293431252e-05,3.520663085510023e-05,5.740619235439226e-05,2.397175740043167e-05,4.278422784409486e-05,2.973246773763094e-05,8.993862138595432e-05,9.597682947060093e-05,4.062574589625001e-05,0.00010800635209307075,2.9764962164335884e-05,0.00017850444419309497,2.1609341274597682e-05,2.4400387701462023e-05,0.00013734630192629993,0.00011374204041203484,0.00015788627206347883,2.06308723136317e-05,3.24144093610812e-05,9.294787741964683e-05,9.220746869686991e-05,3.465841291472316e-05,2.3261198293766938e-05,2.799954563670326e-05,2.3983606297406368e-05,0.00014083919813856483,6.964847125345841e-05,8.234277629526332e-05,0.0001763598556863144
4000,3.97097974200733e-05,3.737570295925252e-05,2.6927125873044133e-05,1.940538641065359e-05,2.2875903596286662e-05,6.880092405481264e-05,2.9496586648747325e-05,3.389198172953911e-05,3.099330933764577e-05,9.331758337793872e-05,2.4666003810125403e-05,9.29500674828887e-05,9.112257248489186e-05,3.9044589357217774e-05,2.6245348635711707e-05,2.1549281882471405e-05,3.9050668419804424e-05,9.446603507967666e-05,2.735134694376029e-05,2.4513528842362575e-05,2.8015332645736635e-05,2.7423433493822813e-05,3.431893128436059e-05,5.452775803860277e-05,3.023417593794875e-05,4.222295683575794e-05,2.592927557998337e-05,0.00011330218694638461,0.00010025280789704993,3.3118245482910424e-05,7.122377428459004e-05,2.5073573851841502e-05,0.00010564228432485834,3.23653184750583e-05,2.329007475054823e-05,9.760121611179784e-05,7.745029870420694e-05,8.445376442978159e-05,2.1308229406713508e-05,3.086594369960949e-05,0.0001239466218976304,8.125229214783758e-05,4.3233365431660786e-05,2.307308568560984e-05,3.4017994039459154e-05,2.1316074708011e-05,0.00012399815022945404,2.0393150407471694e-05,8.221462485380471e-05,0.00010668717004591599
4100,4.9413894885219634e-05,4.126981002627872e-05,3.388226468814537e-05,3.136997838737443e-05,3.214549724361859e-05,6.776737427571788e-05,3.08626658807043e-05,4.112793249078095e-05,3.865157123073004e-05,0.00010192656918661669,2.8944301448063925e-05,0.00012644121306948364,0.0001043149532051757,3.471183299552649e-05,3.942165494663641e-05,3.400092464289628e-05,3.235051190131344e-05,0.000132881265017204,2.5447936423006468e-05,4.008889300166629e-05,3.4613309253472835e-05,3.0027311368030496e-05,2.311691605427768e-05,7.257047400344163e-05,3.268118962296285e-05,3.1838233553571627e-05,3.7961082853144035e-05,0.00015328424342442304,0.00010361702152295038,3.53157811332494e-05,7.426098454743624e-05,3.0423554562730715e-05,9.719756053527817e-05,2.8642591132665984e-05,3.0057175536057912e-05,0.00010360213491367176,8.561864524381235e-05,0.00012816039088647813,2.1431536879390478e-05,3.294524140073918e-05,0.0001035977911669761,8.929245814215392e-05,3.14257231366355e-05,3.5371318517718464e-05,2.179061993956566e-05,3.759223909582943e-05,0.00011628538777586073,2.3386828615912236e-05,9.324602433480322e-05,0.00011071356129832566
4200,3.5049997677560896e-05,2.9523287594201975e-05,2.536614738346543e-05,3.929504964617081e-05,2.4971737730083987e-05,0.00011397561320336536,4.084377724211663e-05,5.8814312069443986e-05,5.7807101256912574e-05,0.00011315559822833166,2.1877702238271013e-05,0.00011230634845560417,0.00010914844460785389,2.813479477481451e-05,2.9815199013683014e-05,2.917186611739453e-05,3.001152435899712e-05,8.992298535304144e-05,2.370826587139163e-05,2.6215886464342475e-05,3.676162305055186e-05,2.110911373165436e-05,2.760674942692276e-05,5.220422099228017e-05,4.848692333325744e-05,3.2423755328636616e-05,4.146518767811358e-05,0.00014061284309718758,0.0001019175469991751,3.3471849747002125e-05,8.305074879899621e-05,2.2542963051819243e-05,9.565586515236646e-05,2.0091460100957192e-05,3.3630163670750335e-05,9.346658043796197e-05,0.0001451010612072423,0.000148250357597135,2.0900435629300773e-05,2.3261576643562876e-05,0.00011719451140379533,8.442567195743322e-05,2.6712728868005797e-05,2.4551643946324475e-05,2.188530925195664e-05,2.162810051231645e-05,8.442190301138908e-05,1.81340474227909e-05,8.925992005970329e-05,0.00011453350452939048
4300,4.0233982872450724e-05,3.752862539840862e-05,2.258876702398993e-05,2.2368620193446986e-05,3.544589344528504e-05,9.895221592159942e-05,2.240729554614518e-05,3.194797318428755e-05,2.465306533849798e-05,0.00013452804705593735,4.0801678551360965e-05,8.091962081380188e-05,0.00012530757521744817,3.048042708542198e-05,3.505314816720784e-05,2.3971057089511305e-05,4.26707265432924e-05,0.0001225920277647674,2.5927160095307045e-05,3.139548425679095e-05,2.607800161058549e-05,2.9226472179288976e-05,2.7575293643167242e-05,5.780625724582933e-05,2.8360436772345565e-05,3.224893589504063e-05,2.2143718524603173e-05,8.833200263325125e-05,8.176420669769868e-05,3.0321023587021045e-05,8.45725298859179e-05,2.7202064302400686e-05,8.558322588214651e-05,2.4010194465517998e-05,3.2597548852209e-05,9.781197877600789e-05,9.818752005230635e-05,0.00010406344517832622,1.949940633494407e-05,2.7491783839650452e-05,9.059804142452776e-05,7.864356302889064e-05,3.405349707463756e-05,3.410838689887896e-05,4.29528190579731e-05,4.345507113612257e-05,9.596049494575709e-05,2.185744779126253e-05,8.29764103400521e-05,0.00014694324636366218
4400,3.37996389134787e-05,4.3901873141294345e-05,2.8866474167443812e-05,2.1428677428048104e-05,2.8358914278214797e-05,7.511845615226775e-05,3.607330654631369e-05,4.810270911548287e-05,3.150063639623113e-05,0.00010845885117305443,2.6610185159370303e-05,0.00010191235196543857,0.00011806219117715955,2.6976200388162397e-05,4.980896119377576e-05,3.501918035908602e-05,2.4231845600297675e-05,0.00010991451563313603,2.619922270241659e-05,2.4272114387713373e-05,3.832461516140029e-05,3.037156602658797e-05,2.7255113309365697e-05,4.804728087037802e-05,2.4521710656699724e-05,3.981082045356743e-05,2.5071785785257816e-05,0.00011067337618442252,9.063084871741012e-05,2.5651877876953222e-05,8.692956907907501e-05,2.327685615455266e-05,0.0001419673499185592,2.5104320229729638e-05,3.6823887057835236e-05,0.00024353874323423952,9.18897203519009e-05,0.00010295693937223405,2.0821917132707313e-05,2.380470141361002e-05,8.966327732196078e-05,9.086971112992615e-05,2.7302732632961124e-05,2.7042924557463266e-05,2.402823702141177e-05,2.1239451598376036e-05,9.872226655716076e-05,3.826820102403872e-05,0.00016217328084167093,9.827481699176133e-05
4500,2.684996070456691e-05,4.174702917225659e-05,3.0273880838649347e-05,2.1177642338443547e-05,2.5543002266203985e-05,0.0001128703443100676,2.903813947341405e-05,3.403958544367924e-05,4.2729578126454726e-05,0.00014153441588860005,2.1862422727281228e-05,0.00014027160068508238,0.00011097950482508168,3.523509076330811e-05,3.17127924063243e-05,1.813466769817751e-05,3.376144013600424e-05,8.803502714727074e-05,4.793280822923407e-05,3.530558751663193e-05,2.6345758669776842e-05,2.0796580429305322e-05,3.282994657638483e-05,6.324083369690925e-05,2.8648773877648637e-05,3.418096457608044e-05,2.8278418540139683e-05,0.00010643926361808553,9.885959298117086e-05,2.5611503588152118e-05,0.00015270970470737666,3.7340698327170685e-05,0.00017362614744342864,2.5077633836190216e-05,4.528335921349935e-05,9.159842011285946e-05,0.00010634110367391258,8.471629553241655e-05,2.6544970751274377e-05,3.8738806324545294e-05,0.00010474961891304702,9.980570030165836e-05,3.3987471397267655e-05,2.241396032331977e-05,5.263005004962906e-05,2.142765879398212e-05,0.00012187218089820817,1.796270407794509e-05,9.129694080911577e-05,0.00011966590682277456
4600,3.104209463344887e-05,4.645163789973594e-05,5.505711669684388e-05,2.0879188014077954e-05,3.546868538251147e-05,6.738584488630295e-05,3.456031845416874e-05,4.123699909541756e-05,2.782564115477726e-05,8.176310802809894e-05,2.263455644424539e-05,8.97773279575631e-05,9.160590707324445e-05,2.437953298795037e-05,2.5049248506547883e-05,3.533235576469451e-05,3.310783358756453e-05,9.952934487955645e-05,2.4139037122949958e-05,2.7710175345418975e-05,4.02597215725109e-05,2.8815949917770922e-05,3.8566893636016175e-05,5.0541591917863116e-05,3.0169834644766524e-05,4.770320447278209e-05,2.6225536203128286e-05,9.362181299366057e-05,0.00010705018939916044,3.937066503567621e-05,7.617237861268222e-05,2.5603218091418967e-05,9.688836871646345e-05,3.115348590654321e-05,2.1469233615789562e-05,0.00011358424671925604,0.00012761601828970015,0.0001185855726362206,1.9847308067255653e-05,3.8056990888435394e-05,8.457089279545471e-05,0.00011105013982160017,3.1323364964919165e-05,3.6430803447728977e-05,2.8970760467927903e-05,2.6017543859779835e-05,9.415864769835025e-05,1.9562517991289496e-05,8.876185893313959e-05,0.00011110262130387127
4700,3.401556386961602e-05,3.339746763231233e-05,3.185341483913362e-05,2.223555202363059e-05,2.8597180062206462e-05,0.00010612636106088758,3.0888877518009394e-05,3.570981789380312e-05,3.5376211599214e-05,0.00013094767928123474,1.929723293869756e-05,0.000105290200735908,9.153333667200059e-05,2.644000960572157e-05,3.2954114431049675e-05,2.7204450816498138e-05,3.659236244857311e-05,0.00011020995589205995,3.017736889887601e-05,7.460983033524826e-05,2.946124368463643e-05,2.6623374651535414e-05,5.3557763749267906e-05,7.320481381611899e-05,2.734427835093811e-05,3.8452788430731744e-05,4.536466803983785e-05,0.0001072779850801453,0.00010392570402473211,2.5316476239822805e-05,9.79178148554638e-05,2.7409592803451233e-05,9.878840501187369e-05,2.6694326152210124e-05,2.5657189326011576e-05,0.00014625534822698683,8.920984691940248e-05,0.00010374336125096306,3.450826625339687e-05,2.8880294848931953e-05,0.00011412413732614368,8.483853889629245e-05,4.0708724554860964e-05,2.7081772714154795e-05,3.381162605364807e-05,3.12805495923385e-05,7.38746821298264e-05,2.4513657990610227e-05,0.00012755239731632173,0.0001110302036977373
4800,2.727013998082839e-05,5.7074321375694126e-05,3.688712968141772e-05,2.693682472454384e-05,3.0144181437208317e-05,7.131446182029322e-05,2.2564216124010272e-05,4.491160507313907e-05,3.0252467695390806e-05,8.457177318632603e-05,2.3618531486135907e-05,9.242509986506775e-05,0.00012155471631558612,2.855060483852867e-05,5.2949839300708845e-05,3.881076190737076e-05,3.6622070183511823e-05,0.00010469132394064218,2.8241525797056966e-05,5.0160982937086374e-05,3.1615814805263653e-05,3.981672853115015e-05,5.9964480897178873e-05,7.17537259333767e-05,4.210091719869524e-05,4.392130722408183e-05,2.6393920052214526e-05,0.0001083477764041163,0.00016661861445754766,2.4936833142419346e-05,0.0001618711685296148,2.5541990908095613e-05,0.00010976762132486328,4.843137503485195e-05,2.964044142572675e-05,0.0001067355478880927,7.774625555612147e-05,0.00011901334073627368,2.2160125809023157e-05,3.0087408958934247e-05,0.00013337958080228418,8.119651465676725e-05,2.7905149181606248e-05,3.405615279916674e-05,2.6115340006072074e-05,2.0918125301250257e-05,7.970342267071828e-05,2.2114334569778293e-05,8.10769633972086e-05,0.00015258080384228379
4900,7.135783380363137e-05,3.0579427402699366e-05,2.852495526894927e-05,2.7317488275002688e-05,2.5305780582129955e-05,9.470881195738912e-05,3.798365651164204e-05,3.9497088437201455e-05,4.665250889956951e-05,8.406960114371032e-05,2.1314497644198127e-05,0.00011827729758806527,0.00010572555038379505,3.3110238291556016e-05,4.02082696382422e-05,2.8567683330038562e-05,2.858833977370523e-05,0.00018340350652579218,3.3321903174510226e-05,5.747732939198613e-05,2.884579953388311e-05,2.7811562176793814e-05,5.7601027947384864e-05,5.118190892972052e-05,2.5010180252138525e-05,6.854532693978399e-05,3.4408087230985984e-05,9.95691298157908e-05,8.823670214042068e-05,3.686704076244496e-05,0.00010606255091261119,3.297126750112511e-05,0.00010295488755218685,2.150582440663129e-05,2.3875851184129715e-05,0.0001413295976817608,9.655133908381686e-05,8.210253872675821e-05,3.6211524275131524e-05,2.6428540877532214e-05,0.00010999722871929407,0.00013032999413553625,4.7766068746568635e-05,2.954755473183468e-05,2.6806610549101606e-05,3.254641706007533e-05,0.00012132045958423987,3.5294939152663574e-05,7.887914398452267e-05,0.00016740588762331754
5000,3.1954918085830286e-05,5.4842577810632065e-05,3.23150452459231e-05,2.1717845811508596e-05,5.1625174819491804e-05,7.326871127588674e-05,2.989571657963097e-05,3.878832285408862e-05,3.36393277393654e-05,9.22829276532866e-05,3.0107305065030232e-05,0.00011874584015458822,0.00017024061526171863,2.9621238354593515e-05,2.740874515438918e-05,3.131529228994623e-05,3.224399915779941e-05,9.949419472832233e-05,2.7042391593568027e-05,6.859588756924495e-05,3.610995190683752e-05,3.942745388485491e-05,4.653688665712252e-05,5.285929728415795e-05,2.980561475851573e-05,5.5151300330180675e-05,3.645310061983764e-05,9.807128662941977e-05,0.00018489726062398404,2.3202819647849537e-05,7.412819832097739e-05,2.7137797587784007e-05,0.00013156018394511193,3.9399481465807185e-05,2.7562076866161078e-05,0.00010789513180498034,9.308557491749525e-05,0.00014705071225762367,2.6268509827787057e-05,3.7371180951595306e-05,9.889437933452427e-05,0.00010455189476488158,3.330324398120865e-05,3.622047006501816e-05,3.764534994843416e-05,2.264766226289794e-05,0.00011331227869959548,2.9138405807316303e-05,8.061742119025439e-05,0.00016085628885775805
5100,2.6377570975455455e-05,2.77234739769483e-05,3.673657920444384e-05,2.9694165277760476e-05,2.546313226048369e-05,0.00011428647121647373,2.6606830942910165e-05,3.680906229419634e-05,3.42384482792113e-05,0.00012643497029785067,2.6349725885665976e-05,0.00011696052388288081,0.0001219344194396399,4.092249582754448e-05,2.621073872433044e-05,2.7076623155153356e-05,3.153985016979277e-05,0.00014806556282564998,2.162193413823843e-05,3.0613868148066103e-05,3.728160299942829e-05,3.57081662514247e-05,4.035629171994515e-05,5.4259246098808944e-05,3.3481144782854244e-05,3.762842607102357e-05,2.809853140206542e-05,0.00010491147986613214,0.0001158202430815436,2.5975985408877023e-05,8.105191227514297e-05,2.6263011022820137e-05,0.00011171020014444366,3.0513087040162645e-05,2.7777181458077393e-05,9.373934153700247e-05,8.629159128759056e-05,9.12332980078645e-05,2.2735910533810966e-05,4.0542843635194004e-05,9.644080273574218e-05,9.439636050956324e-05,4.171264299657196e-05,3.333982022013515e-05,2.3710130335530266e-05,2.2063226424506865e-05,7.275997631950304e-05,3.230307265766896e-05,7.780230225762352e-05,0.00011408032150939107
5200,3.750653922907077e-05,3.0591338145313784e-05,2.611228046589531e-05,2.2777841877541505e-05,2.5628723960835487e-05,0.00010201558325206861,2.9854834792786278e-05,3.39733378496021e-05,2.8167127311462536e-05,8.356526086572558e-05,1.712785342533607e-05,8.807233825791627e-05,0.00011169978824909776,4.5457869418896735e-05,3.848345659207553e-05,2.4772149117779918e-05,3.1358191336039454e-05,9.72909911070019e-05,2.380010482738726e-05,3.0424169381149113e-05,4.126660496694967e-05,2.5598512365831994e-05,3.944402851630002e-05,6.373221549438313e-05,3.24782267853152e-05,3.1563362426823005e-05,2.5578372515155934e-05,0.0001385095383739099,9.820130799198523e-05,3.245368861826137e-05,8.539830014342442e-05,2.413974652881734e-05,0.00011596635158639401,4.95162203151267e-05,2.1305777408997528e-05,9.761474939296022e-05,8.333374717039987e-05,8.939001418184489e-05,2.013471930695232e-05,2.83813333226135e-05,0.00011487274605315179,7.271618960658088e-05,3.0808081646682695e-05,2.819427209033165e-05,3.624737655627541e-05,3.106896474491805e-05,0.00011296614684397355,3.136177110718563e-05,8.711775444680825e-05,0.0001250904897460714
