step,channel_570,channel_262,channel_208,channel_801,channel_53,channel_450,channel_646,channel_483,channel_62,channel_728,channel_757,channel_28,channel_865,channel_58,channel_386,channel_70,channel_882,channel_263,channel_684,channel_35,channel_122,channel_736,channel_196,channel_743,channel_473,channel_56,channel_697,channel_613,channel_667,channel_814,channel_753,channel_727,channel_486,channel_86,channel_420,channel_34,channel_363,channel_384,channel_518,channel_250,channel_239,channel_422,channel_533,channel_773,channel_181,channel_142,channel_100,channel_279,channel_350,channel_487
0,0.00017992351786233485,5.3517884225584567e-05,0.0001795733842300251,0.00014596479013562202,0.00017580916755832732,6.155388837214559e-05,0.00013001306797377765,0.00012549666280392557,0.0001125656344811432,3.9771886804373935e-05,5.7982990256277844e-05,7.108979480108246e-05,8.52914818096906e-05,7.192467455752194e-05,7.890730921644717e-05,3.155870581394993e-05,6.634507735725492e-05,2.4877006580936722e-05,6.594035221496597e-05,3.436451152083464e-05,6.455711991293356e-05,6.3892308389768e-05,6.22435545665212e-05,6.19364291196689e-05,6.172426219563931e-05,3.00823066936573e-05,6.097245932323858e-05,5.944107033428736e-05,5.928480823058635e-05,5.917272937949747e-05,5.890797547181137e-05,5.878697265870869e-05,5.866547144250944e-05,5.829982183058746e-05,5.817648343509063e-05,5.728896940127015e-05,3.441243097768165e-05,5.667300501954742e-05,5.64626170671545e-05,5.610320295090787e-05,5.5878659622976556e-05,5.555892130360007e-05,5.532420618692413e-05,2.437451075820718e-05,5.514027725439519e-05,1.0888199540204369e-05,4.9459889851277694e-05,5.466458242153749e-05,4.728214116767049e-05,5.4591084335697815e-05
100,0.00044329266529530287,0.0002546318282838911,0.0001924438402056694,0.0001915365137392655,0.00017410686996299773,0.00012409794726409018,0.00012344488641247153,5.6657409004401416e-05,0.00012186557432869449,0.00012112601689295843,8.744094520807266e-05,8.634848200017586e-05,3.4906621294794604e-05,7.753525278531015e-05,6.58743447274901e-05,7.602209370816126e-05,2.8484415452112444e-05,6.594346632482484e-05,2.9490767701645382e-05,5.9900234191445634e-05,2.957846299977973e-05,4.392978735268116e-05,3.170859417878091e-05,3.018466304638423e-05,2.931614471890498e-05,6.01218271185644e-05,5.743621295550838e-05,2.9399625418591313e-05,2.9127148081897758e-05,3.226187254767865e-05,3.20271537930239e-05,3.197688783984631e-05,3.752455086214468e-05,3.1863630283623934e-05,4.0113445720635355e-05,3.613140870584175e-05,5.59651707590092e-05,2.924754335253965e-05,3.101076072198339e-05,3.500787352095358e-05,3.0308214263641275e-05,2.785769902402535e-05,2.6947365768137388e-05,5.519291153177619e-05,4.2377148929517716e-05,5.499913459061645e-05,5.225686254561879e-05,3.188503615092486e-05,4.598413943313062e-05,3.4798318665707484e-05
200,0.00042085308814421296,0.00022500136401504278,0.00019734367378987372,0.00018079167057294399,0.00017866077541839331,0.00014524944708682597,8.640028681838885e-05,6.399718404281884e-05,0.00011435982742113993,0.00010071518045151606,8.126019383780658e-05,7.968980207806453e-05,3.915420893463306e-05,7.814847049303353e-05,7.390773680526763e-05,7.652731437701732e-05,2.9150194677640684e-05,5.7636440033093095e-05,2.9721257305936888e-05,5.464792047860101e-05,2.834630140569061e-05,4.2716532334452495e-05,3.3571170206414536e-05,3.280698729213327e-05,3.271555033279583e-05,5.245944339549169e-05,4.7990855819080025e-05,2.9442344384733588e-05,2.8996164473937824e-05,3.5898898204322904e-05,2.9960005122120492e-05,3.156284219585359e-05,3.7868889194214717e-05,2.8673555789282545e-05,4.1280884033767506e-05,3.9825263229431584e-05,5.211722964304499e-05,2.8128384656156413e-05,3.3712261938489974e-05,3.741173350135796e-05,2.8799237043131143e-05,2.8779322747141123e-05,2.6927451472147368e-05,5.328573752194643e-05,4.2505405872361735e-05,5.1841714594047517e-05,4.802721014129929e-05,3.0794297344982624e-05,4.407241431181319e-05,3.754420322366059e-05
300,0.00043886000639759004,0.0002484162978362292,0.00020069669699296355,0.0001819989556679502,0.00018346385331824422,0.0001429347030352801,0.00011441317474236712,6.433608359657228e-05,0.00011951349733863026,0.00011832244490506127,8.650264499010518e-05,8.27936819405295e-05,3.382018257980235e-05,8.342957153217867e-05,6.837469845777377e-05,7.530353468609974e-05,2.9650705982930958e-05,6.383043364621699e-05,2.8614967959583737e-05,6.552169361384585e-05,2.974804738187231e-05,4.398569944896735e-05,3.146174276480451e-05,3.217364792362787e-05,3.220407597837038e-05,6.172019493533298e-05,5.254520146991126e-05,3.106378790107556e-05,2.9434104362735525e-05,3.260788434999995e-05,3.157537867082283e-05,3.0771443562116474e-05,4.086351691512391e-05,3.3297874324489385e-05,4.4059037463739514e-05,3.797713361564092e-05,5.667988443747163e-05,2.929039874288719e-05,3.3007188903866336e-05,3.6272806028136984e-05,2.891691110562533e-05,2.9651157092303038e-05,2.7061771106673405e-05,5.494362267199904e-05,4.60727205791045e-05,5.499406688613817e-05,5.482473716256209e-05,3.206458859494887e-05,5.462680201162584e-05,3.675336847663857e-05
400,0.00022696222004015,0.00012428902846295387,0.00010550195293035358,9.398402471560985e-05,0.00010537500202190131,5.554488598136231e-05,4.346208515926264e-05,3.1331619538832456e-05,5.748076000600122e-05,5.6393731938442215e-05,4.343790715211071e-05,4.074894604855217e-05,1.5722938769613393e-05,4.291406003176235e-05,3.562373240129091e-05,3.90204913855996e-05,1.4501968507829588e-05,3.315961657790467e-05,1.377684748149477e-05,2.782635056064464e-05,1.410537697665859e-05,2.4271095753647387e-05,1.5923895261948928e-05,1.6432441043434665e-05,1.454051562177483e-05,2.6388277547084726e-05,2.5886321964208037e-05,1.4578318769054022e-05,1.515411895525176e-05,1.572891960677225e-05,1.5330575479310937e-05,1.4309805919765495e-05,1.871264430519659e-05,1.4326216842164285e-05,1.899252129078377e-05,1.6977561244857498e-05,2.8348520572762936e-05,1.3864884749636985e-05,1.509838239144301e-05,1.5909119611023925e-05,1.4623318747908343e-05,1.3857876183465123e-05,1.3116961781634018e-05,3.072264007641934e-05,2.1073939933557995e-05,2.7482008590595797e-05,2.4391718397964723e-05,1.564960075484123e-05,2.390271401964128e-05,2.1041365471319295e-05
500,0.00023835361935198307,0.00013253014185465872,9.567122469889e-05,9.631785360397771e-05,9.031494846567512e-05,5.336067988537252e-05,4.253676161170006e-05,2.8188196665723808e-05,5.7689434470376e-05,5.3243144066073e-05,4.6706081775482744e-05,3.807022585533559e-05,1.5976336726453155e-05,3.772833588300273e-05,3.348788959556259e-05,3.9683360228082165e-05,1.4297983398137148e-05,2.9577084205811843e-05,1.3562632375396788e-05,3.732688492164016e-05,1.429106396244606e-05,1.980756496777758e-05,1.666454591031652e-05,1.5267023627529852e-05,1.5183378309302498e-05,3.18519669235684e-05,2.8542030122480355e-05,1.3670083717443049e-05,1.3791200217383448e-05,1.7035072232829407e-05,1.4800922144786455e-05,1.3773309547104873e-05,1.9501016140566207e-05,1.5609963156748563e-05,2.0350102204247378e-05,1.902881558635272e-05,2.7525238692760468e-05,1.4130762792774476e-05,1.514858377049677e-05,1.6665999282849953e-05,1.4320788068289403e-05,1.399710527039133e-05,1.3429277714749333e-05,3.1217987270792946e-05,2.243086237285752e-05,2.8030915927956812e-05,2.735374255280476e-05,1.6456269804621115e-05,2.6568808607407846e-05,1.5768777302582748e-05
600,0.0002131004584953189,0.00011795783939305693,9.86078885034658e-05,8.755365706747398e-05,9.32816619751975e-05,6.320734973996878e-05,5.245741340331733e-05,2.8963091608602554e-05,5.759448686148971e-05,4.555948908091523e-05,4.1561375837773085e-05,3.771455885726027e-05,1.671153586357832e-05,3.6638404708355665e-05,3.507967994664796e-05,3.9574042602907866e-05,1.4579525668523274e-05,2.8903959901072085e-05,1.5314959455281496e-05,2.9374663427006453e-05,1.3561955711338669e-05,2.239375862700399e-05,1.5907955457805656e-05,1.4827411177975591e-05,1.608230741112493e-05,3.1599269277649e-05,2.8172205929877236e-05,1.6179617887246422e-05,1.5057451491884422e-05,1.724219873722177e-05,1.459248142055003e-05,1.4670314158138353e-05,1.7385140381520614e-05,1.411581615684554e-05,2.1384770661825314e-05,2.028683047683444e-05,3.1483843486057594e-05,1.4025029486219864e-05,1.6114370737341233e-05,1.6301608411595225e-05,1.421718843630515e-05,1.2368321222311351e-05,1.3054375813226216e-05,2.937335921160411e-05,2.3447273633792065e-05,2.6655479814508e-05,2.720765769481659e-05,1.4258297596825287e-05,2.4670174752827734e-05,1.7462929463363253e-05
700,0.000220601461478509,0.00011471120524220169,0.00010250311606796458,9.700372902443632e-05,0.00014720881881657988,7.563727558590472e-05,5.451383549370803e-05,3.2257223210763186e-05,6.078121441532858e-05,6.792840576963499e-05,4.4969125156058e-05,4.9169881094712764e-05,1.8325525161344558e-05,4.6266690333141014e-05,3.882520832121372e-05,3.965185896959156e-05,1.4922870832378976e-05,3.339686008985154e-05,1.494920434197411e-05,3.1477502488996834e-05,1.4786616702622268e-05,2.1998472220730036e-05,1.6611280443612486e-05,1.6723179214750417e-05,1.5744239135528915e-05,3.363030555192381e-05,2.7503641831572168e-05,1.5604788131895475e-05,1.665274248807691e-05,1.7018994185491465e-05,1.5321033060899936e-05,1.629655344004277e-05,1.8785720385494642e-05,1.551043715153355e-05,2.0122461137361825e-05,1.8717226339504123e-05,2.7444759325589985e-05,1.5199703739199322e-05,1.528241773485206e-05,2.0000605218228884e-05,1.5503906979574822e-05,1.4436864148592576e-05,1.3995437257108279e-05,3.0424414944718592e-05,2.239813875348773e-05,2.7952852178714238e-05,3.228998320992105e-05,1.5805720977368765e-05,2.3144484657677822e-05,1.84532818821026e-05
800,0.00022472419368568808,0.00012922952009830624,9.622456127544865e-05,9.613799920771271e-05,0.00010006062075262889,6.536176078952849e-05,5.699027678929269e-05,2.5657956939539872e-05,5.746977694798261e-05,5.4975796956568956e-05,4.5814111217623577e-05,4.0853352402336895e-05,1.6081674402812496e-05,4.160153184784576e-05,3.351159830344841e-05,4.0143968362826854e-05,1.4513810128846671e-05,3.259175718994811e-05,1.358893405267736e-05,3.6285426176618785e-05,1.3385465535975527e-05,2.415067319816444e-05,1.8737922800937667e-05,1.4310268852568697e-05,1.3989478247822262e-05,3.3906024327734485e-05,2.355987817281857e-05,1.5106026694411412e-05,1.5578831153106876e-05,1.7176107576233335e-05,1.7664544429862872e-05,1.425942264177138e-05,1.7635387848713435e-05,1.4145920431474224e-05,2.094203227898106e-05,1.7126978491432965e-05,2.8680195100605488e-05,1.5439172784681432e-05,1.6159790902747773e-05,1.6370164303225465e-05,1.4774243027204648e-05,1.3632626178150531e-05,1.3449774996843189e-05,2.835654049704317e-05,2.2435919163399376e-05,2.732052598730661e-05,2.7527683414518833e-05,1.7159223716589622e-05,2.217005385318771e-05,1.693491321930196e-05
900,0.00021391680638771504,0.0001174997742054984,8.974278898676857e-05,8.942268323153257e-05,8.74283941811882e-05,6.205580575624481e-05,4.721595541923307e-05,2.868540286726784e-05,5.637977665173821e-05,4.430843546288088e-05,3.943683987017721e-05,3.523228224366903e-05,1.5375502698589116e-05,3.476107303868048e-05,3.5792694689007476e-05,3.7654688640031964e-05,1.3639157259603962e-05,2.9271162929944694e-05,1.3561955711338669e-05,3.344845026731491e-05,1.3899094483349472e-05,1.991516000998672e-05,1.5342327969847247e-05,1.6506366591784172e-05,1.3850296454620548e-05,2.6919135052594356e-05,2.2977932530920953e-05,1.5018763406260405e-05,1.4055941392143723e-05,1.5416680980706587e-05,1.432056615158217e-05,1.4861140698485542e-05,1.718907878967002e-05,1.4755567462998442e-05,2.0664610929088667e-05,1.7990500055020675e-05,2.7094096367363818e-05,1.3124122233421076e-05,1.5537623767158948e-05,1.594331843079999e-05,1.3818506886309478e-05,1.3882670828024857e-05,1.1719135727616958e-05,2.8444294002838433e-05,2.0391087673488073e-05,2.5112040020758286e-05,2.681714977370575e-05,1.4747205568710342e-05,2.2770793293602765e-05,1.575547685206402e-05
1000,0.000223902243305929,0.00012584442447405308,9.786208102013916e-05,9.17789657250978e-05,9.158570901490748e-05,5.8448000345379114e-05,4.897415783489123e-05,2.9035469196969643e-05,5.838575089001097e-05,4.595507198246196e-05,4.194411667413078e-05,4.809957681572996e-05,1.6073583537945524e-05,3.7300957046682015e-05,3.288888910901733e-05,3.840429417323321e-05,1.4275912690209225e-05,2.9526016078307293e-05,1.4582575204258319e-05,3.219676364096813e-05,1.503700332250446e-05,2.052757736237254e-05,1.6628295270493254e-05,1.9909122784156352e-05,1.529199471406173e-05,3.321826079627499e-05,3.662905146484263e-05,1.528601387690287e-05,1.710220385575667e-05,1.5140598407015204e-05,1.5756664652144536e-05,1.435209469491383e-05,1.8828688553185202e-05,1.4929388271411881e-05,2.2177022401592694e-05,1.830777728173416e-05,2.6942532713292167e-05,1.3280431630846579e-05,1.6013922504498623e-05,1.569141386426054e-05,1.4826130609435495e-05,1.391880232404219e-05,1.3429059436020907e-05,2.9548629754572175e-05,2.3938122467370704e-05,2.6646230253390968e-05,3.0758459615753964e-05,1.7483333067502826e-05,2.4574605049565434e-05,1.7661355741438456e-05
1100,0.00021664047380909324,0.00011858085781568661,9.043968748301268e-05,8.569902274757624e-05,8.694277494214475e-05,8.192673703888431e-05,5.5470278311986476e-05,2.8497863240772858e-05,5.8911882661050186e-05,4.835607251152396e-05,4.36267837358173e-05,4.624459324986674e-05,1.6754187527112663e-05,3.756881778826937e-05,3.5123590350849554e-05,3.9388083678204566e-05,1.4302499948826153e-05,3.315940557513386e-05,1.427112420060439e-05,2.6043820980703458e-05,1.6127518392750062e-05,1.9801749658654444e-05,1.4985723282734398e-05,1.622352829144802e-05,1.3577098798123188e-05,3.117336382274516e-05,3.550667315721512e-05,1.6793981558294035e-05,1.5700972653576173e-05,1.7610247596167028e-05,1.567245453770738e-05,1.5694411558797583e-05,1.902406984299887e-05,1.5443918528035283e-05,2.2788739443058148e-05,1.942862400028389e-05,3.0061897632549517e-05,1.558867188578006e-05,1.6577128917560913e-05,1.6267624232568778e-05,1.5088195141288452e-05,1.7799155102693476e-05,1.4657758583780378e-05,2.8515672966022976e-05,1.964867078640964e-05,2.7778049116022885e-05,2.6826764951692894e-05,1.671873360464815e-05,2.400554330961313e-05,1.8445787645759992e-05
1200,0.00020801536447834224,0.00012200353376101702,8.905138383852318e-05,9.192674770019948e-05,8.315702871186659e-05,7.213120989035815e-05,9.662621596362442e-05,2.7404852517065592e-05,5.3228653996484354e-05,4.860516492044553e-05,3.8952795875957236e-05,4.5213906560093164e-05,1.400000383000588e-05,4.0178354538511485e-05,3.289614323875867e-05,3.719985033967532e-05,1.4723425010743085e-05,3.181225110893138e-05,1.331057046627393e-05,3.538433520589024e-05,1.5056766642373987e-05,2.1143772755749524e-05,1.498789970355574e-05,1.5133919987420086e-05,1.2720870472548995e-05,2.9221961085568182e-05,2.1502401068573818e-05,1.3626942745759152e-05,1.4715119505126495e-05,1.75656023202464e-05,1.3592026334663387e-05,1.3639137250720523e-05,1.97212903003674e-05,1.3833773664373439e-05,1.7214981198776513e-05,2.0262634279788472e-05,2.5911676857504062e-05,1.3362691788643133e-05,1.9748662452911958e-05,1.6674543076078407e-05,1.4978308172430843e-05,1.3781425877823494e-05,1.3786570889351424e-05,2.557162952143699e-05,2.3091677576303482e-05,2.6241345040034503e-05,2.5554469175403938e-05,1.435279227735009e-05,2.1862448193132877e-05,1.7021104213199578e-05
1300,0.00022022079792805016,0.00011847735004266724,9.700650116428733e-05,9.3407194071915e-05,8.819872891763225e-05,6.302121619228274e-05,5.277655873214826e-05,2.9582231945823878e-05,5.9512301959330216e-05,5.186168345971964e-05,4.43416356574744e-05,4.327663191361353e-05,1.6766945918789133e-05,3.807373650488444e-05,3.667975033749826e-05,4.0226550481747836e-05,1.3554182260122616e-05,3.205856046406552e-05,1.4933825696061831e-05,2.627238427521661e-05,1.4344080227601808e-05,2.0257786673028022e-05,1.6665688235661946e-05,1.5411735148518346e-05,1.5941062883939594e-05,3.024076431756839e-05,3.0357183277374133e-05,1.6428697563242167e-05,1.5985508071025833e-05,1.855641312431544e-05,1.5775776773807593e-05,1.533670729259029e-05,1.8913564417744055e-05,1.371367852698313e-05,2.3318780222325586e-05,1.8739008737611584e-05,3.137125895591453e-05,1.5371042536571622e-05,1.514497671450954e-05,1.6013242202461697e-05,1.4767661014047917e-05,1.4626185475208331e-05,1.324865297647193e-05,3.009447391377762e-05,1.9499835616443306e-05,2.6192285076831467e-05,2.9512721084756777e-05,1.7746342564350925e-05,2.373712595726829e-05,1.952514867298305e-05
1400,0.00023197231348603964,0.00012029492791043594,0.00010057376493932679,9.953750122804195e-05,9.012289956444874e-05,7.883433863753453e-05,4.559094668366015e-05,3.1871772080194205e-05,5.696385778719559e-05,5.479302126332186e-05,4.524330506683327e-05,4.149209053139202e-05,1.6419266103184782e-05,4.748657738673501e-05,3.716378705576062e-05,4.156757495366037e-05,1.5055037692945916e-05,3.1630173907615244e-05,1.4210536392056383e-05,3.461338928900659e-05,1.3183786904846784e-05,2.220746682723984e-05,1.64634438988287e-05,1.6559268260607496e-05,1.4721577827003784e-05,2.8541906431200914e-05,2.7697109544533305e-05,1.5635130694136024e-05,1.7296706573688425e-05,1.8291984815732576e-05,1.582805998623371e-05,1.634883119550068e-05,1.8393075151834637e-05,1.4686745998915285e-05,2.195774686697405e-05,1.8544416889199056e-05,2.6657915441319346e-05,1.5104807062016334e-05,1.4519331671181135e-05,1.7382961232215166e-05,1.4842838027107064e-05,1.2943337424076162e-05,1.4294498214439955e-05,2.5459037715336308e-05,2.2827593056717888e-05,2.937421595561318e-05,2.7062904337071814e-05,1.948127828654833e-05,2.4628459868836217e-05,1.807462831493467e-05
1500,0.0002230622194474563,0.0001325800403719768,9.984055941458791e-05,9.66576553764753e-05,9.030414366861805e-05,5.520107879419811e-05,6.009768185322173e-05,2.9540944524342194e-05,6.193726585479453e-05,5.0398452003719285e-05,4.836298830923624e-05,4.096940756426193e-05,1.703181078482885e-05,3.9409787859767675e-05,3.497484067338519e-05,3.8061516534071416e-05,1.3773749742540531e-05,3.8659662095597014e-05,1.5106118553376291e-05,3.3105461625382304e-05,1.5104473277460784e-05,2.085861524392385e-05,1.8060985894408077e-05,1.579316631250549e-05,1.5226636605802923e-05,3.9698483305983245e-05,2.5577466658432968e-05,1.6007479644031264e-05,1.5850137060624547e-05,1.7417003618902527e-05,1.4075570106797386e-05,1.555551716592163e-05,2.0178875274723396e-05,1.4501113582809921e-05,2.3628394046681933e-05,1.7872702301247045e-05,2.944621337519493e-05,1.4136200661596376e-05,1.4759011719434056e-05,1.7151607607956976e-05,1.5079674994922243e-05,1.4523683603329118e-05,1.348854220850626e-05,2.8294454750721343e-05,2.1684958483092487e-05,2.7745234547182918e-05,2.8764430680894293e-05,1.5739582522655837e-05,2.5078285034396686e-05,1.8649918274604715e-05
1600,0.0002198906586272642,0.0001203854990308173,9.073398541659117e-05,0.00010047463729279116,8.536645327694714e-05,5.320180207490921e-05,5.527155371964909e-05,2.8526654205052182e-05,5.940524351899512e-05,4.436495146364905e-05,4.218652247800492e-05,3.9668622775934637e-05,1.7465079508838244e-05,3.930427192244679e-05,3.641840521595441e-05,3.6478413676377386e-05,1.4029632438905537e-05,2.58818399743177e-05,1.4421044397749938e-05,2.945553023891989e-05,1.4607863704441115e-05,1.9671984773594886e-05,1.627951132832095e-05,1.4397929589904379e-05,1.6685313312336802e-05,3.178844417561777e-05,2.701453195186332e-05,1.572886685607955e-05,1.4320215996121988e-05,1.755145967763383e-05,1.4793382433708757e-05,1.5954607079038396e-05,1.8905111573985778e-05,1.2942186003783718e-05,2.0805215172003955e-05,1.8699154679779895e-05,2.911055344156921e-05,1.4189245121087879e-05,1.7598895283299498e-05,1.915099346661009e-05,1.4671978533442598e-05,1.4619216017308645e-05,1.3333498827705625e-05,2.8815806217608042e-05,1.9522509319358505e-05,2.6701640308601782e-05,2.593545832496602e-05,1.6138565115397796e-05,2.3186643375083804e-05,1.8834673028322868e-05
1700,0.00021857256069779396,0.0001201856866828166,8.827829151414335e-05,8.68347124196589e-05,8.578131382819265e-05,6.732263136655092e-05,5.337510083336383e-05,2.7060195861849934e-05,5.802899977425113e-05,4.898257611785084e-05,4.409454413689673e-05,3.644124444690533e-05,1.6826772480271757e-05,3.9839749661041424e-05,3.4840861189877614e-05,3.626818215707317e-05,1.2718669495370705e-05,3.0068524210946634e-05,1.4067983101995196e-05,2.7414651412982494e-05,1.36508215291542e-05,2.1457082766573876e-05,1.767559297150001e-05,1.7092232155846432e-05,1.5024931599327829e-05,3.172677315887995e-05,2.7820580726256594e-05,1.548460204503499e-05,1.5359906683443114e-05,1.5975516362232156e-05,1.5119781892281026e-05,1.588308805366978e-05,1.8357173757976852e-05,1.5405625163111836e-05,2.2898600946064107e-05,1.804374551284127e-05,2.800822039716877e-05,1.4999461200204678e-05,1.6595937267993577e-05,1.7720420146360993e-05,1.4471037502516992e-05,1.434403566236142e-05,1.3591852621175349e-05,2.760619463515468e-05,2.0977404346922413e-05,2.867504008463584e-05,2.598550599941518e-05,1.5884486856521107e-05,2.4945249606389552e-05,1.77281690412201e-05
1800,0.00022775922843720764,0.0001319882576353848,0.00010617089719744399,9.753497579367831e-05,8.319809421664104e-05,6.730882887495682e-05,6.4892738009803e-05,2.6921923563349992e-05,5.918692841078155e-05,7.18318551662378e-05,4.70184204459656e-05,4.997546784579754e-05,1.5371193512692116e-05,3.5669618227984756e-05,3.313378692837432e-05,3.874528920277953e-05,1.3747696357313544e-05,3.561081757652573e-05,1.699931817711331e-05,3.336264853714965e-05,1.5318031728384085e-05,2.1301502783899195e-05,1.770609560480807e-05,1.6023603166104294e-05,1.4986262613092549e-05,3.6217326851328835e-05,2.4025017410167493e-05,1.5958157746354118e-05,1.399506345478585e-05,1.6116817278089002e-05,1.580070602358319e-05,1.6054942534537986e-05,2.086647873511538e-05,1.562570469104685e-05,2.3268403310794383e-05,1.8978189473273233e-05,2.7409050744608976e-05,1.4972085409681313e-05,1.5910551155684516e-05,1.8512066162656993e-05,1.684957715042401e-05,1.672174403211102e-05,1.3405289791990072e-05,2.898164530051872e-05,2.2378701032721438e-05,3.1409676012117416e-05,2.7943713575950824e-05,1.7561787899467163e-05,2.189791848650202e-05,1.6881454939721152e-05
1900,0.00021416945673990995,0.00011910834291484207,9.040188160724938e-05,8.864221308613196e-05,8.582106238463894e-05,6.821837450843304e-05,5.865551793249324e-05,2.8217804356245324e-05,5.8641824580263346e-05,5.346327452571131e-05,4.206261655781418e-05,4.167171209701337e-05,1.4893328625475988e-05,3.67793909390457e-05,3.32798263116274e-05,3.65044288628269e-05,1.4062199625186622e-05,2.85651894955663e-05,1.3483204384101555e-05,3.2846775866346434e-05,1.3793420293950476e-05,1.9763854652410373e-05,1.586791950103361e-05,1.5477720808121376e-05,1.4473750525212381e-05,3.0322993552545086e-05,2.504403528291732e-05,1.4942844245524611e-05,1.7422917153453454e-05,1.7600541468709707e-05,1.4123873370408546e-05,1.6028139725676738e-05,1.839385186030995e-05,1.527055246697273e-05,2.1149826352484524e-05,1.613371932762675e-05,2.7642552595352754e-05,1.6902791685424745e-05,1.4874864064040594e-05,1.7356465832563117e-05,1.6004842109396122e-05,1.448427155992249e-05,1.2981973668502178e-05,2.651899922057055e-05,2.0451827367651276e-05,2.7483432859298773e-05,2.901570769608952e-05,1.3905520063417498e-05,2.373073402850423e-05,1.709107709757518e-05
2000,0.00023083857377059758,0.00012804930156562477,0.00011023960541933775,9.785763541003689e-05,9.938367293216288e-05,6.99917582096532e-05,6.039177969796583e-05,3.535582800395787e-05,6.419495184672996e-05,4.788073420058936e-05,4.808189260074869e-05,4.368165900814347e-05,1.759137012413703e-05,4.251012433087453e-05,3.950591053580865e-05,4.268886550562456e-05,1.9092152797384188e-05,2.9907190764788538e-05,1.7925462088896893e-05,3.508162990328856e-05,1.5104489648365416e-05,2.281748311361298e-05,1.858098585216794e-05,1.799911115085706e-05,1.6202984625124373e-05,3.130354161839932e-05,2.7309752113069408e-05,1.980746310437098e-05,1.5730538507341407e-05,1.9809844161500223e-05,1.6980780856101774e-05,1.7764774383977056e-05,2.394675902905874e-05,1.831611734814942e-05,2.3868980861152522e-05,1.848263491410762e-05,2.991929250129033e-05,1.608418460818939e-05,1.9465192963252775e-05,2.0116278392379172e-05,1.5966143109835684e-05,2.06888416869333e-05,1.462499494664371e-05,3.037858914467506e-05,2.3102189516066574e-05,3.376200038474053e-05,2.9217684641480446e-05,1.7499271052656695e-05,2.357710945943836e-05,2.1992669644532725e-05
2100,0.0002352972369408235,0.00013548159040510654,9.38837620196864e-05,9.347528975922614e-05,8.558036643080413e-05,6.411065260181203e-05,5.575490285991691e-05,2.9058945074211806e-05,6.317301449598745e-05,6.165463128127158e-05,4.525334225036204e-05,3.977981396019459e-05,1.5138152775762137e-05,3.581067358027212e-05,3.440418731770478e-05,3.758725506486371e-05,1.545566010463517e-05,3.114493301836774e-05,1.4021930837770924e-05,3.100241883657873e-05,1.4405994988919701e-05,2.1885063688387163e-05,1.6146343114087358e-05,1.738386526994873e-05,1.512651488155825e-05,3.429708885960281e-05,2.716664494073484e-05,1.6736654288251884e-05,1.7907812434714288e-05,1.669256016612053e-05,1.5806523151695728e-05,1.546785824757535e-05,1.9174291082890704e-05,1.6298996342811733e-05,2.1433539586723782e-05,1.875424277386628e-05,2.936372038675472e-05,1.4876798559271265e-05,1.5428458937094547e-05,1.7668646250967868e-05,1.4352491234603804e-05,1.3775628758594394e-05,1.3369489352044184e-05,2.9993499992997386e-05,2.355081778659951e-05,3.0515719117829576e-05,2.5860455934889615e-05,1.539583900012076e-05,2.6670804800232872e-05,1.8785238353302702e-05
2200,0.0002403729740763083,0.0001326428318861872,0.00010611340985633433,9.898411371978e-05,9.724304254632443e-05,7.974757318152115e-05,4.939282007399015e-05,2.9168679247959517e-05,6.208225386217237e-05,4.978663127985783e-05,4.700005956692621e-05,4.017234459752217e-05,1.64758075698046e-05,3.797660247073509e-05,3.490641756798141e-05,4.1957446228479967e-05,1.4767966604267713e-05,3.092554470640607e-05,1.4905212992744055e-05,3.499662852846086e-05,1.5378893294837326e-05,2.2199814338819124e-05,1.75721179402899e-05,1.8447055481374264e-05,1.4512843335978687e-05,3.103178823948838e-05,3.003907659149263e-05,1.5877201803959906e-05,1.8448670743964612e-05,1.589076236996334e-05,1.545093437016476e-05,1.660713678575121e-05,1.9533850718289614e-05,1.471691211918369e-05,2.1866508177481592e-05,1.9926674212911166e-05,2.911545379902236e-05,1.4325019947136752e-05,1.6236530427704565e-05,1.7985606973525137e-05,1.7429585568606853e-05,1.52480679389555e-05,1.3862923879059963e-05,3.049164115509484e-05,2.463416603859514e-05,3.0882347346050665e-05,2.835587292793207e-05,2.0256666175555438e-05,2.579548890935257e-05,1.96579876501346e-05
2300,0.00022600220108870417,0.00012974000128451735,0.00010585357813397422,9.501168096903712e-05,9.28306471905671e-05,6.265132105909288e-05,9.154766303254291e-05,3.33925272570923e-05,6.351974298013374e-05,5.978824265184812e-05,4.667591565521434e-05,4.704280581790954e-05,1.8045257093035616e-05,4.262620859663002e-05,3.578421819838695e-05,3.9832793845562264e-05,1.5455514585482888e-05,3.0814073397777975e-05,1.6359874280169606e-05,2.8074131478206255e-05,1.650264130148571e-05,2.1099143850733526e-05,1.78557511389954e-05,1.7295276848017238e-05,1.7214981198776513e-05,3.511161412461661e-05,3.530313915689476e-05,1.6758171113906428e-05,1.6247573512373492e-05,1.919457827170845e-05,1.526834603282623e-05,1.7748096070135944e-05,1.9868373783538118e-05,1.4980561900301836e-05,2.3521948605775833e-05,1.8066270058625378e-05,2.7455069357529283e-05,1.658869587117806e-05,1.73807729879627e-05,2.033508826571051e-05,1.6037880413932726e-05,1.42926746775629e-05,1.3361108358367346e-05,2.962272264994681e-05,2.3862989110057242e-05,2.666784894245211e-05,2.9005706892348826e-05,1.7233527614735067e-05,2.3712704205536284e-05,2.1777732399641536e-05
2400,0.00024003960425034165,0.0001327074132859707,9.280467202188447e-05,0.0001005536614684388,9.78598982328549e-05,7.728256605332717e-05,6.71960151521489e-05,2.786765617202036e-05,6.13191441516392e-05,4.540619920589961e-05,5.070076076663099e-05,4.8002028051996604e-05,1.768615038599819e-05,4.293855090509169e-05,3.738430677913129e-05,4.1598214011173695e-05,1.5754432752146386e-05,3.4863915061578155e-05,1.5573290511383675e-05,3.5809182008961216e-05,1.590505962667521e-05,2.5376766643603332e-05,1.6321091607096605e-05,1.787525980034843e-05,1.4464973901340272e-05,3.292916881036945e-05,3.171485150232911e-05,1.686329414951615e-05,1.6323414456564933e-05,1.8113854821422137e-05,1.6613183106528595e-05,1.5248511772369966e-05,1.9644385247374885e-05,1.8311668100068346e-05,2.2257676391745917e-05,1.8539092707214877e-05,3.080438182223588e-05,1.6410407624789514e-05,1.765744309523143e-05,1.939973299158737e-05,1.5036205695651006e-05,1.7283280612900853e-05,1.4639532309956849e-05,3.4010688978014514e-05,2.124118691426702e-05,2.9281911338330247e-05,3.273258334957063e-05,1.7696740542305633e-05,2.7322401365381666e-05,1.9009739844477735e-05
2500,0.000228139542741701,0.00012429413618519902,9.465392213314772e-05,9.651485743233934e-05,8.653735858388245e-05,7.227734749903902e-05,5.780140418210067e-05,2.6895921109826304e-05,5.852064350619912e-05,5.279145261738449e-05,4.539233850664459e-05,4.495853136177175e-05,1.756695201038383e-05,3.920351809938438e-05,3.4976270399056375e-05,3.977418600698002e-05,1.4848469618300442e-05,3.169356568832882e-05,1.4468275367107708e-05,3.977177766500972e-05,1.5655246897949837e-05,2.1665140593540855e-05,1.841973607952241e-05,1.7986103557632305e-05,1.5296767742256634e-05,3.427125557209365e-05,2.8781591026927345e-05,1.582484219397884e-05,1.6628204321023077e-05,1.6188965673791245e-05,1.7067337466869503e-05,1.5958670701365918e-05,1.972094105440192e-05,1.492528372182278e-05,2.2807440473116003e-05,1.8980150343850255e-05,2.850035707524512e-05,1.6339308785973117e-05,1.3893044524593279e-05,1.835194962040987e-05,1.5098044968908653e-05,1.5586494555464014e-05,1.4897590517648496e-05,2.8238195227459073e-05,2.270440563734155e-05,2.913036041718442e-05,2.8320879209786654e-05,1.8212818758911453e-05,2.7204434445593506e-05,1.879856426967308e-05
2600,0.0002487663587089628,0.00013188667071517557,9.655504254624248e-05,9.513355325907469e-05,0.00010541574010858312,8.86821944732219e-05,5.19698514835909e-05,3.0016108212294057e-05,6.503983604488894e-05,6.116855365689844e-05,4.9052268877858296e-05,4.1656654502730817e-05,1.991405224543996e-05,4.349664959590882e-05,4.21289551013615e-05,4.341920430306345e-05,1.5061598787724506e-05,3.263189137214795e-05,1.5891837392700836e-05,3.833709706668742e-05,1.5888241250650026e-05,2.4036458853515796e-05,1.8181917766924016e-05,1.6154841432580724e-05,1.6431216863566078e-05,3.328117236378603e-05,3.209103670087643e-05,1.760011764417868e-05,1.4788394764764234e-05,1.7368298358633183e-05,1.6788051652838476e-05,1.6888423488126136e-05,2.10454199986998e-05,1.71501324075507e-05,2.2883978090249002e-05,1.874720328487456e-05,3.338186797918752e-05,1.483841424487764e-05,1.6046098608057946e-05,1.8194856238551438e-05,1.597655500518158e-05,1.4605851902160794e-05,1.5650988643756136e-05,3.156630555167794e-05,2.321128522453364e-05,3.100088724750094e-05,3.0237006285460666e-05,1.787654764484614e-05,2.584453977760859e-05,1.8525219275034033e-05
2700,0.0002370520815020427,0.00014055249630473554,0.0001056167166098021,9.64607679634355e-05,7.583442493341863e-05,6.020957516739145e-05,9.709034202387556e-05,2.5757806724868715e-05,6.296161882346496e-05,6.093662523198873e-05,5.06246360600926e-05,5.890451211598702e-05,1.719848660286516e-05,3.8546015275642276e-05,3.074530832236633e-05,3.787606692640111e-05,1.6120891814352944e-05,3.2128857128554955e-05,1.6037742170738056e-05,2.7029587727156468e-05,1.4647352145402692e-05,2.1022267901571468e-05,1.686330506345257e-05,1.4638167158409487e-05,1.7445248886360787e-05,3.805221786024049e-05,3.994734652223997e-05,1.7160964489448816e-05,1.9142813471262343e-05,1.739326944516506e-05,1.5775460269651376e-05,1.5422247088281438e-05,1.8963110051117837e-05,1.6037034583860077e-05,2.6457106287125498e-05,1.7742100681061856e-05,2.7539195798453875e-05,1.8783166524372064e-05,1.7228279830305837e-05,1.9259314285591245e-05,1.5104407793842256e-05,1.6615613276371732e-05,1.3484814189723693e-05,3.29441754729487e-05,2.2167450879351236e-05,3.103588824160397e-05,2.6288618755643256e-05,1.646432610868942e-05,2.384459730819799e-05,1.8455762983649038e-05
2800,0.00023320724721997976,0.00012521685857791454,0.00011229030496906489,0.00010250653576804325,9.357712406199425e-05,7.637486123712733e-05,4.6966855734353885e-05,3.326468140585348e-05,6.349324394250289e-05,5.318847979651764e-05,4.423390419105999e-05,4.6114906581351534e-05,1.6468817193526775e-05,4.259643537807278e-05,4.0364149754168466e-05,4.236516906530596e-05,1.617543603060767e-05,3.058411675738171e-05,1.530732333776541e-05,3.42336788889952e-05,1.4717297744937241e-05,1.9386709027457982e-05,1.7107828170992434e-05,1.6620791939203627e-05,1.4721046682097949e-05,2.9100841857143678e-05,2.8071033739252016e-05,1.5696099580964074e-05,1.6431024050689302e-05,1.7452615793445148e-05,1.542713653179817e-05,1.721317312330939e-05,2.0342860807431862e-05,1.5661926227039658e-05,2.3406541004078463e-05,1.887501639430411e-05,3.040370393136982e-05,1.5934614566504024e-05,1.6955127648543566e-05,1.685658389760647e-05,1.439341576769948e-05,1.4889951671648305e-05,1.3588542969955597e-05,2.974679591716267e-05,2.2947253455640748e-05,2.563505040598102e-05,2.834020233422052e-05,1.782279105100315e-05,2.763736483757384e-05,2.0326062440290116e-05
2900,0.0002268695825478062,0.00012054886610712856,9.631644934415817e-05,8.964588050730526e-05,0.00010032993304776028,7.403492782032117e-05,5.469884490594268e-05,2.8522243155748583e-05,6.257196218939498e-05,6.345537258312106e-05,5.0094644393539056e-05,5.07098957314156e-05,1.5423442164319567e-05,4.342113606981002e-05,3.7371020880527794e-05,4.2802930693142116e-05,1.8925557014881633e-05,3.594922600314021e-05,1.506757689639926e-05,2.8163505703560077e-05,1.7523792848805897e-05,2.5286306481575593e-05,1.649086880206596e-05,1.747354144754354e-05,1.6200780009967275e-05,3.5778684832621366e-05,3.0715564207639545e-05,1.5888184861978516e-05,1.5200356756395195e-05,1.6844978745211847e-05,1.7545162336318754e-05,1.7505513824289665e-05,1.992532270378433e-05,1.569184496474918e-05,2.3565491574117914e-05,1.8349381207372062e-05,2.9710610760957934e-05,1.4620904039475136e-05,1.4626943084294908e-05,1.879541014204733e-05,1.482514289818937e-05,1.7498819943284616e-05,1.6011194020393305e-05,3.079255111515522e-05,2.2702082787873223e-05,2.9890927180531435e-05,3.059722439502366e-05,1.7891519746626727e-05,2.2467811504611745e-05,1.858625364548061e-05
3000,0.00024445567396469414,0.0001404618815286085,9.620310447644442e-05,0.00010058057523565367,8.720583718968555e-05,7.278710836544633e-05,6.15576354903169e-05,3.158820982207544e-05,6.507478246930987e-05,5.2900479204254225e-05,4.8177938879234716e-05,4.842319685849361e-05,1.8842991266865283e-05,3.818443656200543e-05,3.436780389165506e-05,4.490661376621574e-05,1.593097476870753e-05,3.5603348806034774e-05,1.475127282901667e-05,3.4035005228361115e-05,1.5988131053745747e-05,2.240347930637654e-05,1.798385346774012e-05,1.7514137653051876e-05,1.681293360888958e-05,3.713795013027266e-05,2.49246513703838e-05,1.7168706108350307e-05,1.647864337428473e-05,1.6866923033376224e-05,1.7149857740150765e-05,1.759990118443966e-05,1.9481871277093887e-05,1.5533521946053952e-05,2.359338577662129e-05,1.9044200598727912e-05,3.0529168725479394e-05,1.5592429917887785e-05,2.0873892935924232e-05,1.908874219225254e-05,1.8215840100310743e-05,1.4576108696928713e-05,1.4277319678512868e-05,3.144398215226829e-05,2.3135267838370055e-05,3.2511106837773696e-05,2.8981241484871134e-05,1.715709367999807e-05,2.7809899620478973e-05,1.8913389794761315e-05
3100,0.00023229498765431345,0.0001261435536434874,9.97028619167395e-05,9.996817243518308e-05,8.817959314910695e-05,6.835758540546522e-05,5.0935024773934856e-05,2.7563306502997875e-05,6.001257133902982e-05,3.843060039798729e-05,4.549597724690102e-05,3.722500696312636e-05,1.7469301383243874e-05,3.8419264456024393e-05,3.2145268050953746e-05,4.0712377085583284e-05,1.5235153114190325e-05,3.203971209586598e-05,1.6181989849428646e-05,3.865013422910124e-05,1.5004880879132543e-05,2.2396510757971555e-05,1.596361107658595e-05,1.5048871318867896e-05,1.4842394193692598e-05,3.453393583185971e-05,2.745385245361831e-05,1.723700734146405e-05,1.5527311916230246e-05,1.656264066696167e-05,1.5664203601772897e-05,1.3826711438014172e-05,1.8186763554695062e-05,1.5844067092984915e-05,2.1676782125723548e-05,1.701771361695137e-05,2.7256173780187964e-05,1.6127254639286548e-05,1.4727005691383965e-05,1.7019310689647682e-05,1.4853821085125674e-05,1.4218191608961206e-05,1.3202017726143822e-05,2.9661032385774888e-05,2.3240467271534726e-05,2.9582508432213217e-05,2.769881029962562e-05,1.598694325366523e-05,2.9298003937583417e-05,1.771758616087027e-05
3200,0.00023004385002423078,0.00013216958905104548,9.191846766043454e-05,9.241741645382717e-05,9.068856888916343e-05,6.117404700489715e-05,5.9237481764284894e-05,2.9906574127380736e-05,6.075944111216813e-05,6.365341687342152e-05,4.974472540197894e-05,4.509367499849759e-05,1.686560790403746e-05,3.982195630669594e-05,3.805630331044085e-05,4.01686666009482e-05,1.5259216525009833e-05,3.6032342904945835e-05,1.5506411727983505e-05,3.405010647838935e-05,1.5114097550394945e-05,2.2080328562879004e-05,2.0893225155305117e-05,1.6516290997969918e-05,1.7156240573967807e-05,3.817168908426538e-05,2.814439903886523e-05,1.6122632587212138e-05,1.5155901564867236e-05,1.6998445062199607e-05,1.5494577382924035e-05,1.5953328329487704e-05,2.1519133952097036e-05,1.724631329125259e-05,2.3365466404356994e-05,2.0306433725636452e-05,2.7416266675572842e-05,1.490427712269593e-05,1.5339781384682283e-05,1.7321883206022903e-05,1.5460556824109517e-05,1.5578360034851357e-05,1.3830478565068915e-05,2.733979454205837e-05,2.2170655938680284e-05,2.8636452043429017e-05,3.0407025406020693e-05,1.6300737115670927e-05,2.851219142030459e-05,1.9293060177005827e-05
3300,0.0002360192156629637,0.00013444868091028184,9.426463657291606e-05,9.85216538538225e-05,7.670700870221481e-05,5.583305755862966e-05,6.449656211771071e-05,2.84105735772755e-05,6.254804611671716e-05,5.101853093947284e-05,4.636235098587349e-05,4.5634435082320124e-05,1.542603968118783e-05,3.945823118556291e-05,3.2964933780021966e-05,4.146895662415773e-05,1.497257653682027e-05,3.412547812331468e-05,1.4367901712830644e-05,3.526237196638249e-05,1.544104998174589e-05,2.1948302673990838e-05,1.576076101628132e-05,1.637344939808827e-05,1.613929998711683e-05,3.16091682179831e-05,3.210010618204251e-05,1.5820629414520226e-05,1.5062229977047537e-05,1.6019910617615096e-05,1.751400122884661e-05,1.5074475413712207e-05,1.80534570972668e-05,1.5985064237611368e-05,2.2046524463803507e-05,1.8304441255168058e-05,2.4712024242035113e-05,1.5176875422184821e-05,1.5834802979952656e-05,2.084026527882088e-05,1.5224492017296143e-05,1.4222828212950844e-05,1.3162580216885544e-05,3.088958692387678e-05,2.3253118342836387e-05,2.779444184852764e-05,2.8205990020069294e-05,1.621280171093531e-05,2.470994513714686e-05,2.0423700334504247e-05
3400,0.00023522674746345729,0.00013455483713187277,9.95063383015804e-05,9.788704483071342e-05,9.34429481276311e-05,6.8371016823221e-05,5.7591518270783126e-05,2.812209822877776e-05,6.0602513258345425e-05,4.944117972627282e-05,4.78281217510812e-05,4.589336458593607e-05,1.991743192775175e-05,4.057673504576087e-05,3.712233592523262e-05,4.013826765003614e-05,1.7251433746423572e-05,3.393400402273983e-05,1.5828642062842846e-05,3.732234472408891e-05,1.6795849660411477e-05,2.2424032067647204e-05,1.6827956642373465e-05,1.896568210213445e-05,1.713235724309925e-05,3.848989217658527e-05,3.6484045267570764e-05,1.8072330931317993e-05,1.7972504792851396e-05,1.850209810072556e-05,1.8117776562576182e-05,1.6309892089338973e-05,1.9041210180148482e-05,1.5721168892923743e-05,2.2706975869368762e-05,2.1141284378245473e-05,3.147236566292122e-05,1.5860876374063082e-05,1.7451004168833606e-05,1.771609822753817e-05,1.5559700841549784e-05,1.339440314040985e-05,1.4748678950127214e-05,3.049357474083081e-05,2.3604927264386788e-05,2.9158032702980563e-05,3.0579267331631854e-05,1.7774353182176128e-05,2.564260284998454e-05,1.8024709788733162e-05
3500,0.00023522043193224818,0.0001294256217079237,9.437487460672855e-05,0.00010097486665472388,8.860620437189937e-05,6.158954056445509e-05,6.0091271734563634e-05,3.0088165658526123e-05,6.287379073910415e-05,4.8955011152429506e-05,4.703869853983633e-05,4.212343992548995e-05,1.7939435565494932e-05,4.044067100039683e-05,3.673176979646087e-05,4.176326547167264e-05,1.5294033801183105e-05,3.41137929353863e-05,1.5877007172093727e-05,3.5487824789015576e-05,1.60622857947601e-05,2.3019782020128332e-05,1.779355079634115e-05,1.9029679606319405e-05,1.6982477973215282e-05,3.420473512960598e-05,2.91783144348301e-05,1.559711563459132e-05,1.6441819752799347e-05,1.8083519535139203e-05,1.7630407455726527e-05,1.7678385120234452e-05,2.039243008766789e-05,1.6341546142939478e-05,2.3534255888080224e-05,1.957906351890415e-05,2.9916449420852587e-05,1.6587158825132065e-05,1.6868174498085864e-05,2.0870484149781987e-05,1.600210089236498e-05,1.6112684534164146e-05,1.7011709132930264e-05,3.0868035537423566e-05,2.3376995159196667e-05,2.839474291249644e-05,3.019727773789782e-05,1.8852037101169117e-05,2.727366518229246e-05,1.8317383364774287e-05
3600,0.00025243902928195894,0.00014657452993560582,0.00010985845437971875,0.00011429127334849909,0.00010582686081761494,6.0213118558749557e-05,8.399402577197179e-05,3.5966335417469963e-05,7.386431389022619e-05,6.827686593169346e-05,4.998334406991489e-05,4.865269875153899e-05,1.8710112271946855e-05,4.9917241994990036e-05,4.027553950436413e-05,4.254110172041692e-05,1.9351702576386742e-05,4.0106304368237033e-05,1.673441511229612e-05,3.105126597802155e-05,1.6838959709275514e-05,2.654360287124291e-05,2.0086628865101375e-05,1.7743406715453602e-05,1.891857391456142e-05,3.829978231806308e-05,3.2535848731640726e-05,1.9191860701539554e-05,1.8782468032441102e-05,1.9698269170476124e-05,1.8834016373148188e-05,1.9529346900526434e-05,2.484644210198894e-05,1.659529334574472e-05,2.515287633286789e-05,2.2377344066626392e-05,3.0509028874803334e-05,1.8282600649399683e-05,1.7967820895137265e-05,2.3397522454615682e-05,1.8756803910946473e-05,1.7932979972101748e-05,1.7427077182219364e-05,3.477965947240591e-05,2.775308894342743e-05,3.3469346817582846e-05,3.2554526114836335e-05,1.974293263629079e-05,2.8354379537631758e-05,2.137073352059815e-05
3700,0.0002431693283142522,0.00013920570199843496,8.859746594680473e-05,9.961479372577742e-05,8.651613461552188e-05,6.70322187943384e-05,5.34477767359931e-05,2.733546352828853e-05,6.212950393091887e-05,6.246851262403652e-05,4.777828144142404e-05,4.786522549693473e-05,1.5088919099071063e-05,4.112615715712309e-05,3.405953248147853e-05,3.796734745264985e-05,1.643626092118211e-05,3.5961667890660465e-05,1.593867091287393e-05,3.412036312511191e-05,1.4117151295067742e-05,2.2596108465222642e-05,1.7913365809363313e-05,1.6072252037702128e-05,1.587236147315707e-05,3.247030690545216e-05,3.1843115721130744e-05,1.867655009846203e-05,1.4858058420941234e-05,1.5724248441983946e-05,1.835119110182859e-05,1.6913050785660744e-05,2.0796805983991362e-05,1.6607900761300698e-05,2.1654825104633346e-05,1.7641543308855034e-05,2.7262565708952025e-05,1.6832256733323447e-05,1.570712265674956e-05,1.912421612360049e-05,1.6799220247776248e-05,1.544984115753323e-05,1.389960107189836e-05,3.175833626301028e-05,2.671148831723258e-05,3.2812287827255204e-05,2.778805537673179e-05,1.5319488738896325e-05,2.454466994095128e-05,1.727870767354034e-05
3800,0.00024484822642989457,0.0001395307044731453,9.017042611958459e-05,0.00010197826486546546,8.770769636612386e-05,6.238302012206987e-05,6.105468492023647e-05,3.170793206663802e-05,6.569136894540861e-05,5.1885221182601526e-05,4.898295082966797e-05,4.8333404265576974e-05,1.8967024516314268e-05,4.111947782803327e-05,3.622407530201599e-05,4.111885937163606e-05,1.5200022971839644e-05,2.87278071482433e-05,1.593953129486181e-05,3.182651926181279e-05,1.6046256860136054e-05,2.2563264792552218e-05,1.8015191017184407e-05,1.8907208868768066e-05,1.666426396695897e-05,3.56892378476914e-05,3.973321145167574e-05,1.7058913726941682e-05,1.735099431243725e-05,1.6257712559308857e-05,1.689886448730249e-05,1.8747134163277224e-05,1.944815448950976e-05,1.6675054212100804e-05,2.6890382287092507e-05,1.9451197658781894e-05,3.069429294555448e-05,1.598240851308219e-05,1.8496688426239416e-05,1.9067261746386066e-05,1.6726167814340442e-05,1.6924910596571863e-05,1.4087756426306441e-05,3.229604408261366e-05,2.587760354799684e-05,3.298982483102009e-05,2.9260338124004193e-05,1.9120054275845177e-05,3.265619670855813e-05,1.98263514903374e-05
3900,0.0002523272705730051,0.0001372363476548344,9.89518957794644e-05,0.00010811429820023477,9.84949801932089e-05,6.417682016035542e-05,5.0577957154018804e-05,3.293405461590737e-05,6.931854295544326e-05,5.543207953451201e-05,4.6879078581696376e-05,4.4838347093900666e-05,1.7781132555683143e-05,4.7019981138873845e-05,3.726483919308521e-05,4.8553010856267065e-05,1.6984435205813497e-05,3.529358946252614e-05,1.529211294837296e-05,3.540548277669586e-05,1.5110931599338073e-05,2.5943962100427598e-05,1.9652843548101373e-05,1.848266037995927e-05,1.779416015779134e-05,3.412863952689804e-05,3.162521170452237e-05,1.876375790743623e-05,1.670495475991629e-05,1.98622601601528e-05,1.74510005308548e-05,1.6987467461149208e-05,2.150601903849747e-05,1.5008633454272058e-05,2.1896043108426966e-05,2.15498948819004e-05,2.75764523394173e-05,1.5332841940107755e-05,1.8839140466297977e-05,1.8361623006057926e-05,1.5984287529136054e-05,1.497150969953509e-05,1.4140035091259051e-05,3.1471859983867034e-05,2.6573045033728704e-05,3.100728281424381e-05,3.21662773785647e-05,1.70700550370384e-05,2.5382114472449757e-05,2.105635212501511e-05
4000,0.0002430562162771821,0.00013818286242894828,9.319026867160574e-05,9.984627831727266e-05,8.730299305170774e-05,7.282680599018931e-05,4.764009645441547e-05,2.9384858862613328e-05,6.290994497248903e-05,6.535794818773866e-05,4.892209108220413e-05,4.8123099986696616e-05,1.919447458931245e-05,3.9963088056538254e-05,3.569063119357452e-05,4.2024559661513194e-05,1.622605304874014e-05,3.414520688238554e-05,1.631925806577783e-05,3.812486829701811e-05,1.449163301003864e-05,2.1079418729641475e-05,1.637767672946211e-05,1.600064388185274e-05,1.6652134945616126e-05,3.6280973290558904e-05,2.756689536909107e-05,1.5570874893455766e-05,1.5120178431970999e-05,1.5500927474931814e-05,1.690538010734599e-05,1.685453207755927e-05,1.9346938643138856e-05,1.779126250767149e-05,2.258168206026312e-05,2.057889651041478e-05,3.024486795766279e-05,1.6606123608653434e-05,1.6657624655636027e-05,1.7272674085688777e-05,1.4744346117367968e-05,1.6097761545097455e-05,1.4725468645337969e-05,3.111016849288717e-05,2.1558438675128855e-05,3.124972135992721e-05,2.961542850243859e-05,1.6950323697528802e-05,2.6002642698585987e-05,1.8524680854170583e-05
4100,0.00024180937907658517,0.0001365448406431824,0.00011009971058228984,0.00010668388131307438,0.00010906797251664102,7.742492016404867e-05,4.0304370486410335e-05,3.171151547576301e-05,6.730887980666012e-05,5.800653889309615e-05,4.875368540524505e-05,4.481408541323617e-05,1.6696169041097164e-05,4.469255145522766e-05,4.1608058381825686e-05,4.537721542874351e-05,1.5024450476630591e-05,3.852937152259983e-05,1.6270725609501824e-05,3.676068445201963e-05,1.5683472156524658e-05,2.4124996343743987e-05,1.8139779058401473e-05,1.7973330614040606e-05,1.6070587662397884e-05,3.389511039131321e-05,2.8388121791067533e-05,1.7756185116013512e-05,1.5142866686801426e-05,1.748078102536965e-05,1.626006451260764e-05,1.4956688573874999e-05,2.0475223209359683e-05,1.633845386095345e-05,2.282874811498914e-05,2.177117312385235e-05,3.289864616817795e-05,1.7495278370915912e-05,1.7320575352641754e-05,2.2161231754580513e-05,1.4715489669470116e-05,1.50837568071438e-05,1.4465215826930944e-05,3.3382424589945003e-05,2.4493512682965957e-05,2.7246709578321315e-05,3.401651338208467e-05,1.6248017345787957e-05,2.6828249247046188e-05,2.1924735847278498e-05
4200,0.0002361576771363616,0.00013184643466956913,9.293443144997582e-05,0.00010764881881186739,8.870328747434542e-05,7.553726027254015e-05,5.109269841341302e-05,2.9413617085083388e-05,6.0438309446908534e-05,5.6774420954752713e-05,4.64140648546163e-05,4.763409378938377e-05,1.910044375108555e-05,4.1122821130556986e-05,3.735013524419628e-05,4.095551048521884e-05,1.70444563991623e-05,3.186940011801198e-05,1.570581844134722e-05,4.0445695049129426e-05,1.4475351235887501e-05,2.512837090762332e-05,1.8802775230142288e-05,1.642135794099886e-05,1.4862860552966595e-05,3.53224495484028e-05,3.300565367680974e-05,1.7884127373690717e-05,1.811921720218379e-05,1.8976657884195447e-05,1.7236790881725028e-05,1.5144247299758717e-05,2.0918480004183948e-05,1.5912270100670867e-05,2.240570574940648e-05,2.0191679141134955e-05,3.1778177799424157e-05,1.523700757388724e-05,1.829485518101137e-05,1.852379682532046e-05,1.5899993741186336e-05,1.6582409443799406e-05,1.4038430890650488e-05,3.058077345485799e-05,2.1927657144260593e-05,3.018380084540695e-05,2.8881358957733028e-05,1.638952744542621e-05,2.6449408323969692e-05,1.879626142908819e-05
4300,0.00022555494797416031,0.00012632165453396738,9.889795910567045e-05,0.00010180133540416136,8.395592158194631e-05,5.325854726834223e-05,3.935041240765713e-05,2.8479294996941462e-05,6.029956421116367e-05,4.779189475812018e-05,4.720516153611243e-05,4.22176017309539e-05,1.7878257494885474e-05,3.9979811845114455e-05,3.468276918283664e-05,4.316988633945584e-05,1.4480942809314001e-05,3.20718354487326e-05,1.3539868632506113e-05,3.386502794455737e-05,1.4476651813311037e-05,2.2331949367071502e-05,1.613243694009725e-05,1.6346857591997832e-05,1.5190519661700819e-05,3.126807860098779e-05,2.7000090994988568e-05,1.5667470506741665e-05,1.5578913007630035e-05,1.7654025214142166e-05,1.4497441952698864e-05,1.5932308087940328e-05,1.8502314560464583e-05,1.6268024410237558e-05,2.0513256458798423e-05,1.755935954861343e-05,3.111434853053652e-05,1.4473645023826975e-05,1.4775645468034782e-05,1.7681981262285262e-05,1.5079594959388487e-05,1.4530824046232738e-05,1.3691016647499055e-05,2.9828244805685245e-05,2.1150548491277732e-05,2.712073182919994e-05,2.968136868730653e-05,1.599617644387763e-05,2.594455327198375e-05,1.8842029021470807e-05
4400,0.0002389868750469759,0.00013391881657298654,9.098994632950053e-05,0.00010369611845817417,8.821473602438346e-05,6.408497574739158e-05,5.56048471480608e-05,2.9454762625391595e-05,6.343775748973712e-05,4.243113289703615e-05,4.471716965781525e-05,4.69025872007478e-05,1.839302058215253e-05,3.839504279312678e-05,3.566458690329455e-05,4.0428760257782415e-05,1.5518395230174065e-05,3.1960873457137495e-05,1.5562009139102884e-05,4.2268009565304965e-05,1.4682183973491192e-05,2.5407613065908663e-05,1.6730302377254702e-05,1.9049035472562537e-05,1.659757981542498e-05,3.640202703536488e-05,3.034379187738523e-05,1.658856672293041e-05,1.4605557225877419e-05,1.6355221305275336e-05,1.6457413948955946e-05,1.6564801626373082e-05,2.1475780158652924e-05,1.8324801203561947e-05,2.1803836716571823e-05,1.8242033547721803e-05,3.16253281198442e-05,1.4610796824854333e-05,1.704368150967639e-05,1.8321135939913802e-05,1.477320802223403e-05,1.3177642358641606e-05,1.2918339052703232e-05,3.0268072805483826e-05,2.3711134417681023e-05,2.8962203941773623e-05,3.138534157187678e-05,1.5751402315800078e-05,2.987566404044628e-05,1.852135937951971e-05
4500,0.00023812467406969517,0.0001375027495669201,9.914085239870474e-05,9.237224730895832e-05,8.53488381835632e-05,7.537122291978449e-05,5.7733159337658435e-05,2.9390888812486082e-05,5.9685866290237755e-05,6.912292883498594e-05,4.8713151045376435e-05,4.2557068809401244e-05,1.8247044863528572e-05,4.137917494517751e-05,3.487612775643356e-05,4.1258743294747546e-05,1.570169479236938e-05,3.300494063296355e-05,1.5769226592965424e-05,3.72537033399567e-05,1.6367486750823446e-05,2.314959237992298e-05,1.706740840745624e-05,1.947182863659691e-05,1.797337426978629e-05,3.918914444511756e-05,2.5196832211804576e-05,1.7764528820407577e-05,1.653372783039231e-05,1.7247368305106647e-05,1.5847324903006665e-05,1.749092734826263e-05,2.0778548787347972e-05,1.640527625568211e-05,2.2012400222592987e-05,2.1368145098676905e-05,2.9450720830936916e-05,1.6755979231675155e-05,1.687133226369042e-05,2.097343713103328e-05,1.636244633118622e-05,1.7423113604309037e-05,1.545101076771971e-05,3.026903868885711e-05,2.287641109433025e-05,2.8518674298538826e-05,2.791227052512113e-05,1.8281216398463584e-05,2.3452532332157716e-05,1.9212133338442072e-05
4600,0.0002459941024426371,0.00013972254237160087,0.00010043080692412332,0.0001167773807537742,8.222931501222774e-05,6.24735839664936e-05,5.761859938502312e-05,2.81282245850889e-05,6.530986865982413e-05,5.020441676606424e-05,4.957861892762594e-05,5.023032281314954e-05,1.816224175854586e-05,3.8732712710043415e-05,3.603363438742235e-05,4.240568887325935e-05,1.5131354302866384e-05,3.456023114267737e-05,1.6313248124788515e-05,4.008128235000186e-05,1.6777172277215868e-05,2.3425420295097865e-05,1.6672731362632476e-05,1.6781243175501004e-05,1.7903796106111258e-05,3.537253724061884e-05,3.6101693694945425e-05,1.6693466022843495e-05,1.672373946348671e-05,1.7907943401951343e-05,1.8220709534944035e-05,1.5814261132618412e-05,1.9799394067376852e-05,1.766453351592645e-05,2.2773039745516144e-05,1.9202689145458862e-05,3.1363117159344256e-05,1.7630718502914533e-05,1.747781425365247e-05,1.9380129742785357e-05,1.6583833712502383e-05,1.6131612937897444e-05,1.5817320672795177e-05,3.035903318959754e-05,2.3519605747424066e-05,2.759742346825078e-05,2.884857531171292e-05,1.775169039319735e-05,2.7046802642871626e-05,2.0607600163202733e-05
4700,0.00025466192164458334,0.00014315439329948276,0.00010357693827245384,0.00010910218406934291,9.529149247100577e-05,7.980053487699479e-05,4.366742723505013e-05,2.981722354888916e-05,6.221677176654339e-05,6.801095878472552e-05,5.160869477549568e-05,4.754021574626677e-05,1.769230584613979e-05,4.1841627535177395e-05,3.927378202206455e-05,4.4730484660249203e-05,1.5822019122424535e-05,3.6581775930244476e-05,1.5190719750535209e-05,4.432958667166531e-05,1.6265365047729574e-05,2.3160153432399966e-05,1.687028634478338e-05,1.678764783719089e-05,1.5472944141947664e-05,3.908826329279691e-05,3.2146021112566814e-05,1.726236405374948e-05,1.6648993550916202e-05,1.8814622308127582e-05,1.6688192772562616e-05,1.6382127796532586e-05,2.0693936676252633e-05,1.723705827316735e-05,2.314885387022514e-05,2.0881054297205992e-05,3.205536268069409e-05,1.6743842934374698e-05,1.5934059774735942e-05,1.8735187040874735e-05,1.621520277694799e-05,1.6087489711935632e-05,1.3994877917866688e-05,3.171142816427164e-05,2.3286322175408714e-05,3.0331453672260977e-05,3.302159529994242e-05,1.5961521057761274e-05,2.6896152121480554e-05,1.89593465620419e-05
4800,0.00023994121875148267,0.00012805841106455773,9.653774031903595e-05,9.896402480080724e-05,0.00010430565453134477,8.806918049231172e-05,5.2922569011570886e-05,3.085711432504468e-05,6.419010605895892e-05,5.18578126502689e-05,4.579819869832136e-05,4.918257400277071e-05,1.893324588309042e-05,4.145548882661387e-05,3.708726217155345e-05,4.4793890992878005e-05,1.6215055438806303e-05,3.0080225769779645e-05,1.7697611838229932e-05,3.7881101889070123e-05,1.6098270862130448e-05,2.4099674192257226e-05,1.906211400637403e-05,1.908765443658922e-05,1.5653251466574147e-05,3.5491677408572286e-05,3.0346544008352794e-05,1.7139434930868447e-05,1.8016817193711177e-05,1.7568867406225763e-05,1.746576526784338e-05,1.6943649825407192e-05,2.0451781892916188e-05,1.694599268375896e-05,2.191845851484686e-05,2.1290379663696513e-05,3.12744959956035e-05,1.546007115393877e-05,1.73543030541623e-05,1.8160137187805958e-05,1.6659296306897886e-05,1.4231132809072733e-05,1.4621120499214157e-05,2.983251033583656e-05,2.379357101744972e-05,3.2122665288625285e-05,3.054386979783885e-05,1.7945187209988944e-05,2.6455312763573602e-05,1.9462237105472013e-05
4900,0.0002473726053722203,0.00013429592945612967,9.960153693100438e-05,0.00010041136556537822,9.537916048429906e-05,7.718888809904456e-05,5.162186062079854e-05,3.395535532035865e-05,6.368543836288154e-05,6.22517109150067e-05,4.9931026296690106e-05,5.208115908317268e-05,1.80605875357287e-05,4.3322492274455726e-05,3.776604717131704e-05,4.660659396904521e-05,1.6779222278273664e-05,3.574117727112025e-05,1.5376523151644506e-05,3.446584742050618e-05,1.570800486661028e-05,2.2854508642922156e-05,1.8050714061246254e-05,1.677123327681329e-05,1.7513728380436078e-05,3.3716325560817495e-05,2.6838317353394814e-05,1.6444177163066342e-05,1.6938460248638876e-05,1.877700924524106e-05,1.685779534454923e-05,1.634538421058096e-05,2.2024720237823203e-05,1.668416734901257e-05,2.452462649671361e-05,2.1021603970439173e-05,2.8264184948056936e-05,1.5751014871057123e-05,1.7046346329152584e-05,2.1142084733583033e-05,1.7144308003480546e-05,1.6644982679281384e-05,1.661506394157186e-05,3.056458808714524e-05,2.6815900127985515e-05,3.112822014372796e-05,2.9887007258366793e-05,1.7817705156630836e-05,2.7058384148404002e-05,2.2743168301531114e-05
5000,0.0002262383495690301,0.00012375524966046214,9.535550634609535e-05,8.764730591792613e-05,0.00010368120274506509,8.210190571844578e-05,6.700980884488672e-05,3.108950477326289e-05,6.351499177981168e-05,5.3888739785179496e-05,4.6827681217109784e-05,4.5709388359682634e-05,1.684317976469174e-05,4.077511766809039e-05,3.79135635739658e-05,4.068162161274813e-05,1.6510050045326352e-05,3.3506061299704015e-05,1.6577627320657484e-05,3.7072015402372926e-05,1.563867408549413e-05,2.3229225917020813e-05,1.7898571968544275e-05,1.7211863450938836e-05,1.7268283045268618e-05,3.7655699998140335e-05,2.8908367312396877e-05,1.6717109247110784e-05,1.944553696375806e-05,1.7742935597198084e-05,1.6778360077296384e-05,1.758464532031212e-05,2.0189221686450765e-05,1.5388035535579547e-05,2.1461553842527792e-05,1.958995926543139e-05,3.090665632043965e-05,1.781254650268238e-05,1.6428915841970593e-05,1.9639746824395843e-05,1.4658798136224505e-05,1.699971289781388e-05,1.5843877918086946e-05,2.9387303584371693e-05,2.2142143279779702e-05,3.040853152924683e-05,2.9999522666912526e-05,1.696690196695272e-05,2.834654151229188e-05,1.9943889128626324e-05
5100,0.00024145729548763484,0.00013344810577109456,0.0001020779091049917,9.457627311348915e-05,8.86256093508564e-05,9.512335964245722e-05,5.5760890973033383e-05,3.0215889637474902e-05,5.7470933825243264e-05,6.816893437644467e-05,5.199240331421606e-05,5.1020688260905445e-05,1.7075986761483364e-05,4.597903898684308e-05,3.454276520642452e-05,4.3867210479220375e-05,1.758734288159758e-05,3.4321197745157406e-05,1.630866972845979e-05,3.963938434026204e-05,1.5821484339539893e-05,2.286932613060344e-05,1.8046330296783708e-05,1.7722073607728817e-05,1.7929809473571368e-05,3.8405865780077875e-05,3.320474206702784e-05,1.6273505025310442e-05,1.6098858395707794e-05,1.9188881196896546e-05,1.6293497537844814e-05,1.8789625755744055e-05,2.051130104518961e-05,1.8693275706027634e-05,2.2494954464491457e-05,1.9540393623174168e-05,2.879052044590935e-05,1.6470683476654813e-05,1.6729069102439098e-05,1.9561210137908347e-05,1.5230211829475593e-05,1.565917227708269e-05,1.4845677469565999e-05,3.1012001272756606e-05,2.4789049348328263e-05,3.212447700207122e-05,2.9111140975146554e-05,1.767488538462203e-05,2.8828037102357484e-05,1.9361290469532833e-05
5200,0.00023885181872174144,0.00013526338443625718,0.00010169055894948542,9.435482934350148e-05,9.026756742969155e-05,7.292020745808259e-05,5.2645922551164404e-05,2.8350237698759884e-05,6.066286005079746e-05,7.475721940863878e-05,4.9568116082809865e-05,5.036791117163375e-05,1.71836309164064e-05,4.42320633737836e-05,3.5631630453281105e-05,4.058395279571414e-05,1.5961311873979867e-05,3.7273835914675146e-05,1.5492001693928614e-05,3.0138682632241398e-05,1.6708567272871733e-05,2.4291117370012216e-05,1.693833473837003e-05,1.679727756709326e-05,1.6139369108714163e-05,3.702293543028645e-05,3.242407547077164e-05,1.7664109691395424e-05,1.5702717064414173e-05,1.5809635442565195e-05,1.637953391764313e-05,1.8444168745190836e-05,1.9710387277882546e-05,1.733046337903943e-05,2.2609179723076522e-05,2.020220381382387e-05,2.9487275241990574e-05,1.701088694971986e-05,1.593067827343475e-05,1.7438034774386324e-05,1.670840174483601e-05,1.6354757462977432e-05,1.5140582945605274e-05,3.1518204195890576e-05,2.4777586077107117e-05,2.938555735454429e-05,2.9152861316106282e-05,1.7880247469292954e-05,2.5307590476586483e-05,1.891015563160181e-05
