step,channel_26,channel_92,channel_64,channel_118,channel_96,channel_126,channel_113,channel_51,channel_107,channel_78,channel_35,channel_66,channel_65,channel_70,channel_100,channel_37,channel_55,channel_39,channel_68,channel_127,channel_42,channel_98,channel_104,channel_46,channel_83,channel_124,channel_125,channel_14,channel_94,channel_121,channel_0,channel_102,channel_3,channel_28,channel_95,channel_32,channel_58,channel_114,channel_5,channel_9,channel_7,channel_111,channel_91,channel_74,channel_1,channel_89,channel_77,channel_45,channel_117,channel_43
0,0.0007898384938016534,0.0005087719764560461,0.0003934196138288826,0.00016754490206949413,0.0005587213672697544,0.00017434665642213076,0.00019495612650644034,0.00014507613377645612,0.00018396880477666855,0.0002519408881198615,9.721690730657429e-05,0.00021548062795773149,0.00016897727618925273,7.838704186724499e-05,0.00022825191263109446,0.00011025810817955062,0.00013818760635331273,8.403765968978405e-05,6.947606743779033e-05,7.598429510835558e-05,4.9690890591591597e-05,7.726668263785541e-05,0.00015236090985126793,7.247940811794251e-05,0.00010716038377722725,4.826814983971417e-05,4.0901548345573246e-05,7.983504474395886e-05,6.093682168284431e-05,7.11225948180072e-05,4.7908946726238355e-05,0.00016910949489101768,5.656483699567616e-05,0.0001112728423322551,7.537494821008295e-05,7.099803042365238e-05,6.43249077256769e-05,6.250825390452519e-05,3.890930747729726e-05,8.711058762855828e-05,5.129560668137856e-05,7.093992462614551e-05,0.00011676166468532756,3.163798828609288e-05,4.9982227210421115e-05,4.344348781160079e-05,8.675757999299094e-05,2.9630544304382056e-05,9.355415386380628e-05,2.5522775104036555e-05
100,0.0013191099278628826,0.00047001359052956104,0.0006280199158936739,0.00027897319523617625,0.00040656974306330085,0.00018590340914670378,0.00019054565927945077,0.00035192363429814577,0.00016217323718592525,0.0001982409885386005,0.00024901589495129883,0.00014354610175359994,7.56155131966807e-05,8.56823317008093e-05,0.00011489955795696005,0.00013601435057353228,0.00022616751084569842,0.0001565424317959696,7.839852332836017e-05,0.00010324212053092197,0.000219027089769952,0.0001810406829463318,0.0001443044311599806,0.0002092490904033184,0.0001407442323397845,0.00010407196532469243,0.00014937833475414664,0.00016182311810553074,0.0001323460746789351,0.00012238197086844593,7.771829405101016e-05,0.00016240983677562326,4.9122121708933264e-05,7.789786468492821e-05,0.00011722607450792566,6.677884084638208e-05,0.00010866886441363022,0.00015607193927280605,0.0001547464489703998,0.00011080921831307933,4.6545363147743046e-05,7.736705447314307e-05,6.682295497739688e-05,0.00012699064973276109,7.67853416618891e-05,7.430736877722666e-05,8.839380461722612e-05,0.00013265378947835416,0.00011166790500283241,0.00013027439126744866
200,0.0009275345364585519,0.0006159148761071265,9.472521196585149e-05,0.0003473322431091219,0.0002457722439430654,0.00021955365082249045,0.00017247581854462624,0.00020559360564220697,0.00016714625235181302,0.0001845409715315327,0.00015935783449094743,0.00012492641690187156,0.00010635056969476864,5.62078166694846e-05,0.00013082237273920327,0.00013165436394046992,6.725154526066035e-05,0.00022613488545175642,7.494961755583063e-05,8.427106513408944e-05,0.00017404431127943099,4.544487819657661e-05,0.00018771248869597912,0.00015657373296562582,0.00011840795195894316,6.990756810409948e-05,0.0001371699763694778,0.00013454124564304948,0.00018911251390818506,9.543866326566786e-05,8.866132702678442e-05,0.0001068168057827279,0.00017184260650537908,7.259844278451055e-05,0.00014180563448462635,0.00011838036152767017,9.700567170511931e-05,8.4943269030191e-05,0.0001369099918520078,5.075825174571946e-05,3.9826427382649854e-05,6.461752491304651e-05,0.0001026746685965918,0.0001056780747603625,0.00011592754162847996,4.7335310227936134e-05,9.659878560341895e-05,5.2767747547477484e-05,6.91749228280969e-05,6.59011275274679e-05
300,0.0016784761101007462,0.0005469269235618412,0.0003736104699783027,0.0002861610846593976,0.00029729370726272464,0.0002883145061787218,0.00019082917424384505,0.00035386235686019063,0.00017744787328410894,0.00016682769637554884,0.0001820546021917835,0.0002420529635855928,0.00023177616822067648,0.00022955515305511653,0.00010578957881079987,0.00022666220320388675,0.00010374909470556304,0.00020996955572627485,6.794793443987146e-05,9.197095641866326e-05,0.00022519717458635569,0.00011291899863863364,0.00021080001897644252,0.00018870866915676743,0.0001819464232539758,7.914120942587033e-05,0.00012486327614169568,0.00019233352213632315,0.00014332140563055873,0.00016411958495154977,0.00018333025218453258,0.0001054529711836949,7.172010373324156e-05,0.0001656843814998865,0.000150199921336025,0.00015878427075222135,0.00015639282355550677,0.00014152409858070314,0.00011065738362958655,0.00015089954831637442,0.00012292560131754726,0.0001458118495065719,0.00014258688315749168,0.00014113992801867425,0.00014045432908460498,9.57483280217275e-05,8.057914237724617e-05,6.804592703701928e-05,8.884791168384254e-05,0.00010214566282229498
400,0.0005169637151993811,0.00020734529243782163,5.5659853387624025e-05,0.0001412657875334844,0.00034680802491493523,0.0001487641129642725,8.286818047054112e-05,0.00014161191938910633,0.00011613456445047632,7.63880816521123e-05,7.100490620359778e-05,0.00015060686564538628,8.030515891732648e-05,5.6570705055492e-05,9.427178156329319e-05,7.926182297524065e-05,4.68033722427208e-05,0.00014369204291142523,7.756781269563362e-05,9.100934403249994e-05,0.00010345940245315433,8.714320574654266e-05,7.937297050375491e-05,6.193502485984936e-05,5.1625349442474544e-05,4.853292921325192e-05,4.673563671531156e-05,9.701579983811826e-05,3.686968193505891e-05,5.414265251602046e-05,3.77768519683741e-05,8.505376899847761e-05,4.1119204979622737e-05,7.791849202476442e-05,0.00012049136421410367,8.577267726650462e-05,6.700945232296363e-05,4.9219965148949996e-05,4.47650600108318e-05,2.2028310922905803e-05,6.353380740620196e-05,4.5154763938626274e-05,4.083439489477314e-05,4.9643120291875675e-05,5.816983320983127e-05,0.0001277050469070673,3.723044937942177e-05,5.436829451355152e-05,3.348061363794841e-05,5.262941704131663e-05
500,0.0003893345419783145,0.0005439582746475935,0.0001994095800910145,0.00028747139731422067,0.00029240758158266544,0.00027809987659566104,0.00017518123786430806,9.623996447771788e-05,0.00018906011246144772,0.00016686467279214412,7.909557461971417e-05,0.00018825894221663475,6.819946429459378e-05,3.8455676985904574e-05,0.00019762413285207003,6.061540261725895e-05,6.679096259176731e-05,7.23316625226289e-05,2.8453963750507683e-05,0.00015084201004356146,7.674581866012886e-05,7.954033208079636e-05,0.00017324148211628199,5.1602095481939614e-05,0.0001234914525412023,9.303815750172362e-05,0.00010448068496771157,6.838738772785291e-05,8.94319309736602e-05,0.00011122364230686799,5.5258253269130364e-05,0.00010233723878627643,2.028036760748364e-05,3.77213946194388e-05,9.531025716569275e-05,3.254365219618194e-05,3.944980926462449e-05,8.116685057757422e-05,2.0090952602913603e-05,3.588325853343122e-05,2.0139472326263785e-05,6.965859211049974e-05,6.512383697554469e-05,9.751135075930506e-05,4.0550370613345876e-05,4.805241769645363e-05,4.926231486024335e-05,2.4718376153032295e-05,9.804597357288003e-05,3.914501940016635e-05
600,0.0010937807383015752,0.0002987895568367094,5.001549652661197e-05,0.00016951089492067695,0.0001922353549161926,5.721236811950803e-05,0.00012250544386915863,0.000257376697845757,8.286476804642007e-05,0.00013467825192492455,7.317183190025389e-05,0.00012825900921598077,4.195528163108975e-05,4.321718733990565e-05,4.9829002819024026e-05,7.400987669825554e-05,0.00010444885992910713,9.424160816706717e-05,3.80143646907527e-05,3.780390034080483e-05,0.0001665771269472316,2.6528938178671524e-05,6.33319141343236e-05,0.00016072590369731188,0.00011441091191954911,4.805341086466797e-05,0.00015086268831510097,0.00013870988914277405,6.133821443654597e-05,3.75725248886738e-05,7.627611194038764e-05,6.872996164020151e-05,4.6716486394871026e-05,7.277862459886819e-05,6.683609535684809e-05,4.684183659264818e-05,0.00010559339716564864,8.31457509775646e-05,4.323524990468286e-05,2.712275818339549e-05,2.7351301469025202e-05,5.0485163228586316e-05,3.5884175304090604e-05,6.887961353641003e-05,4.851443736697547e-05,6.331117037916556e-05,3.949696838390082e-05,4.013228681287728e-05,5.8172001445200294e-05,7.120816735550761e-05
700,0.0003727457660716027,0.00024419062538072467,0.00024667999241501093,0.0001438554172636941,0.00020562423742376268,9.923503967002034e-05,9.083935583475977e-05,0.00011546829773578793,7.286560867214575e-05,8.950614574132487e-05,6.820342969149351e-05,9.354171925224364e-05,6.66145424474962e-05,5.804422835353762e-05,6.913882680237293e-05,7.144429400796071e-05,5.641613824991509e-05,6.491044769063592e-05,4.724632526631467e-05,4.1311384848086163e-05,8.589657954871655e-05,0.00013665093865711242,7.067879778333008e-05,5.3061117796460167e-05,8.45567265059799e-05,4.5855744247091934e-05,9.981127368519083e-05,6.054236291674897e-05,7.986300624907017e-05,4.949012873112224e-05,5.246977525530383e-05,0.00014785517123527825,6.025516631780192e-05,0.00012839739792980254,7.465716043952852e-05,5.4970296332612634e-05,4.205946243018843e-05,5.101715578348376e-05,2.511919228709303e-05,5.938917092862539e-05,1.9449182218522765e-05,3.565519364201464e-05,3.6353198083816096e-05,5.772172880824655e-05,4.1979550587711856e-05,4.7516401536995545e-05,4.46163430751767e-05,3.276768984505907e-05,6.0512960772030056e-05,3.106537405983545e-05
800,0.0008682550396770239,0.00023117497039493173,0.00013416388537734747,0.00013855542056262493,0.00020299914467614144,9.507976210443303e-05,9.307594154961407e-05,0.00019300657731946558,7.52357009332627e-05,8.035212522372603e-05,8.86602429090999e-05,0.00011867772991536185,5.318254261510447e-05,4.603846900863573e-05,6.384810694726184e-05,7.961811206769198e-05,4.4065265683457255e-05,9.949137165676802e-05,0.00012913874525111169,5.315869930200279e-05,0.00012115638674004003,3.7424710171762854e-05,0.0001464865927118808,7.626291335327551e-05,6.254467734834179e-05,3.698470027302392e-05,9.366324229631573e-05,0.00011404756514821202,6.971642142161727e-05,6.982699414948002e-05,4.982766404282302e-05,6.868797936476767e-05,3.905316407326609e-05,4.004368747700937e-05,8.364624954992905e-05,3.9098151319194585e-05,8.006476855371147e-05,5.36637453478761e-05,3.6836696381215006e-05,1.8419779735268094e-05,2.6289955712854862e-05,4.191714833723381e-05,3.511025715852156e-05,5.637965659843758e-05,7.06802456988953e-05,2.500662230886519e-05,3.781166742555797e-05,9.047703497344628e-05,4.3169548007426783e-05,3.6775014450540766e-05
900,0.0003702632093336433,0.0002455264620948583,0.00011483824346214533,0.00016128970310091972,0.00013640437100548297,0.00011276615259703249,9.828322072280571e-05,0.00010020533227361739,9.670719737187028e-05,9.631471039028838e-05,0.0001003495926852338,7.664231088710949e-05,4.019792322651483e-05,2.8970111088710837e-05,5.3971863962942734e-05,6.008248601574451e-05,6.339578976621851e-05,7.558026845799759e-05,4.250341953593306e-05,5.637796857627109e-05,6.806325836805627e-05,6.128333188826218e-05,6.791469058953226e-05,6.207597471075132e-05,6.564799696207047e-05,6.24111489742063e-05,4.111397356609814e-05,4.4937467464478686e-05,4.800203168997541e-05,4.1430081182625145e-05,5.641443931381218e-05,5.501716077560559e-05,2.6488380171940662e-05,3.746406582649797e-05,6.208819104358554e-05,4.239233385305852e-05,3.1802122975932434e-05,4.650561822927557e-05,2.2418511434807442e-05,2.4642862626933493e-05,2.1125777493580244e-05,4.088268178747967e-05,5.4192536481423303e-05,5.5237811466213316e-05,2.8361220756778494e-05,5.6706921895965934e-05,3.190450297552161e-05,2.1238127374090254e-05,6.561629561474547e-05,3.248526627430692e-05
1000,0.00032288269721902907,0.0005502260755747557,1.6938171029323712e-05,0.00025537851615808904,0.00022403399634640664,0.00016141340893227607,0.00015226026880554855,9.151248377747834e-05,0.00011960212577832863,0.0001389937096973881,7.4163188401144e-05,6.297053187154233e-05,4.960569640388712e-05,4.269059354555793e-05,6.0288301028776914e-05,7.098165951902047e-05,5.3762625611852854e-05,8.819135837256908e-05,3.856916009681299e-05,8.772478031460196e-05,6.846469477750361e-05,4.517746492638253e-05,0.00016745431639719754,4.29122919740621e-05,0.00013524368114303797,6.333526835078374e-05,5.549252819037065e-05,5.285544102662243e-05,6.765969010302797e-05,9.845619206316769e-05,3.850633220281452e-05,0.00012105352652724832,2.150691216229461e-05,4.477259426494129e-05,8.320553752128035e-05,4.1239156416850165e-05,3.511095928843133e-05,0.00012719802907668054,8.930503099691123e-05,2.5323975933133624e-05,6.806290912209079e-05,7.67525052651763e-05,5.063637945568189e-05,0.0001073693492799066,5.979836350888945e-05,2.6652172891772352e-05,7.793003896949813e-05,4.3224623368587345e-05,8.911288023227826e-05,3.075332278967835e-05
1100,0.0004035031597595662,0.00032076859497465193,0.00014322907372843474,0.0002821352973114699,0.00019037307356484234,0.00015684384561609477,0.00012336413783486933,8.524277654942125e-05,0.00013591712922789156,0.00014474587806034833,7.227380410768092e-05,0.00011374582390999421,8.258697926066816e-05,5.1073111535515636e-05,0.00014262442709878087,7.549099973402917e-05,4.035297388327308e-05,6.10910210525617e-05,7.336825365200639e-05,9.412624058313668e-05,7.136567000998184e-05,0.0002174855035264045,9.530348324915394e-05,4.728407657239586e-05,6.291609315667301e-05,9.393857908435166e-05,0.00013854808639734983,7.354125409619883e-05,9.438399865757674e-05,4.949233334627934e-05,5.049682658864185e-05,9.760856482898816e-05,7.380544411716983e-05,3.978547465521842e-05,5.7014665799215436e-05,6.83171529090032e-05,3.760463368962519e-05,6.190549902385101e-05,2.439759555272758e-05,2.8729044061037712e-05,5.4880929383216426e-05,4.3076004658360034e-05,6.529469101224095e-05,5.766514004790224e-05,4.40054755017627e-05,3.158141043968499e-05,4.739666837849654e-05,2.580192085588351e-05,3.5608889447757974e-05,4.015685772174038e-05
1200,0.00039911415660753846,0.00022144397371448576,8.269704267149791e-05,0.00011845081462524831,0.00027139484882354736,7.846590597182512e-05,0.00011617437849054113,9.682747622719035e-05,8.072669879766181e-05,0.00010529784776736051,8.825844270177186e-05,7.910084968898445e-05,4.3540199840208516e-05,4.9105008656624705e-05,6.553631101269275e-05,7.991982420207933e-05,6.432738155126572e-05,0.00010370375821366906,7.484584057237953e-05,4.154678390477784e-05,0.00012428747140802443,4.95424319524318e-05,7.522793748648837e-05,6.312038749456406e-05,7.041056960588321e-05,3.797102181124501e-05,0.00011588143388507888,6.234864849830046e-05,3.684819967020303e-05,7.509393617510796e-05,8.42853551148437e-05,4.9787486204877496e-05,2.658138873812277e-05,6.112541450420395e-05,6.48631394142285e-05,5.099940244690515e-05,3.987816671724431e-05,7.816565630491823e-05,4.591515244101174e-05,2.192225474573206e-05,0.00012359039101283997,3.328375896671787e-05,3.490669769234955e-05,4.1250452341046184e-05,3.6738550988957286e-05,5.537216929951683e-05,3.4041899198200554e-05,2.3435854018316604e-05,4.305996117182076e-05,3.468082650215365e-05
1300,0.0004943014937452972,0.00037610618164762855,6.086095163482241e-05,0.00021455742535181344,0.0002854951599147171,0.00016588540165685117,0.00013222845154814422,0.00016414470155723393,0.00014537254173774272,0.00014099023246672004,0.00010297745029674843,8.962854917626828e-05,9.40198588068597e-05,0.000136438146000728,7.804203778505325e-05,6.277936336118728e-05,8.781916403677315e-05,8.726072701392695e-05,0.00012540545139927417,5.7159446441801265e-05,7.32812040951103e-05,6.772123742848635e-05,0.0001256464747712016,8.051013719523326e-05,8.637214341433719e-05,7.408040983136743e-05,6.213811866473407e-05,7.04126141499728e-05,6.315355858532712e-05,5.6845019571483135e-05,0.00012439116835594177,6.394261436071247e-05,7.084140088409185e-05,6.404138548532501e-05,8.619030995760113e-05,3.554863724275492e-05,5.081190465716645e-05,8.809576684143394e-05,4.774407352670096e-05,3.083298361161724e-05,7.742787420284003e-05,8.453751797787845e-05,3.4117463656002656e-05,6.443411984946579e-05,7.160694076446816e-05,4.8769230488687754e-05,6.382496940204874e-05,6.378320540534332e-05,8.291356061818078e-05,5.300360862747766e-05
1400,0.0005979291745461524,0.0003760462277568877,0.00016640852845739573,0.00023377328761853278,0.00012241318472661078,0.00016985097317956388,0.00012760366371367127,0.00013434658467303962,9.92061395663768e-05,0.00013177262735553086,6.69514192850329e-05,6.157886673463508e-05,3.766920781345107e-05,3.827756881946698e-05,4.776923742610961e-05,8.579844143241644e-05,8.296637679450214e-05,0.00010354463302064687,2.9393137083388865e-05,7.14119232725352e-05,0.00011731785343727097,5.231502655078657e-05,8.622085442766547e-05,7.213532808236778e-05,0.00010340282460674644,3.664513133116998e-05,8.331207209266722e-05,7.791454117977992e-05,4.36669506598264e-05,4.295251710573211e-05,5.054020220995881e-05,4.835509753320366e-05,9.177137690130621e-05,4.056773832417093e-05,5.376269473345019e-05,4.1917308408301324e-05,7.447784446412697e-05,7.49246173654683e-05,9.602736099623144e-05,2.7870843041455373e-05,2.7538266294868663e-05,4.6844419557601213e-05,7.517323683714494e-05,8.443734259344637e-05,4.4698696001432836e-05,4.495756729738787e-05,4.662873107008636e-05,3.957038279622793e-05,7.3521543527022e-05,3.2869989809114486e-05
1500,0.0006116058211773634,0.00039784362888894975,0.00038386814412660897,0.0002706136438064277,0.00018112559337168932,9.867153130471706e-05,0.00015651209105271846,0.00017247855430468917,9.364604920847341e-05,0.000123545978567563,9.896148549159989e-05,0.00011290177644696087,6.667151319561526e-05,3.1126812245929614e-05,7.47990925447084e-05,0.00010247023601550609,0.00012313581828493625,0.00015629635890945792,0.00010879376350203529,0.00010220581316389143,0.00010260640556225553,2.179713555960916e-05,6.543581548612565e-05,8.448096923530102e-05,7.361996540566906e-05,8.673945558257401e-05,6.822392606409267e-05,7.744544564047828e-05,5.2395404054550454e-05,0.00010287418990628794,5.8091492974199355e-05,7.914726302260533e-05,8.477942901663482e-05,9.455106919631362e-05,7.378766167676076e-05,4.202521449769847e-05,5.694305582437664e-05,6.265687989071012e-05,2.7483796657179482e-05,2.7952210075454786e-05,7.534874021075666e-05,6.401582504622638e-05,8.275243453681469e-05,7.526177068939433e-05,9.032079833559692e-05,3.9230759284691885e-05,6.71653397148475e-05,3.3630538382567465e-05,3.071084211114794e-05,3.4892134863184765e-05
1600,0.0005785413668490946,0.00035901647061109543,0.00024114437110256404,0.0002386169071542099,0.00025360783911310136,0.00020212828530929983,0.00016728155605960637,0.00010475575254531577,0.00024176276929210871,0.0001433754659956321,7.604661368532106e-05,0.00010153093899134547,5.735669765272178e-05,5.764739034930244e-05,0.00011028910375898704,9.207614493789151e-05,4.633528078556992e-05,8.871778118191287e-05,0.00012450016220100224,9.80978220468387e-05,0.00010120440128957853,5.926510857534595e-05,0.00020038361253682524,6.992469570832327e-05,9.804341243579984e-05,7.782463944749907e-05,0.00011983174044871703,8.97241843631491e-05,3.973964703618549e-05,3.8926351408008486e-05,7.844290666980669e-05,0.00014115167141426355,3.2667117920937017e-05,0.0001312317472184077,0.0001589841558597982,5.629673978546634e-05,6.20049104327336e-05,0.00010162403486901894,3.601746720960364e-05,2.5464916689088568e-05,5.7609744544606656e-05,7.729996286798269e-05,4.535681364359334e-05,6.077704892959446e-05,6.528454832732677e-05,3.8397571188397706e-05,3.4644181141629815e-05,6.140643381513655e-05,7.35780704417266e-05,5.29698736499995e-05
1700,0.0003399141423869878,0.0004000991175416857,0.00010150211892323568,0.00018961272144224495,0.00021683011436834931,0.00022613206238020211,0.00011787124094553292,9.473358659306541e-05,0.00012122145562898368,0.00012936997518409044,5.746385068050586e-05,7.831891707610339e-05,5.5567525123478845e-05,7.881895726313815e-05,0.0001092840830096975,5.616018461296335e-05,6.667074194410816e-05,7.609908061567694e-05,8.543648436898366e-05,0.00010186035797232762,7.921454380266368e-05,4.1526451241225004e-05,6.983101047808304e-05,5.0412811106070876e-05,7.377631845884025e-05,6.119500903878361e-05,0.00011147016630275175,5.027008955948986e-05,5.670943937730044e-05,7.526262197643518e-05,5.639786468236707e-05,6.407350156223401e-05,4.355361306807026e-05,4.458071634871885e-05,9.285556006943807e-05,7.555047341156751e-05,3.816161915892735e-05,0.00010157173528568819,5.1528590120142326e-05,3.165609814459458e-05,7.928290870040655e-05,3.3427928428864107e-05,4.068228736286983e-05,5.4802749218652025e-05,3.59447076334618e-05,2.7961228624917567e-05,4.02521800424438e-05,2.05612086574547e-05,7.906820974312723e-05,3.3899996196851134e-05
1800,0.0005974791129119694,0.0003076659340877086,3.484933404251933e-05,0.000298947881674394,0.00017852304154075682,8.63106397446245e-05,0.0001228814071509987,0.00010455205483594909,0.00010423742787679657,0.000130653046653606,9.011403744807467e-05,9.41450780373998e-05,7.567431748611853e-05,6.369826587615535e-05,7.617549999849871e-05,8.546977187506855e-05,0.00011440168600529432,9.053407848114148e-05,3.6281471693655476e-05,6.214062159415334e-05,8.535501547157764e-05,7.337059651035815e-05,8.38417254271917e-05,8.715690637473017e-05,5.998001870466396e-05,6.882512388983741e-05,7.285590982064605e-05,7.050436397548765e-05,6.89957887516357e-05,5.138062624610029e-05,4.9802347348304465e-05,0.0001321484160143882,2.8628341169678606e-05,4.241539863869548e-05,5.4346419346984476e-05,8.149399945978075e-05,4.669838017434813e-05,8.626956696389243e-05,2.4020133423618972e-05,3.2805430237203836e-05,3.913690670742653e-05,4.4425163650885224e-05,6.499976007035002e-05,7.93080180301331e-05,4.875971717410721e-05,4.288598574930802e-05,3.6982313758926466e-05,3.17687627102714e-05,4.4953168981010094e-05,9.665689140092582e-05
1900,0.00037476010038517416,0.0002449678722769022,9.137357847066596e-05,0.00014401318912860006,0.00014007178833708167,0.00011630155495367944,8.889827586244792e-05,9.16129574761726e-05,7.641306729055941e-05,8.493715722579509e-05,6.177562318043783e-05,7.735192775726318e-05,4.384343628771603e-05,4.395605719764717e-05,6.066697460482828e-05,6.114317511674017e-05,3.965809810324572e-05,6.85187624185346e-05,4.715887916972861e-05,4.446672028279863e-05,6.788580503780395e-05,3.046536585316062e-05,6.818116526119411e-05,5.9348447393858805e-05,5.5351469200104475e-05,4.3770905904239044e-05,7.019723852863535e-05,5.330422573024407e-05,4.78969159303233e-05,9.737467917148024e-05,4.0117636672221124e-05,4.731337685370818e-05,0.0001158052691607736,3.320502219139598e-05,5.458371015265584e-05,6.288271833909675e-05,3.334887878736481e-05,5.352815060177818e-05,5.946286546532065e-05,4.0355258533963934e-05,2.619196311570704e-05,4.1603841964388266e-05,4.554572296910919e-05,4.694076415034942e-05,2.7841892006108537e-05,3.0196310035535134e-05,4.128076761844568e-05,3.001369805133436e-05,7.342000026255846e-05,3.033010034414474e-05
2000,0.0004501634684856981,0.00034540804335847497,0.0002313694858457893,0.0002025099383899942,0.00027976473211310804,0.00010611626203171909,0.000163342323503457,0.00010839542665053159,0.00011012404866050929,0.0001370012469124049,6.740017852280289e-05,0.00011499424726935104,7.24744240869768e-05,5.03340270370245e-05,0.00011338587501086295,7.196826481958851e-05,0.00010212683264398947,0.00010183329141000286,6.639390630880371e-05,5.272181078908034e-05,9.258239151677117e-05,3.3518685086164623e-05,8.745526429265738e-05,5.206225250731222e-05,6.69404907966964e-05,4.588687079376541e-05,0.00013009733811486512,5.5968288506846875e-05,6.357527308864519e-05,0.00010469624976394698,4.229718979331665e-05,8.456919022137299e-05,8.708842506166548e-05,7.38686794647947e-05,0.0001428292744094506,5.0695867685135454e-05,5.441092434921302e-05,0.000112011497549247,7.921165524749085e-05,2.749667692114599e-05,5.422599861049093e-05,5.155336839379743e-05,5.35477047378663e-05,7.942842785269022e-05,4.4463515223469585e-05,0.0001373127306578681,4.7573630581609905e-05,2.5925712179741822e-05,4.252008511684835e-05,3.2453015592182055e-05
2100,0.00038943751133047044,0.00031681483960710466,0.00041123214759863913,0.00017155033128801733,0.00018936023116111755,9.631645662011579e-05,0.00010313922393834218,8.45862741698511e-05,7.786470087012276e-05,9.902261808747426e-05,5.953319123364054e-05,6.81751043885015e-05,3.946790820918977e-05,3.1425599445356056e-05,9.467599011259153e-05,5.7091321650659665e-05,0.00011231855023652315,8.461620745947585e-05,9.104113996727392e-05,5.4338102927431464e-05,7.19785166438669e-05,6.278020737227052e-05,9.189245611196384e-05,5.276222509564832e-05,6.93376423441805e-05,4.124245242564939e-05,5.990133649902418e-05,5.885254722670652e-05,5.9406127547845244e-05,5.017132934881374e-05,4.058004924445413e-05,6.119573663454503e-05,3.8411195419030264e-05,3.9867343730293214e-05,6.173844303702936e-05,3.498773730825633e-05,4.083237945451401e-05,7.164909766288474e-05,1.8378977983957157e-05,3.20351064146962e-05,4.709992208518088e-05,4.8257483285851777e-05,3.761215339181945e-05,6.826572644058615e-05,5.980962669127621e-05,4.338320286478847e-05,6.0981859860476106e-05,2.4756727725616656e-05,4.684458326664753e-05,2.94678466161713e-05
2200,0.0004334601399023086,0.0004033997538499534,0.00016400868480559438,0.00023307713854592294,0.0002063839347101748,0.00010904019291047007,0.00016457762103527784,8.964232983998954e-05,0.00011911058390978724,0.00014730874681845307,5.6545453844591975e-05,9.028196654981002e-05,6.1018414271529764e-05,5.216705540078692e-05,6.310964090516791e-05,6.927439972059801e-05,7.330079824896529e-05,8.979790436569601e-05,2.9668161005247384e-05,7.005120278336108e-05,7.364900375250727e-05,2.9738774173893034e-05,9.16242424864322e-05,5.970880010863766e-05,7.615936920046806e-05,4.2152412788709626e-05,8.529089973308146e-05,6.530238169943914e-05,5.228613008512184e-05,7.709689089097083e-05,7.774747064104304e-05,6.988226959947497e-05,2.8513804863905534e-05,3.707200812641531e-05,6.087176006985828e-05,3.9003134588710964e-05,5.823836909257807e-05,0.00011317108146613464,2.280122680531349e-05,4.170905231148936e-05,1.9544455426512286e-05,5.1456165238050744e-05,4.2191728425677866e-05,8.676403376739472e-05,5.231676550465636e-05,5.210058225202374e-05,5.875020724488422e-05,3.652711529866792e-05,5.25056166225113e-05,3.8124875572975725e-05
2300,0.0004631057381629944,0.0002643109473865479,0.00030372850596904755,0.0001766519999364391,0.00019763209274969995,0.0001067878765752539,0.0001261511933989823,0.0001289645879296586,0.00014464835112448782,0.00010797487630043179,7.044168160064146e-05,8.069066097959876e-05,7.136460044421256e-05,2.6105382858077064e-05,8.585329487686977e-05,8.877302752807736e-05,5.517142926692031e-05,7.878458563936874e-05,0.00011012829781975597,6.995396688580513e-05,0.00010003448551287875,8.625070768175647e-05,0.00010675859084585682,7.427418313454837e-05,6.000012581353076e-05,4.042164800921455e-05,6.634955934714526e-05,6.441449659178033e-05,4.8617468564771116e-05,7.402318442473188e-05,7.625392754562199e-05,0.0001066882032318972,5.399273504735902e-05,5.027346924180165e-05,5.503178181243129e-05,4.235588130541146e-05,4.731097214971669e-05,5.289242108119652e-05,3.464897963567637e-05,4.626108056982048e-05,4.2805884731933475e-05,6.592136924155056e-05,4.3966469092993066e-05,8.606308983871713e-05,4.162493132753298e-05,7.95661544543691e-05,4.325554255046882e-05,3.865059625240974e-05,4.896368409390561e-05,6.207482510944828e-05
2400,0.0005630215164273977,0.00035554327769204974,3.1402709282701835e-05,0.00019599005463533103,0.0002556497638579458,0.00014235962589737028,0.00012485806655604392,0.00019674502254929394,0.00011155106767546386,0.0001197374367620796,7.793195254635066e-05,8.67708949954249e-05,7.052999717416242e-05,8.714642171980813e-05,0.00011249180533923209,8.080843690549955e-05,6.499053415609524e-05,0.00010240851406706497,4.55684021289926e-05,7.123137038433924e-05,9.749811579240486e-05,0.00012609541590791196,9.857728582574055e-05,8.84572509676218e-05,0.00010115733311977237,5.716581654269248e-05,7.979588554007933e-05,9.171888814307749e-05,4.922622247249819e-05,8.686698856763542e-05,6.104353815317154e-05,6.928298535058275e-05,4.780694143846631e-05,6.53704846627079e-05,7.110538717824966e-05,4.025809175800532e-05,4.8571484512649477e-05,6.213916640263051e-05,1.8611639461596496e-05,3.183338412782177e-05,5.4165440815268084e-05,5.691677870345302e-05,3.6604531487682834e-05,6.608622788917273e-05,5.894044443266466e-05,2.8341082725091837e-05,4.2461550037842244e-05,2.953433431684971e-05,6.666436820523813e-05,7.78127578087151e-05
2500,0.0004635488730855286,0.000713404209818691,9.627503459341824e-05,0.0003143265494145453,0.00021259782079141587,0.00019130164582747966,0.00019371038069948554,0.00010613282938720658,0.00014097461826168,0.00018018831906374544,0.00012098511797375977,7.609842577949166e-05,4.215869921608828e-05,3.19651335303206e-05,5.826401320518926e-05,7.143653783714399e-05,4.379413803690113e-05,7.931461004773155e-05,4.7042285586940125e-05,9.640180360293016e-05,9.122497431235388e-05,4.69114602310583e-05,8.612728561274707e-05,5.967146353214048e-05,0.0001917726476676762,5.4276606533676386e-05,0.0001324720069533214,0.00010530855070101097,4.7594108764315024e-05,0.00018566573271527886,6.54702671454288e-05,6.190065323607996e-05,0.00011675085261231288,5.8961417380487546e-05,6.755867798347026e-05,4.986935164197348e-05,4.324811743572354e-05,0.00011119904229417443,9.818217949941754e-05,6.0956645029364154e-05,8.923656423576176e-05,0.00010558870417298749,3.9938680856721476e-05,0.00011263811029493809,6.74928305670619e-05,4.1258743294747546e-05,0.00012200481432955712,2.416169627394993e-05,5.8410321798874065e-05,3.693377220770344e-05
2600,0.0005610717926174402,0.0003575732989702374,5.5908643844304606e-05,0.00021972456306684762,0.0001956384803634137,6.961076724110171e-05,0.0001790854730643332,8.685228385729715e-05,0.00010335577826481313,0.00013181028771214187,5.527521716430783e-05,9.144622163148597e-05,5.3922063671052456e-05,9.553116251481697e-05,8.13197111710906e-05,7.260384154506028e-05,5.750329000875354e-05,0.00013580115046352148,3.439640568103641e-05,6.739419040968642e-05,7.229855691548437e-05,6.380262493621558e-05,8.183737372746691e-05,5.913584027439356e-05,0.00011421548697398975,5.749091724283062e-05,8.227966463891789e-05,6.493401451734826e-05,9.298978693550453e-05,3.9548769564135e-05,6.445271719712764e-05,6.788424798287451e-05,4.214155342197046e-05,9.478649008087814e-05,0.00010919341002590954,6.274159386521205e-05,5.37419255124405e-05,7.836928853066638e-05,3.9097747503547e-05,3.4551765565993264e-05,4.086216358700767e-05,6.824528827564791e-05,7.049419946270064e-05,7.993823237484321e-05,4.6292207116493955e-05,4.9572881835047156e-05,4.6235731133492664e-05,3.326416845084168e-05,3.89692941098474e-05,6.57010605209507e-05
2700,0.0003442930174060166,0.00042245473014190793,0.00032218502019532025,0.0002406875864835456,0.0002754820161499083,0.00017295412544626743,0.0001506071275798604,9.99535623122938e-05,0.00013158487854525447,0.00013649865286424756,5.737273022532463e-05,9.743294504005462e-05,5.42240850336384e-05,5.640799645334482e-05,6.981870683375746e-05,5.896988295717165e-05,4.482356962398626e-05,6.399051926564425e-05,5.850365414517e-05,0.00010119762009708211,8.044524292927235e-05,7.682665454922244e-05,0.00011440148227848113,4.347072172095068e-05,8.338595944223925e-05,8.963495201896876e-05,6.697801291011274e-05,5.959146437817253e-05,5.06426440551877e-05,8.194599649868906e-05,4.141881800023839e-05,6.61951198708266e-05,4.564728442346677e-05,6.105283682700247e-05,7.50299877836369e-05,5.854412302142009e-05,3.4368458727840334e-05,7.963988173287362e-05,3.774354627239518e-05,2.4782544642221183e-05,4.491224899538793e-05,4.558932050713338e-05,4.9427126214141026e-05,5.375761611503549e-05,3.5842967918142676e-05,2.4188278985093348e-05,5.264691208139993e-05,4.41177689936012e-05,5.8683319366537035e-05,3.4015502023976296e-05
2800,0.0003380034468136728,0.0008230337989516556,0.0004117036296520382,0.00039017535164020956,0.00025733557413332164,0.00035489132278598845,0.0002716827148105949,9.149409015662968e-05,0.00028445536736398935,0.0002778666384983808,5.817213241243735e-05,0.00011787148105213419,0.00011234777775825933,6.779008253943175e-05,0.00012830171908717602,6.328513700282201e-05,4.883508154307492e-05,7.717527478234842e-05,0.00015409133629873395,0.0001990084128919989,7.511446892749518e-05,4.9368496547685936e-05,0.00019867693481501192,7.666128658456728e-05,0.00020464386034291238,0.00013198812666814774,0.00016112167213577777,5.006988067179918e-05,8.482980774715543e-05,0.00017617011326365173,3.870149885187857e-05,9.198918269248679e-05,4.743180033983663e-05,3.723547706613317e-05,0.0001004431105684489,4.1293333197245374e-05,3.771169576793909e-05,0.00010700196435209364,3.735615609912202e-05,3.9973030652618036e-05,7.675646338611841e-05,9.75156290223822e-05,7.57614106987603e-05,6.873962411191314e-05,4.114389230380766e-05,8.126925240503624e-05,7.850526162656024e-05,2.3021742890705355e-05,0.00013225825387053192,3.683635077322833e-05
2900,0.000368258886737749,0.0005176580743864179,2.235681313322857e-05,0.00022406579228118062,0.00021394451323430985,0.00015785348659846932,0.00015079410513862967,0.00010054589074570686,0.0001672415091888979,0.00010988968278979883,5.3999796364223585e-05,9.06821878743358e-05,8.8890315964818e-05,0.00011510914919199422,7.578781514894217e-05,9.781238622963428e-05,3.898934301105328e-05,6.700481753796339e-05,0.0001413451536791399,0.00010447502427268773,7.776034181006253e-05,5.025417704018764e-05,0.00013315463729668409,5.309018524712883e-05,0.0001406808296451345,6.383691652445123e-05,8.647060167277232e-05,6.430534995160997e-05,4.8025656724348664e-05,0.00011920199904125184,3.3183467166963965e-05,0.0001400764740537852,7.651819760212675e-05,3.2287047361023724e-05,4.950985385221429e-05,2.919225698860828e-05,4.67791105620563e-05,8.542856812709942e-05,2.2894171706866473e-05,2.4618944735266268e-05,2.0833589587709866e-05,6.993763236096129e-05,6.472972745541483e-05,5.274248178466223e-05,3.2673935493221506e-05,2.964024679386057e-05,8.346439426532015e-05,3.267366992076859e-05,8.475450886180624e-05,3.434153040871024e-05
3000,0.0007859529578126967,0.000981433317065239,0.00012262066593393683,0.0005788452108390629,0.00028008545632474124,0.00037446734495460987,0.00036459951661527157,0.00018703211389947683,0.00035176894743926823,0.0002797346096485853,9.816815872909501e-05,0.00016268006584141403,8.485018770443276e-05,9.638939081924036e-05,0.00014378956984728575,0.00010192146874032915,6.325836875475943e-05,0.0001237869291799143,3.78356889996212e-05,0.0002253035199828446,0.00011023620027117431,3.1162249797489494e-05,0.00020752304408233613,0.00011512931087054312,0.00019161964883096516,0.0002014745696214959,0.0001941296213772148,8.206100756069645e-05,0.00013130386651027948,0.00017400083015672863,4.91003884235397e-05,0.0001476253237342462,4.7476623876718804e-05,4.475292007555254e-05,7.29249368305318e-05,9.55002979026176e-05,8.524994336767122e-05,0.00012398984108585864,2.8813883545808494e-05,3.147993265883997e-05,5.4994463425828144e-05,0.00013622172991745174,4.439895201358013e-05,0.00013357297575566918,8.765454549575225e-05,3.512440889608115e-05,0.00013537613267544657,2.878884697565809e-05,0.00012937469000462443,3.927040597773157e-05
3100,0.0003859476128127426,0.0002237559820059687,0.0003381251881364733,0.0001535779156256467,0.0002770616265479475,9.773864439921454e-05,0.00010156362986890599,0.00010878855391638353,0.00010816942813107744,9.269861766370013e-05,7.301579171326011e-05,7.937850750749931e-05,6.704711267957464e-05,0.00012915264233015478,6.266176205826923e-05,5.6169621529988945e-05,4.686853208113462e-05,7.199602987384424e-05,0.00017266285431105644,5.062303534941748e-05,9.223462257068604e-05,8.099457045318559e-05,0.0001124733462347649,5.7132412621285766e-05,5.704110662918538e-05,4.661962520913221e-05,9.021178993862122e-05,6.209088314790279e-05,5.938550384598784e-05,4.0742874261923134e-05,4.811972030438483e-05,5.959166446700692e-05,3.91949106415268e-05,3.947714503738098e-05,6.417840631911531e-05,6.007953197695315e-05,3.992431811639108e-05,5.531906572286971e-05,5.841382153448649e-05,4.827177326660603e-05,3.071848550462164e-05,3.851180008496158e-05,4.089897629455663e-05,6.937962461961433e-05,4.477125548874028e-05,4.145907951169647e-05,5.346586476662196e-05,3.629677667049691e-05,4.43897042714525e-05,8.422227983828634e-05
3200,0.00044141142279841006,0.0005547142354771495,0.0002274775761179626,0.00037955213338136673,0.00034867788781411946,0.0002684073115233332,0.00018190797709394246,9.212164877681062e-05,0.00026484759291633964,0.00020562633289955556,0.00010239838593406603,0.00014387727424036711,7.97398533904925e-05,0.00018470053328201175,0.0001503255480201915,0.00012654245074372739,5.2722076361533254e-05,0.00010204593127127737,8.186678314814344e-05,0.0001412003330187872,0.0001267347251996398,7.662449934286997e-05,0.00021133007248863578,4.8424994020024315e-05,0.00012089005758753046,0.0001137803919846192,0.00018706150876823813,5.747361501562409e-05,5.1386978157097474e-05,7.837537123123184e-05,4.511162478593178e-05,9.909918298944831e-05,0.00012207613326609135,5.509054608410224e-05,0.00011568657646421343,8.37094776215963e-05,4.911348514724523e-05,9.272929310100153e-05,5.749077536165714e-05,5.875110218767077e-05,0.00013414310524240136,4.634530341718346e-05,6.989134999457747e-05,5.6969245633808896e-05,5.462373519549146e-05,4.8304093070328236e-05,9.612187568563968e-05,4.3806805479107425e-05,9.200049680657685e-05,3.750757241505198e-05
3300,0.0003961232432629913,0.0003015111433342099,9.09850568859838e-05,0.00014665484195575118,0.0001513727765996009,8.906043512979522e-05,0.00011968700709985569,0.00010431405826238915,7.752851524855942e-05,0.000101201563666109,7.741907757008448e-05,0.00010201564145972952,4.859615000896156e-05,4.3320116674294695e-05,0.00011115536472061649,0.00012870991486124694,0.00010654643119778484,9.037467680172995e-05,0.00010237155220238492,7.796975114615634e-05,7.454457227140665e-05,0.00013091404980514199,8.684515341883525e-05,5.3475807362701744e-05,6.824841693742201e-05,4.104566323803738e-05,6.848062912467867e-05,7.275055395439267e-05,8.112908835755661e-05,7.577504584332928e-05,5.050309482612647e-05,5.1097456889692694e-05,7.65704971854575e-05,6.150492117740214e-05,6.818421388743445e-05,3.480262239463627e-05,4.29048523074016e-05,5.799124119221233e-05,3.21550942317117e-05,5.540864367503673e-05,7.686891331104562e-05,7.034344889689237e-05,4.4109674490755424e-05,7.193403143901378e-05,5.911062908126041e-05,4.6142336941557005e-05,6.258102803258225e-05,2.4066699552349746e-05,6.824183219578117e-05,3.803929212153889e-05
3400,0.00034833591780625284,0.0003466452471911907,0.0002462688134983182,0.0002123438607668504,0.00020214745018165559,0.00010634848877089098,0.00012420049461070448,9.786365990294144e-05,0.00010878762986976653,0.00012221105862408876,0.00015745993005111814,0.0001515194308012724,6.97221839800477e-05,7.979499059729278e-05,9.319913078797981e-05,5.7752484281081706e-05,4.2746502003865317e-05,7.000915502430871e-05,5.666335709975101e-05,5.758511906606145e-05,7.196744263637811e-05,3.726374779944308e-05,0.00010232057684333995,5.313220026437193e-05,8.283034549094737e-05,5.7632802054286e-05,6.885555922053754e-05,7.400562753900886e-05,7.252091018017381e-05,5.4853386245667934e-05,4.5851476897951216e-05,7.957787602208555e-05,2.7790652893600054e-05,5.228809095569886e-05,7.150899182306603e-05,5.451338438433595e-05,3.9163747715065256e-05,7.185606227722019e-05,6.939205923117697e-05,3.767819362110458e-05,3.350920815137215e-05,4.5929657062515616e-05,5.802810483146459e-05,6.83498292346485e-05,3.509807720547542e-05,0.00010678882244974375,5.0564172852318734e-05,4.5325061364565045e-05,6.963123450987041e-05,2.9701977837248705e-05
3500,0.000499708519782871,0.00036989644286222756,0.0001368386874673888,0.0001975895429495722,0.00023347479873336852,8.109557529678568e-05,0.00013436241715680808,0.00013436071458272636,9.481744200456887e-05,0.00010494127491256222,6.374315125867724e-05,0.00017626861517783254,4.7942146920831874e-05,5.211739699007012e-05,6.91899549565278e-05,6.62567836116068e-05,7.883281068643555e-05,0.00011199314030818641,9.87803578027524e-05,4.510070357355289e-05,8.497360977344215e-05,9.979139576898888e-05,8.146557956933975e-05,8.155536488629878e-05,9.343998681288213e-05,4.7724875912535936e-05,7.021591591183096e-05,6.631571886828169e-05,5.890930333407596e-05,8.080921543296427e-05,4.921323852613568e-05,9.176468302030116e-05,7.36186484573409e-05,4.0190774598158896e-05,6.699094956275076e-05,6.638366903644055e-05,4.1812541894614697e-05,8.98363723536022e-05,0.00014147379260975868,4.042268483317457e-05,3.655161344795488e-05,6.440598372137174e-05,3.761205152841285e-05,8.434812480118126e-05,6.293212936725467e-05,3.635346001829021e-05,7.918286428321153e-05,2.351420152990613e-05,7.126924174372107e-05,5.388570934883319e-05
3600,0.00044411837006919086,0.0004215149092487991,0.00022953416919335723,0.00020952361228410155,0.00026340250042267144,0.000191631363122724,0.00014819913485553116,0.00010179495438933372,0.00012313952902331948,0.00012300208618398756,7.702461880398914e-05,8.894596248865128e-05,0.00010263739386573434,6.368017784552649e-05,8.405998232774436e-05,7.66005614423193e-05,3.748872040887363e-05,9.09604350454174e-05,8.234530105255544e-05,0.00010789453517645597,9.590369154466316e-05,4.5649863750441e-05,8.8049731857609e-05,6.679951184196398e-05,7.508194539695978e-05,5.004595368518494e-05,8.255886496044695e-05,6.281177047640085e-05,6.357031816150993e-05,7.920948701212183e-05,9.389359911438078e-05,7.731345249339938e-05,7.868202374083921e-05,4.2119816498598084e-05,7.85476659075357e-05,7.717994594713673e-05,4.335449921200052e-05,0.00012116457219235599,8.221712050726637e-05,3.722918700077571e-05,7.830469985492527e-05,7.064967940095812e-05,4.782111500389874e-05,6.908967770868912e-05,7.113216997822747e-05,6.485122139565647e-05,5.693878483725712e-05,3.714882768690586e-05,7.934148015920073e-05,8.389751019421965e-05
3700,0.00044486255501396954,0.00027715342002920806,0.00032902698148973286,0.00016746226174291223,0.0001669775228947401,7.373683911282569e-05,0.00010723614832386374,9.67786181718111e-05,8.932150376494974e-05,9.335128561360762e-05,5.60634107387159e-05,0.00014172484225127846,3.903244942193851e-05,8.534156222594902e-05,8.444835111731663e-05,7.412125705741346e-05,4.3724568968173116e-05,7.208555325632915e-05,5.38161039003171e-05,4.640512270270847e-05,8.59401625348255e-05,9.328112355433404e-05,0.000160141265951097,5.4099466069601476e-05,7.382802868960425e-05,4.469081250135787e-05,0.00011431847815401852,7.766664930386469e-05,8.549588528694585e-05,4.424569851835258e-05,5.3531410230789334e-05,7.400271715596318e-05,3.915929846698418e-05,5.077003879705444e-05,7.313388050533831e-05,4.641234045266174e-05,4.782982068718411e-05,8.255937427747995e-05,5.7305151131004095e-05,2.3504000637331046e-05,2.9539594834204763e-05,4.349781374912709e-05,4.010819975519553e-05,6.829109042882919e-05,4.337812788435258e-05,4.192203050479293e-05,6.718992517562583e-05,8.258796151494607e-05,7.152564649004489e-05,3.3842039556475356e-05
3800,0.00040009283111430705,0.00038717399002052844,0.00010734314855653793,0.00018718341016210616,0.0001932431769091636,0.00011409453873056918,0.00012009598867734894,8.74754914548248e-05,9.549251990392804e-05,0.00011274972348473966,8.430577872786671e-05,0.00013414413842838258,8.680750033818185e-05,6.379867409123108e-05,0.00011346488463459536,8.350569987669587e-05,5.1342718506930396e-05,9.34044728637673e-05,0.00013993092579767108,4.2457206291146576e-05,7.282290607690811e-05,6.268897413974628e-05,0.00010416494478704408,5.8494533732300624e-05,0.00010177612421102822,4.1872011934174225e-05,6.216192559804767e-05,5.859632074134424e-05,7.720088615315035e-05,9.258929640054703e-05,5.6111868616426364e-05,6.683811807306483e-05,7.061456562951207e-05,7.636674854438752e-05,5.74213445361238e-05,6.157087773317471e-05,4.360962338978425e-05,9.588958346284926e-05,3.7709887692471966e-05,3.544851279002614e-05,7.632424240000546e-05,5.179181243875064e-05,8.092173811746761e-05,7.36401925678365e-05,7.552785245934501e-05,4.4815544242737815e-05,6.162581848911941e-05,3.385243326192722e-05,0.00011872391769429669,6.831379869254306e-05
3900,0.0003752937482204288,0.0002531080390326679,3.467618807917461e-05,0.00015600465121679008,0.0002865515125449747,0.0001402764319209382,9.992789273383096e-05,9.91980850812979e-05,0.00010040916095022112,9.410773782292381e-05,0.0001355828862870112,0.00011002948303939775,7.85223237471655e-05,5.054323992226273e-05,8.104429434752092e-05,0.00010627792653394863,6.18744088569656e-05,0.00011466565047157928,0.00022612340399064124,5.2830291679129004e-05,7.198775711003691e-05,6.623055378440768e-05,0.00011278258170932531,7.106742850737646e-05,6.445840699598193e-05,4.9642483645584434e-05,6.62814054521732e-05,5.848399450769648e-05,5.518915713764727e-05,3.8955011405050755e-05,5.018895899411291e-05,9.019343269756064e-05,8.49248535814695e-05,3.9625894714845344e-05,0.0001127345094573684,4.213110514683649e-05,4.708170308731496e-05,5.7019558880710974e-05,2.700454933801666e-05,3.0339833756443113e-05,5.8065048506250605e-05,3.860752622131258e-05,5.83092805754859e-05,9.251011942978948e-05,4.0601647924631834e-05,7.221432315418497e-05,4.111861562705599e-05,4.686530519393273e-05,7.094904140103608e-05,3.892304084729403e-05
4000,0.0006661086226813495,0.00039773149183019996,2.1530917365453206e-05,0.00030823497218079865,0.00018219595949631184,0.00013819494051858783,0.00019308840273879468,0.00015380806871689856,0.0001857656316133216,0.000166915197041817,7.871189882280305e-05,9.407859033672139e-05,4.693574010161683e-05,5.846619023941457e-05,6.890100485179573e-05,7.069514686008915e-05,8.075405639829114e-05,0.00017131258209701627,9.896907431539148e-05,0.00013186538126319647,8.228016667999327e-05,2.648705049068667e-05,0.00013667685561813414,9.477439743932337e-05,9.864633466349915e-05,0.00010987528366968036,8.848147990647703e-05,0.00011194842227268964,7.382111652987078e-05,6.400966958608478e-05,4.784083284903318e-05,5.492358832270838e-05,3.284152262494899e-05,6.726655556121841e-05,8.913766941986978e-05,5.9912264987360686e-05,5.779100683867e-05,7.423099305015057e-05,6.691720773233101e-05,3.957710214308463e-05,3.587801256799139e-05,5.7110268244287e-05,6.310026947176084e-05,6.436654075514525e-05,3.470923547865823e-05,7.956585614010692e-05,4.959979196428321e-05,2.4152121113729663e-05,6.549462705152109e-05,9.951871470548213e-05
4100,0.0009963035117834806,0.000558451924007386,4.8970850912155584e-05,0.0003429255448281765,0.0002642200270202011,0.00018221413483843207,0.00016948267875704914,0.000214070882066153,0.00012135522410972044,0.00015420392446685582,9.11400347831659e-05,9.942777978722006e-05,0.00011396827176213264,0.00011033054761355743,8.894617349142209e-05,6.788344035157934e-05,7.226127490866929e-05,0.00011174588871654123,4.875988088315353e-05,0.00011485440336400643,0.00014558459224645048,0.00013474425941240042,9.139748726738617e-05,0.00012691604206338525,8.74533798196353e-05,6.437577394535765e-05,8.23393784230575e-05,0.00012746798165608197,6.114325515227392e-05,9.19111625989899e-05,8.601103036198765e-05,9.321186371380463e-05,4.882341454504058e-05,0.00012330520257819444,8.827340934658423e-05,9.333602065453306e-05,0.00011389224528102204,0.0001275278627872467,6.395978562068194e-05,4.394385905470699e-05,0.0001485902612330392,5.924893412156962e-05,7.085826655384153e-05,0.00012806238373741508,6.720372766721994e-05,4.959416764904745e-05,8.376250480068848e-05,4.2200597818009555e-05,4.17825867771171e-05,9.084420889848843e-05
4200,0.00076574384002015,0.00025406162603758276,0.00010725569882197306,0.00015808896569069475,0.0001736199192237109,6.940260936971754e-05,0.00010498787014512345,0.00014911196194589138,9.137053712038323e-05,9.799336839932948e-05,0.00012076462007826194,0.00010380268940934911,5.549022898776457e-05,3.9354585169348866e-05,5.820771912112832e-05,8.45509857754223e-05,5.678327943314798e-05,0.00011111785715911537,3.486489367787726e-05,4.607367009157315e-05,9.867055632639676e-05,3.678314897115342e-05,8.337994222529233e-05,0.00011059592361561954,7.478157203877345e-05,3.935848508263007e-05,7.62059644330293e-05,0.00012444851745385677,7.978989015100524e-05,7.591508619952947e-05,4.5756321924272925e-05,5.222114486969076e-05,2.377713462919928e-05,7.74724394432269e-05,8.15873354440555e-05,5.105495438328944e-05,9.03692125575617e-05,5.72254866710864e-05,3.0877141398377717e-05,2.4751972887315787e-05,6.18291087448597e-05,6.087137444410473e-05,7.588844891870394e-05,6.722765829181299e-05,6.228363054106012e-05,4.0477243601344526e-05,5.706441879738122e-05,2.5996212571044452e-05,3.5760298487730324e-05,4.627115777111612e-05
4300,0.0006717147771269083,0.00039995956467464566,0.00034111030981875956,0.00025844169431366026,0.00030805906862951815,0.00012653801240958273,0.00014541955897584558,0.0001275362155865878,0.00016398589650634676,0.0001722198212519288,6.622141518164426e-05,0.00018496312259230763,5.862527905264869e-05,0.0001625113218324259,0.00010133619798580185,0.00012077944847987965,0.00011748899851227179,7.613073830725625e-05,7.68150421208702e-05,5.7212972023990005e-05,9.720776142785326e-05,7.811474642949179e-05,0.0001585268328199163,6.98144212947227e-05,9.63512939051725e-05,6.397590914275497e-05,0.00010027465759776533,0.00010310644574929029,5.751369826612063e-05,5.698252425645478e-05,7.033950532786548e-05,8.428218279732391e-05,6.41479273326695e-05,3.45433691109065e-05,5.9757330745924264e-05,3.3985408663284034e-05,3.833810842479579e-05,8.508344035362825e-05,3.379511326784268e-05,2.4892475266824476e-05,7.142840331653133e-05,4.425288352649659e-05,5.0517686759121716e-05,7.062336226226762e-05,5.5129032261902466e-05,2.885941466956865e-05,4.2562609451124445e-05,2.849030352081172e-05,5.646007411996834e-05,3.516025026328862e-05
4400,0.00036014491342939436,0.00034631346352398396,0.00016405025962740183,0.00023398507619276643,0.00017098420357797295,8.679945312906057e-05,0.00015622861974406987,8.248671656474471e-05,0.0001187226444017142,0.00011903201811946929,8.006695861695334e-05,8.513082138961181e-05,9.698128997115418e-05,4.656305463868193e-05,0.00011037143121939152,6.214238237589598e-05,7.10368258296512e-05,9.206291724694893e-05,2.92883505608188e-05,6.541449693031609e-05,6.036365812178701e-05,2.3999327822821215e-05,7.487247057724744e-05,8.442874968750402e-05,0.00011454733612481505,5.378366768127307e-05,9.761723777046427e-05,5.3058018238516524e-05,5.246804721537046e-05,6.0865364503115416e-05,8.823817915981635e-05,5.632332613458857e-05,3.54028343281243e-05,4.8067358875414357e-05,6.694795592920855e-05,5.552662696572952e-05,5.993906961521134e-05,7.432566781062633e-05,2.120741191902198e-05,2.1976185962557793e-05,3.81525642296765e-05,6.850282079540193e-05,7.833218842279166e-05,6.738364754710346e-05,6.400164420483634e-05,2.7943597160628997e-05,7.471111894119531e-05,2.999110074597411e-05,4.1530103771947324e-05,3.490369999781251e-05
4500,0.00034515256993472576,0.00033197825541719794,8.364092354895547e-05,0.00021661787468474358,0.0001752370153553784,0.0001024267912725918,0.00014613353414461017,0.00010178189404541627,0.00012100199819542468,0.00011678042938001454,5.852047252119519e-05,0.00011317803000565618,6.503465556306764e-05,3.681169619085267e-05,9.975951252272353e-05,6.07517285970971e-05,5.340037023415789e-05,8.465151040581986e-05,0.0001001573764369823,6.903804751345888e-05,7.636497321072966e-05,0.00010219735122518614,0.00010374968405812979,8.425989653915167e-05,7.254113734234124e-05,5.043335841037333e-05,0.00011723689385689795,5.623712786473334e-05,5.4230811656452715e-05,4.42399104940705e-05,6.89156586304307e-05,7.16683643986471e-05,5.164630420040339e-05,6.7333850893192e-05,6.101060353103094e-05,6.88761574565433e-05,3.8875827158335596e-05,8.183816680684686e-05,2.053657590295188e-05,3.675538027891889e-05,2.8325515813776292e-05,4.993482434656471e-05,6.0495622165035456e-05,5.90705567447003e-05,6.602222129004076e-05,4.045098467031494e-05,4.07210536650382e-05,3.4070268156938255e-05,7.516652840422466e-05,4.915871977573261e-05
4600,0.0004838599998038262,0.00035413875593803823,2.6866948246606626e-05,0.000181949493708089,0.00013829756062477827,9.626356768421829e-05,0.00012900185538455844,0.00012952383258379996,9.520335152046755e-05,0.00011395967158023268,6.36866461718455e-05,7.431056292261928e-05,6.919464067323133e-05,3.2662428566254675e-05,6.423545710276812e-05,8.86682901182212e-05,5.961789793218486e-05,9.868510096566752e-05,7.733345410088077e-05,5.412631435319781e-05,9.140394831774756e-05,0.00011616715346463025,7.725562318228185e-05,7.540726073784754e-05,8.548885671189055e-05,4.725079270428978e-05,7.697426190134138e-05,6.65562620270066e-05,7.745752373011783e-05,7.650561019545421e-05,9.116478759096935e-05,5.6843655329430476e-05,3.41476516041439e-05,5.208971197134815e-05,6.729949382133782e-05,4.827543307328597e-05,5.80617124796845e-05,9.871157089946792e-05,2.5431920221308246e-05,4.62548341602087e-05,7.951143197715282e-05,5.85455636610277e-05,6.123046478023753e-05,7.139035005820915e-05,4.2947322071995586e-05,2.9135060685803182e-05,4.9236616177950054e-05,3.793698488152586e-05,5.8503788750385866e-05,5.5380278354277834e-05
4700,0.0007046329556033015,0.0002445050049573183,0.00011981467105215415,0.00021290972654242069,0.0003659973735921085,0.00011173341772519052,0.00010818472219398245,0.00014284795906860381,0.00010226836457150057,0.00010783079051179811,7.14156631147489e-05,0.00014934421051293612,8.932856871979311e-05,6.201266660355031e-05,9.421303548151627e-05,9.280691301682964e-05,5.023511403123848e-05,7.815314165782183e-05,3.680105510284193e-05,6.555328582180664e-05,0.00014860554074402899,0.000173534921486862,0.0001245949388248846,7.864540384616703e-05,7.49307218939066e-05,6.693084287689999e-05,5.5926946515683085e-05,0.00011730907135643065,5.6457927712472156e-05,4.3771680793724954e-05,4.457961767911911e-05,0.00011352886212989688,3.1237213988788426e-05,4.481327050598338e-05,7.79863476054743e-05,6.31669390713796e-05,7.850484689697623e-05,7.511705189244822e-05,3.3512842492200434e-05,3.6079702113056555e-05,8.45359536469914e-05,5.0293325330130756e-05,4.593095582094975e-05,6.291396130109206e-05,4.4888685806654394e-05,6.0038932133466005e-05,5.144980605109595e-05,5.8132533013122156e-05,5.699367102351971e-05,8.002512186067179e-05
4800,0.0005034219939261675,0.00035505546838976443,3.099822424701415e-05,0.00019344101019669324,0.00022791133960708976,0.00018859063857235014,0.00011880963575094938,0.00013180087262298912,0.0001482271181885153,0.0001166598594863899,6.74025941407308e-05,0.00012330443132668734,5.5848464398877695e-05,0.00011227142385905609,7.90629637776874e-05,0.00010492416186025366,0.00011316275777062401,6.456005939980969e-05,6.944830965949222e-05,0.00011117800750071183,9.858448902377859e-05,7.0948590291664e-05,0.00015930084919091314,5.903275450691581e-05,9.021884034154937e-05,8.369363058591262e-05,0.00012097977742087096,9.760527609614655e-05,4.8336918553104624e-05,4.962730599800125e-05,4.18180825363379e-05,0.0001088674835045822,6.301691610133275e-05,4.7917514166329056e-05,5.693437560694292e-05,3.550224209902808e-05,3.814659794443287e-05,7.603351696161553e-05,4.1094099287875e-05,2.8727639801218174e-05,2.051363480859436e-05,5.1104136218782514e-05,3.653991370811127e-05,5.3898984333500266e-05,3.770679177250713e-05,3.434436803217977e-05,4.872695717494935e-05,3.2038791687227786e-05,6.0459886299213395e-05,4.755485861096531e-05
4900,0.0005378800560720265,0.0004490676219575107,2.463066266500391e-05,0.0003275012713856995,0.000170259881997481,0.00017278965970035642,0.00017549174663145095,0.0001542195095680654,0.00014328144607134163,0.00017321191262453794,6.18471676716581e-05,0.0001301518495893106,5.7627032219897956e-05,4.264128801878542e-05,7.059186464175582e-05,7.330597145482898e-05,9.227026021108031e-05,8.845906995702535e-05,5.65170485060662e-05,0.00010033512080553919,9.470204531680793e-05,4.317947241361253e-05,0.00010976102930726483,9.554234566166997e-05,9.413441875949502e-05,8.73841272550635e-05,0.00014255076530389488,9.600356133887544e-05,6.53649476589635e-05,7.359893061220646e-05,7.528745481977239e-05,0.00012096035061404109,6.443188613047823e-05,8.332308061653748e-05,6.994096474954858e-05,4.8830046580405906e-05,5.385577605920844e-05,8.158211130648851e-05,9.871488873613998e-05,2.962028156616725e-05,3.6207271477906033e-05,6.343900167848915e-05,5.269874236546457e-05,8.690220420248806e-05,3.562484562280588e-05,4.214912041788921e-05,5.9423440688988194e-05,3.0496210456476547e-05,6.598655454581603e-05,3.8216716347960755e-05
5000,0.0011932667111977935,0.0003385794989299029,0.00023460245574824512,0.00020598433911800385,0.0002722179633565247,0.00017919093079399318,0.0001261772558791563,0.00022411122336052358,0.00012609334953594953,0.0001102650276152417,0.00010083090455736965,0.00012687110574916005,8.518979302607477e-05,5.106125172460452e-05,0.00011444541451055557,0.00010595891944831237,6.242663221200928e-05,0.00012127697846153751,9.913627582136542e-05,8.724810322746634e-05,0.00014586217002943158,4.7761252062628046e-05,9.553992276778445e-05,0.0001659453264437616,8.513897773809731e-05,8.023393456824124e-05,0.00010657943494152278,0.0001499914360465482,6.730603490723297e-05,7.021694909781218e-05,4.473327862797305e-05,8.072950731730089e-05,3.465629561105743e-05,2.939013938885182e-05,9.87556268228218e-05,4.840430119656958e-05,0.00011469460878288373,7.96168387751095e-05,2.665260217327159e-05,2.637855322973337e-05,0.0001330637460341677,5.243175110081211e-05,6.134650175226852e-05,7.059580093482509e-05,7.705746247665957e-05,6.896010017953813e-05,6.03704247623682e-05,8.174372487701476e-05,5.957521716482006e-05,6.676678458461538e-05
5100,0.0006000337889418006,0.00028533334261737764,8.522662392351776e-05,0.00020175839017610997,0.0001929019344970584,9.559121099300683e-05,0.00012854095257353038,0.0001633768988540396,9.635593596613035e-05,0.00012776760559063405,8.140328282024711e-05,8.878530206857249e-05,6.0675552958855405e-05,5.5668773711659014e-05,8.7404390797019e-05,8.88752329046838e-05,3.59123878297396e-05,0.00014115501835476607,3.564549479051493e-05,6.782646960346028e-05,0.00011971376079600304,0.00010327136260457337,8.010352757992223e-05,9.488776413490996e-05,7.854188879719004e-05,5.3440169722307473e-05,6.549240060849115e-05,9.660823707235977e-05,7.543852552771568e-05,5.157066698302515e-05,7.751718658255413e-05,0.00017489843594375998,6.154755828902125e-05,5.316675014910288e-05,6.0294954892015085e-05,4.20204087276943e-05,6.25308821327053e-05,6.95684939273633e-05,2.6482128305360675e-05,2.9145430744392797e-05,2.0903324184473604e-05,8.06406678748317e-05,4.079408972756937e-05,6.470902008004487e-05,5.3453401051228866e-05,3.7755358789581805e-05,6.297601066762581e-05,3.4488468372728676e-05,4.3603882659226656e-05,7.240263948915526e-05
5200,0.0005845934501849115,0.0003630210121627897,4.228880789014511e-05,0.00023122207494452596,0.0002696581359487027,0.00011117374378954992,0.000135119043989107,0.00015225417155306786,0.00013586472778115422,0.00013660562399309129,5.9103786043124273e-05,6.796493107685819e-05,5.4347983677871525e-05,3.7487967347260565e-05,0.00013033472350798547,6.83757389197126e-05,9.043305180966854e-05,9.387635509483516e-05,7.59509566705674e-05,6.934957491466776e-05,0.00010877502791117877,7.697656837990507e-05,9.639577911002561e-05,7.136099156923592e-05,9.247256821254268e-05,5.422335016191937e-05,8.547971083316952e-05,7.694130181334913e-05,6.421849684556946e-05,6.674878386547789e-05,5.655181666952558e-05,8.462632831651717e-05,4.2419917008373886e-05,4.4784646888729185e-05,5.343123848433606e-05,7.014695438556373e-05,5.261894330033101e-05,6.688584107905626e-05,0.00010666978778317571,2.3647191483178176e-05,3.3050408092094585e-05,5.165686161490157e-05,4.384273779578507e-05,9.602727368474007e-05,3.9375750930048525e-05,3.680409281514585e-05,5.2247607527533546e-05,2.559946915425826e-05,4.130513116251677e-05,3.8615315133938566e-05
