step,channel_502,channel_624,channel_289,channel_822,channel_694,channel_648,channel_541,channel_674,channel_620,channel_146,channel_791,channel_691,channel_226,channel_490,channel_291,channel_699,channel_190,channel_218,channel_555,channel_424,channel_32,channel_459,channel_91,channel_201,channel_619,channel_837,channel_463,channel_781,channel_842,channel_203,channel_831,channel_369,channel_472,channel_784,channel_0,channel_819,channel_377,channel_494,channel_712,channel_440,channel_314,channel_156,channel_590,channel_102,channel_693,channel_471,channel_396,channel_813,channel_743,channel_227
0,4.624925622920273e-06,9.934539775713347e-06,7.507468126277672e-06,7.1681643021292984e-06,6.408192803064594e-06,8.515055924362969e-06,6.3455036070081405e-06,7.483897206839174e-06,8.91144372872077e-06,9.89743148238631e-06,9.61522528086789e-06,7.608365649502957e-06,7.757312232570257e-06,1.255756251339335e-05,8.78988612385001e-06,7.531655228376621e-06,1.1797949809988495e-05,5.151298864802811e-06,8.431227797700558e-06,9.764380592969246e-06,8.292357961181551e-06,1.1697099580487702e-05,7.5432744779391214e-06,8.263505151262507e-06,7.06708033249015e-06,8.721522135601845e-06,9.581317499396391e-06,9.82013443717733e-06,6.899065283505479e-06,1.048072226694785e-05,5.067165147920605e-06,1.5532979887211695e-05,1.3966396181785967e-05,9.263310857932083e-06,6.711277819704264e-06,7.308989552257117e-06,8.298427928821184e-06,8.441051249974407e-06,8.439685188932344e-06,5.90694298807648e-06,5.89740147916018e-06,7.613088655489264e-06,7.013515187281882e-06,6.570697678398574e-06,6.819540431024507e-06,7.1293807195615955e-06,7.647029633517377e-06,7.302875928871799e-06,8.514517503499519e-06,8.276609150925651e-06
100,2.6231269657728262e-05,2.5481160264462233e-05,2.7470101485960186e-05,3.1114941521082073e-05,3.1215637136483565e-05,3.458405990386382e-05,3.5957153158960864e-05,3.638246562331915e-05,3.666419434011914e-05,3.675689367810264e-05,3.596298483898863e-05,3.708231815835461e-05,3.711674071382731e-05,3.716456194524653e-05,3.521272446960211e-05,3.742371700354852e-05,3.476636265986599e-05,3.746360744116828e-05,3.3897656976478174e-05,3.5848137486027554e-05,3.298395677120425e-05,3.837577241938561e-05,3.771086994674988e-05,3.8743946788599715e-05,3.832856236840598e-05,3.478458893368952e-05,3.8245987525442615e-05,3.790228583966382e-05,3.680872396216728e-05,3.8978454540483654e-05,3.923042459064163e-05,3.662884410005063e-05,3.9351722080027685e-05,3.60054436896462e-05,3.82525468012318e-05,3.935744462069124e-05,3.942130570067093e-05,3.965013092965819e-05,3.967697557527572e-05,3.9779468352207914e-05,3.9780603401595727e-05,3.749439201783389e-05,3.948755329474807e-05,3.99176606151741e-05,3.994788494310342e-05,3.884244870278053e-05,3.984366776421666e-05,4.021277345600538e-05,4.01252182200551e-05,3.761693733395077e-05
200,2.5889597964123823e-05,2.6561940103420056e-05,2.6178124244324863e-05,2.833655889844522e-05,2.9544260542024858e-05,3.315718277008273e-05,3.3862681448226795e-05,3.3585467463126406e-05,3.5016295441892e-05,3.611452484619804e-05,3.695926352520473e-05,3.599745832616463e-05,3.4102067729691043e-05,3.610107160056941e-05,3.557823583832942e-05,3.390097481315024e-05,3.5697616112884134e-05,3.370074773556553e-05,3.3616364817135036e-05,3.627492333180271e-05,3.3376654755556956e-05,3.102896152995527e-05,3.808771725744009e-05,3.825912426691502e-05,3.877278868458234e-05,3.8410529668908566e-05,3.878577990690246e-05,3.503205516608432e-05,3.533481867634691e-05,3.763395579881035e-05,3.5383538488531485e-05,3.9435508369933814e-05,3.7924455682514235e-05,3.492075120448135e-05,3.920888411812484e-05,3.9597573049832135e-05,3.737186489161104e-05,3.770723196794279e-05,3.721688699442893e-05,3.612638829508796e-05,3.4844990295823663e-05,3.717117942869663e-05,3.991653647972271e-05,3.575123628252186e-05,3.648552592494525e-05,3.832516085822135e-05,4.017796163680032e-05,3.523023042362183e-05,4.025945236207917e-05,3.615019886638038e-05
300,2.6404080927022733e-05,2.5348841518280096e-05,2.7566882636165246e-05,2.816970481944736e-05,2.9157128665247e-05,3.23322310578078e-05,3.4921216865768656e-05,3.390518031665124e-05,3.559902688721195e-05,3.6652851122198626e-05,3.5189885238651186e-05,3.595385351218283e-05,3.6273806472308934e-05,3.6865432775812224e-05,3.73721522919368e-05,3.6565277696354315e-05,3.744115383597091e-05,3.438960266066715e-05,3.748841481865384e-05,3.7552901630988345e-05,3.8138172385515645e-05,3.519257006701082e-05,3.8686743209837005e-05,3.584592559491284e-05,3.682262104121037e-05,3.878269126289524e-05,3.4899116144515574e-05,3.886716513079591e-05,3.893065149895847e-05,3.6311696021584794e-05,3.536937219905667e-05,3.873774767271243e-05,3.95106544601731e-05,3.9572882087668404e-05,3.957729859394021e-05,3.8743972254451364e-05,3.9648148231208324e-05,3.849332279060036e-05,3.912027750629932e-05,3.973718412453309e-05,3.774169090320356e-05,3.9896487578516826e-05,3.980007386417128e-05,3.853122689179145e-05,3.8059690268710256e-05,4.0165843529393896e-05,3.6990018998039886e-05,3.734933488885872e-05,3.6697485484182835e-05,4.0274549974128604e-05
400,1.1706611076078843e-05,1.2540098396129906e-05,1.2175298252259381e-05,1.6335310647264123e-05,1.5976032955222763e-05,1.6894880900508724e-05,1.9336641344125383e-05,2.081112324958667e-05,1.792812872736249e-05,2.1743848265032284e-05,2.014501478697639e-05,2.2038775568944402e-05,2.2427049771067686e-05,2.1442501747515053e-05,2.074571057164576e-05,2.100542224070523e-05,1.8237857148051262e-05,1.9791074009845033e-05,2.291645432705991e-05,2.2351599909598008e-05,1.764101762091741e-05,1.541275196359493e-05,1.9529261408024468e-05,2.223054070782382e-05,2.1490381186595187e-05,1.841772063926328e-05,2.475051769579295e-05,2.416205097688362e-05,1.8294394976692274e-05,2.0034212866448797e-05,1.9957360564148985e-05,2.1312296667019837e-05,1.8738805010798387e-05,1.9271590645075776e-05,2.4035620299400762e-05,2.182649404858239e-05,2.3456850613001734e-05,2.230815152870491e-05,1.8462369553162716e-05,2.375518306507729e-05,1.8403236026642844e-05,2.131900873791892e-05,2.1582622139248997e-05,1.927520497702062e-05,2.1253954400890507e-05,1.9388495275052264e-05,2.538116677897051e-05,2.2572308807866648e-05,2.2282883946900256e-05,1.8453807570040226e-05
500,1.436476031813072e-05,1.3557676538766827e-05,1.500748021499021e-05,1.5111732864170335e-05,1.7401142031303607e-05,1.6190231690416113e-05,1.9611954485299066e-05,1.8681430447031744e-05,2.0676214262493886e-05,2.0457735445233993e-05,2.288405994477216e-05,1.9477263776934706e-05,2.246297117380891e-05,1.948553108377382e-05,1.8649452613317408e-05,2.0219822545186616e-05,1.9230361431255005e-05,2.1229679987300187e-05,1.8911990991909988e-05,1.7184078387799673e-05,1.8622837160364725e-05,1.7135949747171253e-05,1.9726265236386098e-05,2.075287193292752e-05,1.8216594980913214e-05,1.7698952433420345e-05,2.1200945411692373e-05,2.017056249314919e-05,1.7961479898076504e-05,1.8791668480844237e-05,2.070845221169293e-05,1.9191262254025787e-05,1.8553821064415388e-05,1.9326274923514575e-05,2.0358134861453436e-05,1.976625389943365e-05,2.053583739325404e-05,2.2918151444173418e-05,1.9910148694179952e-05,2.0594234229065478e-05,1.902595795399975e-05,2.0691561076091602e-05,2.053542084468063e-05,1.974513907043729e-05,2.1958043362246826e-05,2.1017378458054736e-05,2.131939254468307e-05,2.1849662516615354e-05,2.0769684851984493e-05,1.936623993969988e-05
600,1.6769055946497247e-05,1.3815541933581699e-05,1.4853848369966727e-05,1.5097537470865063e-05,1.6115453036036342e-05,1.7954707800527103e-05,1.8692138837650418e-05,1.7419873984181322e-05,2.16562384593999e-05,2.0632220184779726e-05,1.8315402485313825e-05,1.9081777281826362e-05,1.6323065210599452e-05,1.8396871382719837e-05,1.943654933711514e-05,1.9388178770896047e-05,1.7274205674766563e-05,2.0956367734470405e-05,1.7609661881579086e-05,1.6147951100720093e-05,1.8491902665118687e-05,1.5188790712272748e-05,2.197214234911371e-05,1.9305805835756473e-05,1.7993341316469014e-05,2.0393934391904622e-05,2.2692933271173388e-05,2.073276300507132e-05,1.8016504327533767e-05,1.7268343071918935e-05,1.9317796613904648e-05,1.9271748897153884e-05,2.0132818463025615e-05,1.7898919395520352e-05,1.9260663975728676e-05,2.0825811589020304e-05,2.1743413526564837e-05,1.6917472748900764e-05,1.8379838365945034e-05,2.6547677407506853e-05,2.0794099327758886e-05,2.162728014809545e-05,2.184877848776523e-05,2.7408470486989245e-05,2.0679890440078452e-05,1.769875416357536e-05,2.4215649318648502e-05,1.8280068616149947e-05,1.867996616056189e-05,1.9243087081122212e-05
700,1.3589310583483893e-05,1.3210125871410128e-05,1.421723482053494e-05,1.87529694812838e-05,1.658639666857198e-05,1.9434992282185704e-05,1.8182568965130486e-05,1.8249862478114665e-05,1.6355934349121526e-05,2.177578426199034e-05,2.0194074750179425e-05,1.9116348994430155e-05,1.9292119759484194e-05,2.072812640108168e-05,1.7355645468342118e-05,2.134504211426247e-05,1.9695606169989333e-05,1.7309188478975557e-05,1.750848605297506e-05,2.0125715309404768e-05,2.0447985662030987e-05,1.569508276588749e-05,2.0683493858086877e-05,2.1835145162185654e-05,1.9864997739205137e-05,2.0023579054395668e-05,2.0352024876046926e-05,2.0471508832997642e-05,2.0742985725519247e-05,2.4076854970189743e-05,2.0680003217421472e-05,1.9907445675926283e-05,1.925300784932915e-05,1.6643320122966543e-05,2.2705577066517435e-05,2.1165376892895438e-05,2.0410652723512612e-05,2.2406007701647468e-05,2.3032871467876248e-05,2.3837865228415467e-05,2.1647349058184773e-05,1.7744569049682468e-05,2.0912728359689936e-05,1.9625676941359416e-05,2.3334327124757692e-05,1.9835211787722073e-05,2.0299037714721635e-05,1.9993382011307403e-05,2.138146010111086e-05,1.987470022868365e-05
800,1.4110371012066025e-05,1.547986721561756e-05,1.2217103176226374e-05,1.824677201511804e-05,1.55835623445455e-05,1.635383341636043e-05,1.752555363054853e-05,1.8408269170322455e-05,1.736005287966691e-05,2.0733144992846064e-05,2.0000317817903124e-05,2.1656614990206435e-05,2.1454377929330803e-05,2.4111637685564347e-05,2.2006401195540093e-05,2.0288507585064508e-05,1.868169056251645e-05,1.870089727162849e-05,2.0589006453519687e-05,2.186793426517397e-05,1.832612724683713e-05,1.530898589408025e-05,2.0397916159708984e-05,2.5039647880475968e-05,2.4839866455295123e-05,1.901329778775107e-05,2.0222680177539587e-05,2.0409566786838695e-05,1.9565006368793547e-05,2.1849338736501522e-05,1.92004008567892e-05,2.4791570467641577e-05,2.5220360839739442e-05,2.3132131900638342e-05,2.00818194571184e-05,2.126483741449192e-05,2.1407126041594893e-05,2.009266972891055e-05,1.7544192814966664e-05,2.6625764803611673e-05,2.123747799487319e-05,1.8743794498732314e-05,1.991472345252987e-05,2.0324470824562013e-05,2.1021327484049834e-05,2.1601048501906916e-05,2.6031291781691834e-05,2.210865386587102e-05,2.1663463485310785e-05,2.297430910402909e-05
900,1.8280792573932558e-05,1.5781150068505667e-05,1.4299587746791076e-05,1.6317973859258927e-05,1.473063457524404e-05,1.5576208170386963e-05,1.93645573745016e-05,1.7891892639454454e-05,1.7558628314873204e-05,1.9360120859346353e-05,2.0581330318236724e-05,1.8521517631597817e-05,1.746180532791186e-05,1.754642289597541e-05,1.8409748008707538e-05,2.0351928469608538e-05,1.991634962905664e-05,1.5675128452130593e-05,2.2223059204407036e-05,1.802969018172007e-05,1.803354280127678e-05,1.7070165995392017e-05,2.0226594642736018e-05,1.972835343622137e-05,1.995823549805209e-05,2.231401413155254e-05,2.4459233827656135e-05,1.832480847951956e-05,1.6577942005824298e-05,1.830133805924561e-05,1.967992284335196e-05,2.2466390873887576e-05,1.9787652490776964e-05,1.8727534552454017e-05,2.0976569430786185e-05,1.9380298908799887e-05,2.0487434085225686e-05,2.3252112441696227e-05,2.0144449081271887e-05,2.1237148757791147e-05,2.0547657186398283e-05,1.92079405678669e-05,2.0214161850162782e-05,1.9786823031608947e-05,2.028108610829804e-05,2.165756632166449e-05,2.106584179273341e-05,1.8585093130241148e-05,1.945101030287333e-05,1.894911110866815e-05
1000,1.4405205547518563e-05,1.4719392311235424e-05,1.555446033307817e-05,1.8369712051935494e-05,1.6614418200333603e-05,1.9815061023109592e-05,1.686002542555798e-05,1.8651646314538084e-05,1.8973672922584228e-05,2.118413794960361e-05,1.9327540940139443e-05,2.0261457393644378e-05,2.012088407354895e-05,1.8885129975387827e-05,2.1465968529810198e-05,2.1336323698051274e-05,2.107228101522196e-05,1.9519062334438786e-05,1.8885790268541314e-05,1.8048636775347404e-05,2.1194966393522918e-05,1.6332396626239643e-05,1.9932789655285887e-05,2.038952698057983e-05,2.0287496226956137e-05,1.9488425095914863e-05,2.2298248950392008e-05,2.033175405813381e-05,1.77974234247813e-05,2.090824091283139e-05,2.1060330254840665e-05,1.7609891074243933e-05,2.0972023776266724e-05,2.0172137737972662e-05,2.033801683865022e-05,1.926798177009914e-05,2.0647115889005363e-05,2.0551860870909877e-05,2.197733920183964e-05,2.2738953703083098e-05,2.1175959773245268e-05,1.8587683371151797e-05,2.229277197329793e-05,2.0314202629378997e-05,1.9600374798756093e-05,2.041776133410167e-05,2.6733021513791755e-05,2.2659660317003727e-05,2.1974396076984704e-05,1.950907608261332e-05
1100,1.2409591363393702e-05,1.4809098502155393e-05,1.159476687462302e-05,1.2787848390871659e-05,1.3654516806127504e-05,1.75514960574219e-05,1.7963635400519706e-05,1.785140011634212e-05,1.982102003239561e-05,2.0801511709578335e-05,1.999255437112879e-05,1.8903720047092065e-05,1.9415860151639208e-05,2.0114932340220548e-05,1.907566183945164e-05,2.14311894524144e-05,2.4255165044451132e-05,2.23637543967925e-05,1.9254390281275846e-05,1.7991060303756967e-05,2.0580631826305762e-05,1.950916339410469e-05,1.9497110770316795e-05,2.1057905541965738e-05,2.009497802646365e-05,2.022868284257129e-05,2.087389657390304e-05,2.2635185814579017e-05,1.7358874174533412e-05,2.0961595510016195e-05,2.0079061869182624e-05,2.085309461108409e-05,2.0383833543746732e-05,2.0451143427635543e-05,2.0531488189590164e-05,2.026108995778486e-05,2.1298337742337026e-05,1.8542506950325333e-05,1.9601131498347968e-05,2.1536334315896966e-05,2.4292072339449078e-05,1.8241295038023964e-05,2.0828303604503162e-05,2.1587997252936475e-05,1.909504135255702e-05,2.0494388081715442e-05,2.1140334865776822e-05,2.8081696655135602e-05,2.1212268620729446e-05,2.1000012566219084e-05
1200,1.400410201313207e-05,1.2462820450309664e-05,1.3662124729307834e-05,1.3581289749708958e-05,1.4344247574626934e-05,1.9383391190785915e-05,1.7510050383862108e-05,1.7936379663296975e-05,1.8846969396690838e-05,2.0277424482628703e-05,2.0879908333881758e-05,2.0878696886938997e-05,1.7258213119930588e-05,1.958381835720502e-05,1.8119624655810185e-05,1.941174195962958e-05,1.8261885998072103e-05,1.7815458704717457e-05,1.8742419342743233e-05,2.0260240489733405e-05,1.918596535688266e-05,1.6281515854643658e-05,2.0372739527374506e-05,1.9814873667201027e-05,2.5401448510820046e-05,1.79391117853811e-05,1.7696553186397068e-05,1.907810838019941e-05,1.8537659343564883e-05,2.0952957129338756e-05,1.9370037989574485e-05,2.1133573682163842e-05,2.3606055037816986e-05,2.0070125174243003e-05,2.7889558623428456e-05,2.0590632630046457e-05,2.017422411881853e-05,1.8609094695420936e-05,2.030916584772058e-05,1.9183689801138826e-05,1.996336504817009e-05,1.9126353436149657e-05,1.9350118236616254e-05,2.1006000679335557e-05,1.891136525955517e-05,1.9335971956024878e-05,2.13809162232792e-05,1.9994266040157527e-05,2.0039418814121746e-05,2.019182466028724e-05
1300,1.652962419029791e-05,1.446716851205565e-05,1.2818785762647167e-05,1.5970457752700895e-05,1.5963727491907775e-05,1.7861792002804577e-05,2.1329573428374715e-05,1.81340983544942e-05,2.3208654965856113e-05,2.2815582269686274e-05,2.6355482987128198e-05,2.1966292479191907e-05,2.0637473426177166e-05,2.0639048671000637e-05,1.8397533494862728e-05,2.189473707403522e-05,2.054447577393148e-05,1.8635486412676983e-05,2.5159359211102128e-05,2.0095461877644993e-05,1.820795841922518e-05,1.8124435882782564e-05,2.6328551030019298e-05,2.4141267203958705e-05,2.2970973077462986e-05,2.1516892957151867e-05,2.162915734515991e-05,2.1404746803455055e-05,2.1530890080612153e-05,1.8440869098412804e-05,2.250558100058697e-05,2.2417687432607636e-05,2.525536547182128e-05,2.0192730517010204e-05,2.4058597773546353e-05,2.274369398946874e-05,2.0865023543592542e-05,2.2105972675490193e-05,2.1014930098317564e-05,2.092027716571465e-05,1.9958750272053294e-05,2.2289670596364886e-05,2.3100670659914613e-05,2.5577199266990647e-05,1.904870441649109e-05,2.0655847038142383e-05,2.2476573576568626e-05,2.1282410671119578e-05,2.2896649170434102e-05,2.1281295630615205e-05
1400,1.4632354577770457e-05,1.3178107110434212e-05,1.3334856703295372e-05,1.5385427104774863e-05,1.480972241552081e-05,1.6484969819430262e-05,1.7257892977795564e-05,1.636112756386865e-05,2.023688648478128e-05,2.0849282009294257e-05,1.9768605852732435e-05,1.9676161173265427e-05,1.9200126189389266e-05,1.984796836040914e-05,2.026910260610748e-05,1.849077125370968e-05,2.3137228708947077e-05,1.875338602985721e-05,1.828982749429997e-05,1.87175737664802e-05,1.8534527043811977e-05,1.639260517549701e-05,1.85565459105419e-05,1.8490722140995786e-05,1.9422743207542226e-05,1.8771861505229026e-05,1.9178176444256678e-05,1.8368638848187402e-05,1.7189897334901616e-05,2.2607764549320564e-05,2.0145664166193455e-05,1.861083546828013e-05,1.897363836178556e-05,1.820099714677781e-05,2.1023666704422794e-05,1.9104991224594414e-05,2.1767322323285043e-05,1.9376282580196857e-05,2.1716099581681192e-05,2.0144823793089017e-05,1.9692140995175578e-05,1.9069011614192277e-05,1.8969420125358738e-05,2.158330062229652e-05,1.942552626132965e-05,1.8475609977031127e-05,2.6304162020096555e-05,2.2075235392549075e-05,1.858350879047066e-05,2.1094952899147756e-05
1500,1.2922671885462478e-05,1.2967458133061882e-05,1.2526508726296015e-05,1.5050934962346219e-05,1.3771458725386765e-05,1.5156738299992867e-05,1.698347296041902e-05,1.710211108729709e-05,1.9514711311785504e-05,2.048162969003897e-05,1.915228676807601e-05,2.1806228687637486e-05,1.7506305084680207e-05,1.9788554709521122e-05,1.9007073206012137e-05,2.0046163626830094e-05,2.2789328795624897e-05,1.8434400772093795e-05,2.1262418158585206e-05,1.8684233509702608e-05,1.865619924501516e-05,1.4792514775763266e-05,2.042686173808761e-05,1.9326285837450996e-05,2.209997910540551e-05,2.206961107731331e-05,2.361384940741118e-05,1.7868660506792367e-05,1.7322849089396186e-05,2.0640263755922206e-05,2.0433149984455667e-05,2.144333666365128e-05,1.9226443328079768e-05,1.842078927438706e-05,2.043080166913569e-05,2.0786143068107776e-05,1.989754855458159e-05,1.7377242329530418e-05,1.947578311956022e-05,1.9772765881498344e-05,2.139649041055236e-05,1.9034236174775288e-05,2.053570278803818e-05,1.899967173812911e-05,1.8463675587554462e-05,1.8412107237963937e-05,2.3614555175299756e-05,1.9532726582838222e-05,2.144658355973661e-05,1.905641329358332e-05
1600,1.348747537122108e-05,1.405653529218398e-05,1.1516216545714997e-05,1.4310323422250804e-05,1.363340015814174e-05,1.608398997632321e-05,1.9070646885666065e-05,1.7810625649872236e-05,2.0409332137205638e-05,2.0885881895083003e-05,1.8630795239005238e-05,2.0432093151612207e-05,1.713901110633742e-05,2.4222254069172777e-05,1.94901367649436e-05,1.7695234419079497e-05,1.8475833712727763e-05,2.3180065909400582e-05,2.0928060621372424e-05,2.0802028302568942e-05,1.7759530237526633e-05,1.5452302250196226e-05,2.3609733034390956e-05,1.9682665879372507e-05,1.8177146557718515e-05,1.8406164599582553e-05,1.8635410015122034e-05,1.9515015083015896e-05,1.7054991985787638e-05,2.0203035091981292e-05,2.215681888628751e-05,2.3267015421879478e-05,2.0830786525039002e-05,2.1818894310854375e-05,2.3111060727387667e-05,1.9883085769833997e-05,2.138533272955101e-05,1.5785795767442323e-05,1.9813025573967025e-05,2.1455392925417982e-05,1.9618113583419472e-05,1.8444749002810568e-05,2.1448202460305765e-05,2.044068241957575e-05,1.9216124201193452e-05,1.8085547708324157e-05,2.4650098566780798e-05,1.8403919966658577e-05,2.1020039639552124e-05,2.1472118532983586e-05
1700,1.3801372915622778e-05,1.3204256902099587e-05,1.3968897292215843e-05,1.5514744518441148e-05,1.4282240954344161e-05,1.745994813973084e-05,1.8551563698565587e-05,1.8807158994604833e-05,1.900361166917719e-05,1.878028160717804e-05,2.0307596059865318e-05,2.0563627913361415e-05,2.040736762864981e-05,1.899312155728694e-05,1.7797632608562708e-05,1.9083185179624707e-05,2.3769402105244808e-05,1.99413625523448e-05,1.8255572285852395e-05,2.0348536054370925e-05,1.7928990928339772e-05,1.711875847831834e-05,2.0063103875145316e-05,2.0562427380355075e-05,1.8501565136830322e-05,1.984181290026754e-05,2.001655775529798e-05,1.970269477169495e-05,1.8344082491239533e-05,1.968446304090321e-05,1.9986719053122215e-05,2.181734271289315e-05,2.1031526557635516e-05,2.0464625777094625e-05,2.3636121113668196e-05,2.091561327688396e-05,2.378003773628734e-05,1.825037361413706e-05,1.7982636563829146e-05,2.4319098884006962e-05,1.973639336938504e-05,1.8295964764547534e-05,2.189933911722619e-05,1.8772358089336194e-05,1.7724350982462056e-05,1.914577114803251e-05,2.1040917999926023e-05,1.9967368643847294e-05,2.0885709091089666e-05,1.8819308024831116e-05
1800,1.3209570170147344e-05,1.3979477444081567e-05,1.634242471482139e-05,1.649053410801571e-05,1.785071253834758e-05,1.9595634512370452e-05,1.9900146071449853e-05,1.935324507940095e-05,2.021091313508805e-05,2.615925041027367e-05,1.951089689100627e-05,2.213521111116279e-05,2.135214708687272e-05,1.972521931747906e-05,2.1476200345205143e-05,2.1780413590022363e-05,2.3048125513014384e-05,2.097789547406137e-05,1.898315349535551e-05,1.910389619297348e-05,1.8763021216727793e-05,1.893089029181283e-05,2.0821422367589548e-05,2.3474289264413528e-05,2.2026337319402955e-05,1.968852484424133e-05,1.9626282664830796e-05,1.8846527382265776e-05,1.877491013146937e-05,1.9798324501607567e-05,2.192183274019044e-05,2.0975428924430162e-05,2.4788594600977376e-05,2.1185393052292056e-05,2.3899916413938627e-05,2.2774867829866707e-05,2.2224145141080953e-05,2.3265865820576437e-05,2.066578781523276e-05,2.3683844119659625e-05,1.925361721077934e-05,2.0839523131144233e-05,2.1335443307179958e-05,2.1345260392990895e-05,2.440358184685465e-05,2.11730530281784e-05,2.4595350623712875e-05,2.270009645144455e-05,2.4529344955226406e-05,1.976507337531075e-05
1900,1.4423206266656052e-05,1.403417354595149e-05,1.4458368241321295e-05,1.3175087588024326e-05,1.4636109881394077e-05,1.786565553629771e-05,2.067666719085537e-05,1.86797151400242e-05,2.3903327019070275e-05,1.948976205312647e-05,2.1633166397805326e-05,2.1478967028087936e-05,1.8623479263624176e-05,1.811828406061977e-05,1.8507282220525667e-05,2.009491072385572e-05,1.967190473806113e-05,1.694768070592545e-05,2.0376166503410786e-05,1.9564640751923434e-05,1.852190325735137e-05,1.6274423614959233e-05,2.0659124857047573e-05,2.158074130420573e-05,2.0382291040732525e-05,2.078969009744469e-05,2.47115040110657e-05,2.094889532600064e-05,1.9290933778393082e-05,1.9327122572576627e-05,2.0208986825309694e-05,2.1205480152275413e-05,1.852018976933323e-05,1.8153004930354655e-05,2.121257239195984e-05,1.974018414330203e-05,2.0664110707002692e-05,1.9354391042725183e-05,1.7015527191688307e-05,2.1250889403745532e-05,1.8094206097885035e-05,2.0108191165491007e-05,2.217895962530747e-05,2.072674033115618e-05,1.8862225260818377e-05,1.9232027625548653e-05,2.3235572371049784e-05,2.1013151126680896e-05,2.5592418751330115e-05,1.955477819137741e-05
2000,1.4226109669834841e-05,1.5074165276018903e-05,1.65452147484757e-05,1.7316493540420197e-05,1.773578696884215e-05,1.7550139091326855e-05,2.1091536837047897e-05,2.0310375475673936e-05,2.317652979400009e-05,2.0483432308537886e-05,2.7009191398974508e-05,2.253409184049815e-05,2.2110645659267902e-05,1.9027585949515924e-05,1.9491964849294163e-05,2.314217454113532e-05,2.0823677914449945e-05,2.522263821447268e-05,1.9062086721532978e-05,2.0983303329558112e-05,2.1072057279525325e-05,1.713577330519911e-05,2.2785403416492045e-05,2.4010583729250357e-05,2.1553334590862505e-05,2.0598638002411462e-05,2.2640628230874427e-05,2.095316449413076e-05,1.988399526453577e-05,2.0152143406448886e-05,2.184894765377976e-05,2.1197483874857426e-05,2.1849822587682866e-05,2.0850773580605164e-05,2.0768658941960894e-05,2.1284469767124392e-05,2.0174300516373478e-05,1.87153164006304e-05,1.981355126190465e-05,2.7408148525864817e-05,2.254748142149765e-05,2.1700116121792234e-05,2.234594830952119e-05,2.1849426047992893e-05,2.1002793801017106e-05,2.070581649604719e-05,2.127778498106636e-05,2.4126815333147533e-05,2.5628020011936314e-05,2.0355979359010234e-05
2100,1.427407369192224e-05,1.3015182958042715e-05,1.2625145245692693e-05,1.4027801626070868e-05,1.3263317669043317e-05,1.541450183140114e-05,2.0186160327284597e-05,1.78624704858521e-05,2.290356314915698e-05,1.862139833974652e-05,1.8700955479289405e-05,1.87417354027275e-05,1.9242148482589982e-05,2.0924258933519013e-05,1.92342067748541e-05,1.902357689687051e-05,2.1917487174505368e-05,2.0000199583591893e-05,1.7557948012836277e-05,1.7355530872009695e-05,1.8183682186645456e-05,1.5945968698360957e-05,2.010876778513193e-05,2.310148920514621e-05,1.79190537892282e-05,2.2258338503888808e-05,2.2960788555792533e-05,2.0798468540306203e-05,1.9892109776264988e-05,2.1930469301878475e-05,2.068609683192335e-05,2.4133934857673012e-05,2.138217860192526e-05,1.742485983413644e-05,2.1873025616514497e-05,2.1549789380514994e-05,2.0606916223187e-05,1.5310723028960638e-05,1.7031055904226378e-05,2.5725468731252477e-05,2.161285920010414e-05,1.923077434184961e-05,2.23821189138107e-05,2.0501154722296633e-05,1.994219383050222e-05,2.2155214537633583e-05,2.267162562930025e-05,1.895917193905916e-05,2.1205718439887278e-05,1.794387753761839e-05
2200,1.5604453437845223e-05,1.4618636669183616e-05,1.5588495443807915e-05,1.9686158339027315e-05,1.5283292668755166e-05,1.7116642993642017e-05,2.2793843527324498e-05,2.1064362954348326e-05,1.781586070137564e-05,2.1650223061442375e-05,1.937171327881515e-05,2.2450281903729774e-05,1.972763675439637e-05,1.8605873265187256e-05,1.9710714695975184e-05,1.928151323227212e-05,1.849125874286983e-05,1.9185845303582028e-05,1.9373281247681007e-05,1.917615554702934e-05,1.7400998331140727e-05,1.831387089623604e-05,1.83008723979583e-05,2.182581192755606e-05,2.0751971533172764e-05,2.1724503312725574e-05,2.2093867301009595e-05,2.0790839698747732e-05,1.8783684936352074e-05,1.940409856615588e-05,2.238518572994508e-05,1.9920409613405354e-05,2.1755002308054827e-05,1.907916521304287e-05,1.9464334400254302e-05,2.0907498765154742e-05,2.0565288650686853e-05,2.086229869746603e-05,1.931281622091774e-05,2.2346059267874807e-05,2.093736475217156e-05,2.1986652427585796e-05,2.2355885448632762e-05,2.1830837795278057e-05,2.744810626609251e-05,2.177467104047537e-05,2.119680902978871e-05,1.9293454897706397e-05,2.3334871002589352e-05,1.907638943521306e-05
2300,1.5821404304006137e-05,1.561765566293616e-05,1.4240323253034148e-05,1.8281081793247722e-05,1.6266951206489466e-05,2.0404442693688907e-05,1.577822149556596e-05,1.743010761856567e-05,1.988111762329936e-05,2.2185220586834475e-05,2.1671758076990955e-05,2.0477877114899457e-05,1.924275238707196e-05,2.181358286179602e-05,2.0485405912040733e-05,2.1548712538788095e-05,1.891388455987908e-05,1.905295175674837e-05,1.9097356926067732e-05,2.2110205463832244e-05,2.3456430426449515e-05,1.6839032468851656e-05,1.790156602510251e-05,2.02492592507042e-05,2.3204414901556447e-05,2.1525191186810844e-05,2.0968320313841105e-05,2.0809058696613647e-05,1.933542989718262e-05,2.214769301644992e-05,2.3129276087274775e-05,2.0496550860116258e-05,2.0453770048334263e-05,1.8774631826090626e-05,2.080210470012389e-05,2.0346715245977975e-05,2.0081772163393907e-05,2.0253946786397137e-05,2.2175610865815543e-05,2.432621840853244e-05,2.0769504772033542e-05,1.704018359305337e-05,2.2359743525157683e-05,2.0607503756764345e-05,2.1794417989440262e-05,2.033052805927582e-05,2.2892607375979424e-05,2.1833140635862947e-05,2.2801224986324087e-05,2.0017190763610415e-05
2400,1.3365682207222562e-05,1.3569680959335528e-05,1.4235816706786864e-05,1.427418646926526e-05,1.5633735529263504e-05,1.7968624888453633e-05,1.931388396769762e-05,1.911088838824071e-05,1.917184272315353e-05,2.244076858914923e-05,1.894042725325562e-05,2.248436794616282e-05,2.005049645958934e-05,2.071531707770191e-05,1.8067919882014394e-05,2.3859789507696405e-05,2.1561349058174528e-05,2.2272690330282785e-05,2.0810688511119224e-05,2.0446070266189054e-05,2.20908423216315e-05,1.787816290743649e-05,2.356047298235353e-05,2.008006049436517e-05,1.9880186300724745e-05,2.2501704734168015e-05,2.065143416984938e-05,2.1122870748513378e-05,1.8914881366072223e-05,2.0660902009694837e-05,2.5997425836976618e-05,2.139966090908274e-05,2.192775900766719e-05,2.131042674591299e-05,2.4530061637051404e-05,2.0228557332302444e-05,2.1303470930433832e-05,1.9401457393541932e-05,2.2039175746613182e-05,2.0442228560568765e-05,2.062064413621556e-05,2.074038093269337e-05,2.174858673242852e-05,1.9890620023943484e-05,1.94362728507258e-05,2.1389912944869138e-05,1.9565912225516513e-05,2.2910777261131443e-05,2.135884642484598e-05,2.0647936253226362e-05
2500,1.43516172101954e-05,1.800358404580038e-05,1.2436478755262215e-05,1.4970654774515424e-05,1.6371339370380156e-05,1.8949982404592447e-05,1.8146993170375936e-05,1.8799517420120537e-05,1.9149201762047596e-05,2.1393923816503957e-05,1.9305816749692895e-05,1.8105592971551232e-05,2.0246650819899514e-05,1.9175418856320903e-05,2.2707927200826816e-05,2.2224952772376128e-05,2.0647845303756185e-05,2.074394069495611e-05,2.2081700080889277e-05,1.9492297724355012e-05,1.7328091416857205e-05,2.07417815545341e-05,2.0973255232092924e-05,2.1620771804009564e-05,2.2326246835291386e-05,1.8420570995658636e-05,1.9631452232715674e-05,2.1734174879384227e-05,1.8259474018123e-05,1.9397217329242267e-05,2.574766222096514e-05,1.957245694939047e-05,2.3497863367083482e-05,2.1360727259889245e-05,2.1657682736986317e-05,2.1614112483803183e-05,1.939709545695223e-05,2.2142779926070943e-05,2.0372630388010293e-05,2.2021366021363065e-05,1.872242683020886e-05,1.876711394288577e-05,2.1929294234723784e-05,1.9532568330760114e-05,2.2719215849065222e-05,1.8637914763530716e-05,2.132142435584683e-05,2.164622492273338e-05,2.3429414795828052e-05,2.5346394977532327e-05
2600,1.4368948541232385e-05,1.340073322353419e-05,1.287797658733325e-05,1.6190817405004054e-05,1.6460666302009486e-05,1.8352824554312974e-05,2.1324945919332094e-05,2.249210956506431e-05,1.8667140466277488e-05,2.2580423319595866e-05,2.158178176614456e-05,2.0576067981892265e-05,2.004727502935566e-05,1.9810491721727885e-05,1.912267725856509e-05,1.9593151591834612e-05,2.0410207071108744e-05,2.2412526959669776e-05,2.025015783146955e-05,2.057591154880356e-05,2.2259449906414375e-05,1.6124009562190622e-05,2.2119907953310758e-05,2.1173142158659175e-05,2.4416787709924392e-05,2.0501114704529755e-05,2.090905763907358e-05,1.9742519725696184e-05,1.8629512851475738e-05,2.0623010641429573e-05,1.9521594367688522e-05,2.1523892428376712e-05,1.9572771634557284e-05,1.9524155504768714e-05,2.4145283532561734e-05,2.0610808860510588e-05,2.023581510002259e-05,2.1214626030996442e-05,2.0573406800394878e-05,2.251438309031073e-05,2.0175366444163956e-05,2.0873756511718966e-05,1.9322520529385656e-05,2.3614287783857435e-05,2.0588060579029843e-05,2.0623374439310282e-05,2.125897299265489e-05,2.2109292331151664e-05,2.2075095330365002e-05,1.8620181435835548e-05
2700,1.5260926375049166e-05,1.6758227502577938e-05,1.6280040654237382e-05,1.54254594235681e-05,1.721201988402754e-05,1.8189028196502477e-05,1.8539445591159165e-05,2.0048291844432242e-05,2.1343003027141094e-05,2.1627491150866263e-05,1.762192368914839e-05,1.932377927005291e-05,2.444265192025341e-05,2.851878889487125e-05,1.9330143913975917e-05,1.915524626383558e-05,2.1181156625971198e-05,2.055142067547422e-05,2.2926813471713103e-05,2.1355164790293202e-05,1.9720020645763725e-05,1.685371717030648e-05,2.086179119942244e-05,2.1200397895881906e-05,2.1080684746266343e-05,2.3420481738867238e-05,2.1407526219263673e-05,2.1157091396162286e-05,2.0637353372876532e-05,1.987385803658981e-05,2.6048344807350077e-05,2.3257851353264414e-05,1.9012022676179186e-05,1.8681081201066263e-05,2.0805544409085996e-05,2.1754658519057557e-05,1.9981716832262464e-05,2.116709219990298e-05,1.846407394623384e-05,2.0275789211154915e-05,2.0667948774644174e-05,2.0492609110078774e-05,2.0850162400165573e-05,2.479406430211384e-05,2.4086228222586215e-05,2.2465117581305094e-05,2.1518231733352877e-05,2.2268484826781787e-05,2.1104575353092514e-05,1.9996616174466908e-05
2800,1.4011306120664813e-05,1.3446093362290412e-05,1.3455466614686884e-05,1.55684301716974e-05,1.4802246369072236e-05,1.7642010789131746e-05,1.7302734704571776e-05,2.0254752598702908e-05,2.221923932665959e-05,2.0233086615917273e-05,1.5826037270016968e-05,2.2653404812444933e-05,1.8831728084478527e-05,2.0286952349124476e-05,2.1071031369501725e-05,1.936058652063366e-05,1.745922418194823e-05,1.7964168364414945e-05,2.0696419596788473e-05,1.6979949577944353e-05,1.7463993572164327e-05,1.7977581592276692e-05,2.015104837482795e-05,1.958469692908693e-05,1.9131261069560423e-05,2.1609508621622808e-05,1.8460816136212088e-05,1.8282811652170494e-05,1.8680706489249133e-05,2.400517405476421e-05,2.2514133888762444e-05,2.0989908080082387e-05,1.600940595380962e-05,2.0299288735259324e-05,1.790550049918238e-05,1.9641856852103956e-05,1.9866520233335905e-05,1.906887518998701e-05,1.9284041627543047e-05,1.8666605683392845e-05,1.9218567103962414e-05,1.745001645758748e-05,2.0888084691250697e-05,2.0805180611205287e-05,1.8544042177381925e-05,2.038423190242611e-05,2.1863717847736552e-05,1.968187279999256e-05,1.918302041303832e-05,1.8377731976215728e-05
2900,1.2922602763865143e-05,1.5073619579197839e-05,1.3353118447412271e-05,1.3816633327223826e-05,1.5165303011599462e-05,1.731520205794368e-05,1.959671135409735e-05,1.7339725673082285e-05,2.1654039301211014e-05,1.9769842765526846e-05,2.3609856725670397e-05,2.0892357497359626e-05,2.2005129721947014e-05,2.0785559172509238e-05,2.0167368347756565e-05,2.5679119062260725e-05,2.3074995624483563e-05,2.1125704734004103e-05,2.359309291932732e-05,1.9548790078260936e-05,2.0344263248261996e-05,1.7694052075967193e-05,2.203962139901705e-05,2.214484629803337e-05,2.3531694751000032e-05,2.014341953326948e-05,2.0372241124277934e-05,2.0271971152396873e-05,2.038471393461805e-05,2.01068542082794e-05,2.2532700313604437e-05,2.0474355551414192e-05,2.0346056771813892e-05,1.982814137591049e-05,2.436519025650341e-05,2.184244294767268e-05,2.2350141080096364e-05,2.1863992515136488e-05,1.5969924788805656e-05,2.5570390789653175e-05,2.7386529836803675e-05,2.3496710127801634e-05,1.9164392142556608e-05,2.1367271983763203e-05,2.0028495782753453e-05,1.929641075548716e-05,2.42337573581608e-05,2.258877611893695e-05,2.2255817384575494e-05,2.0591205611708574e-05
3000,1.2428035915945657e-05,1.6614028936601244e-05,1.3369270163821056e-05,1.4396089682122692e-05,1.6525389582966454e-05,1.8947590433526784e-05,2.080805461446289e-05,1.8735905541689135e-05,1.7374239178025164e-05,2.0339881302788854e-05,2.0840712750214152e-05,2.1512547391466796e-05,1.9918225007131696e-05,1.9066028471570462e-05,1.9721917851711623e-05,2.2896552763995714e-05,1.765805427567102e-05,2.1619278413709253e-05,2.0884759578621015e-05,2.0103372662561014e-05,1.762357533152681e-05,1.970507037185598e-05,2.0606032194336876e-05,1.9862241970258765e-05,2.155338916054461e-05,2.5815585104282945e-05,2.0162678993074223e-05,1.8971320969285443e-05,1.6204288840526715e-05,2.4228476831922308e-05,2.033587225014344e-05,2.042664709733799e-05,2.0394223611219786e-05,2.2356352928909473e-05,1.990512464544736e-05,2.1457468392327428e-05,2.3823879018891603e-05,2.033123018918559e-05,2.0386052710819058e-05,2.1678608391084708e-05,2.2191472453414463e-05,2.0372457584016956e-05,1.907777004817035e-05,2.0536455849651247e-05,1.97332428797381e-05,2.1566003852058202e-05,2.258616586914286e-05,2.1389076209743507e-05,2.0706940631498583e-05,1.8592894775792956e-05
3100,1.518308181402972e-05,1.3660439435625449e-05,1.5173393876466434e-05,1.671583959250711e-05,1.7015225239447318e-05,1.8179891412728466e-05,2.1013334844610654e-05,1.928051460708957e-05,2.2634383640252054e-05,2.1358844605856575e-05,1.9281451386632398e-05,1.9029581380891614e-05,1.792046350601595e-05,1.827430423873011e-05,2.2182235625223257e-05,2.053624120890163e-05,1.8841181372408755e-05,1.9786559278145432e-05,2.214920641563367e-05,1.9329921997268684e-05,2.0021027012262493e-05,1.8399810869595967e-05,2.1456942704389803e-05,1.968951619346626e-05,2.0238452634657733e-05,2.0256937204976566e-05,1.985858762054704e-05,2.0667652279371396e-05,1.8571814507595263e-05,2.384771687502507e-05,2.1656043827533722e-05,2.1171963453525677e-05,1.9737335605896078e-05,1.9660754333017394e-05,2.235464853583835e-05,2.2920263290870935e-05,2.141747609130107e-05,2.202828363806475e-05,2.0458486687857658e-05,2.0679368390119635e-05,1.998835796257481e-05,1.9869306925102137e-05,2.338961166969966e-05,2.2714713850291446e-05,2.3466403945349157e-05,2.0638992282329127e-05,2.2287505998974666e-05,2.2794931282987818e-05,2.158405004593078e-05,2.0325251171016134e-05
3200,1.3221470908320043e-05,1.4467342225543689e-05,1.2378511200950015e-05,1.3628798114950769e-05,1.4746158740308601e-05,1.640013579162769e-05,2.0290834072511643e-05,1.9745075405808166e-05,2.0202791347401217e-05,1.997314757318236e-05,2.5668270609457977e-05,2.16436183109181e-05,1.9812852769973688e-05,1.9566625269362703e-05,1.7901300452649593e-05,2.061767918348778e-05,2.1392723283497617e-05,2.0315821529948153e-05,2.1381656551966444e-05,1.8878470655181445e-05,2.2011377950548194e-05,2.0457981008803472e-05,2.140812466677744e-05,2.3516866349382326e-05,2.1755400666734204e-05,2.1322006432455964e-05,2.3512709958595224e-05,2.1562087567872368e-05,1.856357994256541e-05,2.4422954084002413e-05,2.1564752387348562e-05,2.1833242499269545e-05,2.182217394874897e-05,2.147560371668078e-05,2.0183415472274646e-05,2.1788826416013762e-05,2.185461562476121e-05,2.100021083606407e-05,2.0570927517837845e-05,2.0324358047218993e-05,2.233173836430069e-05,2.016107100644149e-05,2.1517675122595392e-05,2.2434134734794497e-05,1.9999122741864994e-05,2.068601497740019e-05,2.0969269826309755e-05,2.065444459731225e-05,1.8006423488259315e-05,2.1549614757532254e-05
3300,1.3827845577907283e-05,1.5111091670405585e-05,1.384880488330964e-05,1.4771149835723918e-05,1.610246727068443e-05,1.870888445409946e-05,2.0736008082167245e-05,1.974662700376939e-05,2.0458470316953026e-05,2.2074655134929344e-05,2.3472270186175592e-05,2.0531864720396698e-05,2.1439973352244124e-05,1.861752571130637e-05,1.8559734598966315e-05,2.1669091438525356e-05,1.9139910364174284e-05,1.966097806871403e-05,2.112096808559727e-05,2.2066651581553742e-05,2.073587165796198e-05,1.7303324057138525e-05,2.433679583191406e-05,2.221346767328214e-05,2.5543422452756204e-05,2.1675394236808643e-05,2.4458828193019144e-05,1.9859815438394435e-05,1.998088373511564e-05,2.0877803763141856e-05,2.183930882893037e-05,2.2260024707065895e-05,2.1092837414471433e-05,2.1509089492610656e-05,2.221559770987369e-05,2.1619156541419216e-05,2.0978925022063777e-05,2.1464842575369403e-05,1.926227196236141e-05,2.1038636987213977e-05,2.005349233513698e-05,2.246592157462146e-05,2.1937712517683394e-05,1.933688690769486e-05,2.4800170649541542e-05,2.0781037164852023e-05,2.4643495635245927e-05,2.5633187760831788e-05,2.141730692528654e-05,2.1748912331531756e-05
3400,1.4192156413628254e-05,1.4601288967241999e-05,1.4691629985463805e-05,1.6190850146813318e-05,1.7424819816369563e-05,1.7728762031765655e-05,2.2146197807160206e-05,2.0712739569717087e-05,2.2291013010544702e-05,2.4206910893553868e-05,2.270092227263376e-05,2.2984591851127334e-05,2.2396721760742366e-05,2.0242263417458162e-05,1.98609777726233e-05,2.4638660761411302e-05,2.38094107771758e-05,2.5733361326274462e-05,2.1397330783656798e-05,1.8767685105558485e-05,2.05394590011565e-05,1.601398798811715e-05,2.4604583813925274e-05,2.6544163119979203e-05,2.2913158318260685e-05,2.0004930775030516e-05,2.293178295076359e-05,2.136445436917711e-05,1.974077349586878e-05,2.315727215318475e-05,2.161298289138358e-05,2.2330277715809643e-05,2.5013749109348282e-05,2.0227751519996673e-05,2.489826874807477e-05,2.0994766600779258e-05,2.115328607033007e-05,2.0682960894191638e-05,2.1878031475353055e-05,2.2689968318445608e-05,2.1311201635398902e-05,2.413386755506508e-05,2.0266305000404827e-05,2.276948725921102e-05,2.126377512468025e-05,2.1804997231811285e-05,2.1199253751547076e-05,2.0102197595406324e-05,2.2365649783750996e-05,2.116256109729875e-05
3500,1.3209521057433449e-05,1.2841111129091587e-05,1.3298163139552344e-05,1.4048303455638234e-05,1.5157951565925032e-05,1.8690663637244143e-05,1.871358836069703e-05,1.811615948099643e-05,2.294319165230263e-05,2.161562952096574e-05,1.9005507056135684e-05,1.8453903976478614e-05,1.941603113664314e-05,1.894730667117983e-05,1.831176814448554e-05,2.81476150121307e-05,2.1640564227709547e-05,1.9524813978932798e-05,1.9007671653525904e-05,1.873793007689528e-05,2.2875970898894593e-05,1.624120704946108e-05,1.8846745660994202e-05,1.9897639504051767e-05,1.9322264051879756e-05,1.7249076336156577e-05,2.4349157683900557e-05,1.791432805475779e-05,1.7734268112690188e-05,1.8265514881932177e-05,1.8032940715784207e-05,1.9616492863860913e-05,2.138765739800874e-05,1.9916085875593126e-05,2.5015726350829937e-05,2.031375879596453e-05,1.9737553884624504e-05,2.1382380509749055e-05,2.0904926714138128e-05,1.99784517462831e-05,2.0123512513237074e-05,2.034578938037157e-05,1.982792491617147e-05,2.0869385480182245e-05,2.4520229999325238e-05,2.0539502656902187e-05,2.3774224246153608e-05,2.1206051314948127e-05,2.228157791250851e-05,1.802715087251272e-05
3600,1.2634730410354678e-05,1.3193382073950488e-05,1.3000983926758636e-05,1.6333022358594462e-05,1.690660610620398e-05,1.8720858861343004e-05,1.804380735848099e-05,1.9741295545827597e-05,1.9981169316451997e-05,1.9622886611614376e-05,2.1557116269832477e-05,2.2001133402227424e-05,2.09821682801703e-05,2.0621955627575517e-05,1.7748809113982134e-05,2.1646448658430018e-05,2.2926958990865387e-05,1.9888824681402184e-05,2.0629177015507594e-05,2.208736441389192e-05,1.964935290743597e-05,1.630253427720163e-05,2.2032938431948423e-05,2.2899148461874574e-05,2.1308655050233938e-05,1.9722514480235986e-05,2.0137296814937145e-05,2.037862032011617e-05,1.9021365005755797e-05,2.2468135284725577e-05,2.286555536556989e-05,2.5368672140757553e-05,2.1456804461195134e-05,1.898183109005913e-05,2.217808287241496e-05,2.100333949783817e-05,2.316501922905445e-05,2.0011322703794576e-05,1.7722555639920756e-05,2.3915859856060706e-05,2.3356893507298082e-05,2.359346217417624e-05,2.506371856725309e-05,2.085865162371192e-05,1.990670534723904e-05,2.287872484885156e-05,2.512808896426577e-05,2.271492121508345e-05,2.145446887880098e-05,1.999422238441184e-05
3700,1.6145100744324736e-05,1.5883853848208673e-05,1.3687858881894499e-05,1.475550470786402e-05,1.9801120288320817e-05,2.118720112775918e-05,2.1122468751855195e-05,1.8112210455001332e-05,1.768815127434209e-05,2.0744651919812895e-05,2.2753618395654485e-05,2.0412469893926755e-05,1.939396133820992e-05,2.1967518478049897e-05,2.3145477825892158e-05,2.0139656044193543e-05,2.2205211280379444e-05,2.039791979768779e-05,2.0620918803615496e-05,2.0506140572251752e-05,2.0326549929450266e-05,1.803410123102367e-05,2.2670457838103175e-05,2.195013439632021e-05,1.818718374124728e-05,1.9094117305940017e-05,2.0195455363136716e-05,2.2322215954773128e-05,2.0048448277520947e-05,2.01765178644564e-05,2.1779091184725985e-05,1.967629577848129e-05,2.2508926122100092e-05,2.1991387257003225e-05,2.2983029339229688e-05,2.4729553842917085e-05,2.1817821107106283e-05,2.1475692847161554e-05,2.236584077763837e-05,2.189150472986512e-05,2.032281190622598e-05,1.9442555640125647e-05,2.1158131858101115e-05,2.291657801833935e-05,1.8081644157064147e-05,2.5814526452450082e-05,2.193089858337771e-05,1.8909089703811333e-05,2.2269598048296757e-05,2.173204666178208e-05
3800,1.3509500604413915e-05,1.4918345186742954e-05,1.5419587725773454e-05,1.7749993276083842e-05,1.6902396964724176e-05,1.8763550542644225e-05,1.7400026990799233e-05,1.7325419321423396e-05,1.856956623669248e-05,1.9696386516443454e-05,1.9680508557939902e-05,1.9972825612057932e-05,1.9294522644486278e-05,1.792733382899314e-05,1.9389915905776434e-05,1.7880454834084958e-05,2.23673450818751e-05,1.8610549886943772e-05,1.8290655134478584e-05,1.8683740563574247e-05,1.75746827153489e-05,1.5516354324063286e-05,2.1014950107201003e-05,1.921383045555558e-05,2.1019090127083473e-05,2.161262273148168e-05,1.798308039724361e-05,1.9338711354066618e-05,1.740424158924725e-05,2.0842508092755452e-05,1.9261320630903356e-05,2.0776749806827866e-05,1.789011002983898e-05,1.8702698071138002e-05,2.0700272216345184e-05,2.099654193443712e-05,2.0365880118333735e-05,1.9422435798333026e-05,1.8948145225294866e-05,2.1923729946138337e-05,2.102712278428953e-05,2.1881498469156213e-05,2.0156016034889035e-05,2.1092464521643706e-05,1.8748438378679566e-05,1.8843547877622768e-05,1.916573273774702e-05,2.3356971723842435e-05,1.9997205527033657e-05,1.928647543536499e-05
3900,1.5469906429643743e-05,1.393285856465809e-05,1.2888407582067885e-05,1.3962589036964346e-05,1.623777461645659e-05,1.6974528989521787e-05,1.8820819605025463e-05,1.6882704585441388e-05,2.0845727703999728e-05,1.9718039766303264e-05,2.034889803326223e-05,2.1905414541834034e-05,2.082232640532311e-05,1.9597304344642907e-05,1.8807066226145253e-05,2.094382762152236e-05,1.968976721400395e-05,1.9353698007762432e-05,2.1630959963658825e-05,1.969400909729302e-05,2.2264806830207817e-05,1.831675945140887e-05,2.081232196360361e-05,2.566866169217974e-05,2.0233221221133135e-05,2.250309808005113e-05,1.9214865460526198e-05,2.039832361333538e-05,1.7763306459528394e-05,1.885995880002156e-05,2.112555921485182e-05,2.0398947526700795e-05,2.0983854483347386e-05,1.908999911393039e-05,2.153873174393084e-05,2.1440671844175085e-05,2.1985020794090815e-05,1.8859735064324923e-05,2.07676876016194e-05,2.148331441276241e-05,2.1357485820772126e-05,2.36862942983862e-05,2.1501835362869315e-05,2.2579013602808118e-05,1.9216422515455633e-05,2.2376181732397527e-05,2.1839594410266727e-05,2.5172335881507024e-05,2.3661545128561556e-05,2.4403101633652113e-05
4000,1.3739474525209516e-05,1.2971061551070306e-05,1.3802056855638511e-05,1.3946504623163491e-05,1.5609870388288982e-05,1.8831971829058602e-05,2.1541212845477276e-05,1.917086774483323e-05,1.9516020984156057e-05,2.0246938220225275e-05,2.0595643945853226e-05,1.886635618575383e-05,2.0229404981364496e-05,1.9613042240962386e-05,2.1192703570704907e-05,2.1406671294244006e-05,1.866639831860084e-05,2.345394022995606e-05,2.1217736502876505e-05,1.7540534827276133e-05,1.894586966955103e-05,1.730966687318869e-05,2.1015177480876446e-05,2.0236591808497906e-05,2.266172850795556e-05,1.91451508726459e-05,2.1987407308188267e-05,2.058472455246374e-05,1.908094054670073e-05,2.0366824173834175e-05,2.2901132979313843e-05,2.0896697606076486e-05,2.2284335500444286e-05,1.8797531083691865e-05,2.1405663574114442e-05,2.0625726392609067e-05,2.6817935577128083e-05,1.818313103285618e-05,2.0143375877523795e-05,2.2959142370382324e-05,2.096040225296747e-05,1.864151272457093e-05,2.1938465579296462e-05,2.147893792425748e-05,2.0016801499878056e-05,2.2174843252287246e-05,2.308062175870873e-05,2.1226385797490366e-05,2.135586692020297e-05,1.9585662812460214e-05
4100,1.3883362953492906e-05,1.4514142094412819e-05,1.3548246897698846e-05,1.528970642539207e-05,1.6904925359995104e-05,1.8728662325884216e-05,1.7607100744498894e-05,1.9358069039299153e-05,2.0130142729613e-05,2.2229312889976427e-05,1.9507175238686614e-05,2.2824333427706733e-05,1.8684448150452226e-05,2.237637818325311e-05,2.0657171262428164e-05,2.2014370188117027e-05,1.903953670989722e-05,1.7942813428817317e-05,2.1496984118130058e-05,1.962921851372812e-05,2.0003899408038706e-05,1.7397056581103243e-05,1.975780469365418e-05,2.6067042199429125e-05,2.5754463422344998e-05,1.881140451587271e-05,2.2170745069161057e-05,1.951833655766677e-05,1.9559440261218697e-05,1.922024239320308e-05,2.331872565264348e-05,1.989674274227582e-05,2.155602487619035e-05,2.131674591510091e-05,2.2932415959076025e-05,2.1235158783383667e-05,2.2618198272539303e-05,2.2265954612521455e-05,1.88826543308096e-05,2.1374700736487284e-05,2.0450996089493856e-05,2.0731482436531223e-05,2.238459092041012e-05,2.3558501197840087e-05,2.2225060092750937e-05,1.958236680366099e-05,2.1941099475952797e-05,2.3892544049886055e-05,2.3087104636942968e-05,2.0210494767525233e-05
4200,1.4633883438364137e-05,1.6673673599143513e-05,1.3292243238538504e-05,1.522984621260548e-05,1.7643713363213465e-05,1.8920860384241678e-05,2.046935878752265e-05,1.859371695900336e-05,2.0519797544693574e-05,2.4650298655615188e-05,3.0073399102548137e-05,2.2167763745528646e-05,1.8237873518955894e-05,1.9070082998950966e-05,2.014871824940201e-05,2.0541738194879144e-05,2.86866652459139e-05,2.0873052562819794e-05,2.0156185200903565e-05,1.9564549802453257e-05,2.0534291252261028e-05,1.730966687318869e-05,2.020279862335883e-05,2.055566437775269e-05,1.9982548110419884e-05,1.897354559332598e-05,2.4120692614815198e-05,1.9027931557502598e-05,2.0594217858160846e-05,2.141201912309043e-05,2.092390786856413e-05,2.3464039259124547e-05,2.246436088171322e-05,2.0834768292843364e-05,1.9790351871051826e-05,1.9199085727450438e-05,1.873354267445393e-05,2.1235597159829922e-05,2.1744937839685008e-05,2.388602661085315e-05,2.2236959921428934e-05,2.0011089873150922e-05,2.1557842046604492e-05,2.1859168555238284e-05,2.097561809932813e-05,1.9697587049449794e-05,2.0561585188261233e-05,2.1147370716789737e-05,2.0802475773962215e-05,2.057919482467696e-05
4300,1.2386661182972603e-05,1.2839124792662915e-05,1.5245665963448118e-05,1.4524039215757512e-05,1.467550373490667e-05,1.6922629583859816e-05,2.1919344362686388e-05,1.950153091456741e-05,1.9667746528284624e-05,1.9054612494073808e-05,2.1499552531167865e-05,2.2427771909860894e-05,1.852864988904912e-05,2.044369284703862e-05,2.100664278259501e-05,1.822121521399822e-05,2.1438087060232647e-05,2.252783815492876e-05,2.0123630747548304e-05,1.9862334738718346e-05,1.715600046736654e-05,1.7286376532865688e-05,1.9602814063546248e-05,2.0922285330016166e-05,1.967884600162506e-05,1.8748391084955074e-05,2.195413617300801e-05,1.759832230163738e-05,1.7062366168829612e-05,1.8761360479402356e-05,1.97995213966351e-05,2.0830106223002076e-05,2.0060582755832e-05,1.784719825081993e-05,2.050658622465562e-05,2.1749783627456054e-05,2.0854226022493094e-05,1.9528881239239126e-05,1.97518638742622e-05,2.673933886399027e-05,2.121818033629097e-05,1.9783912648563273e-05,2.3564291041111574e-05,2.2649745005765e-05,2.0393115846673027e-05,2.0227220375090837e-05,2.0154158846708015e-05,1.8675373212317936e-05,2.1249377823551185e-05,1.858304131019395e-05
4400,1.309690014750231e-05,1.4152046787785366e-05,1.2516488823166583e-05,1.3110333384247497e-05,1.3808703442919068e-05,1.7252836187253706e-05,2.2471349439001642e-05,2.2920710762264207e-05,2.0532777853077278e-05,2.1287329218466766e-05,1.8452454241923988e-05,2.0932524421368726e-05,1.904805685626343e-05,2.1104653569636866e-05,1.9501523638609797e-05,2.078983379760757e-05,2.575953840278089e-05,2.0906398276565596e-05,2.1870040654903278e-05,1.8864639059756882e-05,2.1341904357541353e-05,1.8856546375900507e-05,2.0472351025091484e-05,2.0258126824046485e-05,2.491311533958651e-05,2.160961776098702e-05,2.1577419829554856e-05,2.0939722162438557e-05,1.9629407688626088e-05,2.123884405591525e-05,2.11126225622138e-05,1.9083385268459097e-05,2.0176688849460334e-05,1.8984310372616164e-05,2.3008122298051603e-05,2.466026126057841e-05,2.1124771592440084e-05,1.9861356122419238e-05,1.837190575315617e-05,2.294720798090566e-05,2.073699579341337e-05,1.9144752513966523e-05,2.12377908610506e-05,2.3280752429855056e-05,1.8237813492305577e-05,2.019703242694959e-05,2.4958346330095083e-05,1.9769478967646137e-05,2.297256105521228e-05,1.8855251255445182e-05
4500,1.5580359104205854e-05,1.3708945516555104e-05,1.56009027705295e-05,1.534941839054227e-05,1.641468952584546e-05,1.8060865841107443e-05,1.8342514522373676e-05,1.841217999754008e-05,1.811175206967164e-05,1.9113242160528898e-05,2.1996243958710693e-05,1.8538363292464055e-05,1.9445236830506474e-05,2.359524842177052e-05,1.9657198208733462e-05,2.059852886304725e-05,1.9175917259417474e-05,1.981034074560739e-05,1.7004651454044506e-05,2.2336971596814692e-05,1.7526355804875493e-05,1.9518591216183268e-05,1.8323686163057573e-05,2.4923945602495223e-05,2.014079836953897e-05,1.889428313006647e-05,2.0163162844255567e-05,2.0500416212598793e-05,1.8132843251805753e-05,2.0829782442888245e-05,2.139911703125108e-05,2.084040897898376e-05,2.8010445021209307e-05,1.8844042642740533e-05,2.1067482521175407e-05,1.9239852917962708e-05,2.1177198505029082e-05,2.6470917873666622e-05,2.400382982159499e-05,2.3237182176671922e-05,2.1424219085020013e-05,2.2011154214851558e-05,2.0643919924623333e-05,1.9463084754534066e-05,2.4015431336010806e-05,2.0164687157375738e-05,2.575493090262171e-05,2.0337911337264813e-05,1.9663586499518715e-05,2.1408532120403834e-05
4600,1.2622901522263419e-05,1.2818889445043169e-05,1.1992269719485193e-05,1.5077992429723963e-05,1.5552956028841436e-05,1.6658366803312674e-05,1.7883341570268385e-05,1.9840548702632077e-05,1.927617449837271e-05,1.915690882015042e-05,1.9115173927275464e-05,2.3193581000668928e-05,2.027149821515195e-05,1.7970591215998866e-05,1.855947994044982e-05,1.9712068024091423e-05,1.8986715076607652e-05,2.2079204427427612e-05,1.8972994439536706e-05,1.9726572645595297e-05,1.8313879991183057e-05,1.7182115698233247e-05,2.094281808240339e-05,2.3174177840701304e-05,1.8487347915652208e-05,2.0314910216256976e-05,2.138503987225704e-05,2.045109613391105e-05,1.775469718268141e-05,1.7337017197860405e-05,2.0706291252281517e-05,2.1913490854785778e-05,2.2772677766624838e-05,2.046574627456721e-05,1.983382935577538e-05,2.106022475345526e-05,2.074689655273687e-05,1.903180600493215e-05,1.7767953977454454e-05,2.1700829165638424e-05,1.990698729059659e-05,2.159834730264265e-05,2.3417325792252086e-05,2.220224450866226e-05,1.899119160952978e-05,1.9374989278730936e-05,2.0468856746447273e-05,2.1919968276051804e-05,1.9911705749109387e-05,1.8531349269323982e-05
4700,1.5632207578164525e-05,1.5777430235175416e-05,1.622426134417765e-05,1.7376354662701488e-05,1.62973374244757e-05,1.856538983702194e-05,2.1011084754718468e-05,1.6208983652177267e-05,2.1000965716666542e-05,2.3792044885340147e-05,1.9647559383884072e-05,2.1623738575726748e-05,2.1534186089411378e-05,1.9254839571658522e-05,2.1488101992872544e-05,1.9126209735986777e-05,1.8058779460261576e-05,2.1066318367957138e-05,1.9450948457233608e-05,2.277074963785708e-05,1.855432492448017e-05,1.9262946807430126e-05,2.14601222978672e-05,2.123457488778513e-05,2.2012312911101617e-05,2.2426269424613565e-05,2.2050478946766816e-05,2.012649565585889e-05,1.83166212082142e-05,2.0096853404538706e-05,2.1546829884755425e-05,2.0901359675917774e-05,2.0704592316178605e-05,2.1760919480584562e-05,2.4386428776779212e-05,2.0023455363116227e-05,2.112750917149242e-05,2.1350724637159146e-05,2.1506995835807174e-05,2.5479634132352658e-05,2.5232217012671754e-05,2.3165837774286047e-05,2.246576150355395e-05,2.1824163923156448e-05,2.192274041590281e-05,2.314347329956945e-05,2.4157769075827673e-05,2.1157009541639127e-05,2.1269912394927815e-05,2.5908615498337895e-05
4800,1.4937173546059057e-05,1.4430836017709225e-05,1.4530627595377155e-05,1.5284880646504462e-05,1.6631338439765386e-05,2.0453457182156853e-05,2.366422449995298e-05,1.906383113237098e-05,2.3450269509339705e-05,1.925745527842082e-05,2.3137057723943144e-05,2.3359489205176942e-05,2.339360798941925e-05,1.9984081518487073e-05,2.0710556782432832e-05,2.174231303797569e-05,1.8581804397399537e-05,1.8411874407320283e-05,2.066682827717159e-05,2.1573085177806206e-05,2.292231874889694e-05,1.8545135390013456e-05,2.0433108147699386e-05,1.975325540115591e-05,2.233274790341966e-05,1.9817149222944863e-05,2.5962994186556898e-05,2.163196768378839e-05,2.1709585780627094e-05,2.0755818695761263e-05,2.1182124328333884e-05,2.1501356968656182e-05,2.2434642232838087e-05,1.9585555492085405e-05,2.0459876395761967e-05,2.1436429960886016e-05,2.7818683520308696e-05,2.087907341774553e-05,1.978762520593591e-05,2.2201473257155158e-05,2.2026835722499527e-05,1.9226452423026785e-05,2.388213215454016e-05,2.173203210986685e-05,1.8726695998338982e-05,2.2832973627373576e-05,2.5561459551681764e-05,1.9409486412769184e-05,2.270249569846783e-05,1.847162093326915e-05
4900,1.4901897884556092e-05,1.5562798580504023e-05,1.7095877410611138e-05,1.771625284163747e-05,1.850046101026237e-05,1.9470693587209098e-05,1.7302856576861814e-05,1.6969619537121616e-05,2.0483959815464914e-05,2.1630787159665488e-05,1.909613456518855e-05,1.927667653944809e-05,1.8064594769384712e-05,2.1644189473590814e-05,1.9859815438394435e-05,2.052742820524145e-05,1.8554364942247048e-05,2.1513715182663873e-05,1.9068154870183207e-05,1.9513163351803087e-05,1.8848708350560628e-05,1.9000848624273203e-05,2.107353793689981e-05,2.2173959223437123e-05,2.046008376055397e-05,1.8422713765176013e-05,1.9590837837313302e-05,1.8681006622500718e-05,1.7618951460462995e-05,2.089467307087034e-05,2.284064430568833e-05,2.231774305982981e-05,2.1253425074974075e-05,2.0562962163239717e-05,1.882731703517493e-05,2.1197303794906475e-05,1.9699271433637477e-05,2.3275702915270813e-05,2.25370422413107e-05,1.8741708117886446e-05,2.2871297915116884e-05,1.8700664440984838e-05,2.1121446479810402e-05,2.2314667148748413e-05,1.9781180526479147e-05,2.3602469809702598e-05,2.219132693426218e-05,2.368056811974384e-05,2.1492360247066244e-05,2.2665526557830162e-05
5000,1.5872999938437715e-05,1.3601510545413475e-05,1.4474736417469103e-05,1.5294330296455882e-05,1.6784309991635382e-05,1.8992041077581234e-05,1.9847031580866314e-05,2.264994509459939e-05,2.075991142191924e-05,2.4423528884653933e-05,2.2358492060448043e-05,2.0585897800629027e-05,2.462604606989771e-05,1.9273882571724243e-05,1.7613934687688015e-05,2.156447953893803e-05,2.7665608286042698e-05,2.311130810994655e-05,2.0282113837311044e-05,2.0582163415383548e-05,1.7960341210709885e-05,1.758034704835154e-05,2.1310443116817623e-05,2.030948962783441e-05,2.1334226403268985e-05,2.2035723304725252e-05,2.104508166667074e-05,2.091027272399515e-05,2.0684497940237634e-05,2.1793915948364884e-05,2.3220891307573766e-05,2.054558899544645e-05,2.4055920221144333e-05,2.1546742573264055e-05,2.118022348440718e-05,2.2736516257282346e-05,2.1730444132117555e-05,2.1642290448653512e-05,1.977568717848044e-05,2.025901085289661e-05,2.64005248027388e-05,2.0449060684768483e-05,2.0050263628945686e-05,2.0340390619821846e-05,2.1741005184594542e-05,2.4218616090365686e-05,2.3019423679215834e-05,2.4989169105538167e-05,2.6769945179694332e-05,1.9282722860225476e-05
5100,1.644268741074484e-05,1.590615647728555e-05,1.6097965271910653e-05,1.739366416586563e-05,1.6896225133677945e-05,2.0811021386180073e-05,2.28732042160118e-05,1.8789687601383775e-05,2.0277411749702878e-05,2.195969136664644e-05,2.162921373383142e-05,2.1760224626632407e-05,2.189399310736917e-05,1.8016653484664857e-05,1.9288612747914158e-05,2.1886453396291472e-05,2.0248604414518923e-05,2.1626015950459987e-05,2.1256604668451473e-05,1.99871210497804e-05,2.074955773423426e-05,1.853003050200641e-05,2.224673517048359e-05,2.2252530470723286e-05,2.533398219384253e-05,2.1216763343545608e-05,2.022439548454713e-05,2.086970562231727e-05,1.905474709928967e-05,1.9483466530800797e-05,2.2271566194831394e-05,1.9818498913082294e-05,1.964277180377394e-05,2.2842823454993777e-05,2.198898437200114e-05,2.0873365428997204e-05,2.229952224297449e-05,2.36632604355691e-05,2.5546858523739502e-05,2.0112962374696508e-05,2.155931906600017e-05,2.0811310605495237e-05,2.456695438013412e-05,2.218980444013141e-05,2.7337440769770183e-05,2.146801671187859e-05,2.3678800062043592e-05,2.242857590317726e-05,2.0780315026058815e-05,1.9428733139648102e-05
5200,1.4669592928839847e-05,1.4552958418789785e-05,1.5153421372815501e-05,1.4282320989877917e-05,1.6921778296818957e-05,1.9221521142753772e-05,1.8958686268888414e-05,1.8256532712257467e-05,1.7617663615965284e-05,1.9587181668612175e-05,2.0317311282269657e-05,2.0539420802379027e-05,2.010293428611476e-05,1.847547355282586e-05,1.8425034795654938e-05,2.2014333808328956e-05,2.01118291442981e-05,1.895900823001284e-05,1.895896093628835e-05,2.053332354989834e-05,1.9234266801504418e-05,1.8854261725209653e-05,2.4282691811094992e-05,1.9431072360021062e-05,2.5536424800520763e-05,1.972884092538152e-05,2.0956198568455875e-05,1.946308657352347e-05,1.9955330571974628e-05,2.1690904759452678e-05,2.136479815817438e-05,2.016795588133391e-05,2.1127772924955934e-05,1.8003520381171256e-05,2.0087845769012347e-05,2.315779602213297e-05,2.1570200260612182e-05,2.258958193124272e-05,1.814374809328001e-05,2.0885323465336114e-05,1.9300749045214616e-05,1.9265709852334112e-05,2.2203117623575963e-05,1.9210263417335227e-05,2.258161111967638e-05,2.0492547264439054e-05,2.5067181923077442e-05,1.9894217984983698e-05,2.057070923910942e-05,2.06413387786597e-05
