step,channel_1398,channel_3738,channel_2217,channel_3577,channel_1352,channel_2023,channel_1434,channel_2881,channel_3911,channel_3548,channel_606,channel_3333,channel_4606,channel_530,channel_1573,channel_1420,channel_3141,channel_2782,channel_1668,channel_828,channel_744,channel_2236,channel_2685,channel_4576,channel_4351,channel_4091,channel_2965,channel_3564,channel_4362,channel_3088,channel_446,channel_2411,channel_782,channel_368,channel_901,channel_76,channel_2624,channel_1339,channel_1731,channel_555,channel_4290,channel_1521,channel_3707,channel_4481,channel_4178,channel_4143,channel_4445,channel_3248,channel_2329,channel_3657
0,0.00018094491679221392,0.0005281990743242204,6.441183359129354e-05,7.485673268092796e-05,2.936168311862275e-05,2.9956709113321267e-05,0.0002072996721835807,2.3419966964866035e-05,1.622238414711319e-05,5.183645407669246e-05,6.405670774256578e-06,6.153196864033816e-06,2.031881012953818e-05,6.082950494601391e-05,4.654746226151474e-05,2.293554825882893e-05,0.00011505791917443275,4.566711140796542e-05,4.6934743295423687e-05,1.477036130381748e-05,6.4401974668726325e-06,1.6356601918232627e-05,0.00011897215154021978,1.701885230431799e-05,3.6113779060542583e-05,0.00014556970563717186,2.5054265279322863e-05,9.894397226162255e-05,6.882419711473631e-06,0.0001529985456727445,2.3609181880601682e-05,2.8986021789023653e-05,1.6826134014991112e-05,2.5240775357815437e-05,0.00011480069952085614,5.708080425392836e-05,6.370691698975861e-05,3.1009124086267548e-06,2.569320349721238e-05,3.2020678190747276e-05,0.00010455039591761306,2.404144652246032e-05,1.6164876797120087e-05,3.435909457039088e-05,1.3100911928631831e-05,2.807024611684028e-05,8.333027835760731e-06,8.8988399511436e-06,4.573541900754208e-06,2.4222385036409833e-05
100,0.00029935696511529386,0.00037243630504235625,0.00030229942058213055,0.00024060835130512714,0.0002255256986245513,9.06070854398422e-05,2.1604952053166926e-05,0.00020354517619125545,0.00016224705905187875,0.0001233590446645394,4.3033909605583176e-05,6.854197272332385e-05,0.0001878882321761921,7.937507325550541e-05,0.00017824076348915696,0.00017611311341170222,0.00012927439820487052,0.00014401650696527213,0.0001700455613899976,0.00011392585292924196,0.00016751479415688664,3.260056837461889e-05,0.0001653685321798548,0.0001317962451139465,5.3786967328051105e-05,0.00015919147699605674,0.0001399549946654588,0.00010963522072415799,2.1532665414270014e-05,5.823728133691475e-05,0.0001517669588793069,6.188578845467418e-05,0.000152045555296354,0.00013047484389971942,0.0001295073889195919,0.0001278486888622865,0.0001478738122386858,5.2712806791532785e-05,0.0001475908065913245,0.00014743220526725054,0.00011839169019367546,9.35975112952292e-05,7.483058288926259e-05,0.00014392273442354053,8.705542859388515e-05,6.999215838732198e-05,5.2990268159192055e-05,9.337952360510826e-05,0.00014139199629426003,0.0001402361667715013
200,0.0005977442488074303,0.0002252382691949606,0.00019142702512908727,0.0002098410332109779,8.843329851515591e-05,0.00020933186169713736,1.9684388462337665e-05,9.240671352017671e-05,0.00020270439563319087,9.639034396968782e-05,5.691689148079604e-05,0.0001909725833684206,0.00012334475468378514,0.00017936834774445742,0.00010473620204720646,9.475615661358461e-05,8.519462426193058e-05,0.00017176102846860886,9.12167743081227e-05,0.00014140699931886047,7.75843727751635e-05,2.161323936888948e-05,0.00014820969954598695,0.00016339471039827913,4.745152182294987e-05,0.00011708580859703943,0.00010439801553729922,0.00013613140617962927,5.7228156947530806e-05,5.9928916016360745e-05,8.919278479879722e-05,6.255029438761994e-05,7.187800656538457e-05,8.876775245880708e-05,0.00015156743756961077,0.00011989473568974063,7.009848923189566e-05,1.6944293747656047e-05,0.00010229960753349587,7.783142063999549e-05,0.0001284593454329297,8.710665861144662e-05,0.0001453474396839738,6.22454026597552e-05,4.291722143534571e-05,0.00011296929005766287,0.0001419981854269281,0.0001416950108250603,3.946819924749434e-05,9.643624071031809e-05
300,0.000612558564171195,0.00032965122954919934,0.00033392582554370165,0.00019641389371827245,9.837748075369745e-05,4.7024259401950985e-05,2.4653569198562764e-05,0.00013106403639540076,8.91809759195894e-05,9.690376464277506e-05,3.848910637316294e-05,0.00010721864964580163,0.00011844503751490265,8.408191206399351e-05,6.986174412304536e-05,7.048901170492172e-05,0.00017437861242797226,7.667470345040783e-05,9.724873962113634e-05,0.00013324602332431823,3.6787401768378913e-05,3.206936162314378e-05,0.00014022632967680693,9.128426609095186e-05,0.00016305800818372518,0.0001161646650871262,0.00012645199603866786,0.00012392812641337514,3.1511648558080196e-05,5.596529445028864e-05,0.00015287948190234601,7.717619155300781e-05,0.00010195661161560565,0.0001518313802080229,0.00014668816584162414,0.00014793728769291192,5.112016515340656e-05,5.5186901590786874e-05,9.61062905844301e-05,8.417046774411574e-05,0.00011290513793937862,7.553141767857596e-05,7.619824464200065e-05,6.397185643436387e-05,6.675637268926948e-05,0.0001425776572432369,9.134746505878866e-05,5.552317088586278e-05,4.3502725020516664e-05,5.6873490393627435e-05
400,0.00025438013835810125,0.00020630292419809848,9.79459218797274e-05,5.444030466605909e-05,4.066907422384247e-05,3.04510431305971e-05,1.866729508037679e-05,4.854013241128996e-05,5.0734568503685296e-05,0.00012304801202844828,2.2284561055130325e-05,2.076421515084803e-05,3.836331234197132e-05,4.2117611883440986e-05,6.429631321225315e-05,7.566161366412416e-05,4.878989784629084e-05,8.652098767925054e-05,3.7724174035247415e-05,6.648671842413023e-05,3.0456596505246125e-05,0.00016607022553216666,5.790368959424086e-05,5.45180773769971e-05,2.4925757315941155e-05,5.852348476764746e-05,3.8210087950574234e-05,5.689384488505311e-05,2.1515814296435565e-05,2.215574204456061e-05,5.706972660846077e-05,3.149536132696085e-05,4.745542901218869e-05,6.355899677146226e-05,7.707895565545186e-05,6.116697477409616e-05,4.06454928452149e-05,8.716780939721502e-06,4.893569348496385e-05,4.513761814450845e-05,5.967727702227421e-05,4.467876351554878e-05,4.516167609835975e-05,4.774943590746261e-05,2.4590804969193414e-05,4.545552656054497e-05,2.642344043124467e-05,2.766087527561467e-05,1.586297366884537e-05,1.7223466784344055e-05
500,0.00041055300971493125,0.0002528358018025756,0.00015066380728967488,0.00012265334953553975,9.16321951081045e-05,1.6886744560906664e-05,1.9107526895822957e-05,5.703676652046852e-05,5.2157043683109805e-05,6.987224332988262e-05,6.852948445157381e-06,2.171219966839999e-05,4.3588323023868725e-05,6.871413643239066e-05,7.649123290320858e-05,6.510043021989986e-05,3.939790985896252e-05,2.560910979809705e-05,4.220840128255077e-05,4.1220355342375115e-05,3.155652666464448e-05,1.0777534953376744e-05,3.929918602807447e-05,5.086768578621559e-05,3.321336043882184e-05,5.375167529564351e-05,4.904566958430223e-05,9.861838043434545e-05,1.794092713680584e-05,3.368097895872779e-05,9.229390707332641e-05,3.688744254759513e-05,7.322243618546054e-05,6.481964373961091e-05,6.503136683022603e-05,3.4999735362362117e-05,2.1706104234908707e-05,1.2453547242330387e-05,4.554647239274345e-05,3.136085069854744e-05,5.0663755246205255e-05,5.037456867285073e-05,4.3191899749217555e-05,2.8296426535234787e-05,1.5553561752312817e-05,7.256822573253885e-05,2.925546323240269e-05,2.472684718668461e-05,1.3509386917576194e-05,4.644118234864436e-05
600,0.00020155319361947477,0.00012418846017681062,0.00017176070832647383,5.5493546824436635e-05,5.887431325390935e-05,3.763076529139653e-05,2.103810584230814e-05,7.075456232996657e-05,4.725253893411718e-05,5.458248415379785e-05,1.0864422620215919e-05,3.0405257348320447e-05,4.2514773667789996e-05,8.051928307395428e-05,7.41828916943632e-05,4.318346327636391e-05,7.218157406896353e-05,7.27233782527037e-05,4.629288741853088e-05,4.735207403427921e-05,2.154145113308914e-05,6.73525801175856e-06,4.7380952310049906e-05,4.365964196040295e-05,2.3438018615706824e-05,9.323107951786369e-05,6.362229032674804e-05,4.7468565753661096e-05,6.658945949311601e-06,3.773697608266957e-05,5.206925925449468e-05,2.8517601094790734e-05,5.694550782209262e-05,4.868756150244735e-05,5.927227539359592e-05,4.753840767079964e-05,2.9159988116589375e-05,1.3011329428991303e-05,4.2098738049389794e-05,2.3446678824257106e-05,5.7856923376675695e-05,4.281173096387647e-05,4.3108928366564214e-05,3.4056381991831586e-05,1.93595296877902e-05,5.057798625784926e-05,4.039660416310653e-05,2.7792910259449854e-05,1.1944038305955473e-05,4.461636854102835e-05
700,0.00017634264077059925,0.00014997550169937313,8.954235090641305e-05,9.167760435957462e-05,8.441084355581552e-05,7.214488869067281e-05,4.08963423979003e-05,6.630220013903454e-05,5.2059349400224164e-05,3.60218073183205e-05,3.1874973501544446e-05,3.453912358963862e-05,5.613675602944568e-05,3.9634276618016884e-05,7.65789081924595e-05,4.849997640121728e-05,4.150130916968919e-05,8.178625284926966e-05,4.934859316563234e-05,6.015473263687454e-05,2.1587555238511413e-05,1.4234333320928272e-05,5.374974352889694e-05,4.616339356289245e-05,2.2750838979845867e-05,7.403243216685951e-05,5.648166552418843e-05,6.281941023189574e-05,1.2134443750255741e-05,3.613400986068882e-05,6.23223531874828e-05,1.9319801140227355e-05,4.8171474190894514e-05,4.509462814894505e-05,5.1478680688887835e-05,8.194610563805327e-05,3.174944868078455e-05,8.747713764023501e-06,4.3045605707447976e-05,1.501499536971096e-05,8.099167462205514e-05,4.0710161556489766e-05,3.956637010560371e-05,2.5625762646086514e-05,2.357522134843748e-05,6.650744762737304e-05,5.4382897360483184e-05,2.1038809791207314e-05,1.5537001672782935e-05,2.159383802791126e-05
800,0.0003206046822015196,0.00011412060121074319,0.00010475918679730967,6.178871262818575e-05,5.6074313761200756e-05,1.6578167560510337e-05,1.2222171790199354e-05,4.324252950027585e-05,0.00010869123798329383,0.00012932416575495154,3.0076505936449394e-05,2.2156309569254518e-05,3.891353844664991e-05,5.461269392981194e-05,3.8805552321719006e-05,6.420555291697383e-05,4.5875993237132207e-05,3.707428550114855e-05,4.6293807827169076e-05,9.20063685043715e-05,2.6552414055913687e-05,7.76049910200527e-06,3.6699784686788917e-05,4.5403918193187565e-05,3.5865010431734845e-05,5.6392782425973564e-05,8.24125818326138e-05,6.75924529787153e-05,1.5121332580747548e-05,2.4262062652269378e-05,5.293378490023315e-05,2.132512781827245e-05,4.258925764588639e-05,5.95927813265007e-05,4.421734411153011e-05,6.099800157244317e-05,2.995856266352348e-05,3.439729698584415e-05,7.280661520780995e-05,1.7032069081324153e-05,0.0001043612792273052,4.804925265489146e-05,4.03188714699354e-05,2.4542394385207444e-05,4.096399061381817e-05,4.009584881714545e-05,2.726382990658749e-05,2.4331005988642573e-05,9.45976898947265e-06,4.9314709031023085e-05
900,0.00023175845853984356,0.00023521478578913957,0.0001292187225772068,4.5279353798832744e-05,6.274204497458413e-05,1.8883960365201347e-05,1.2777126357832458e-05,6.113274866947904e-05,5.9731475630542263e-05,4.957754572387785e-05,9.114807653531898e-06,2.761367977655027e-05,3.867003761115484e-05,5.4596326663158834e-05,6.807524187024683e-05,4.757556234835647e-05,9.356095688417554e-05,6.843241135356948e-05,7.145657582441345e-05,4.751276355818845e-05,2.8146469048806466e-05,1.1410677871026564e-05,8.955913654062897e-05,4.436628660187125e-05,2.73493515123846e-05,5.339521521818824e-05,7.966638077050447e-05,6.48777058813721e-05,1.1021020327461883e-05,3.239557918277569e-05,5.702212729374878e-05,3.338919850648381e-05,4.8661600885679945e-05,5.8872654335573316e-05,4.373476258479059e-05,4.658805119106546e-05,6.897549610584974e-05,1.2690548828686588e-05,6.222849333425984e-05,3.71795758837834e-05,7.059858762659132e-05,4.005007212981582e-05,5.0940478104166687e-05,3.828570697805844e-05,1.0674891200324055e-05,5.519299520528875e-05,3.4169526770710945e-05,2.772685547824949e-05,1.2133320524299052e-05,2.8727332392008975e-05
1000,0.00019152351887896657,0.000142523436807096,0.00019420227908995003,6.482430035248399e-05,5.551180220209062e-05,3.592357461457141e-05,1.4619066860177554e-05,5.303022771840915e-05,6.587832467630506e-05,7.908511179266497e-05,1.868190520326607e-05,2.936628516181372e-05,4.6818462578812614e-05,4.4451808207668364e-05,5.372882151277736e-05,4.469676059670746e-05,0.00011287724919384345,2.694985414564144e-05,4.369026646600105e-05,8.263415656983852e-05,2.354782191105187e-05,2.6709254598245025e-05,8.72652672114782e-05,5.362953743315302e-05,3.693296093842946e-05,8.994326344691217e-05,4.6893514081602916e-05,6.0074231441831216e-05,1.6730135030229576e-05,3.457367347436957e-05,5.5359287216560915e-05,2.5480629119556397e-05,4.893081131740473e-05,5.064885408501141e-05,5.256545409793034e-05,6.740175740560517e-05,2.132234294549562e-05,2.303769906575326e-05,5.48878415429499e-05,2.7125885026180185e-05,5.811666414956562e-05,4.429635373526253e-05,8.139390411088243e-05,5.9285728639224544e-05,1.4089944670558907e-05,4.288379932404496e-05,3.2737847504904494e-05,3.2929707231232896e-05,1.5360696124844253e-05,5.925705045228824e-05
1100,0.00021488996571861207,0.00010589723387965932,0.00010275800741510466,0.00017640829901210964,8.30545395729132e-05,4.9968242819886655e-05,1.5092212379386183e-05,0.00014220063167158514,5.885493374080397e-05,6.470096559496596e-05,2.3254113330040127e-05,1.3077475159661844e-05,4.1399194742552936e-05,5.89660121477209e-05,6.5725325839594e-05,6.882179150125012e-05,4.4178108510095626e-05,4.980742232874036e-05,7.166889554355294e-05,6.981383921811357e-05,3.0554398108506575e-05,1.172207066701958e-05,4.734130561701022e-05,7.252366776810959e-05,4.366142820799723e-05,5.8758698287419975e-05,6.328606104943901e-05,6.631201540585607e-05,1.3578441212303005e-05,3.709414886543527e-05,7.022402860457078e-05,2.335674435016699e-05,6.108306115493178e-05,4.227009048918262e-05,7.540531078120694e-05,4.822868140763603e-05,3.587177343433723e-05,1.741410233080387e-05,5.0147158617619425e-05,4.7347355575766414e-05,0.0001470837596571073,4.036600876133889e-05,5.6445980590069667e-05,3.747294977074489e-05,1.707353840174619e-05,4.322137829149142e-05,2.6847299523069523e-05,3.427014598855749e-05,1.746472298691515e-05,4.7747955250088125e-05
1200,0.0002101664722431451,0.00010592069156700745,0.00014613410166930407,9.080785821424797e-05,4.33158093073871e-05,3.610329076764174e-05,1.6294043234665878e-05,4.5639124437002465e-05,5.26405856362544e-05,7.289263157872483e-05,2.2602331227972172e-05,2.0415691324160434e-05,3.5147117159795016e-05,5.2046500059077516e-05,4.3721833208110183e-05,4.4475913455244154e-05,6.431514339055866e-05,2.6014457034762017e-05,4.629100294550881e-05,4.4812368287239224e-05,2.3413627786794677e-05,2.5347595510538667e-05,5.806567060062662e-05,6.217508052941412e-05,2.587044582469389e-05,6.379758997354656e-05,7.175858627306297e-05,6.242954259505495e-05,1.3084882994007785e-05,3.0015246011316776e-05,5.891108594369143e-05,4.076421100762673e-05,4.158329829806462e-05,5.1868071750504896e-05,6.165176455397159e-05,6.273182953009382e-05,4.3880158045794815e-05,9.099857379624154e-06,5.4112115321913734e-05,1.9725408492377028e-05,5.1776820328086615e-05,4.653452924685553e-05,6.007325282553211e-05,3.868391286232509e-05,1.1764470400521532e-05,6.032312012393959e-05,1.9006307411473244e-05,3.2383741199737415e-05,1.410381719324505e-05,4.07896914111916e-05
1300,0.00018872237706091255,0.00010408285015728325,0.0002348514535697177,0.0001580661628395319,7.37309965188615e-05,4.7282119339797646e-05,1.1467242075013928e-05,6.971327820792794e-05,5.349645289243199e-05,5.6500382925150916e-05,2.2789943614043295e-05,2.0329482140368782e-05,4.8107591283041984e-05,7.65785516705364e-05,4.6965367801021785e-05,5.405810952652246e-05,7.036376337055117e-05,7.30909887352027e-05,4.608625022228807e-05,7.930215360829607e-05,2.354669959458988e-05,1.1719918802555185e-05,6.256815686356276e-05,5.093319487059489e-05,2.3805860109860078e-05,6.834617670392618e-05,6.488902727141976e-05,7.290664507308975e-05,3.458715946180746e-05,6.139218749012798e-05,4.256363172316924e-05,2.963736915262416e-05,4.123457983951084e-05,4.5937227696413174e-05,0.0001133935948018916,8.829621219774708e-05,3.324395220261067e-05,2.9640583306900226e-05,4.973378236172721e-05,2.0623940145014785e-05,4.8156485718209296e-05,4.111472662771121e-05,4.497903137234971e-05,4.5325672545004636e-05,2.4368153390241787e-05,8.022440306376666e-05,3.148243195028044e-05,3.047271275136154e-05,2.2038042516214773e-05,3.364079020684585e-05
1400,0.0002535909879952669,0.00018705490219872445,0.00019189315207768232,6.086333451094106e-05,5.067310485173948e-05,3.753634882741608e-05,1.698086089163553e-05,5.330467683961615e-05,6.57661075820215e-05,7.526756962761283e-05,2.5415287382202223e-05,1.7607573681743816e-05,4.414328941493295e-05,4.8914946091827005e-05,6.348123861243948e-05,4.1148203308694065e-05,5.900395262870006e-05,2.7451596906757914e-05,4.8031422920757905e-05,5.7415254559600726e-05,2.6069328669109382e-05,1.9882249034708366e-05,5.591026638285257e-05,5.1284390792716295e-05,3.070906677749008e-05,7.246001769090071e-05,6.415574171114713e-05,4.6420223952736706e-05,6.910342108312761e-06,3.422430745558813e-05,5.962509021628648e-05,4.278345295460895e-05,7.413786806864664e-05,6.18579433648847e-05,8.742318459553644e-05,5.22094160260167e-05,3.7209603760857135e-05,1.028250790113816e-05,3.4775603126036e-05,4.9997986934613436e-05,0.00011085243750130758,3.94830058212392e-05,4.526855263975449e-05,4.304681715439074e-05,2.3919681552797556e-05,4.225110751576722e-05,3.2746851502452046e-05,3.8132006011437625e-05,1.54932258737972e-05,2.1332292817533016e-05
1500,0.00028471951372921467,0.00010989775910275057,0.00013571315503213555,0.00014337088214233518,5.516134842764586e-05,2.9874341635149904e-05,8.77573256730102e-06,4.677588367485441e-05,6.279538501985371e-05,0.00012638492626138031,1.982935100386385e-05,1.7210801161127165e-05,6.013291931594722e-05,6.23639061814174e-05,9.901756857289001e-05,9.6753123216331e-05,3.5936685890192166e-05,3.983038914157078e-05,4.6076052967691794e-05,7.036857277853414e-05,2.814261824823916e-05,9.202513865602668e-06,7.58218375267461e-05,6.204997043823823e-05,3.41781233146321e-05,7.310404907912016e-05,5.963252988294698e-05,5.5803357099648565e-05,1.5324114428949542e-05,2.6494357371120714e-05,4.281585643184371e-05,6.950015085749328e-05,4.515014006756246e-05,3.8324858905980363e-05,5.052431151852943e-05,4.816641376237385e-05,2.7364301786292344e-05,3.95091155951377e-05,4.6957124141044915e-05,3.9193480915855616e-05,0.00012023017916362733,5.754161611548625e-05,3.6345907574286684e-05,4.509372593020089e-05,1.5814342987141572e-05,5.3812836995348334e-05,2.7417710953159258e-05,4.42836681031622e-05,1.921409239002969e-05,2.7262782168691047e-05
1600,0.0003583969082683325,0.00010129118891200051,0.00012069610238540918,6.405807653209195e-05,4.84889060317073e-05,2.8431111786630936e-05,8.219020855904091e-06,6.435396790038794e-05,5.452043114928529e-05,6.07503970968537e-05,9.593652976036537e-06,3.043012293346692e-05,3.880342046613805e-05,4.9959773605223745e-05,5.0356709834886715e-05,3.421174187678844e-05,8.15692765172571e-05,4.665027518058196e-05,4.986839121556841e-05,8.052271004999056e-05,2.5260807888116688e-05,2.1347666915971786e-05,3.484735498204827e-05,3.8117443182272837e-05,3.0418748792726547e-05,5.09315577801317e-05,6.208333070389926e-05,5.031718683312647e-05,0.00015304826956707984,4.775172783411108e-05,5.1538536354200915e-05,4.320056541473605e-05,4.913564771413803e-05,5.057871385361068e-05,5.565211540670134e-05,0.00015035262913443148,6.473505345638841e-05,1.1924207683478016e-05,5.091763523523696e-05,2.428376865282189e-05,5.261087790131569e-05,5.1372368034208193e-05,4.8388177674496546e-05,4.541221642284654e-05,3.7826146581210196e-05,4.041775900986977e-05,1.5018449630588293e-05,4.463902587303892e-05,2.6428013370605186e-05,3.185154128004797e-05
1700,0.00017742955242283642,9.634208254283294e-05,0.00015479115245398134,0.00013921262871008366,6.320344982668757e-05,3.054106855415739e-05,1.2235370377311483e-05,5.2426436013774946e-05,7.260628626681864e-05,7.854891737224534e-05,1.2989014976483304e-05,1.9551540390239097e-05,5.3989850130164996e-05,5.5783155403332785e-05,5.462567423819564e-05,5.8288398577133194e-05,3.1793315429240465e-05,3.6447931051952764e-05,4.137337964493781e-05,6.574612780241296e-05,2.7377649530535564e-05,1.0849565114767756e-05,6.860414578113705e-05,5.2327966841403395e-05,3.078812369494699e-05,5.6354467233177274e-05,9.170272824121639e-05,6.156128802103922e-05,1.0063077752420213e-05,3.028433093277272e-05,9.64332211879082e-05,7.235862722154707e-05,9.571738337399438e-05,3.531073161866516e-05,5.603988029179163e-05,4.067706686328165e-05,3.362779170856811e-05,2.5065321096917614e-05,8.14072773209773e-05,1.8459353668731637e-05,5.459347084979527e-05,6.216063047759235e-05,5.070796760264784e-05,3.060466769966297e-05,1.942837843671441e-05,8.988365880213678e-05,6.533295527333394e-05,3.25783112202771e-05,2.6195624741376378e-05,2.6577850803732872e-05
1800,0.00019808576325885952,0.00011511061893543229,0.00016530946595594287,2.8677382942987606e-05,5.39174689038191e-05,6.217781628947705e-05,9.760024113347754e-06,0.00011697037552949041,7.528148853452876e-05,7.199076935648918e-05,3.166378883179277e-05,2.2416543288272806e-05,4.7616696974728256e-05,6.273252074606717e-05,4.797190194949508e-05,5.691485421266407e-05,8.964305743575096e-05,2.1608255337923765e-05,6.409256457118317e-05,0.00010945040412480012,1.9379127479624003e-05,1.237354808836244e-05,7.529665890615433e-05,5.683337076334283e-05,3.6380708479555324e-05,0.00011901600373676047,7.827359513612464e-05,6.496912828879431e-05,2.3158496333053336e-05,4.397711018100381e-05,7.471753633581102e-05,1.9889421309926547e-05,6.627988477703184e-05,7.335136615438387e-05,0.00010122897219844162,3.9373826439259574e-05,3.434433529037051e-05,1.4693773664475884e-05,4.1023937228601426e-05,2.1231988284853287e-05,5.354742825147696e-05,4.1081468225456774e-05,4.325244663050398e-05,3.658195782918483e-05,1.3840881365467794e-05,4.861804700340144e-05,2.5584135073586367e-05,3.745286085177213e-05,4.041864303871989e-05,4.73703294119332e-05
1900,0.00019556515326257795,0.00014245876809582114,9.4661045295652e-05,4.725493272417225e-05,4.693248411058448e-05,2.2027590603102e-05,1.5585843357257545e-05,9.199530177284032e-05,5.449664968182333e-05,0.00011345081293256953,1.4875060514896177e-05,2.6456791601958685e-05,7.58274327381514e-05,4.1563889681128785e-05,4.380609607324004e-05,4.169125168118626e-05,3.322689371998422e-05,5.000359669793397e-05,5.449550008052029e-05,5.513275391422212e-05,2.749408668023534e-05,1.1910542525583878e-05,2.6847250410355628e-05,4.73134386993479e-05,2.4619077521492727e-05,9.196717292070389e-05,7.907375402282923e-05,0.00012800053809769452,1.745123699947726e-05,3.7324662116589025e-05,6.175338785396889e-05,3.366600867593661e-05,4.282052395865321e-05,5.485118890646845e-05,7.499959610868245e-05,3.937088331440464e-05,5.7764493249123916e-05,1.90806676982902e-05,3.5195716918678954e-05,1.4480332538369112e-05,5.116754618939012e-05,6.793069042032585e-05,6.344488065224141e-05,5.220033199293539e-05,1.9018860257347114e-05,6.114094867371023e-05,9.549139213049784e-05,4.9391124775866047e-05,1.2793821952072904e-05,4.582604015013203e-05
2000,0.00024724702234379947,0.00025010210811160505,0.00012665799295064062,6.241379742277786e-05,5.456289727590047e-05,3.046302117581945e-05,1.2309441444813274e-05,5.6788943766150624e-05,7.360649760812521e-05,7.206058944575489e-05,5.703700935555389e-06,9.932762623066083e-06,8.170896035153419e-05,7.054134039208293e-05,5.801396400784142e-05,4.361168612376787e-05,7.313334936043248e-05,5.042660268372856e-05,6.052586468285881e-05,8.136096585076302e-05,2.6467520001460798e-05,1.3845879948348738e-05,4.5972650696057826e-05,7.984766125446185e-05,5.8670397265814245e-05,7.94132865848951e-05,4.646188972401433e-05,4.534621984930709e-05,1.4979392290115356e-05,5.9331974625820294e-05,5.088100442662835e-05,4.598501618602313e-05,7.172342884587124e-05,8.139992860378698e-05,7.716293475823477e-05,0.00013746891636401415,4.0099410398397595e-05,1.0207015293417498e-05,3.381185888429172e-05,3.43602841894608e-05,9.412104554940015e-05,3.854489477816969e-05,5.459495514514856e-05,5.6959663197631016e-05,2.541325011407025e-05,5.646048884955235e-05,3.661529626697302e-05,2.1233367078821175e-05,4.201159754302353e-05,2.4532078896299936e-05
2100,0.00018019073468167335,0.00013707097969017923,0.00010319989814888686,5.764966772403568e-05,5.89706796745304e-05,2.4028244297369383e-05,1.711631557554938e-05,6.263441900955513e-05,5.994553794153035e-05,9.482610767008737e-05,3.9097787521313876e-05,2.4703431336092763e-05,4.4646170863416046e-05,4.2535051761660725e-05,4.687615728471428e-05,0.0001135657075792551,4.8296977183781564e-05,4.1112463804893196e-05,3.9874208596302196e-05,6.217695772647858e-05,2.5907374947564676e-05,2.5540502974763513e-05,2.686487277969718e-05,5.0915863539557904e-05,2.2832224203739315e-05,7.923774683149531e-05,5.5313903430942446e-05,5.8699944929685444e-05,2.100206802424509e-05,3.1569925340591e-05,9.092239633901045e-05,2.6327557861804962e-05,5.6539003708167e-05,7.295457908185199e-05,5.393559695221484e-05,0.00010699540871428326,2.8837690479122102e-05,8.050064025155734e-06,4.738332791021094e-05,2.1042515072622336e-05,9.616837633075193e-05,4.6152392314979807e-05,4.268325574230403e-05,3.450028452789411e-05,1.72350828506751e-05,5.1475690270308405e-05,3.0846822482999414e-05,2.3040513042360544e-05,4.543847535387613e-05,3.7697293009841815e-05
2200,0.00028586859116330743,0.0001917668414535001,0.00020652401144616306,8.712198177818209e-05,6.020956425345503e-05,2.4367971491301432e-05,1.188355508929817e-05,6.746378494426608e-05,7.974183245096356e-05,7.316411210922524e-05,2.0794941519852728e-05,4.932481169817038e-05,6.803950964240357e-05,6.396607932401821e-05,7.193238707259297e-05,0.00011196127161383629,9.683161624707282e-05,2.579669853730593e-05,5.3162344556767493e-05,5.1466144213918597e-05,3.496254066703841e-05,1.2659091225941665e-05,7.04445265000686e-05,6.951938121346757e-05,2.5524037482682616e-05,5.711019548471086e-05,8.640871965326369e-05,6.592765566892922e-05,2.279342334077228e-05,4.302862726035528e-05,7.161738903960213e-05,2.091981514240615e-05,5.253533163340762e-05,6.906344060553238e-05,9.010734356706962e-05,4.8691661504562944e-05,2.6568142857286148e-05,1.8775810531224124e-05,4.7847162932157516e-05,1.8666502000996843e-05,7.19874951755628e-05,7.025124796200544e-05,4.887375689577311e-05,5.029781459597871e-05,2.2198677470441908e-05,4.181417898507789e-05,2.619947917992249e-05,3.8592850614804775e-05,2.0777473764610477e-05,2.4855076844687574e-05
2300,0.00022167785209603608,8.756366150919348e-05,9.114696877077222e-05,3.680504596559331e-05,0.0001168067756225355,2.5080680643441156e-05,1.0527012818783987e-05,4.530088699539192e-05,8.785372483544052e-05,5.467637674883008e-05,1.857672214100603e-05,4.700835052062757e-05,5.052279811934568e-05,4.260957211954519e-05,3.348769314470701e-05,5.036653237766586e-05,4.224851363687776e-05,4.272111618774943e-05,7.048836414469406e-05,6.122485501691699e-05,5.135698665981181e-05,1.2989487004233524e-05,4.449205880519003e-05,0.00010683956497814506,2.2587626517633907e-05,7.386745710391551e-05,6.867677439004183e-05,5.4927026212681085e-05,2.4375072825932875e-05,3.337897578603588e-05,6.576660962309688e-05,0.00010688641486922279,5.743204746977426e-05,3.742987246369012e-05,4.9821610446088016e-05,6.69089422444813e-05,4.006069866591133e-05,1.857133611338213e-05,5.92954020248726e-05,2.7049414711655118e-05,4.234041989548132e-05,6.31089205853641e-05,5.932795465923846e-05,4.165098289377056e-05,2.082706669170875e-05,7.785151683492586e-05,2.9358347092056647e-05,4.625382280210033e-05,2.4613978894194588e-05,2.197995490860194e-05
2400,0.00039845966966822743,7.79268448241055e-05,0.00015092342800926417,4.913253724225797e-05,8.058896492002532e-05,6.377253157552332e-05,1.9234117644373327e-05,0.00011521361011546105,5.661114846589044e-05,8.756805618759245e-05,3.363244468346238e-05,1.4423616448766552e-05,6.838772969786078e-05,4.333815741119906e-05,5.62912282475736e-05,7.095644104992971e-05,4.29668216384016e-05,6.313741323538125e-05,7.389472011709586e-05,6.274298357311636e-05,3.1290590413846076e-05,9.439174391445704e-06,3.149160693283193e-05,5.7772325817495584e-05,3.4014628909062594e-05,7.603978883707896e-05,7.791398093104362e-05,8.466192230116576e-05,1.3503012269211467e-05,7.664242730243132e-05,7.330138760153204e-05,1.7452715837862343e-05,5.4129013733472675e-05,5.826777487527579e-05,6.178904004627839e-05,4.545512638287619e-05,3.036852831428405e-05,1.6169944501598366e-05,4.1272578528150916e-05,1.9293305740575306e-05,9.141339251073077e-05,6.066673813620582e-05,6.562938506249338e-05,2.4240529455710202e-05,1.3133294487488456e-05,4.182077100267634e-05,3.744151763385162e-05,6.746860890416428e-05,3.360007394803688e-05,3.606497557484545e-05
2500,0.00024398173263762146,0.0001315148256253451,0.00010110691073350608,4.209133476251736e-05,7.755551632726565e-05,4.133173206355423e-05,2.008499541261699e-05,6.500587915070355e-05,0.00010443209612276405,0.00014194188406690955,3.41637060046196e-05,2.1218023903202266e-05,8.939077088143677e-05,6.658020720351487e-05,5.276779847918078e-05,7.538449426647276e-05,4.435957453097217e-05,3.1396604754263535e-05,5.740643246099353e-05,9.119480819208547e-05,3.04169807350263e-05,1.5308447473216802e-05,2.6086921934620477e-05,6.246871635084972e-05,3.276828647358343e-05,5.4543750593438745e-05,6.740380194969475e-05,0.00010701224528020248,1.7001362721202895e-05,4.021894346806221e-05,6.48297427687794e-05,1.7600890714675188e-05,5.3527353884419426e-05,3.920224116882309e-05,4.9410289648221806e-05,3.261956953792833e-05,2.5142737285932526e-05,1.8860419004340656e-05,6.387769826687872e-05,1.981948662432842e-05,6.75050396239385e-05,5.806056651636027e-05,4.504593744059093e-05,2.7274574676994234e-05,1.0155683412449434e-05,3.860850119963288e-05,3.453166573308408e-05,4.3897744035348296e-05,3.982893031206913e-05,2.9502845791284926e-05
2600,0.00028391985688358545,0.00017994933295994997,0.0001959360233740881,3.8335714634740725e-05,7.180772081483155e-05,2.9791503038723022e-05,1.2728900401270948e-05,6.115351425250992e-05,6.258250505197793e-05,7.282182923518121e-05,2.688977292564232e-05,2.4349003069801256e-05,5.161737135495059e-05,5.846411295351572e-05,4.985025952919386e-05,4.622935739462264e-05,3.2965810532914475e-05,3.5509990993887186e-05,4.832851482206024e-05,5.793221134808846e-05,2.683074853848666e-05,8.456991963612381e-06,4.6270015445770696e-05,6.349003524519503e-05,3.144667425658554e-05,6.922210741322488e-05,5.746882743551396e-05,6.81253950460814e-05,2.013275479839649e-05,2.943025901913643e-05,9.173830039799213e-05,1.9608516595326364e-05,6.971260881982744e-05,4.874005389865488e-05,5.0125079724239185e-05,8.42987428768538e-05,4.2584626498864964e-05,1.6580326700932346e-05,3.539283716236241e-05,2.9004655516473576e-05,7.336898852372542e-05,4.3457439460325986e-05,5.7723140344023705e-05,5.277917080093175e-05,3.6883717257296667e-05,4.6160301280906424e-05,3.0465984309557825e-05,5.717301246477291e-05,1.6892747225938365e-05,4.752417953568511e-05
2700,0.0003844859602395445,0.00013713439693674445,0.00010577947978163138,7.407279190374538e-05,9.37957302085124e-05,3.833562004729174e-05,8.522158168489113e-06,5.8362038544146344e-05,0.00011337932664901018,6.939926970517263e-05,0.00019192975014448166,3.076864595641382e-05,5.112964572617784e-05,7.523476233473048e-05,4.838189124711789e-05,3.664325413410552e-05,4.33835230069235e-05,6.98623334756121e-05,6.20338469161652e-05,0.00011323069338686764,2.6840016289497726e-05,3.639386341092177e-05,6.100346945459023e-05,0.00010830920655280352,3.103749986621551e-05,5.337909533409402e-05,5.5002717999741435e-05,0.0001076529297279194,1.5936775525915436e-05,3.91421235690359e-05,6.76263080094941e-05,4.2621752072591335e-05,5.057145608589053e-05,5.1749950216617435e-05,4.9496578867547214e-05,0.00012636776955332607,2.5771478249225765e-05,0.00014785958046559244,5.977992623229511e-05,4.8252542910631746e-05,5.8715442719403654e-05,5.681965558324009e-05,4.5497021346818656e-05,3.244942854507826e-05,4.353033727966249e-05,7.718344568274915e-05,3.0497631087200716e-05,3.8166941521922126e-05,2.8318714612396434e-05,5.083395080873743e-05
2800,0.00040175821050070226,9.762753325048834e-05,0.00025422623730264604,0.00016172899631783366,7.170197932282463e-05,6.822925934102386e-05,1.3541736734623555e-05,8.244514901889488e-05,3.7513247661991045e-05,7.877439202275127e-05,3.611687498050742e-05,2.7518779461388476e-05,5.195932317292318e-05,5.7621302403276786e-05,8.101077401079237e-05,5.669827442034148e-05,7.387671212200075e-05,4.908647315460257e-05,6.00163075432647e-05,0.00011583547166083008,2.184601908084005e-05,2.5433448172407225e-05,4.0510829421691597e-05,5.5363114370265976e-05,4.713354064733721e-05,6.502363976323977e-05,5.194472032599151e-05,6.577265594387427e-05,9.221011168847326e-06,6.462421151809394e-05,4.5983935706317425e-05,6.862820009700954e-05,5.5632644944125786e-05,4.214230284560472e-05,8.643708861200139e-05,4.192842243355699e-05,3.666283009806648e-05,1.4669766642327886e-05,4.4340762542560697e-05,7.086015830282122e-05,7.920381176518276e-05,7.221629493869841e-05,5.708729804609902e-05,3.812289651250467e-05,2.1102514438098297e-05,5.90028939768672e-05,3.979452230851166e-05,5.0857845053542405e-05,7.200337859103456e-05,2.364300235058181e-05
2900,0.0001894925517262891,0.0002369355788687244,8.615658589405939e-05,3.1599149224348366e-05,5.8132824051426724e-05,2.3081494873622432e-05,1.030225303111365e-05,5.9444279031595215e-05,5.056840382167138e-05,8.352048462256789e-05,3.868403655360453e-05,2.6295259885955602e-05,5.73952856939286e-05,4.873605212196708e-05,3.139414911856875e-05,5.8767040172824636e-05,4.7622666897950694e-05,3.479928273009136e-05,6.642002699663863e-05,7.15443748049438e-05,2.1887895854888484e-05,1.3800608940073289e-05,5.194697587285191e-05,8.03391303634271e-05,3.059451773879118e-05,6.628738628933206e-05,7.803428889019415e-05,4.678357800003141e-05,1.9840475943055935e-05,3.488824950181879e-05,5.39132124686148e-05,3.2698728318791837e-05,0.00010385820496594533,4.5651857362827286e-05,5.77477621845901e-05,5.4471249313792214e-05,3.164322333759628e-05,3.876434493577108e-05,4.040659769088961e-05,2.2426716896006837e-05,5.652809704770334e-05,5.746390525018796e-05,8.3429433288984e-05,5.4815922339912504e-05,3.021512929990422e-05,3.693697362905368e-05,3.8233578379731625e-05,3.180814383085817e-05,2.1764584744232707e-05,2.5488583560218103e-05
3000,0.00040307248127646744,0.00013084820238873363,0.00012516781862359494,4.349058144725859e-05,6.870293145766482e-05,3.7802128645125777e-05,1.4108705727267079e-05,6.880759610794485e-05,6.171077257022262e-05,0.00011352884030202404,3.19437422149349e-05,5.278845856082626e-05,5.734130900236778e-05,6.717110227327794e-05,5.171423254068941e-05,4.287348929210566e-05,7.068656123010442e-05,2.8504222427727655e-05,6.544296775246039e-05,0.00010391365503892303,3.049614497285802e-05,1.2255590263521299e-05,7.243583968374878e-05,6.242337985895574e-05,4.072464071214199e-05,7.10675012669526e-05,6.024630056344904e-05,8.071275806287304e-05,3.0412154956138693e-05,3.222638042643666e-05,4.594068741425872e-05,6.357795064104721e-05,7.606275903526694e-05,7.111032755346969e-05,6.16178076597862e-05,6.868785567348823e-05,4.693127630162053e-05,1.2940164197061677e-05,6.945730274310336e-05,2.6653015083866194e-05,0.00011029794404748827,4.710568464361131e-05,0.000101660996733699,3.688453944050707e-05,2.72890229098266e-05,8.161681034835055e-05,8.768292173044756e-05,3.6586628993973136e-05,1.364519357593963e-05,3.8912479794817045e-05
3100,0.00019483499636407942,0.00014620576985180378,0.0001728268398437649,0.00016972643788903952,5.446198338177055e-05,4.586700742947869e-05,9.076776223082561e-06,7.09355081198737e-05,8.628945943200961e-05,6.797754758736119e-05,5.627992868539877e-05,1.9940376660088077e-05,6.0438505897764117e-05,4.54149667348247e-05,7.72654966567643e-05,4.3775693484349176e-05,4.8911031626630574e-05,3.6623605410568416e-05,6.860862777102739e-05,4.7865501983324066e-05,4.207097299513407e-05,1.23307954709162e-05,3.0130351660773158e-05,7.657897367607802e-05,3.6351273593027145e-05,7.225780427688733e-05,6.716094503644854e-05,7.553337491117418e-05,6.939811555639608e-06,6.702751124976203e-05,6.309730815701187e-05,7.197203376563266e-05,6.476845010183752e-05,5.354414679459296e-05,7.473549339920282e-05,4.634972719941288e-05,6.90255910740234e-05,2.766220313787926e-05,7.334465044550598e-05,2.4079588911263272e-05,0.00012530481035355479,7.325231854338199e-05,5.834786861669272e-05,3.972413105657324e-05,2.181262243539095e-05,5.125029929331504e-05,4.013117359136231e-05,3.5882887459592894e-05,1.6880918337847106e-05,4.1815208533080295e-05
3200,0.00030970072839409113,0.0001255478273378685,0.00014933697821106762,4.506832920014858e-05,4.618017919710837e-05,4.4892236473970115e-05,1.1890037058037706e-05,6.775665679015219e-05,7.991320308065042e-05,6.576823216164485e-05,2.392072565271519e-05,3.2817853934830055e-05,4.4697047997033224e-05,7.85481242928654e-05,4.7365712816827e-05,5.1983879529871047e-05,5.9406476793810725e-05,3.292387191322632e-05,4.8325535317417234e-05,9.408022742718458e-05,3.47258937836159e-05,2.441438482492231e-05,5.032835542806424e-05,4.2924330045934767e-05,3.388236655155197e-05,7.202772394521162e-05,5.765711102867499e-05,9.145976946456358e-05,1.4797306903346907e-05,4.791059473063797e-05,5.517834142665379e-05,3.3119969884864986e-05,4.682693906943314e-05,5.936674642725848e-05,5.366049299482256e-05,4.2765081161633134e-05,3.786738670896739e-05,4.0217506466433406e-05,6.640836363658309e-05,3.2673313398845494e-05,6.153820868348703e-05,4.861513298237696e-05,3.9302074583247304e-05,3.3517258998472244e-05,4.174267087364569e-05,6.211287836777046e-05,2.684808350750245e-05,5.796172627015039e-05,2.8603808459592983e-05,2.8348837076919153e-05
3300,0.0003482470929156989,8.814519242150709e-05,0.00011468635784694925,4.535404877969995e-05,8.629158401163295e-05,3.8467558624688536e-05,1.2253151908225846e-05,5.079600305180065e-05,6.204120290931314e-05,0.00010206036677118391,8.531918138032779e-05,3.1718675018055364e-05,5.103264265926555e-05,4.548446668195538e-05,3.796372766373679e-05,4.631865886040032e-05,5.8966586948372424e-05,3.15445322485175e-05,6.102846236899495e-05,7.575199560960755e-05,2.5848805307759903e-05,1.5506289855693467e-05,9.128981764661148e-05,6.561934424098581e-05,3.914026092388667e-05,8.518136746715754e-05,6.825581658631563e-05,7.481754437321797e-05,2.87323728116462e-05,4.019324842374772e-05,5.506700472324155e-05,2.6918944058706984e-05,5.588711428572424e-05,4.250854181009345e-05,4.385995998745784e-05,3.196860780008137e-05,3.063526673940942e-05,1.6076999600045383e-05,4.984873521607369e-05,1.8113449186785147e-05,8.69409050210379e-05,4.700561112258583e-05,5.5562923080287874e-05,6.166139792185277e-05,2.3163347577792592e-05,8.905216964194551e-05,3.121306508546695e-05,2.597432649054099e-05,1.8197621102444828e-05,3.4296281228307635e-05
3400,0.00019414022972341627,8.2692778960336e-05,0.00010664770525181666,4.545101910480298e-05,8.315238665090874e-05,7.977292989380658e-05,1.173652162833605e-05,8.382045780308545e-05,6.378649413818493e-05,5.4657743021380156e-05,1.4035431377124041e-05,1.415563474438386e-05,4.924047607346438e-05,5.3537398343905807e-05,6.25618122285232e-05,3.723071495187469e-05,4.652100687962957e-05,5.957766552455723e-05,5.846318163094111e-05,0.00010596367064863443,2.4915174435591325e-05,1.0596376341709401e-05,4.509130303631537e-05,5.390403384808451e-05,3.500221646390855e-05,6.190460408106446e-05,7.174949860200286e-05,7.873199501773342e-05,1.71178144228179e-05,3.584416481317021e-05,9.879034041659907e-05,3.5183969885110855e-05,6.454039248637855e-05,6.321774708339944e-05,5.2403884183149785e-05,1.850568878580816e-05,3.392537837498821e-05,2.1286999981384724e-05,7.142720278352499e-05,1.7863407265394926e-05,0.00010277033288730308,3.751952317543328e-05,6.857814150862396e-05,3.651666338555515e-05,9.572368981025647e-06,7.094691682141274e-05,2.603858956717886e-05,4.539519432000816e-05,9.86319446383277e-06,4.3084797653136775e-05
3500,0.00022696801170241088,0.00010972977906931192,0.00010759574070107192,3.313791603432037e-05,6.604239752050489e-05,3.662243761937134e-05,1.2214583875902463e-05,6.799545371904969e-05,7.55977162043564e-05,6.532393308589235e-05,6.92929097567685e-05,1.2328140655881725e-05,4.522499511949718e-05,4.287952833692543e-05,5.2768082241527736e-05,9.284434781875461e-05,5.7983663282357156e-05,5.56873383175116e-05,6.53271927149035e-05,7.042202923912555e-05,2.4043567464104854e-05,1.3675396075996105e-05,5.460407555801794e-05,6.874583777971566e-05,3.6623219784814864e-05,7.078896305756643e-05,7.03016557963565e-05,6.672091694781557e-05,3.0186434742063284e-05,4.0555667510489e-05,6.1862709117122e-05,1.8870969142881222e-05,7.49039973015897e-05,8.202173194149509e-05,5.374972533900291e-05,6.200488132890314e-05,3.144473521388136e-05,1.7382468286086805e-05,4.153834379394539e-05,1.9728207917069085e-05,8.59281062730588e-05,4.552838436211459e-05,5.003583646612242e-05,4.457061368157156e-05,4.5958004193380475e-05,4.65763223473914e-05,2.727830724325031e-05,3.207441113772802e-05,2.7958969440078363e-05,3.36893972416874e-05
3600,0.00024910629144869745,0.00013656861847266555,0.00012024515308439732,6.529773963848129e-05,7.08208535797894e-05,3.0151386454235762e-05,1.5219258784782141e-05,6.424356979550794e-05,6.0040183598175645e-05,6.665303226327524e-05,1.8550832464825362e-05,4.36837763118092e-05,5.807335037388839e-05,5.8646855904953554e-05,6.702233076794073e-05,6.447457417380065e-05,7.149248267523944e-05,3.119849498034455e-05,0.00010573847248451784,8.844843250699341e-05,2.1061510778963566e-05,8.452869224129245e-06,6.0830054280813783e-05,6.697380013065413e-05,3.095077772741206e-05,5.986696487525478e-05,5.348648119252175e-05,5.415010673459619e-05,1.4047936929273419e-05,3.605994788813405e-05,6.20832943241112e-05,3.3573836844880134e-05,7.642900891369209e-05,5.5269261793000624e-05,4.757846909342334e-05,5.7365283282706514e-05,5.087756289867684e-05,4.012995486846194e-05,5.589996726484969e-05,2.8711987397400662e-05,6.544961070176214e-05,7.057740003801882e-05,4.3317904783179983e-05,4.1371549741597846e-05,2.7495505491970107e-05,4.014905061922036e-05,2.9069471565890126e-05,2.2199508748599328e-05,2.3938480808283202e-05,2.9364919100771658e-05
3700,0.00029293872648850083,0.0003080082533415407,0.0002059689722955227,4.905135210719891e-05,6.541089533129707e-05,2.5907522285706364e-05,1.2156319826317485e-05,7.128054858185351e-05,0.00012133907875977457,7.767869101371616e-05,3.074797859881073e-05,3.231892333133146e-05,5.6770579249132425e-05,3.9344064134638757e-05,7.439194450853392e-05,6.62672973703593e-05,6.032898818375543e-05,3.3208845707122236e-05,5.255791256786324e-05,0.0001679473352851346,3.271248351666145e-05,1.4555834241036791e-05,4.859753971686587e-05,8.07471078587696e-05,3.6286965041654184e-05,0.00012041251466143876,5.677088120137341e-05,6.312613550107926e-05,2.9759654353256337e-05,2.8338507036096416e-05,8.536248788004741e-05,3.699735316331498e-05,4.784956036019139e-05,3.843393278657459e-05,0.00011099467519670725,5.2554656576830894e-05,3.6724453821079805e-05,1.1530918527569156e-05,3.9246522646863014e-05,1.0561319868429564e-05,8.001262904144824e-05,4.7868154069874436e-05,4.322941094869748e-05,3.6105207982473075e-05,4.1945651901187375e-05,5.7729481341084465e-05,3.36434823111631e-05,3.822534563369118e-05,1.787793735275045e-05,2.8598644348676316e-05
3800,0.0001984223345061764,0.00013026298256590962,0.00013321582810021937,6.47393026156351e-05,6.29378337180242e-05,5.4118230764288455e-05,1.4570816347259097e-05,6.568201206391677e-05,0.0001078738205251284,6.842961010988802e-05,2.9272645406308584e-05,1.7894590200739913e-05,5.5231419537449256e-05,0.00010785063204821199,7.267919136211276e-05,4.203070420771837e-05,0.00012803016579709947,5.735097875003703e-05,4.9223053792957217e-05,0.0001171760814031586,2.932903589680791e-05,2.625886190799065e-05,8.422901737503707e-05,8.247495134128258e-05,3.033440953004174e-05,6.219075294211507e-05,8.767607505433261e-05,4.996299321646802e-05,1.0345114787924103e-05,3.2660540455253795e-05,5.756255268352106e-05,3.859193020616658e-05,0.00012008080375380814,0.0001001639393507503,6.0508184105856344e-05,0.00012568706006277353,4.527115743258037e-05,1.6528749256394804e-05,5.223889456829056e-05,6.780969852115959e-05,0.00011027273285435513,4.046289905090816e-05,5.539564153878018e-05,3.0035707823117264e-05,1.2965946552867536e-05,4.904298111796379e-05,3.153413126710802e-05,3.8153710193000734e-05,2.5448582164244726e-05,3.0150393286021426e-05
3900,0.00025367215857841074,0.00011112829088233411,0.00015347800217568874,9.759364183992147e-05,7.152609032345936e-05,2.3265054551302455e-05,1.4741666745976545e-05,8.067207090789452e-05,5.810255606775172e-05,0.00010560548980720341,2.6434847313794307e-05,3.877432027366012e-05,5.329950727173127e-05,4.386620275909081e-05,7.761886081425473e-05,3.948154335375875e-05,9.898050484480336e-05,4.536932465271093e-05,7.020698103588074e-05,6.158011092338711e-05,3.563102654879913e-05,1.9313169104862027e-05,6.161854980746284e-05,6.64216568111442e-05,3.1235249480232596e-05,6.317346560535952e-05,5.6655295338714495e-05,5.513624273589812e-05,1.3044270417594817e-05,2.9089267627568915e-05,6.141998164821416e-05,2.6814457669388503e-05,5.406820491771214e-05,6.178340845508501e-05,4.9026177293853834e-05,0.0001003419965854846,3.775556615437381e-05,2.899560240621213e-05,5.935204535489902e-05,2.796378066705074e-05,6.48865316179581e-05,5.1229737437097356e-05,3.643555464805104e-05,3.3353950129821897e-05,0.0001431287673767656,5.305367449182086e-05,1.9482382413116284e-05,3.2148222089745104e-05,2.642596336954739e-05,3.1985080568119884e-05
4000,0.00016872279229573905,0.00010628009476931766,0.00012795766815543175,7.470566197298467e-05,6.661468069069088e-05,5.408392462413758e-05,1.1256605830567423e-05,5.232189141679555e-05,8.092939242487773e-05,6.378330726874992e-05,3.221581573598087e-05,2.567842966527678e-05,4.738233837997541e-05,4.66796409455128e-05,8.025164424907416e-05,9.105623030336574e-05,5.043497367296368e-05,2.6938119844999164e-05,8.317682659253478e-05,5.7841225498123094e-05,2.897334888984915e-05,1.1791821634687949e-05,4.035720485262573e-05,5.7684937928570434e-05,2.780018257908523e-05,7.380216266028583e-05,6.208973354659975e-05,5.1173399697290733e-05,1.866166348918341e-05,4.9057274736696854e-05,5.183838584343903e-05,3.641167131718248e-05,4.9784746806835756e-05,4.1211598727386445e-05,9.97858151094988e-05,4.427881140145473e-05,4.600184547598474e-05,1.919009991979692e-05,7.372223626589403e-05,5.672854604199529e-05,5.3366940846899524e-05,8.470612374367192e-05,5.2074745326535776e-05,3.756458681891672e-05,3.067221405217424e-05,5.970308120595291e-05,3.496265344438143e-05,3.0537874408764765e-05,1.482841616962105e-05,4.638029349735007e-05
4100,0.00021578626183327287,0.00012922578025609255,0.00017453487089369446,6.995078001637012e-05,6.535580178024247e-05,4.950448783347383e-05,1.6363206668756902e-05,5.815215627080761e-05,0.00016709564079064876,0.00011694424028974026,6.0726077208528295e-05,1.99518799490761e-05,5.7402910897508264e-05,4.61395138700027e-05,4.33227360190358e-05,4.5848173613194376e-05,5.9569032600848004e-05,3.600305717554875e-05,5.375831460696645e-05,7.427018135786057e-05,5.617423448711634e-05,1.9320637875352986e-05,4.0196693589678034e-05,5.6093453167704865e-05,3.987372474512085e-05,6.937074067536741e-05,7.121568341972306e-05,7.24964338587597e-05,1.2456494914658833e-05,2.992631016240921e-05,8.730887202546e-05,2.2518936020787805e-05,7.443867070833221e-05,5.285356382955797e-05,0.00010647553426679224,3.2445797842228785e-05,8.174284448614344e-05,1.3141387171344832e-05,7.768065552227199e-05,2.3558770408271812e-05,8.034983329707757e-05,5.262463673716411e-05,4.4400931074051186e-05,6.296426727203652e-05,1.489144233346451e-05,4.946449917042628e-05,3.737250517588109e-05,3.778057362069376e-05,2.5066727175726555e-05,4.4733798858942464e-05
4200,0.0003056165878660977,7.154234481276944e-05,0.0001780627790139988,5.278462776914239e-05,5.7801622460829094e-05,2.7911692086490802e-05,9.85256065177964e-06,7.112145976861939e-05,5.9271693316986784e-05,0.0001348466903436929,2.1306206690496765e-05,1.5121699107112363e-05,4.526097109192051e-05,6.108865636633709e-05,5.62235654797405e-05,3.503833067952655e-05,3.345176446600817e-05,2.2709971744916402e-05,6.286068673944101e-05,6.229111750144511e-05,4.6344495785888284e-05,1.3684292753168847e-05,7.318062853300944e-05,4.8559526476310566e-05,3.4915177820948884e-05,6.472208769991994e-05,7.496491161873564e-05,7.813458796590567e-05,1.723081004456617e-05,3.3445554436184466e-05,5.584581958828494e-05,3.893585744663142e-05,5.742390203522518e-05,4.230395643389784e-05,5.286749728838913e-05,7.30875035515055e-05,3.603630102588795e-05,2.4116952772601508e-05,7.68731624702923e-05,4.795167478732765e-05,8.215228444896638e-05,3.826740066870116e-05,6.981329352129251e-05,3.9518992707598954e-05,3.016521623067092e-05,4.3094954889966175e-05,3.967497468693182e-05,4.644064392778091e-05,1.2339050954324193e-05,2.74010599241592e-05
4300,0.0002714619040489197,0.00013733179366681725,0.00013421292533166707,6.826192111475393e-05,0.00013256361125968397,2.4855589799699374e-05,1.0762279998743907e-05,9.51545953284949e-05,7.248682231875136e-05,0.00015404823352582753,7.958185960887931e-06,4.10026877943892e-05,4.787000943906605e-05,6.319905514828861e-05,7.522614760091528e-05,3.697123611345887e-05,5.397740824264474e-05,3.345066579640843e-05,6.267386925173923e-05,8.596210682298988e-05,2.650021815497894e-05,9.692372259451076e-06,0.00010814576671691611,5.60355038032867e-05,3.813048897427507e-05,7.222135900519788e-05,5.286085433908738e-05,5.348624472389929e-05,1.2190325833216775e-05,3.2255949918180704e-05,4.851381527259946e-05,3.7769717891933396e-05,5.894376226933673e-05,4.958699719281867e-05,5.177668572287075e-05,8.330459968419746e-05,2.411610694252886e-05,1.3817219041811768e-05,6.216675683390349e-05,2.5172013920382597e-05,0.0001400241017108783,5.0014663429465145e-05,5.2050716476514935e-05,3.354204091010615e-05,1.0996007404173724e-05,4.917441765428521e-05,2.161340853490401e-05,4.009962503914721e-05,1.8778338926495053e-05,6.526427750941366e-05
4400,0.0002252938866149634,0.00010967216803692281,0.00014786788960918784,0.00010226947051705793,7.497223850805312e-05,4.757253918796778e-05,1.2821456948586274e-05,6.064423359930515e-05,0.00010855591972358525,0.00011575069220270962,5.713673454010859e-05,1.4096843187871855e-05,5.436474020825699e-05,8.070121111813933e-05,5.027976294513792e-05,0.00011217279097763821,5.196993151912466e-05,5.811826486024074e-05,9.533720003673807e-05,4.323175016907044e-05,2.274666985613294e-05,3.6703466321341693e-05,6.120647594798356e-05,7.491889846278355e-05,3.5110941098537296e-05,7.117755740182474e-05,6.977719749556854e-05,0.00015332527982536703,7.254559932334814e-06,2.761953328445088e-05,5.5270047596422955e-05,4.367242945590988e-05,6.948691589059308e-05,4.981686288374476e-05,5.365461765904911e-05,4.871869532507844e-05,4.6446530177490786e-05,1.8684730093809776e-05,5.8299505326431245e-05,3.5555651265894994e-05,8.360618085134774e-05,5.523702930076979e-05,8.148213964886963e-05,3.143482535961084e-05,1.0597786967991851e-05,4.1603918361943215e-05,2.651986687851604e-05,7.877930329414085e-05,1.5626861568307504e-05,5.682411210727878e-05
4500,0.0003021539014298469,0.00018607590754982084,0.00010132617899216712,5.573571615968831e-05,7.420975452987477e-05,2.3150612832978368e-05,2.2658150555798784e-05,6.349690374918282e-05,5.88356087973807e-05,7.75273292674683e-05,2.2560068828170188e-05,3.049651422770694e-05,7.211505726445466e-05,6.593469151994213e-05,6.94907212164253e-05,0.00012194680311949924,7.679696136619896e-05,4.090970833203755e-05,6.411414506146684e-05,0.000119106873171404,2.0712481273221783e-05,3.607944381656125e-05,4.423416976351291e-05,0.00010758443386293948,2.733915789576713e-05,6.506578938569874e-05,6.90305678290315e-05,6.563885835930705e-05,4.080370854353532e-05,3.609992199926637e-05,6.796973320888355e-05,3.872317756759003e-05,7.791885582264513e-05,5.277097079670057e-05,5.226310531725176e-05,6.029156065778807e-05,3.3109725336544216e-05,1.6284873709082603e-05,6.603977089980617e-05,3.9291840948862955e-05,6.595028389710933e-05,6.811722414568067e-05,5.500000770553015e-05,3.756096703000367e-05,2.693633177841548e-05,5.311983477440663e-05,2.4140050300047733e-05,2.4840948753990233e-05,2.351134935452137e-05,2.945111191365868e-05
4600,0.00026274716947227716,0.00014704167551826686,0.0002558935375418514,6.300475070020184e-05,6.901098095113412e-05,3.9777067286195233e-05,1.3643418242281768e-05,7.504141103709117e-05,7.984109106473625e-05,7.573540642624721e-05,2.3762184355291538e-05,3.333324275445193e-05,5.282184065436013e-05,0.00011490600445540622,5.775496902060695e-05,7.158812513807788e-05,4.7201036068145186e-05,5.1451985200401396e-05,0.00010301019938196987,5.2364754083100706e-05,2.40662648138823e-05,1.400946348439902e-05,5.946255987510085e-05,6.542931078001857e-05,5.256489021121524e-05,6.404735904652625e-05,0.00015611255366820842,0.0001551553577883169,2.35412717302097e-05,6.458863208536059e-05,9.367209713673219e-05,8.844961121212691e-05,7.79157126089558e-05,5.0214031944051385e-05,5.035087087890133e-05,6.661949009867385e-05,3.105620635324158e-05,1.3553057215176523e-05,4.886126407654956e-05,2.4127442884491757e-05,5.295599112287164e-05,8.038064697757363e-05,6.346369627863169e-05,3.5887063859263435e-05,2.663093982846476e-05,5.0288148486288264e-05,4.21577351517044e-05,3.9122780435718596e-05,2.0467858121264726e-05,4.935133983963169e-05
4700,0.00020307964587118477,9.704293188406155e-05,0.00016284000594168901,6.283464608713984e-05,5.6414908613078296e-05,2.0015637346659787e-05,9.35285697778454e-06,6.805156590417027e-05,6.009988646837883e-05,0.00010020674380939454,0.00011049087333958596,1.265334321942646e-05,5.283053542370908e-05,5.258768578642048e-05,5.3141640819376335e-05,9.108349331654608e-05,3.823092993116006e-05,6.746310828020796e-05,5.699295797967352e-05,8.458533557131886e-05,2.4493336240993813e-05,5.072121348348446e-05,5.420522211352363e-05,5.352805237635039e-05,3.0433864594670013e-05,8.127137698465958e-05,8.674377750139683e-05,6.946896610315889e-05,2.06227159651462e-05,4.100683145225048e-05,7.034857844701037e-05,0.00015244301175698638,7.38961243769154e-05,6.996106094447896e-05,8.525273005943745e-05,3.8968933949945495e-05,2.8305710657150485e-05,1.2700535080512054e-05,0.00010383874177932739,3.295755959697999e-05,6.661414954578504e-05,8.69433642947115e-05,5.141667861607857e-05,3.0047358450246975e-05,2.2676202206639573e-05,6.130059773568064e-05,2.8820844818255864e-05,3.3882919524330646e-05,1.9086091924691573e-05,0.00011368693958502263
4800,0.00017529168690089136,0.0001652252540225163,0.0001413962454535067,6.168519757920876e-05,6.643056985922158e-05,2.9846072720829397e-05,2.0939327441737987e-05,9.752094774739817e-05,6.192133878357708e-05,5.711334233637899e-05,2.373330971749965e-05,1.1551112947927322e-05,5.708857497666031e-05,0.00010185606515733525,6.364293221849948e-05,4.493034793995321e-05,8.88682043296285e-05,3.447849303483963e-05,5.1814546168316156e-05,9.184599912259728e-05,4.912991789751686e-05,2.30342320719501e-05,6.504675548058003e-05,0.0001438913168385625,5.273755596135743e-05,7.257819379447028e-05,6.207033584360033e-05,5.914669236517511e-05,7.2717093644314446e-06,5.417703141574748e-05,6.76665295031853e-05,4.825702853850089e-05,6.961689359741285e-05,5.5593780416529626e-05,5.307239916874096e-05,3.973353159381077e-05,5.6239907280541956e-05,1.3235713595349807e-05,7.464146619895473e-05,2.065469561784994e-05,7.110289152478799e-05,5.130183126311749e-05,5.325252641341649e-05,3.172723518218845e-05,8.065936526691075e-06,5.913013592362404e-05,2.3950033209985122e-05,2.998146737809293e-05,3.6672903661383316e-05,3.765135261346586e-05
4900,0.0003754947683773935,0.00019888811220880598,0.00011045511928386986,4.537744098342955e-05,8.484878344461322e-05,1.819689350668341e-05,1.9538632841431536e-05,7.081283547449857e-05,8.56872065924108e-05,0.00019402708858251572,5.968547338852659e-05,2.5295299565186724e-05,6.862939335405827e-05,5.257838711258955e-05,5.216582212597132e-05,8.285624790005386e-05,3.476559140835889e-05,2.565798604337033e-05,4.7628494939999655e-05,8.045546564972028e-05,4.219810216454789e-05,4.3704381823772565e-05,6.031954035279341e-05,7.156393985496834e-05,4.95403801323846e-05,6.705798296025023e-05,8.578053530072793e-05,7.776892016408965e-05,1.785181120794732e-05,4.150624590693042e-05,8.313968282891437e-05,2.4386126824538223e-05,6.453715468524024e-05,7.863867358537391e-05,8.931975753512233e-05,3.582283534342423e-05,2.4962522729765624e-05,1.785500717232935e-05,3.82312573492527e-05,2.8282322091399692e-05,6.336763908620924e-05,0.00014597183326259255,6.031843076925725e-05,2.999033677042462e-05,2.3458978830603883e-05,4.663869913201779e-05,3.5112767363898456e-05,3.4162960218964145e-05,8.212283137254417e-05,5.258377132122405e-05
5000,0.00017299086903221905,8.37172701722011e-05,9.433076775167137e-05,3.85249950340949e-05,6.923375622136518e-05,2.5852277758531272e-05,1.5563118722639047e-05,6.193204899318516e-05,5.270516703603789e-05,8.576973050367087e-05,3.295867281849496e-05,2.3857593987486325e-05,7.524902321165428e-05,5.690737089025788e-05,5.101965871290304e-05,3.970170291722752e-05,4.714884562417865e-05,2.824476541718468e-05,5.757105827797204e-05,5.806008630315773e-05,2.5015080609591678e-05,1.1829292816400994e-05,6.944432971067727e-05,5.312140274327248e-05,2.7147672881255858e-05,6.694674084428698e-05,7.733763050055131e-05,6.021421359037049e-05,1.1031058420485351e-05,3.203026790288277e-05,9.762820263858885e-05,5.318965486367233e-05,6.333516648737714e-05,4.89325393573381e-05,6.845496682217345e-05,6.541599577758461e-05,2.8750411729561165e-05,1.0123359970748425e-05,0.00010810539242811501,2.8302716600592248e-05,8.67888520588167e-05,5.4527339671039954e-05,4.7124980483204126e-05,3.977379674324766e-05,1.641607923374977e-05,9.723006951389834e-05,3.542951526469551e-05,3.3417647500755265e-05,1.9187958969268948e-05,3.90509121643845e-05
5100,0.00029621319845318794,0.00011502919369377196,9.967268124455586e-05,3.9194932469399646e-05,6.339230458252132e-05,2.621350904519204e-05,1.1052807167288847e-05,5.843954568263143e-05,5.486978989210911e-05,7.469729462172836e-05,5.8512796385912225e-05,4.19586431235075e-05,6.433452654164284e-05,7.73762003518641e-05,5.047895319876261e-05,5.482733831740916e-05,4.602627450367436e-05,3.080904934904538e-05,4.6410616050707176e-05,4.894198355032131e-05,6.098056837799959e-05,1.412002256984124e-05,3.84105478588026e-05,8.631917444290593e-05,3.525053398334421e-05,0.00010528680286370218,7.363641634583473e-05,8.580366556998342e-05,3.23029380524531e-05,3.4702934499364346e-05,5.956802851869725e-05,6.521477916976437e-05,6.912255048519e-05,4.020067353849299e-05,6.84938277117908e-05,3.761685729841702e-05,4.117824573768303e-05,2.774166568997316e-05,0.00010335183469578624,2.2884749341756105e-05,5.849937588209286e-05,7.187128358054906e-05,7.344887126237154e-05,3.3315660402877256e-05,1.9500379494274966e-05,6.787203892599791e-05,4.2332605517003685e-05,4.6462941099889576e-05,2.969885099446401e-05,2.631561983434949e-05
5200,0.00020299316383898258,0.00011296883167233318,0.00011540613922988996,4.343325417721644e-05,7.09996820660308e-05,1.954378058144357e-05,9.468310054217e-06,5.87329595873598e-05,6.665538239758462e-05,0.0001526775595266372,9.361626143800095e-05,3.590353298932314e-05,6.75294068059884e-05,8.436778443865478e-05,4.776961213792674e-05,4.3218456994509324e-05,4.632614945876412e-05,2.4897395633161068e-05,4.422297570272349e-05,9.768318705027923e-05,1.9658375094877556e-05,1.6280699128401466e-05,4.416392039274797e-05,5.92145042901393e-05,4.488038757699542e-05,5.957325629424304e-05,8.420483209192753e-05,8.152117516146973e-05,1.7619027858017944e-05,3.739350722753443e-05,6.237618799787015e-05,4.613053897628561e-05,0.00012558960588648915,6.44108367851004e-05,8.123069710563868e-05,3.94577145925723e-05,3.791877315961756e-05,1.4940466826374177e-05,4.5381813833955675e-05,2.3554001018055715e-05,6.754083733540028e-05,6.044109977665357e-05,4.302731395000592e-05,3.0859580874675885e-05,2.631439929245971e-05,4.917949627269991e-05,4.913919110549614e-05,3.770569310290739e-05,3.990511322626844e-05,5.071412670076825e-05
