step,channel_116,channel_54,channel_30,channel_79,channel_6,channel_73,channel_21,channel_61,channel_95,channel_23,channel_32,channel_12,channel_26,channel_60,channel_64,channel_121,channel_65,channel_37,channel_78,channel_106,channel_93,channel_88,channel_120,channel_85,channel_100,channel_15,channel_62,channel_98,channel_7,channel_72,channel_52,channel_127,channel_117,channel_123,channel_113,channel_1,channel_101,channel_40,channel_67,channel_49,channel_47,channel_45,channel_53,channel_111,channel_99,channel_2,channel_70,channel_36,channel_9,channel_43
0,3.271388777648099e-05,7.24798665032722e-05,9.119095193454996e-05,3.6141147575108334e-05,9.638652409194037e-05,8.120085840346292e-05,2.1525162082980387e-05,8.274829451693222e-05,2.9108023227308877e-05,2.9910255761933513e-05,4.870513657806441e-05,4.161379183642566e-05,3.544396167853847e-05,6.509688682854176e-05,5.00864589412231e-05,4.632582204067148e-05,2.815381230902858e-05,3.19755490636453e-05,0.0001308649661950767,0.00013972933811601251,0.00016644458810333163,5.758768384112045e-05,5.59471154701896e-05,4.81719289382454e-05,5.687153679900803e-05,0.00011423513205954805,2.4024435333558358e-05,0.00013407727237790823,5.554212839342654e-05,7.372358959401026e-05,6.954656419111416e-05,4.954312680638395e-05,0.00014330366684589535,5.300490010995418e-05,5.05680036440026e-05,0.00011247921793255955,0.0001567314175190404,4.23823730670847e-05,4.140474266023375e-05,9.993281855713576e-05,5.561328725889325e-05,2.4929902792791836e-05,3.348689278936945e-05,8.056873048190027e-05,2.4772281904006377e-05,3.182201544404961e-05,8.35153041407466e-05,7.058582559693605e-05,0.00018939844449050725,2.128997221007012e-05
100,0.0002013171761063859,0.00018560959142632782,0.00016776742995716631,0.00013879981997888535,0.0001493022427894175,0.0002050507755484432,0.00022250601614359766,0.00014090615150053054,0.0002406379790045321,0.0002096564567182213,0.00020366946409922093,0.0001548694708617404,0.00024563592160120606,0.00016491202404722571,0.00016999346553348005,0.0002422321995254606,0.00023248269280884415,0.00018587966042105108,0.0001516213087597862,0.00019000611791852862,0.00016463641077280045,0.0002952455834019929,0.0002959463163278997,0.00015319620433729142,0.00021680693316739053,0.000237139334785752,0.00019978478667326272,0.0002266731025883928,0.00021000819106120616,0.00019920931663364172,0.00014034674677532166,0.0002185486227972433,0.0002704944054130465,0.0003110551624558866,0.00016194612544495612,9.942198084900156e-05,0.00015990555402822793,0.00022467924281954765,0.0002654921554494649,0.0001671826175879687,0.00032191872014664114,0.0002776096516754478,0.0001748310896800831,0.0002726942766457796,0.0003248683933634311,0.00020443885296117514,0.00018273049499839544,0.0002023711276706308,0.00020565270096994936,0.0002009773306781426
200,0.00021542685863096267,0.00017607085464987904,0.00019215505744796246,0.0001490657014073804,0.00015199418703559786,0.0001870261039584875,0.00023110232723411173,0.0002203168987762183,0.0002464131684973836,0.00023665305343456566,0.00014303030911833048,0.0001582595577929169,0.00013623738777823746,0.0002806144766509533,0.00023247233184520155,0.00028629539883695543,0.00022183655528351665,0.0002881856053136289,0.00019264347793068737,0.00018139435269404203,0.00020199426217004657,0.00015428267943207175,0.00015315882046706975,0.0002243718336103484,0.00021343218395486474,0.00020835816394537687,0.00030406040605157614,0.0002417919458821416,0.0003042172465939075,0.00029762412304989994,0.00019118031195830554,0.0002825835545081645,0.00018442270811647177,0.00017584027955308557,0.0002281288179801777,0.00011511544289533049,0.00014046640717424452,0.00014830178406555206,0.00024641642812639475,0.00016289409541059285,0.00023296927975025028,0.00017807038966566324,0.00021032932272646576,0.00015742404502816498,0.00020339681941550225,0.0001303301251027733,0.00018516313866712153,0.00018511852249503136,0.00021123720216564834,0.00026172102661803365
300,0.00016716233221814036,0.00021459684649016708,0.00021144025959074497,0.00023046952264849097,0.0002437895891489461,0.00019476130546536297,0.0002480863477103412,0.00024548027431592345,0.0002330342394998297,0.00016426669026259333,0.00023119253455661237,0.00012945920752827078,0.0001812795380828902,0.00024260778445750475,0.00019539010827429593,0.0002585532492958009,0.0002467131125740707,0.00015342386905103922,0.00023070424504112452,0.0001572632318129763,0.00015176447050180286,0.0002535823732614517,0.0002344468084629625,0.0002656499855220318,0.0001857033057603985,0.0002210368256783113,0.00020826896070502698,0.0001932354789460078,0.00019171228632330894,0.0003062508476432413,0.00012649163545574993,0.0002789093123283237,0.00026268354849889874,0.0001741668238537386,0.0002818615175783634,0.0001443947257939726,0.00026025634724646807,0.00026764129870571196,0.00024287034466397017,0.00032134033972397447,0.00013118489005137235,0.0003174052108079195,0.00012080954184057191,0.0003240761288907379,0.00020547221356537193,0.00022425095085054636,0.00028517169994302094,0.00015602963685523719,0.00016791594680398703,0.0001693917001830414
400,0.00012131528637837619,0.0001669403864070773,0.00023731289547868073,0.0001792467082850635,7.298008858924732e-05,0.0001164154164143838,8.673722186358646e-05,8.06553362053819e-05,0.0001790759270079434,9.477818093728274e-05,0.00011477706721052527,6.948157533770427e-05,0.000160772236995399,9.349135507363826e-05,8.998357225209475e-05,0.00019058490579482168,0.0001563445111969486,0.00022670507314614952,0.00017581024440005422,0.0001403232163283974,9.460992441745475e-05,0.00017436208145227283,7.20976313459687e-05,9.803891589399427e-05,0.00013684516306966543,9.188175317831337e-05,6.160082557471469e-05,0.00011475235805846751,0.00018700007058214396,9.36587093747221e-05,8.924825669964775e-05,0.00010834168642759323,0.0003100368776358664,0.00011612069647526368,0.000192836276255548,0.00013068265980109572,0.00015722656098660082,9.99208859866485e-05,0.00011484642891446128,0.00020606056204997003,6.542893970618024e-05,0.00013747306365985423,9.613265137886629e-05,0.0001525968691566959,7.099669892340899e-05,8.122668805299327e-05,0.00020115978259127587,0.00012266449630260468,0.0001279238931601867,7.537980127381161e-05
500,0.0002089955669362098,0.0001438723411411047,0.00019306730246171355,0.0001510713918833062,0.00013929828128311783,0.00012313734623603523,0.00017314549768343568,0.00024952308740466833,0.00014377717161551118,9.646202670410275e-05,0.00019900468760170043,0.00017317359743174165,7.706321048317477e-05,0.00016002121265046299,0.000130421482026577,0.0001558777439640835,0.00012757538934238255,7.921022188384086e-05,0.00011580001591937616,0.00011016626376658678,0.00011779133637901396,0.00015654799062758684,9.370554471388459e-05,6.95271955919452e-05,8.560720016248524e-05,0.00013239575491752476,0.0001137598737841472,0.00013943357043899596,9.305674757342786e-05,0.00010180447861785069,0.00011826278205262497,0.00015469995560124516,0.00010102322994498536,0.00011474054190330207,0.00018590691615827382,0.0002489371981937438,9.012522059492767e-05,0.00021426263265311718,0.00011403268581489101,0.00024075979308690876,9.22105391509831e-05,0.00018666559481061995,0.00017999437113758177,8.675814024172723e-05,0.00012359603715594858,0.00019255765073467046,0.00011061264376621693,0.00011332410940667614,0.0001626174635021016,0.00010774510155897588
600,9.3556271167472e-05,0.00011397134949220344,0.00022840252495370805,0.00019341797451488674,0.00019461380725260824,0.0001035438253893517,0.00010128813300980255,9.50718967942521e-05,9.738864901009947e-05,9.390436753164977e-05,0.00011654955596895888,0.00013077445328235626,0.00011697748414007947,0.0001299298892263323,0.00010579686204437166,0.0001248089683940634,0.00010164936975343153,7.116152119124308e-05,9.26090870052576e-05,0.00014781442587263882,0.00018287001876160502,0.0001818481250666082,9.244259126717225e-05,8.331671415362507e-05,5.9420726756798103e-05,0.00016961104120127857,8.290883124573156e-05,0.00010666222078725696,0.00015002953296061605,0.00010105393448611721,8.357658953173086e-05,0.00016411027172580361,0.00013256841339170933,0.00018948120123241097,0.00010129381553269923,0.00015458808047696948,8.441649697488174e-05,9.9450939160306e-05,0.00013174739433452487,0.00015737370995339006,9.352411871077493e-05,9.299608791479841e-05,0.00016102234076242894,9.147021773969755e-05,0.0002499770780559629,0.00012638304906431586,0.00012684731336776167,0.00011357671610312536,9.732211765367538e-05,5.7735935115488246e-05
700,0.00011927659215871245,0.00017306837253272533,0.00017403413949068636,0.00010605479474179447,0.00014535212540067732,9.679481445346028e-05,8.484449062962085e-05,8.84181572473608e-05,0.00016632398182991892,0.00011062203702749684,7.217671372927725e-05,6.695171032333747e-05,0.00015183057985268533,0.00012944269110448658,0.0002844747214112431,0.0001271234214073047,7.838418241590261e-05,0.000101325917057693,0.00014788917906116694,0.00019878915918525308,0.00014214533439371735,0.0001430879783583805,6.606103124795482e-05,8.830999286146834e-05,0.00012149263784522191,7.28344457456842e-05,0.00016803882317617536,0.0001142738401540555,9.538173617329448e-05,0.00024178910825867206,7.863424980314448e-05,8.000328671187162e-05,0.00011300266487523913,9.153678547590971e-05,8.287615492008626e-05,0.00016960703942459077,0.0002450162428431213,7.772800017846748e-05,0.0001358178851660341,9.297548240283504e-05,0.0001617744710529223,8.497370436089113e-05,0.00010915318853221834,0.0001306451013078913,0.00019671647169161588,0.00021087954519316554,7.511446165153757e-05,0.00010697528341552243,7.90765043348074e-05,0.0001139976448030211
800,0.0001156142316176556,0.00012398333637975156,0.00019398325821384788,7.24169731256552e-05,9.997936285799369e-05,0.000149937070091255,0.00014880471280775964,0.00020428311836440116,0.0002028476883424446,0.00011918286327272654,0.00015582684136461467,6.813272921135649e-05,6.296296487562358e-05,5.532766226679087e-05,0.00014006032142788172,9.463366586714983e-05,0.00014301987539511174,0.00011231798998778686,9.201360080623999e-05,0.00010507639672141522,0.00019444148347247392,0.0002304765221197158,0.00021750539599452168,0.00011886000720551237,8.88827198650688e-05,0.00030047979089431465,0.00020924019918311387,0.00019199629605282098,0.0001248301414307207,9.750526078278199e-05,0.0001999318046728149,0.0001139534724643454,0.0001064776151906699,0.00011110136983916163,9.55169671215117e-05,7.942187949083745e-05,7.990973244886845e-05,0.00010052319703390822,0.00020016342750750482,0.0002833648177329451,6.842648144811392e-05,0.0003221161605324596,0.00019099898054264486,0.0001998584921238944,0.00013295825920067728,0.0001869063707999885,0.00018352706683799624,8.836361666908488e-05,9.606732783140615e-05,0.00011538951366674155
900,0.00012124393106205389,0.00020121621491853148,0.00010961538646370173,0.00014433066826313734,0.00010330837540095672,9.242788655683398e-05,0.00013685233716387302,7.32418557163328e-05,0.0001058196066878736,7.387008372461423e-05,0.00023273368424270302,0.00012168879766250029,0.00014216933050192893,8.465594873996451e-05,0.0001434532750863582,0.00016244064318016171,0.00014897299115546048,0.00010703028965508565,0.00013206771109253168,8.986922330223024e-05,0.00013189205492381006,8.85510235093534e-05,8.67554044816643e-05,8.573637751396745e-05,7.567787542939186e-05,0.00018079402798321098,9.322625555796549e-05,0.00011991630890406668,0.00012861409049946815,0.0002088782493956387,8.334141602972522e-05,0.0001517675118520856,8.781015640124679e-05,0.00012662640074267983,0.00010215995280304924,0.00011254799755988643,0.00012033610255457461,0.00016732428048271686,6.93945330567658e-05,0.00025952383293770254,9.270169539377093e-05,5.872411566087976e-05,9.734336344990879e-05,0.00010853808635147288,0.00015891111979726702,6.751403998350725e-05,9.198654151987284e-05,6.98962394380942e-05,0.00021690405264962465,0.00011270862160017714
1000,0.0001993980404222384,9.94475994957611e-05,0.00016993097960948944,0.00016531928849872202,8.176437404472381e-05,0.00011222202010685578,7.58308669901453e-05,0.0001084392933989875,0.00019737124966923147,8.893053018255159e-05,0.00013136675988789648,8.583163435105234e-05,9.724565461510792e-05,0.0002239260502392426,0.00011052339687012136,0.0001730629737721756,0.0002872515469789505,7.133873441489413e-05,0.00013099405623506755,0.00013819565356243402,0.00018253775488119572,0.00011454705963842571,0.00010427328379591927,8.010198507690802e-05,0.0001249422930413857,9.983371273847297e-05,0.00020568312902469188,8.114011870929971e-05,7.985579577507451e-05,7.990720041561872e-05,0.00014636898413300514,0.0001830929977586493,0.0001509217981947586,0.00017683094483800232,9.376236266689375e-05,5.7890258176485077e-05,0.00010223605204373598,0.00021548972290474921,0.00010226307495031506,0.00011890438327100128,0.00017430479056201875,0.00015455213724635541,0.0001230424823006615,0.00019367285131011158,9.471925295656547e-05,0.00014750572154298425,0.00012468444765545428,0.00020028774451930076,0.0001552078319946304,9.450834477320313e-05
1100,0.0001083837851183489,0.0001276241528103128,8.428117871517316e-05,0.00011646324855973944,9.98252144199796e-05,0.00010251301864627749,0.00018264960090164095,0.00012118105223635212,0.00014540873235091567,0.00010962673695757985,8.416578930336982e-05,0.00019980980141554028,7.553981413366273e-05,6.421611760742962e-05,0.00017349566041957587,0.0001730194198898971,0.00014698271115776151,9.58294331212528e-05,0.00021660677157342434,0.0001536990748718381,0.00016068090917542577,0.0001512410381110385,0.000198664769413881,8.032025652937591e-05,8.654176053823903e-05,0.00010912109428318217,0.00013064182712696493,0.0003042089520022273,0.00025891256518661976,0.00010155626659980044,9.329885506303981e-05,0.00015265948604792356,9.446572948945686e-05,0.00017709025996737182,0.00010691278293961659,5.894926653127186e-05,0.00023130282352212816,0.00019563655951060355,0.00020693997794296592,0.0002719242766033858,0.00011750979319913313,0.00010664079309208319,0.00012753142800647765,0.00022276623349171132,0.0001142274122685194,0.0002210194943472743,0.0001680869609117508,0.00020775602024514228,0.0001566803257446736,0.00011622660531429574
1200,0.00010921233479166403,7.74898289819248e-05,7.63760253903456e-05,0.0001578327501192689,0.00012968700320925564,0.00010164310515392572,8.896354120224714e-05,0.00011089567851740867,0.00012494296242948622,0.00014748361718375236,6.471305823652074e-05,0.00012792709458153695,0.0001860508491517976,0.0001123862384702079,0.0001231721689691767,8.143686136463657e-05,8.316140156239271e-05,0.00011353058653185144,7.908172847237438e-05,0.00011546727910172194,0.00011780917702708393,0.0001611572952242568,0.0001396726001985371,8.232211257563904e-05,0.00011049623572034761,9.328700980404392e-05,0.00017056915385182947,0.00030421416158787906,0.00012956123100593686,0.00017114565707743168,8.352999429916963e-05,0.00014837425260338932,0.00011598565470194444,8.305339724756777e-05,0.00015194616571534425,6.175394082674757e-05,0.0002669515088200569,9.62739359238185e-05,9.849601337919012e-05,0.00025977514451369643,0.00013658918032888323,0.00021664488303940743,0.00020671803213190287,0.00013845002104062587,9.188595140585676e-05,0.00014638403081335127,0.000137555951368995,0.00013383422628976405,0.00015501488815061748,8.695579890627414e-05
1300,0.00012372386117931455,0.00014987311442382634,0.00014195017865858972,8.503512071911246e-05,0.0001765723864082247,0.00012756659998558462,0.0001560107193654403,0.00011236856516916305,0.00016126340779010206,9.2522801423911e-05,0.00016360005247406662,0.00022816112323198467,8.388504647882655e-05,0.00010474486771272495,0.00012959838204551488,0.00011941221600864083,0.00010054594895336777,0.00013134526670910418,0.00011072040069848299,0.00016961063374765217,0.00029411056311801076,0.00014474191993940622,0.0001901450305012986,0.00013012916315346956,0.00016839083400554955,9.167441021418199e-05,0.00012669396528508514,0.000245138187892735,0.0001254226517630741,0.0001221671118400991,0.00010918285261141136,0.0001456627796869725,0.00011504864960443228,0.0002538491680752486,0.00022063855431042612,6.295246566878632e-05,0.00014478579396381974,0.00012757777585648,0.00017270359967369586,8.946063462644815e-05,9.904929174808785e-05,7.977389759616926e-05,8.88029535417445e-05,9.29287780309096e-05,9.802474960451946e-05,0.0001526361156720668,7.669250044273213e-05,0.0002155232650693506,0.00021602910419460386,0.00028619117802008986
1400,0.0001280611177207902,9.9767348729074e-05,7.214469951577485e-05,0.00014898170775268227,5.448370211524889e-05,0.00011779342457884923,9.298128861701116e-05,6.478109571617097e-05,7.255868695210665e-05,0.0001278151903534308,7.340862066484988e-05,7.678750989725813e-05,6.59416473354213e-05,6.896930426592007e-05,0.00027448349283076823,0.00014136475510895252,9.99564872472547e-05,8.074279321590438e-05,0.0001710928336251527,0.00012728483125101775,0.0002543108712416142,0.00012143016647314653,0.0002393379108980298,8.831786544760689e-05,0.00011659417941700667,7.542318053310737e-05,7.491531869163737e-05,0.0001593003689777106,0.00012285730917938054,8.195591362891719e-05,0.00011879859812324867,0.00011956500384258106,0.0001754979748511687,0.0001467863330617547,0.00027802801923826337,5.799637074233033e-05,0.00012544088531285524,0.00016770440561231226,0.00016713298100512475,0.00015778258966747671,0.00010773370740935206,0.0001011779677355662,0.00017528198077343404,9.356830560136586e-05,6.346556619973853e-05,0.00011687423102557659,7.509245187975466e-05,7.178232044680044e-05,0.00015732804604340345,8.662781328894198e-05
1500,8.699505997356027e-05,0.0001228427718160674,0.00021247299446258694,0.0001180032777483575,9.792528726393357e-05,0.000125778722576797,0.0001250583300134167,7.857796299504116e-05,0.00014478352386504412,9.719768422655761e-05,6.067181675462052e-05,0.00026961881667375565,0.00012062842870363966,0.0001451075222576037,0.0002462914271745831,0.00024128340010065585,0.00011406862904550508,9.071720705833286e-05,0.00028828607173636556,0.00026791144046001136,0.00011014448682544753,9.495292033534497e-05,0.00011743071081582457,0.00026151511701755226,8.681998588144779e-05,8.413496834691614e-05,6.722459511365741e-05,0.00020310965192038566,0.0001391004043398425,8.5694897279609e-05,0.00010834517161129043,0.0003082419862039387,0.0001481451326981187,7.790726522216573e-05,0.0001259380078408867,6.63750761304982e-05,9.715800115372986e-05,0.00011003665713360533,0.00018017723050434142,0.00014336784079205245,0.00014946704322937876,0.00013509242853615433,0.00011767195974243805,9.79048345470801e-05,0.00014923808339517564,7.859514153096825e-05,8.782967051956803e-05,0.0001697047846391797,8.856932981871068e-05,8.135594544000924e-05
1600,0.00018288064165972173,0.0001015557863865979,6.192049477249384e-05,0.00013021055201534182,8.439091470791027e-05,9.874489478534088e-05,0.00013602622493635863,0.00013668849715031683,0.00010432521958136931,0.0002341115614399314,0.00010959595238091424,0.00025238670059479773,6.673786992905661e-05,0.00017871100862976164,0.00015430586063303053,0.00010556316556176171,0.00014083951828069985,0.00011621411249507219,0.00024596182629466057,0.0002930115442723036,0.00010113453026860952,0.0002306965325260535,8.419888035859913e-05,0.00018522702157497406,9.346776641905308e-05,0.00012683488603215665,0.00022593452013097703,7.857927994336933e-05,0.00019669510948006064,0.0001016013920889236,0.0001504810934420675,0.00010474088048795238,9.304971899837255e-05,8.99043443496339e-05,0.0002798802452161908,9.53068447415717e-05,0.00020301211043260992,0.0001569479500176385,0.00016790605150163174,9.869813220575452e-05,0.0001315096887992695,0.0001342667528660968,8.628558134660125e-05,0.0001179947576019913,0.00016635190695524216,9.801252599572763e-05,0.00019631464965641499,0.00020272962865419686,0.0001308444916503504,0.00025474693393334746
1700,8.146121399477124e-05,0.0001389525568811223,0.00014260737225413322,0.00014617323176935315,0.00012541904288809747,8.455300849163905e-05,0.00020419750944711268,0.00010985685366904363,0.00014045975694898516,0.00023550426703877747,0.00011077318777097389,0.00014416786143556237,0.0001100310983019881,0.00023874375619925559,0.00011585952597670257,0.0002035156503552571,0.00017533796199131757,0.0001286606420762837,0.00012281308590900153,0.00010832615225808695,8.764680387685075e-05,0.0001232295180670917,0.00010440292680868879,9.075267007574439e-05,0.00011820127110695466,0.0001344898046227172,0.0002121439902111888,8.201307355193421e-05,0.0001354699197690934,0.0001244040613528341,0.0001385248324368149,0.00011990674829576164,7.670708146179095e-05,7.718995038885623e-05,0.0001416634040651843,7.427202217513695e-05,7.6442607678473e-05,0.00010668145841918886,0.00016143971879500896,0.00010175560601055622,0.00014711450785398483,0.00012006582983303815,0.0001488876878283918,0.00019183146650902927,0.00010188206215389073,9.897947893477976e-05,0.00012016714026685804,0.00017885024135466665,0.0002500518749002367,9.895073890220374e-05
1800,9.984934149542823e-05,9.756380313774571e-05,0.00021601325715892017,0.00020018884970340878,0.00012670934665948153,0.00016392975521739572,0.0002424577542115003,0.00012829371553380042,8.439624798484147e-05,0.00022088555851951241,0.00013779036817140877,0.0002748859697021544,0.00014611480582971126,0.00010783214383991435,0.0001311009400524199,9.24066553125158e-05,0.0002110881032422185,0.0001533509057480842,0.00011568535410333425,0.0001406392693752423,0.0001493827294325456,0.00018082749738823622,0.00023848745331633836,0.0001169934548670426,0.00018060850561596453,9.758574742591009e-05,0.00012231110304128379,9.27969886106439e-05,9.410179336555302e-05,0.00012540326861198992,0.00023569399490952492,0.00011689947859849781,0.00011246957728872076,0.0001850448315963149,0.00018300555530004203,6.379007390933111e-05,7.472053403034806e-05,7.108751015039161e-05,0.00011539709521457553,0.00021461397409439087,7.490879943361506e-05,0.0002492832427378744,0.0001468224509153515,8.01461937953718e-05,0.00017287944501731545,5.7771936553763226e-05,8.80252118804492e-05,0.00020241214951965958,0.00013308064080774784,8.432898903265595e-05
1900,0.00010455666051711887,9.40407335292548e-05,7.626768638147041e-05,0.0002075541124213487,0.00010367573122493923,0.00010809070954564959,7.90608100942336e-05,0.00021720370568800718,0.00015922704187687486,9.438468987355009e-05,0.0002209244412370026,7.758723222650588e-05,0.00027677498292177916,0.00011674796405714005,7.816073048161343e-05,9.554957796353847e-05,0.000131715860334225,8.10537749202922e-05,8.837646601023152e-05,8.036196231842041e-05,0.0002343734522582963,0.00011277946032350883,0.00012140598119003698,0.00011530973279150203,8.832972525851801e-05,0.00010297640255885199,0.00012485340994317085,0.000282621564110741,8.904068090487272e-05,0.00014228907821234316,0.000142382676131092,9.208304982166737e-05,0.00012687870184890926,0.00013231716002337635,0.00020995720115024596,0.000247114832745865,0.00016886225785128772,0.00014220880984794348,7.835808355594054e-05,0.0001418829633621499,0.00017771637067198753,0.00021583381749223918,8.797420014161617e-05,0.00015286514826584607,0.00010944490350084379,0.00010971580195473507,0.00026736725703813136,0.00011274802818661556,0.0001361750328214839,0.00014102543354965746
2000,0.00019717079703696072,0.0001111480887630023,0.00010104300599778071,0.00013155456690583378,0.00019406336650718004,0.00016448026872240007,0.00017686441424302757,0.00010400877363281325,8.923915447667241e-05,0.00010560044029261917,8.265567885246128e-05,8.897033694665879e-05,8.29592245281674e-05,9.991758997784927e-05,0.0001585709978826344,9.387663885718212e-05,0.0001036735120578669,0.00015627358516212553,0.0002244026691187173,8.454673661617562e-05,0.00010569990263320506,0.0001411724224453792,0.0001277479896089062,9.133659477811307e-05,0.00019950229034293443,7.000866025919095e-05,8.410197187913582e-05,0.00025471215485595167,0.00014948370517231524,0.00011298334720777348,0.00011060747783631086,0.0001438941981177777,0.0001255611568922177,0.0001526947453385219,0.00012721240636892617,4.858844113186933e-05,8.471253386233002e-05,6.930339441169053e-05,0.00020899405353702605,0.00015261334192473441,0.0001349242520518601,0.000137916169478558,0.00015012527001090348,9.52427217271179e-05,9.212416625814512e-05,8.632175740785897e-05,0.00017291931726504117,0.00013130190200172365,0.00010793757974170148,0.00015992978296708316
2100,0.00011463482223916799,0.00022854564303997904,9.725216659717262e-05,9.709785808809102e-05,8.47277115099132e-05,0.00017334324365947396,0.00016162004612851888,0.00010797292634379119,0.00010134634067071602,9.789621253730729e-05,0.00010129690053872764,9.802087879506871e-05,7.584195554954931e-05,9.899924043565989e-05,9.297049837186933e-05,0.00012255471665412188,0.0001695826358627528,8.117721881717443e-05,0.00022340762370731682,0.00011462112161098048,9.303919796366245e-05,0.00013269322516862303,0.00011092061322415248,0.00021082459716126323,9.080836025532335e-05,0.00013267075701151043,0.00012894604878965765,0.00010625248251017183,9.484860493103042e-05,0.00012457717093639076,0.00012084607442375273,0.00011855179764097556,0.00021571540855802596,0.00011740039190044627,0.00010361127351643518,7.832395931473002e-05,9.697992936708033e-05,0.0002702418714761734,9.711860911920667e-05,0.0001483594678575173,0.00016653191414661705,0.00010751481022452936,0.00014307507080957294,0.0001211924318340607,0.0001089588477043435,0.00011789312702603638,9.19067460927181e-05,0.00011175904364790767,0.00017278603627346456,0.00013658688112627715
2200,7.351334352279082e-05,0.0002205267664976418,0.00012003440497210249,8.636899292469025e-05,0.0001194603755720891,0.00010677715908968821,0.00021769845625385642,9.805210720514879e-05,0.00018347622244618833,7.82236093073152e-05,0.00012234838504809886,8.415732008870691e-05,0.00011717452434822917,0.00024598243180662394,0.00017488027515355498,0.00016522826626896858,0.00011974022345384583,0.00010546749399509281,0.00011056162475142628,8.537036046618596e-05,0.00019942141079809517,8.450340101262555e-05,9.20993770705536e-05,0.00020309039973653853,0.0001902077638078481,8.098550460999832e-05,0.00015462527517229319,8.779663767199963e-05,0.0001240351120941341,8.535188680980355e-05,7.794334669597447e-05,0.00013927201507613063,9.781238622963428e-05,0.00029670301591977477,0.00012611101556103677,7.818196900188923e-05,0.0001514496107120067,0.00019255717052146792,9.845743625191972e-05,8.291289123008028e-05,6.666292028967291e-05,0.0001233082148246467,0.00015535928832832724,0.00016116639017127454,8.059124957071617e-05,7.673986692680046e-05,0.00017669354565441608,0.00019376650743652135,0.0002120073913829401,0.00013031756679993123
2300,0.00015473297389689833,0.00014030987222213298,0.00015119685849640518,0.00017220620065927505,0.0001427460229024291,0.00010271281644236296,8.387275011045858e-05,0.00020601108553819358,7.075395114952698e-05,6.939771265024319e-05,6.942389882169664e-05,0.00013031506387051195,0.00019768161291722208,0.00011303111386951059,9.181460336549208e-05,0.0002263109927298501,0.00010270992061123252,0.00012062863970641047,0.00019875458383467048,0.00012180559133412316,0.00014026691496837884,0.00021812762133777142,0.00016804963524919003,0.000190654318430461,0.0002999798452947289,0.00011587183689698577,9.116518049268052e-05,9.279961523134261e-05,0.00010926925460807979,0.00018831669876817614,6.448655767599121e-05,0.00011115235247416422,0.0001361710310447961,0.0002913967182394117,0.00016910182603169233,6.686021515633911e-05,0.00014005345292389393,0.00010126985580427572,0.00010998258221661672,0.00012628464901354164,6.848809425719082e-05,0.0001261018478544429,0.00011663831537589431,9.018676064442843e-05,9.183835936710238e-05,0.0001282828307012096,0.00011760272172978148,0.00020755069272127002,0.0001922960946103558,0.00011513014032971114
2400,8.625868213130161e-05,7.688965706620365e-05,0.00019978790078312159,0.00010225548612652346,0.00022866758808959275,8.184574835468084e-05,0.00023124789004214108,0.0001648828329052776,0.00016467116074636579,0.0001523970131529495,8.333241567015648e-05,0.00013636803487315774,0.00011047940643038601,0.00010870290134334937,0.00017337262397632003,0.00011617346899583936,0.00014703994384035468,0.00017136172391474247,0.00012152629642514512,8.935558435041457e-05,0.00019899351173080504,9.505002526566386e-05,0.00012142641207901761,0.00012806328595615923,9.42112019401975e-05,0.00021078962890896946,8.944726141635329e-05,0.0001983168622246012,0.00012833363143727183,0.00011317411554045975,7.777971040923148e-05,0.00012021724978694692,0.00010456136806169525,0.00017378784832544625,8.295752923004329e-05,6.849776400486007e-05,8.532552601536736e-05,0.0001961731177289039,9.698500798549503e-05,0.00014368210395332426,8.7206375610549e-05,7.371717219939455e-05,9.308942389907315e-05,7.964058022480458e-05,0.00017689257219899446,0.00028438857407309115,0.00010409580136183649,0.00010178310185438022,0.00017997552640736103,9.97275419649668e-05
2500,9.517715807305649e-05,0.00016589104779995978,0.00010553923493716866,0.00015212877769954503,0.00013678176037501544,0.00023190568026620895,0.00011299026664346457,0.00011791079305112362,0.00015327922301366925,0.00014991195348557085,9.55029099714011e-05,0.00020336589659564197,9.90469052339904e-05,0.0001421485940227285,0.00014431652380153537,8.005634299479425e-05,9.33513292693533e-05,0.00017055914213415235,0.00021455023670569062,8.454003545921296e-05,9.723506809677929e-05,0.00010839899186976254,8.410987356910482e-05,0.00011520092812133953,0.00011798573541454971,0.00022634360357187688,0.00018193406867794693,0.000209682053537108,0.00018922965682577342,7.979178917594254e-05,0.00017159213894046843,0.00016018471796996891,0.00014292025298345834,0.00011756073217839003,8.767183317104355e-05,0.00013528931594919413,0.00010123736137757078,0.00010978642239933833,0.00012544226774480194,0.0001325436751358211,0.0001437047467334196,8.232344407588243e-05,0.00010895440209424123,0.00011110943887615576,0.00016145213157869875,0.00019100168719887733,0.0002119262353517115,0.0001300517178606242,8.430340676568449e-05,0.0002126232284354046
2600,0.00013970975123811513,0.0001550016604596749,0.00021252702572382987,0.0001610387407708913,0.0001538731303298846,8.739983604755253e-05,0.00012448533379938453,0.00015172733401414007,0.00020173806115053594,0.0001124018308473751,0.0001621777337277308,0.00013553891039919108,8.386818808503449e-05,0.00024864106671884656,0.00013249146286398172,0.00010194419155595824,0.00012589633115567267,0.0002268356183776632,0.00012122288171667606,9.840770508162677e-05,0.00012163022620370612,0.0001748209906509146,0.00020024910918436944,0.00011203547182958573,0.00021970539819449186,0.00018630204431246966,0.00017767248209565878,0.00012333133781794459,0.0001486104738432914,8.681133476784453e-05,0.0001578529190737754,0.00012951731332577765,0.00013818021398037672,0.0002772588632069528,8.72456148499623e-05,8.24009403004311e-05,0.00028261373518034816,0.00011741279013222083,0.0001818064192775637,0.00019324340973980725,0.0001703747984720394,0.00013053452130407095,0.0001305556361330673,0.00011678083683364093,9.74663853412494e-05,0.00020937983936164528,0.00018934141553472728,0.00030076978146098554,0.00012037709529977292,8.580367284594104e-05
2700,0.00020088076416868716,0.0001494622410973534,0.0002333685552002862,6.96904317010194e-05,7.365793135249987e-05,6.76211784593761e-05,9.326355211669579e-05,0.00013384046906139702,0.00014842824020888656,0.00011850102600874379,9.870504436548799e-05,9.905647311825305e-05,0.00013637282245326787,0.00011195994011359289,0.00015899726713541895,0.0001466283283662051,0.00019998406060039997,0.00014745784574188292,0.00018455578538123518,9.278128709411249e-05,0.0001805866922950372,0.0001228794571943581,0.00023088132729753852,0.00013802244211547077,9.620913624530658e-05,0.00012922978203278035,9.973962005460635e-05,0.00014626039774157107,0.0001279288117075339,0.00017369828128721565,0.00011946573067689314,0.00013402299373410642,0.0001133514815592207,0.0001536757918074727,0.00021563362679444253,9.494926780462265e-05,0.0002983373706229031,0.00011633301619440317,0.00018416022066958249,9.575754666002467e-05,7.080301293171942e-05,0.00013562165258917958,0.00026885216357186437,8.85603585629724e-05,8.183119643945247e-05,0.00011143595475004986,0.00013174732157494873,0.00014481469406746328,0.00021194001601543278,0.0001768623333191499
2800,0.00016060419147834182,0.00014835188630968332,0.00020296000002417713,0.00011360906501067802,0.00014754614676348865,9.750271419761702e-05,0.00015560736937914044,7.884988735895604e-05,0.00020616377878468484,0.00012769692693836987,8.024402632145211e-05,0.00014485257270280272,7.348073995672166e-05,8.071864431258291e-05,0.0001885788660729304,9.993078128900379e-05,0.0001503887469880283,0.00010356523125665262,0.00022511379211209714,0.00010869989637285471,0.00011584570165723562,8.507524762535468e-05,6.480288720922545e-05,0.0002367932174820453,0.00010441784252179787,0.00010904300143010914,0.00014742124767508358,0.00017594658129382879,9.600284829502925e-05,0.00013859149476047605,8.768696716288105e-05,0.000127158360555768,0.0001121847381000407,7.574580376967788e-05,7.38574963179417e-05,7.129948789952323e-05,0.00011036537762265652,0.00015299323422368616,9.071084059542045e-05,0.00011963915312662721,0.0002424962294753641,8.947308378992602e-05,0.0003231694863643497,0.00011342066864017397,9.175924060400575e-05,0.00016971009608823806,0.00012177821190562099,0.00019454609719105065,0.00021575263235718012,0.00015242207155097276
2900,8.517799869878218e-05,9.784943540580571e-05,0.00018045627803076059,0.00014856093912385404,0.00010453815048094839,7.931408617878333e-05,0.00014879833906888962,0.00014680532331112772,0.00026418588822707534,9.603839134797454e-05,0.00019071194401476532,0.00013205411960370839,0.00022393910330720246,0.00014160570572130382,0.00014496665971819311,0.00017294043209403753,0.0001255257666343823,9.551781113259494e-05,0.00016391807002946734,0.00022780166182201356,6.794871296733618e-05,0.00022113350860308856,0.00015876651741564274,8.47892661113292e-05,0.00012840285489801317,9.143897477770224e-05,0.00013283276348374784,0.00011276306031504646,0.00015748318401165307,0.00018815950897987932,0.00020078472152817994,0.00022559579520020634,9.825839515542611e-05,0.00013100243813823909,0.0001171728436020203,7.438179454766214e-05,0.0001177229278255254,0.0001055811662808992,0.00010739154822658747,0.00010678369289962575,0.00018254744645673782,7.522210944443941e-05,7.742374873487279e-05,0.00020875026530120522,0.00010930161079159006,0.00023308007803279907,0.00010068699339171872,0.00012065417831763625,0.0002828327415045351,0.00015475216787308455
3000,0.00013703806325793266,8.988350600702688e-05,0.00019735789101105183,0.00019132999295834452,9.053985559148714e-05,0.00011440801608841866,9.68237072811462e-05,8.725763473194093e-05,0.0001174636636278592,0.00010462610953254625,0.00011928183084819466,0.0002357408229727298,9.955053974408656e-05,9.46056898101233e-05,0.00011474687198642641,9.950379171641544e-05,8.633561083115637e-05,0.00018432112119626254,0.00013875520380679518,0.0001464781817048788,0.00017362194193992764,0.00012846860045101494,0.00012711041199509054,0.0002587703929748386,0.00016840017633512616,9.569359826855361e-05,0.00012584558862727135,0.0001539325894555077,0.00011294372961856425,0.00011637838906608522,7.423580245813355e-05,0.00018199108308181167,0.00010378338629379869,0.0001171423718915321,0.0001284790487261489,8.870950841810554e-05,0.00013166299322620034,0.00010740606376202777,9.815289377002046e-05,0.00018120949971489608,0.0002892789780162275,0.00026043615071102977,0.0001621822448214516,0.00017270234820898622,0.0001479706261307001,6.267704156925902e-05,0.00011208033538423479,0.0001597470254637301,0.00011868692672578618,9.956619760487229e-05
3100,8.258538582595065e-05,0.00011690774408634752,0.00016436293662991375,0.00014040862151887268,8.491234621033072e-05,0.00014395189646165818,9.674948523752391e-05,9.779671381693333e-05,0.00023788487305864692,0.0001743967877700925,0.0001612486521480605,0.00012589730613399297,0.00011804122186731547,0.000217334323679097,0.0001612657360965386,0.00011859479127451777,0.00011646591156022623,0.00011228000948904082,0.00014774335431866348,0.00011298600293230265,0.000136567308800295,9.044573380379006e-05,0.00010333769023418427,0.0001026215250021778,0.00022160541266202927,0.00017965378356166184,0.00015393467037938535,0.00018157839076593518,0.00011321366037009284,0.00013155851047486067,0.0001687563635641709,0.00022696531959809363,0.00020046297868248075,0.00014466443099081516,0.00011037965305149555,5.1661463658092543e-05,0.00015096430433914065,0.00010035926243290305,9.054077963810414e-05,0.00011800283391494304,9.898962161969393e-05,0.00010324538015993312,0.00019641000835690647,0.00016443923232145607,0.00010909300908679143,0.00012053367390763015,0.0001548785512568429,0.00032544511486776173,0.00016062513168435544,8.19743872852996e-05
3200,0.00010033755825133994,6.868475611554459e-05,0.00016848338418640196,0.00010309243225492537,7.015748269623145e-05,0.00011972433276241645,0.00010486341489013284,8.998242992674932e-05,0.00016880742623470724,0.00019723635341506451,8.79511862876825e-05,0.00012110630632378161,9.583102655597031e-05,0.00020367803517729044,0.00012896778935100883,0.0001500211510574445,0.0002035245852312073,0.00012129151582485065,0.00020333504653535783,0.00013405291247181594,0.00010637165541993454,0.00010517448390601203,7.538771023973823e-05,0.00010173171904170886,7.794010161887854e-05,8.98378057172522e-05,0.00011232318502152339,0.00018315593479201198,0.00012233422603458166,8.024815178941935e-05,0.00011302120401524007,0.0002209789090557024,0.00011962880671489984,0.00013320606376510113,0.00017748821119312197,6.863880844321102e-05,0.00012300023809075356,0.0001319655275437981,0.00012549106031656265,0.0002118554839398712,0.0002470159961376339,0.000257072999374941,0.00019599190272856504,0.0002584834292065352,8.160378638422117e-05,9.950144158210605e-05,0.00016273802611976862,8.42019435367547e-05,0.00020133156795054674,8.010179590201005e-05
3300,0.00013677818060386926,0.0001735254772938788,0.00010578694491414353,0.00010414673306513578,7.391296094283462e-05,0.00012986942601855844,0.00013904759543947875,7.617982191732153e-05,0.00011508122406667098,0.0001696122344583273,0.00015032086230348796,6.908416253281757e-05,0.00010705859313020483,6.971816765144467e-05,0.0001206526139867492,0.00018771573377307504,0.00012395578960422426,0.00016854236309882253,0.00018118871957994998,0.00020082929404452443,0.00013375178968999535,0.00011613959941314533,0.00019277716637589037,8.519892435288057e-05,0.00010206036677118391,0.00015946364146657288,0.00010939374624285847,0.0001138006555265747,8.258620800916106e-05,0.00016287087055388838,0.00012244326353538781,0.00011278629244770855,0.00023483656696043909,0.00010107000707648695,0.00010315357940271497,6.880314322188497e-05,8.445103594567627e-05,9.372123895445839e-05,0.0001523556566098705,0.00012523554323706776,0.00010794735135277733,0.00012083880574209616,0.00010707862384151667,0.00012364132271613926,0.000227339070988819,9.035822586156428e-05,0.00022015045396983624,0.0001311852247454226,0.0003266132844146341,0.00012293647159822285
3400,0.0001681752037256956,8.63363966345787e-05,7.446666859323159e-05,9.239474456990138e-05,0.00016291963402181864,8.220084419008344e-05,0.0002076553791994229,9.770555334398523e-05,9.947788203135133e-05,0.00015239135245792568,9.585784573573619e-05,8.372278534807265e-05,8.453932241536677e-05,0.0001396053994540125,0.0001039171329466626,9.881582082016394e-05,0.00017927528824657202,0.00011769191041821614,9.728642908157781e-05,7.917495531728491e-05,0.00010757873678812757,0.0002310597919858992,0.00011088565224781632,7.872818969190121e-05,0.00013931692228652537,0.00014933064812794328,8.025272836675867e-05,0.00010667994502000511,0.00017700974422041327,0.00023101114493329078,0.00017105269944295287,7.992028258740902e-05,0.00020076672080904245,0.00012010310456389561,0.00018881959840655327,0.00015605776570737362,0.00011113852815469727,9.386764577357098e-05,0.0001225815649377182,8.925548900151625e-05,0.00011727091623470187,8.037900261115283e-05,0.00017566881433594972,0.00011088202154496685,8.735738811083138e-05,0.0001731150841806084,0.00011164546594955027,0.00016625423450022936,9.55298964981921e-05,0.00012999588216189295
3500,0.00010002244380302727,9.746657451614738e-05,0.00011857839854201302,0.00012185708328615874,9.511097596259788e-05,0.00010461056081112474,8.750482083996758e-05,0.00017416890477761626,0.00011747023381758481,0.00015385396545752883,8.214620902435854e-05,7.526456465711817e-05,0.00013952812878414989,0.0001970133016584441,0.00010898509208345786,0.00015769133460707963,7.910392741905525e-05,0.00014141143765300512,0.0001045155877363868,0.00018595402070786804,0.00015503617760259658,0.0001244692539330572,9.144625801127404e-05,0.0001873828296083957,0.0001598299277247861,9.380887786392123e-05,6.73565809847787e-05,0.00014399219071492553,0.00019786623306572437,0.00013554106408264488,0.0003082128241658211,0.0001765397610142827,0.00014677045692224056,0.00012150746624683961,0.00010959766950691119,0.00031622490496374667,0.00011721016926458105,6.634077726630494e-05,0.00010664113506209105,8.221823372878134e-05,7.985869888216257e-05,0.00014954879588913172,0.00012725725537166,0.00011253301636315882,0.00016018119640648365,0.0001527219283161685,0.00011507709132274613,0.00017798318003769964,9.91303677437827e-05,0.00010568995639914647
3600,0.00014693589764647186,7.234179065562785e-05,0.00010104440298164263,7.916121830930933e-05,0.00013128318823873997,8.132003858918324e-05,0.00017803233640734106,0.0002446413564030081,0.00015016413817647845,9.086846694117412e-05,0.00019085471285507083,0.00014075406943447888,0.00010330411168979481,0.0002384120598435402,0.00010332618694519624,0.00012426423199940473,0.0001390864053973928,0.00021233894221950322,9.383218275615945e-05,0.00012866771430708468,0.000235843937844038,0.00024486510665155947,9.982110350392759e-05,0.00016369950026273727,0.00019722989236470312,0.0001001357741188258,7.96848107711412e-05,0.0001273246598429978,0.00020799563208129257,0.00016002518532332033,8.408114081248641e-05,0.00015303472173400223,0.00011296597222099081,0.00021968744113110006,8.272959530586377e-05,0.00011175216786796227,0.0001445808302378282,0.00015868058835621923,0.0001483137020841241,0.0001223597937496379,7.104763062670827e-05,0.0001235397794516757,7.302384619833902e-05,0.00010617778752930462,6.79246659274213e-05,6.982330523896962e-05,0.00011871598690049723,9.594119183020666e-05,0.00022303346486296505,0.0002315292222192511
3700,0.00013339427823666483,0.00018223370716441423,0.00015836674720048904,0.00011790805001510307,0.0001446158130420372,0.000111406174255535,7.83337454777211e-05,9.804248111322522e-05,0.00013748441415373236,0.00010049591946881264,0.00014139282575342804,6.661919178441167e-05,0.00019778918067459017,0.00016344207688234746,0.00010713369556469843,0.00010312603990314528,9.76170995272696e-05,0.00016122111992444843,0.00014611883671022952,0.00011087535676779225,0.00024959846632555127,0.00015361008991021663,8.476993389194831e-05,9.033216338139027e-05,0.00012424254964571446,0.00018266607366967946,8.447752770734951e-05,0.00010202906560152769,9.16351709747687e-05,0.00014067563461139798,0.00010719090641941875,8.95592529559508e-05,0.0001261778234038502,0.00021979988378006965,9.095565474126488e-05,6.16922479821369e-05,0.00010387141082901508,0.00011888145672855899,0.00011407775309635326,0.00027510744985193014,0.00012217438779771328,0.00010131199815077707,7.152887701522559e-05,0.0002898395177908242,0.00014797081530559808,0.0001747504429658875,0.00023425105609931052,0.00014169370115268975,0.00010568695142865181,9.762326226336882e-05
3800,9.099979797611013e-05,8.228642400354147e-05,8.520462142769247e-05,0.00013240122643765062,0.00013187002332415432,0.00020123420108575374,7.97450848040171e-05,0.0001568275038152933,0.00012806461018044502,0.00013763431343249977,0.0002744531666394323,0.0001574406196596101,8.229737431975082e-05,0.00020600471179932356,9.870553913060576e-05,9.450827201362699e-05,0.00015980898751877248,0.00022684586292598397,0.00010522880620555952,0.0002133772795787081,0.00011137772526126355,0.00011891964095411822,0.00012063929170835763,0.0002715637383516878,0.00010131875023944303,0.00013483579095918685,9.491152741247788e-05,8.44366368255578e-05,6.856137042632326e-05,0.00011927004379685968,9.767873416421935e-05,7.09464366082102e-05,0.00010945996473310515,9.969194798031822e-05,0.00021268677664920688,0.0002094006194965914,0.00010536177433095872,0.0001426950329914689,7.732636731816456e-05,0.0001188937749247998,7.88810066296719e-05,0.0001287711493205279,0.00015286912093870342,0.00012135205906815827,0.00012126992805860937,0.00019812790560536087,0.00020300898177083582,0.00021056929836049676,0.00011941429693251848,0.00015742614050395787
3900,0.00016202018014155328,8.042056288104504e-05,8.631615492049605e-05,8.973330113803968e-05,0.00011046577128581703,0.00014410571020562202,0.00014637585263699293,0.00019091372087132186,0.00013688343460671604,7.666577585041523e-05,0.00010593023762339726,0.00015815345977898687,9.708674770081416e-05,8.585006435168907e-05,9.886013867799193e-05,0.00010752087837317958,0.00021253357408568263,8.551738574169576e-05,7.14901034370996e-05,0.00018564355559647083,0.0001882469659904018,0.00017786175885703415,0.00013349083019420505,0.00012699636863544583,0.00013653987844008952,8.477082883473486e-05,9.587681415723637e-05,0.00011434681073296815,9.718444925965741e-05,9.64661012403667e-05,0.00013836460129823536,0.00016087449330370873,8.187277853721753e-05,6.983286584727466e-05,0.00010005285002989694,8.941388659877703e-05,0.00015863659791648388,0.0002149371721316129,0.0002298428153153509,6.416087853722274e-05,9.008303459268063e-05,0.00015216943575069308,0.0001311884552706033,0.0001344729244010523,0.00012560890172608197,0.00011467681906651706,8.786637044977397e-05,0.0001324740587733686,8.070814510574564e-05,0.00027690816204994917
4000,0.00010340443259337917,0.00011024257401004434,0.00011056697985623032,9.327318548457697e-05,5.519044862012379e-05,0.00024779801606200635,8.714116120245308e-05,7.018703036010265e-05,0.00012135125871282071,0.00010781110177049413,8.196075214073062e-05,9.052773384610191e-05,8.624413021607324e-05,0.00010105684486916289,0.000139533425681293,0.00018465283210389316,0.00015150997205637395,6.67220083414577e-05,0.00015142637130338699,0.00012846506433561444,0.0001059937640093267,0.00011221794557059184,0.00012857787078246474,0.00021588911477010697,0.00014032587932888418,0.00012690617586486042,0.00012654336751438677,0.00015858998813200742,0.00016386335482820868,7.851392729207873e-05,0.00017078843666240573,0.00011191451631020755,0.00012219879135955125,0.0001281343138543889,0.0002825192059390247,0.00010359574662288651,0.0001387624943163246,0.00011363450175849721,0.00022480612096842378,0.00021555100101977587,9.69392349361442e-05,0.00026170670753344893,0.0001333811815129593,0.0001622229756321758,0.00010955469042528421,0.00013311515795066953,0.00014983360597398132,0.00010898190521402285,0.00015418198017869145,0.00018373760394752026
4100,0.00014464373816736042,0.00017086250591091812,0.00010354314872529358,0.0001121082459576428,8.172624075086787e-05,0.00013259248225949705,0.0002086774620693177,0.00017542966816108674,0.0001234016817761585,0.0001986716961255297,9.309958113590255e-05,8.005517156561837e-05,0.00013289431808516383,8.154790702974424e-05,0.0001933974854182452,0.00012509194493759423,0.0001185137007269077,0.00011433333565946668,0.00015770959726069123,0.00018221029313281178,0.00020644741016440094,0.0001392774429405108,0.0002765794051811099,8.853913459461182e-05,0.0001620965194888413,8.179585711332038e-05,0.00011924828140763566,0.00021299034415278584,0.00014658043801318854,0.00010863005445571616,0.00010629009193507954,0.00018861504213418812,0.00010470233246451244,9.437530388822779e-05,0.00013490278797689825,9.7943666332867e-05,0.00010292428487446159,9.434049570700154e-05,0.00031932935235090554,0.00014334572188090533,0.00024013780057430267,0.00012552044063340873,0.00010724251478677616,0.00013672024942934513,0.00013508125266525894,0.00012186534877400845,0.0003253210452385247,0.0001548662839923054,0.00021704644314013422,7.321520388359204e-05
4200,0.00013186587602831423,7.795334386173636e-05,0.00014923656999599189,0.00013577457866631448,0.00015849611372686923,0.0002092620707117021,0.00010706538887461647,7.361234747804701e-05,0.00022982474183663726,0.00010257128451485187,9.673986642155796e-05,9.386117744725198e-05,0.0002152097295038402,8.091862400760874e-05,0.00012127622176194564,0.00027363820117898285,0.00010462988575454801,0.00015058046847116202,0.00027628670795820653,0.00013037887401878834,0.00014549835759680718,0.0001087350319721736,0.00011811266449512914,0.0002984197635669261,0.00010549322905717418,0.000170028317370452,0.000133809371618554,7.52354899304919e-05,0.00011321365309413522,0.00010007584205595776,0.00030021319980733097,0.000198136389371939,0.00012951904500368983,0.00012819912808481604,0.00011977855319855735,8.194138354156166e-05,0.000232739417697303,0.0003186135145369917,0.00023547948512714356,9.659132774686441e-05,0.00014962072600610554,0.00016277421673294157,8.520963456248865e-05,0.0001455703895771876,0.00013537707854993641,0.00017853690951596946,0.00012898194836452603,0.00027507118647918105,9.70264445641078e-05,9.584637155057862e-05
4300,9.260630758944899e-05,7.857711898395792e-05,7.882264617364854e-05,0.00013470118574332446,8.223546319641173e-05,0.00023497232177760452,0.00011058183736167848,0.00013055052841082215,0.00014204303442966193,0.00013275648234412074,9.305909770773724e-05,0.00015991994587238878,0.0001580490788910538,9.8138400062453e-05,0.00028076651506125927,0.0001603492273716256,8.7835913291201e-05,0.00010965942783514038,0.00011611958325374871,9.655293251853436e-05,0.0001711904042167589,0.00021940228180028498,0.00011211273522349074,0.0001080768633983098,0.00015557750884909183,0.00011556089157238603,0.0001689586933935061,9.487452916800976e-05,0.00012070595403201878,0.00010054958693217486,9.141545160673559e-05,0.00011828811693703756,0.00015321921091526747,0.0001398836320731789,0.00016558270726818591,7.108156569302082e-05,0.00013632033369503915,0.0001275255053769797,0.00010543867392698303,9.468325151829049e-05,0.0002050035254796967,0.00010993201431119815,8.172031812136993e-05,0.00021767137513961643,9.782886627363041e-05,0.00023908339790068567,0.00010342120367567986,7.578614895464852e-05,0.0001568287843838334,0.0001325310586253181
4400,0.00021359456877689809,6.203092925716192e-05,0.00012126914953114465,0.00024281605146825314,0.0001895783207146451,8.454977796645835e-05,9.140891779679805e-05,8.68462011567317e-05,0.00022296149109024554,0.0002645989879965782,0.00013738813868258148,0.00011270961113041267,0.00019291001081001014,0.0001676003885222599,0.00024336582282558084,7.914425077615306e-05,0.0002001881948672235,0.0001699145941529423,9.562219929648563e-05,0.00023386126849800348,0.00015549494128208607,0.00020459092047531158,0.00014697934966534376,0.00010324896720703691,0.00012893936946056783,7.214158540591598e-05,0.0001478223130106926,9.515872079646215e-05,0.00014891615137457848,0.00027882924769073725,0.00021361716790124774,0.00010398868471384048,9.5904637419153e-05,0.00014320708578452468,0.0003147372044622898,0.00010031580313807353,0.00015748388250358403,0.0001664306764723733,0.0002084045991068706,9.49548339121975e-05,0.00011803186498582363,0.00010242277494398877,0.00020615507673937827,0.0001600185496499762,0.0001811289112083614,9.673237946117297e-05,0.00015430193161591887,6.824068987043574e-05,0.00019075191812589765,0.00014636077685281634
4500,9.561849583406001e-05,8.180885197361931e-05,0.00011594974057516083,0.00015248004638124257,0.00011218815052416176,0.00014106604794505984,9.921626769937575e-05,0.000130734610138461,0.00018668857228476554,8.82760577951558e-05,0.0001288798957830295,0.0001458379119867459,6.768552702851593e-05,8.477653318550438e-05,0.0001321634917985648,0.00011486193398013711,0.00014795683091506362,0.00011732549319276586,0.00011840462684631348,0.00016625503485556692,0.00018791401816997677,9.629429405322298e-05,0.00010840275353984907,0.0001333217805949971,9.767193114385009e-05,7.976379129104316e-05,0.00013961977674625814,0.00024476306862197816,0.00011154153617098927,0.00024279113858938217,0.0001319722068728879,0.00021510633814614266,0.0001224511070176959,8.630022057332098e-05,9.241410589311272e-05,0.00016686267917975783,0.00011736774467863142,7.168584852479398e-05,0.00011954902583966032,0.00010925750393653288,9.798255632631481e-05,0.00013560922525357455,0.0002505131997168064,0.0002760502975434065,0.00010394630226073787,7.919953350210562e-05,0.00015492155216634274,0.00010435048898216337,0.00012139954924350604,8.528746548108757e-05
4600,7.628128514625132e-05,7.391779945464805e-05,0.00010345037298975512,0.0001122548637795262,0.00014596586697734892,0.00014874550106469542,0.00019539294589776546,0.00011431230086600408,0.00010867507808143273,7.202737469924614e-05,9.153106657322496e-05,0.00010636858496582136,9.516347199678421e-05,9.438986307941377e-05,0.00013663865684065968,0.00012467119086068124,0.0001535382034489885,0.00016167994181159884,9.821169078350067e-05,8.480526594212279e-05,0.00021209227270446718,0.0001932474842760712,0.00010435531294206157,0.00019986956613138318,0.00011388040729798377,0.00012196308671263978,7.517349877161905e-05,9.308064181823283e-05,0.00010346849012421444,0.00010897550964727998,0.0001114815822802484,0.00022410911333281547,0.00015129450184758753,9.984256757888943e-05,0.00012894583051092923,6.935871351743117e-05,9.292008326156065e-05,0.00011070599430240691,8.860417437972501e-05,0.00022554454335477203,7.48687016312033e-05,0.00011598008131841198,0.00012066910858266056,0.00015370101027656347,0.00018854443624150008,0.0003013393725268543,0.00015521569002885371,0.00023758930910844356,8.060414984356612e-05,0.00032757443841546774
4700,0.00016139507351908833,0.00012249420979060233,0.00010968193237204105,0.0001159420789917931,0.00020196608966216445,0.00017786986427381635,0.00010061305511044338,7.165741408243775e-05,0.00012236385373398662,0.00013730199134442955,0.00012161571066826582,0.00016982934903353453,0.00021058796846773475,8.472386980429292e-05,0.00011430732411099598,8.098065154626966e-05,0.00018789870955515653,0.00014140945859253407,0.0001350112579530105,9.592733113095164e-05,8.39485801407136e-05,0.00010049770935438573,0.00016562257951591164,0.00010649484465830028,0.00013827304064761847,0.00010390252282377332,9.10647795535624e-05,9.272616443922743e-05,0.0001450936688343063,0.00022531849390361458,8.159886783687398e-05,0.00011098688264610246,0.00011085738515248522,8.392653398914263e-05,0.00018462880689185113,6.639958155574277e-05,0.00012394700024742633,8.82599051692523e-05,7.821141480235383e-05,0.00025320026907138526,0.00016558358038309962,0.00024284617393277586,0.00013735854008700699,0.00022657115187030286,0.00019275382510386407,0.00013604099513031542,0.00013589592708740383,0.00016424900968559086,8.83813772816211e-05,0.00020952106569893658
4800,0.00010456183372298256,0.0001318697613896802,0.00022024351346772164,0.00015217895270325243,0.0001803583581931889,0.000100152195955161,0.00014230929082259536,8.726416854187846e-05,0.00013825610221829265,6.127827509772032e-05,6.656314508290961e-05,0.00011830195580841973,0.0001360597525490448,0.00016927097749430686,0.00012372579658403993,7.712015940342098e-05,0.00011929886386496946,9.601070632925257e-05,0.00016069035336840898,0.00013322829909157008,0.00012141620391048491,0.00021977059077471495,0.00023551365302409977,0.0001294095563935116,0.0001194482683786191,0.00018945553165394813,0.00010187389852944762,0.00013303074229042977,0.0001426605595042929,9.803977445699275e-05,0.00021638307953253388,0.00010835395369213074,0.0002994702663272619,0.00011072058987338096,8.970305498223752e-05,0.00010544915130594745,0.0001433406723663211,0.00020969891920685768,0.00015455119137186557,0.0001814967254176736,7.338065915973857e-05,0.00014973897486925125,0.00011846791312564164,0.0001316186535404995,9.942227916326374e-05,0.0003250240406487137,0.00022968433040659875,7.981672388268635e-05,0.00012867084296885878,7.214124343590811e-05
4900,0.0001223492290591821,7.668563193874434e-05,6.448159547289833e-05,9.298441727878526e-05,0.0002033452328760177,7.974256732268259e-05,0.00015665222599636763,0.00013448114623315632,0.0002566285547800362,0.0001993838814087212,8.637087739771232e-05,0.00010865852527786046,0.0001246480824192986,8.212048123823479e-05,0.00012157097808085382,0.00011181773879798129,0.00013812030374538153,0.00016238079115282744,0.00017875591584015638,0.00018348463345319033,0.0002677417651284486,0.00015741027891635895,0.00020891576423309743,0.0001382687914883718,0.00015972032269928604,0.00017837686755228788,0.00021572977129835635,0.00014322708011604846,0.0001653629879001528,0.00013901456259191036,0.0001488453708589077,0.00015797524247318506,0.00013375197886489332,0.00019310337665956467,0.00016928873083088547,8.983568113762885e-05,0.0001590097090229392,0.00011340186028974131,0.00014050010940991342,0.00011496141087263823,9.646068792790174e-05,7.542772073065862e-05,8.569173223804682e-05,8.6140280473046e-05,0.00014442102110479027,0.00017983086581807584,0.0001325769699178636,0.00013620291429106146,9.813442738959566e-05,0.00014913549239281565
5000,0.00011651136446744204,8.773459558142349e-05,0.00019211300241295248,0.0002072115457849577,9.17051947908476e-05,0.00017606507753953338,0.00011272043775534257,8.729956607567146e-05,8.629160583950579e-05,0.00010354103142162785,0.00015119672752916813,9.246589615941048e-05,0.00012640425120480359,8.537175745004788e-05,8.548729965696111e-05,0.00011511876800796017,0.00010560268856352195,9.321700053988025e-05,0.00021424773149192333,0.00021825720614288002,9.950358071364462e-05,0.00012930123193655163,0.00010159653902519494,0.00021651304268743843,0.000248830794589594,0.00012931782111991197,0.00013163802213966846,7.928228296805173e-05,0.00016385293565690517,0.0001461521169403568,7.745267066638917e-05,0.0001331171952188015,0.00013520201900973916,9.588542889105156e-05,0.00014727134839631617,0.00010102482337970287,0.0001682559377513826,0.00010753502283478156,0.00012167146633146331,0.00018005519814323634,0.00015198552864603698,0.00017169219790957868,0.00010737747652456164,0.00011533006181707606,0.00029785564402118325,9.662318916525692e-05,0.00023072918702382594,0.00015287401038222015,7.854534487705678e-05,7.95612286310643e-05
5100,9.49905879679136e-05,0.0001282731391256675,0.00011043765698559582,0.00010008107346948236,0.00013236929953563958,0.00011458115477580577,0.00012004104792140424,9.53099224716425e-05,0.0001496699551353231,0.0001349160447716713,0.00012073984544258565,0.00018759036902338266,0.00011140715650981292,9.286663407692686e-05,0.00011919280950678512,0.00011567328328965232,9.896783012663946e-05,0.0001244516606675461,0.00010142032988369465,0.0002047506277449429,0.00023647512716706842,0.00010414666030555964,0.00021847282187081873,0.00012381523265503347,0.00020048095029778779,0.0002508559846319258,0.0001971372403204441,0.00016893223801162094,9.16790813789703e-05,0.00015874969540163875,0.00010025686060544103,9.133396815741435e-05,0.0001016546884784475,8.661499305162579e-05,0.0001079185021808371,0.00010468244727235287,0.0001317751157330349,0.00016904559743124992,0.0001610727922525257,8.824069664115086e-05,0.00011151214130222797,0.00015157654706854373,0.00021242097136564553,0.00011796796752605587,0.00026645048637874424,0.0002894865465350449,0.00013282327563501894,0.00013808149378746748,0.00010799358278745785,8.483722194796428e-05
5200,0.00010155524068977684,0.00015770121535751969,8.898902888176963e-05,9.929265797836706e-05,8.078513928921893e-05,0.0001687099866103381,9.24577543628402e-05,0.00014324068615678698,0.00015037570847198367,7.459495100192726e-05,0.00013873953139409423,0.00010893616854446009,0.0001859268668340519,0.00026793641154654324,0.00010994051990564913,0.00016307005716953427,0.00012573617277666926,0.00010276959073962644,7.261939026648179e-05,0.00016234333452302963,9.429972124053165e-05,0.00026321460609324276,0.00017821829533204436,7.984832336660475e-05,0.00013519539788831025,0.00014029415615368634,0.000197997986106202,0.00011039454693673179,0.00014785384701099247,0.00019699925906024873,0.00013590096205007285,8.018362132133916e-05,0.0001279875577893108,8.928252646001056e-05,0.00012408680049702525,7.588103471789509e-05,0.0003164673107676208,6.576502346433699e-05,0.00015958370931912214,0.0001854946749517694,0.0001258891716133803,0.00010031693091150373,0.00013039304758422077,0.00013151542225386947,0.00011387528502382338,0.00010086731344927102,0.00012740488455165178,0.00019216357031837106,0.00014428378199227154,9.420399874215946e-05
