step,channel_133,channel_3877,channel_3456,channel_539,channel_2768,channel_2241,channel_4410,channel_149,channel_1222,channel_3026,channel_688,channel_4203,channel_1245,channel_1588,channel_809,channel_3060,channel_4261,channel_1611,channel_3901,channel_220,channel_1579,channel_351,channel_0,channel_4124,channel_1650,channel_232,channel_910,channel_4694,channel_2648,channel_2123,channel_3894,channel_4769,channel_1488,channel_2162,channel_199,channel_1651,channel_476,channel_1999,channel_3250,channel_4378,channel_2671,channel_2601,channel_4723,channel_4219,channel_2968,channel_216,channel_360,channel_1113,channel_4761,channel_604
0,0.0005236712750047445,2.5738811018527485e-05,0.0003369708138052374,0.0003124088398180902,0.0003065733180847019,0.00029691142844967544,0.00028089366969652474,0.0002762356598395854,0.00027148265508003533,0.0002685727085918188,0.00024256629694718868,0.0002391303569311276,0.00023540513939224184,0.00022656864894088358,0.00022654961503576487,0.0002179912116844207,3.2779516914160922e-06,0.00016881630290299654,1.5062671081977896e-05,0.0001971630845218897,0.00018893937522079796,0.00018794067727867514,0.000186322329682298,0.00018494747928343713,0.0001801658363547176,0.0001742435124469921,0.0001664410374360159,0.00016630352183710784,0.00016568758292123675,0.00016456629964523017,0.0001636861707083881,0.00016159843653440475,0.00016128869901876897,1.610631989024114e-05,4.026729584438726e-05,4.836461812374182e-06,0.00015939447621349245,0.0001590912143001333,0.0001581276155775413,9.130146281677298e-06,0.00015671459550503641,0.00015617231838405132,0.00015284286928363144,0.00015035354590509087,6.389808731910307e-06,0.000150318315718323,0.00015030254144221544,0.00014969086623750627,1.901686300698202e-05,0.00014776276657357812
100,0.0001156002763309516,3.972684862674214e-05,0.00013308340567164123,5.786075416835956e-05,2.9038797947578132e-05,7.910819840617478e-05,3.688328797579743e-05,4.0487600927008316e-05,2.815742300299462e-05,4.945407999912277e-05,2.0741252228617668e-05,0.00011814463505288586,4.0846436604624614e-05,0.00010506829130463302,3.383536386536434e-05,3.2937114156084135e-05,2.1479459974216297e-05,0.00020602687436621636,2.2121803340269253e-05,2.6495419660932384e-05,0.0001028756087180227,3.668875069706701e-05,4.7222638386301696e-05,3.438119892962277e-05,3.950032260036096e-05,0.0001257104886462912,2.950907037302386e-05,3.060167728108354e-05,2.0235955162206665e-05,2.9234213798190467e-05,2.6287996661267243e-05,4.854162034462206e-05,3.59860532626044e-05,3.0007940949872136e-05,6.250309525057673e-05,0.00015984727360773832,2.547417716414202e-05,5.781359504908323e-05,4.5109205530025065e-05,0.0001573230401845649,4.238240944687277e-05,7.525410183006898e-05,2.8269243557588197e-05,3.4308850445086136e-05,3.0478653570753522e-05,4.046079266117886e-05,3.2017040211940184e-05,5.896827133256011e-05,0.0001484696113038808,4.292303856345825e-05
200,9.161529305856675e-05,2.2929798433324322e-05,0.00012272813182789832,4.1387713281437755e-05,3.0150686143315397e-05,5.264618812361732e-05,3.00766114378348e-05,4.3433759856270626e-05,5.7732471759663895e-05,4.2002844566013664e-05,3.737809311132878e-05,0.00012282667739782482,3.7017591239418834e-05,9.279698133468628e-05,2.319618761248421e-05,6.612500146729872e-05,2.5658928279881366e-05,0.00011556619574548677,2.5580382498446852e-05,4.998217264073901e-05,0.00011832187010440975,1.8068167264573276e-05,6.035196565790102e-05,3.52565803041216e-05,2.8541669962578453e-05,0.00013008751557208598,2.1156485672690906e-05,2.326784306205809e-05,3.894902692991309e-05,4.073053059983067e-05,2.0465375200728886e-05,3.908135477104224e-05,3.347151869093068e-05,3.14385506499093e-05,5.3669406042899936e-05,2.9745062420261092e-05,2.3507001969846897e-05,4.38173083239235e-05,2.0369328922242858e-05,2.9395128876785748e-05,3.42266503139399e-05,2.627893627504818e-05,4.7370886022690684e-05,2.5398236175533384e-05,2.66921597358305e-05,2.8136060791439377e-05,2.157161543436814e-05,1.9076809621765278e-05,3.299785385024734e-05,3.8264286558842286e-05
300,6.85656996211037e-05,3.246582855354063e-05,0.00012729917943943292,2.6709440135164186e-05,2.5692599592730403e-05,8.988775516627356e-05,3.467620990704745e-05,5.6319546274608e-05,4.1678984416648746e-05,3.288257721578702e-05,3.025701516889967e-05,0.00014267195365391672,5.3554336773231626e-05,0.00010199717507930472,3.202837615390308e-05,5.1048446039203554e-05,2.1782683688797988e-05,8.545639866497368e-05,2.1031602955190465e-05,4.1804200009210035e-05,0.00012024160969303921,4.060401988681406e-05,5.453971971292049e-05,3.321001713629812e-05,3.502385152387433e-05,0.0001352450781268999,2.575732651166618e-05,3.26146291627083e-05,2.4150604076567106e-05,4.5828459406038746e-05,2.286106609972194e-05,3.800196645897813e-05,3.5619545087683946e-05,2.6289881134289317e-05,9.762201079865918e-05,2.0672710888902657e-05,3.3556087146280333e-05,8.271101251011714e-05,2.8443599148886278e-05,2.6622557925293222e-05,4.548277138383128e-05,2.1669351554010063e-05,3.1266736186807975e-05,4.03980775445234e-05,2.9211234505055472e-05,2.8980872230022214e-05,3.4034968848573044e-05,2.4053581000771374e-05,2.8936985472682863e-05,3.614202796597965e-05
400,2.683634556888137e-05,1.5306633940781467e-05,5.2911549573764205e-05,1.4224068763724063e-05,1.8506620108382776e-05,1.9612532923929393e-05,1.6402113033109345e-05,2.741710704867728e-05,2.9282504328875802e-05,1.5210214769467711e-05,1.2824320947402157e-05,6.901231972733513e-05,2.1848960386705585e-05,5.872550536878407e-05,1.0300040230504237e-05,2.057024357782211e-05,9.348254025098868e-06,6.851441139588133e-05,1.0750322871899698e-05,1.3786581803287845e-05,6.335484067676589e-05,1.0319447028450668e-05,2.0974652215954848e-05,1.1539957085915376e-05,1.3427529665932525e-05,5.9172270994167775e-05,1.8858694602386095e-05,1.152695494965883e-05,1.2050345503666904e-05,1.1897168405994307e-05,1.1391350199119188e-05,1.2892307495349087e-05,1.3247927199699916e-05,2.0355102606117725e-05,3.790767368627712e-05,9.349726497021038e-06,1.2704371329164132e-05,4.9771999329095706e-05,1.0763849786599167e-05,1.1224464287806768e-05,1.9325956600368954e-05,9.064252481039148e-06,1.8743057808023877e-05,1.9795625121332705e-05,1.2189875633339398e-05,1.206150136567885e-05,1.2938423424202483e-05,2.5410014131921344e-05,1.2947329196322244e-05,3.4082138881785795e-05
500,4.936572804581374e-05,1.6953830709098838e-05,4.739809446618892e-05,8.333527148352005e-06,1.8588065358926542e-05,1.5538054867647588e-05,1.7059879610314965e-05,3.074525375268422e-05,1.5595453078276478e-05,1.6796726413303986e-05,1.4174303032632452e-05,6.183940422488376e-05,2.46305553446291e-05,4.183487908449024e-05,1.554039954498876e-05,2.4442699213977903e-05,9.518348633719143e-06,7.021568308118731e-05,9.395369488629512e-06,1.282097764487844e-05,8.017739310162142e-05,2.052344279945828e-05,2.778951784421224e-05,1.4087095223658253e-05,1.789567613741383e-05,6.0259790188865736e-05,1.0401174222351983e-05,1.4206530977389775e-05,1.413878271705471e-05,1.557214454805944e-05,1.082159906218294e-05,1.2056836567353457e-05,1.3060581295576412e-05,1.2556858564494178e-05,2.959376070066355e-05,1.0481564459041692e-05,1.4241563803807367e-05,3.321563053759746e-05,1.015384987113066e-05,1.0515689609746914e-05,1.7100112017942593e-05,8.438840268354397e-06,1.135441107180668e-05,1.5115466339921113e-05,1.3303092600835953e-05,1.6151338058989495e-05,1.4968584764574189e-05,6.216910605871817e-06,2.6145782612729818e-05,1.9873963537975214e-05
600,5.1874339987989515e-05,0.0003454553952906281,0.00010686065797926858,1.4498599739454221e-05,1.4436113815463614e-05,4.684732994064689e-05,1.5009870367066469e-05,4.106074266019277e-05,2.6965220968122594e-05,2.332895564904902e-05,1.8564773199614137e-05,9.876818512566388e-05,3.7712852645199746e-05,6.885758193675429e-05,9.265285370929632e-06,2.081163984257728e-05,9.41901726037031e-06,3.895774716511369e-05,1.355033145955531e-05,9.532635885989293e-06,0.0001682103320490569,1.6873023923835717e-05,2.37011699937284e-05,2.1152976842131466e-05,1.677898944763001e-05,0.00011574452219065279,1.639553374843672e-05,1.4717867998115253e-05,1.1883519619004801e-05,1.3501796274795197e-05,8.987148248706944e-06,1.5964749763952568e-05,1.4843673852737993e-05,2.8800908694393e-05,4.116177296964452e-05,9.251748451788444e-06,1.2752521797665395e-05,3.227949855499901e-05,1.1834414181066677e-05,1.1439585250627715e-05,1.7320382539764978e-05,8.049253665376455e-06,1.3152911378710996e-05,1.4951956472941674e-05,4.181200347375125e-05,1.6792859241832048e-05,1.394929950038204e-05,1.802656151994597e-05,1.2935053746332414e-05,2.1729863874497823e-05
700,2.686576044652611e-05,2.1649591872119345e-05,6.972687697270885e-05,2.2062851712689735e-05,1.411458470101934e-05,2.490749830030836e-05,1.9652812625281513e-05,2.2707050447934307e-05,1.501371843914967e-05,2.108961416524835e-05,2.5902920242515393e-05,5.776138641522266e-05,3.434606333030388e-05,5.2053419494768605e-05,1.5875108147156425e-05,2.495288754289504e-05,1.767443973221816e-05,4.993698530597612e-05,8.675571734784171e-06,1.4561506759491749e-05,0.0001009222905850038,1.1429729056544602e-05,2.2420024833991192e-05,1.4101632586971391e-05,1.6516951291123405e-05,7.750953955110162e-05,1.4108937648416031e-05,1.8446395188220777e-05,1.691301804385148e-05,1.3608929293695837e-05,1.092611546482658e-05,1.4742554412805475e-05,2.0221195882186294e-05,1.479482034483226e-05,3.5530993045540527e-05,9.89814998320071e-06,2.5166540581267327e-05,3.465409099590033e-05,8.954061740951147e-06,1.2101650099793915e-05,1.3746493095823098e-05,9.191274330078159e-06,1.341183997283224e-05,1.1868045476148836e-05,1.699211679806467e-05,1.548773070680909e-05,1.539672120998148e-05,2.6885059924097732e-05,1.8107793948729523e-05,1.4737594938196708e-05
800,2.0609957573469728e-05,1.1941264347115066e-05,5.9932706790277734e-05,4.1461189539404586e-05,1.6043739378801547e-05,1.6746453184168786e-05,1.7291988115175627e-05,1.8704899048316292e-05,1.825521030696109e-05,2.1411899069789797e-05,9.813821634452324e-06,5.230927490629256e-05,2.179860712203663e-05,4.1817824239842594e-05,1.203016290673986e-05,1.9396155039430596e-05,1.0443323844810948e-05,3.2962132536340505e-05,9.153479368251283e-06,1.0971295523631852e-05,6.332220073090866e-05,1.4463635125139263e-05,2.289930489496328e-05,1.2814345609513111e-05,1.6487243556184694e-05,8.684919885126874e-05,1.255870120075997e-05,1.5428124243044294e-05,9.154713552561589e-06,2.188435973948799e-05,1.211665221489966e-05,1.5312050891225226e-05,1.2867712030129042e-05,1.4751869457541034e-05,3.6496126995189115e-05,1.1625865226960741e-05,1.5369634638773277e-05,2.690399378479924e-05,8.67175458552083e-06,1.7872414900921285e-05,2.3048291041050106e-05,8.415430784225464e-06,1.4142224245006219e-05,1.4008854122948833e-05,9.930901796906255e-06,1.3888276043871883e-05,1.0185286555497441e-05,1.904674354591407e-05,2.2547423213836737e-05,2.4901375581976026e-05
900,2.556284198362846e-05,9.687691090221051e-06,0.00010871509584831074,1.3690236301044933e-05,9.685245458967984e-06,2.956822390842717e-05,1.56534842972178e-05,2.0218471036059782e-05,1.4798674783378374e-05,1.456110203434946e-05,1.1773367077694274e-05,5.392226012190804e-05,2.568415948189795e-05,5.240268728812225e-05,1.0941387699858751e-05,1.4871382518322207e-05,8.53406800160883e-06,7.024562364676967e-05,6.640522769885138e-06,1.635193439142313e-05,8.663225889904425e-05,7.951632142066956e-06,2.589084397186525e-05,1.4417807506106328e-05,1.7142738215625286e-05,8.495638758176938e-05,1.4014997759659309e-05,1.0080857464345172e-05,1.0277651199430693e-05,1.7443662727600895e-05,1.011396489047911e-05,2.392654278082773e-05,1.288002840738045e-05,1.0840542927326169e-05,2.8100665076635778e-05,1.0878639841394033e-05,1.055008851835737e-05,2.7192978450329974e-05,1.620738476049155e-05,1.7094776922021993e-05,1.3948723790235817e-05,9.759708518686239e-06,1.6871679690666497e-05,1.9114933820674196e-05,1.2494130714912899e-05,1.1338514013914391e-05,1.1371063010301441e-05,8.643953151477035e-06,1.3564670553023461e-05,1.2050571058352944e-05
1000,2.9452319722622633e-05,1.3243964531284291e-05,4.869395343121141e-05,1.3317383491084911e-05,1.3816261343890801e-05,3.604618541430682e-05,1.7383519661962055e-05,2.2735761376679875e-05,1.877352588053327e-05,1.5401319615193643e-05,1.2246364349266514e-05,5.0136288336943835e-05,2.447204497002531e-05,5.65515183552634e-05,1.3128557839081623e-05,1.7738841052050702e-05,1.204749150929274e-05,3.0676914320793e-05,1.6828489606268704e-05,9.604586921341252e-06,5.14807652507443e-05,1.0148703950108029e-05,1.9325192624819465e-05,1.2854222404712345e-05,1.0933209523500409e-05,7.538262434536591e-05,1.3445985132420901e-05,1.9137714843964204e-05,1.973670077859424e-05,1.4154582459013909e-05,1.0421616934763733e-05,1.4576292414858472e-05,1.2905030416732188e-05,1.9210692698834464e-05,3.637920235632919e-05,1.9561533918022178e-05,1.1226475180592388e-05,2.8911403205711395e-05,1.8841185010387562e-05,1.7746830053511076e-05,1.4908551747794263e-05,1.9257164240116253e-05,1.0971115443680901e-05,1.3265619600133505e-05,1.7970176486414857e-05,2.1000434571760707e-05,1.6133117242134176e-05,1.2638315638469066e-05,1.646818964218255e-05,1.8382999769528396e-05
1100,3.753782220883295e-05,1.6747093468438834e-05,7.23816774552688e-05,1.3839307939633727e-05,1.6820493328850716e-05,1.580298885528464e-05,1.9000337488250807e-05,2.1534080588025972e-05,1.4263361663324758e-05,1.6794971088529564e-05,1.4551574167853687e-05,5.3626663429895416e-05,1.8950893718283623e-05,4.157571675023064e-05,2.113997470587492e-05,1.5942765458021313e-05,1.3199837667343672e-05,3.319049937999807e-05,9.823543223319575e-06,2.2371401428245008e-05,4.959051148034632e-05,1.182921369036194e-05,2.40410772676114e-05,2.0997473257011734e-05,1.378320393996546e-05,7.063270459184423e-05,1.2719932783511467e-05,2.3914757548482157e-05,1.3495042367139831e-05,1.2659123058256228e-05,1.0192829904553946e-05,2.3182130462373607e-05,2.8636963179451413e-05,1.8266067854710855e-05,2.4063230739557184e-05,1.4104286492511164e-05,1.0718920748331584e-05,2.059833423118107e-05,1.871721906354651e-05,1.1260617611696944e-05,2.3232982130139135e-05,7.816860488674138e-06,1.5028919733595103e-05,2.4162765839719214e-05,1.2443975720088929e-05,1.1550698218343314e-05,1.683867048996035e-05,9.846634384302888e-06,1.2128642083553132e-05,2.4998957087518647e-05
1200,2.1053991076769307e-05,9.07619050849462e-06,5.4445285059046e-05,1.172778593172552e-05,1.590678766660858e-05,2.068938010779675e-05,2.9470480512827635e-05,2.9744751373073086e-05,2.586913251434453e-05,1.6688440155121498e-05,1.0283481060469057e-05,7.232118514366448e-05,2.184057120757643e-05,3.659980939119123e-05,1.1941945558646694e-05,1.851344495662488e-05,0.00021434501104522496,3.960524554713629e-05,1.1312241440464277e-05,3.303643825347535e-05,5.650419188896194e-05,1.1990376151516102e-05,2.9521215765271336e-05,1.3384515114012174e-05,1.2023762792523485e-05,5.4353611631086096e-05,1.0351356650062371e-05,9.462120942771435e-06,1.0446055057400372e-05,2.9308559533092193e-05,1.4414522411243524e-05,1.3525511349143926e-05,1.7354062947561033e-05,0.00016058854816947132,2.9584534786408767e-05,1.2313337720115669e-05,1.1736608030332718e-05,2.0239858713466674e-05,9.447252523386851e-06,1.1942806850129273e-05,2.503752511984203e-05,8.299112778331619e-06,1.1772826837841421e-05,4.0038852603174746e-05,0.00015034156967885792,1.7420583390048705e-05,1.2875921129307244e-05,1.5537791114184074e-05,2.571886761870701e-05,1.8061311493511312e-05
1300,1.7770442354958504e-05,1.3605586900666822e-05,7.485997775802389e-05,1.3744046555075329e-05,1.0922553883574437e-05,2.6256930141244084e-05,1.472931126045296e-05,1.841695666371379e-05,2.4700573703739792e-05,1.4746847227797844e-05,1.591928958077915e-05,5.5400305427610874e-05,1.718174826237373e-05,5.306915772962384e-05,1.746499583532568e-05,1.786840584827587e-05,9.272516763303429e-06,2.4910177671699785e-05,1.3241093256510794e-05,1.0054517588287126e-05,7.14376219548285e-05,9.966833204089198e-06,2.55177201324841e-05,1.3098030649416614e-05,2.0489991584327072e-05,9.665368997957557e-05,1.2118454833398573e-05,1.4786667634325568e-05,1.8888935301220044e-05,1.5688927305745892e-05,1.21982902783202e-05,2.4916444090195e-05,2.187506470363587e-05,1.768567381077446e-05,5.396596679929644e-05,1.2389853509375826e-05,9.708621291792952e-06,3.27395937347319e-05,1.760339546308387e-05,1.4463977095147129e-05,1.6092466466943733e-05,9.04134321899619e-06,1.4521134289680049e-05,1.1572688890737481e-05,1.2340221474005375e-05,1.2592601706273854e-05,1.0167888831347227e-05,8.324033842654899e-06,1.2290737686271314e-05,1.4494000424747355e-05
1400,2.448540362820495e-05,1.2173301001894288e-05,6.0853370086988434e-05,1.0065990863949992e-05,1.156943562818924e-05,1.65429573826259e-05,1.4444722182815894e-05,2.4380546165048145e-05,1.5091351997398306e-05,1.8481036022421904e-05,1.2245767720742151e-05,8.417093340540305e-05,2.223566480097361e-05,4.6736338845221326e-05,1.2000657079624943e-05,1.351370428892551e-05,1.030624389386503e-05,5.6707809562794864e-05,1.8509690562495962e-05,1.1697193258441985e-05,5.620476440526545e-05,1.61071202455787e-05,2.639562626427505e-05,1.3105788639222737e-05,1.4908402590663172e-05,6.875299732200801e-05,1.4002101124788169e-05,1.4062096852285322e-05,1.160016381618334e-05,1.3854040844307747e-05,1.4879209629725665e-05,1.5317365978262387e-05,1.280743526876904e-05,1.6607287761871703e-05,3.222950181225315e-05,1.0798948096635286e-05,1.7409865904483013e-05,2.6086479920195416e-05,1.1752043064916506e-05,1.2797746421711054e-05,1.7808861230150796e-05,9.718949513626285e-06,1.4873519830871373e-05,1.7952181224245578e-05,1.0292506885889452e-05,1.8800310499500483e-05,1.1946086488023866e-05,1.3930413842899725e-05,1.1742679816961754e-05,1.8966662537422962e-05
1500,2.1003792426199652e-05,1.2934383448737208e-05,6.86919447616674e-05,1.5795980289112777e-05,1.724590219964739e-05,2.8839229344157502e-05,2.1210340491961688e-05,2.644489359227009e-05,1.779191916284617e-05,1.7580185158294626e-05,1.7015507182804868e-05,6.303263216977939e-05,2.0602870790753514e-05,6.955362914595753e-05,1.1298706340312492e-05,2.9027822165517136e-05,1.6820969904074445e-05,2.8026111976942047e-05,9.186466741084587e-06,1.170280847873073e-05,0.00015911029186099768,1.09810152935097e-05,4.3952633859589696e-05,1.1596500371524598e-05,1.9806186173809692e-05,0.00013551746087614447,2.1208696125540882e-05,1.6349264114978723e-05,1.4449797163251787e-05,1.7669692169874907e-05,1.2957701983395964e-05,1.442879693058785e-05,1.4772896065551322e-05,1.749803232087288e-05,3.3433534554205835e-05,1.1424438525864389e-05,1.1208891919523012e-05,2.6558183890301734e-05,2.6897048883256502e-05,1.2337281987129245e-05,1.7952006601262838e-05,1.2792171219189186e-05,1.581077231094241e-05,1.4351958270708565e-05,1.2811787200917024e-05,1.5678238924010657e-05,1.7525213479530066e-05,1.4711290532432031e-05,1.760153827490285e-05,1.630145743547473e-05
1600,3.1422525353264064e-05,1.3732413208344951e-05,4.763288234244101e-05,1.926613003888633e-05,1.3313041563378647e-05,1.8882272343034856e-05,1.9122659068671055e-05,3.4213207982247695e-05,1.875201633083634e-05,1.6014912034734152e-05,1.750710180203896e-05,5.67926254007034e-05,2.801026676024776e-05,3.926741555915214e-05,1.3074762136966456e-05,2.000984204642009e-05,1.6472751667606644e-05,2.7729642170015723e-05,1.1936677765334025e-05,2.082224455079995e-05,4.4357562728691846e-05,1.4148857189866249e-05,2.0312190827098675e-05,1.287041504838271e-05,1.9224553398089483e-05,8.179493306670338e-05,1.028225142363226e-05,1.4255983842303976e-05,1.2575882465171162e-05,1.9343116946402006e-05,1.545088889542967e-05,3.622362419264391e-05,1.5456324035767466e-05,1.2296040949877352e-05,2.8522406864794903e-05,1.266209437744692e-05,1.2291729035496246e-05,1.9757526388275437e-05,1.505319778516423e-05,1.1667095350276213e-05,1.9912768038921058e-05,2.4717595806578174e-05,1.7995127564063296e-05,1.669052471697796e-05,1.3983277312945575e-05,1.489252463215962e-05,9.191558092425112e-06,1.6700780179235153e-05,1.7235164705198258e-05,3.4848842915380374e-05
1700,3.1246272556018084e-05,1.6925685486057773e-05,5.571279689320363e-05,1.5165333024924621e-05,1.3531583135772962e-05,1.3727024452236947e-05,2.3791037165210582e-05,2.1915864635957405e-05,2.0335932276793756e-05,2.3785276425769553e-05,1.4655034647148568e-05,5.215483906795271e-05,1.9690261979121715e-05,5.468659946927801e-05,1.3056628631602507e-05,2.152392153220717e-05,1.1881093996635173e-05,2.2334737877827138e-05,1.213166251545772e-05,1.539142795081716e-05,6.618653424084187e-05,8.46178227220662e-06,2.8495293008745648e-05,1.766406057868153e-05,2.0450599549803883e-05,9.304232662543654e-05,1.127456380345393e-05,9.918042451317888e-06,1.4088621355767827e-05,1.7466880308347754e-05,1.46961929203826e-05,1.657935899856966e-05,1.4947058843972627e-05,1.3558795217250008e-05,3.607372855185531e-05,1.2355165381450206e-05,1.717893610475585e-05,3.0438959583989345e-05,1.2110637726436835e-05,1.5029689166112803e-05,1.5969544620020315e-05,1.4356627616507467e-05,1.2253572094778065e-05,1.804871681088116e-05,1.4839087270956952e-05,1.9480750779621303e-05,9.4523566076532e-06,1.7143249351647682e-05,1.562222132633906e-05,2.28107728617033e-05
1800,2.2309703126666136e-05,1.5108579646039288e-05,5.0099224608857185e-05,1.0710773494793102e-05,1.2948416951985564e-05,1.3257150385470595e-05,1.628768768568989e-05,2.797806155285798e-05,1.4342728718474973e-05,1.94180611288175e-05,9.477845196670387e-06,7.395426655421034e-05,1.810083631426096e-05,4.809136953554116e-05,1.4082648704061285e-05,1.7151336578535847e-05,1.037734455167083e-05,0.00011901418474735692,1.1504735994094517e-05,2.3898617655504495e-05,5.647058060276322e-05,1.1096810339950025e-05,2.1282881789375097e-05,1.602814518264495e-05,1.3525794201996177e-05,7.740332512184978e-05,1.0859722351597156e-05,2.010269417951349e-05,1.214199437526986e-05,1.6603411495452747e-05,1.161860109277768e-05,1.9521048670867458e-05,1.728731149341911e-05,1.656756467127707e-05,3.1610972655471414e-05,1.5269562936737202e-05,1.779407830326818e-05,3.13273339997977e-05,2.6501833417569287e-05,1.56676414917456e-05,2.6249143047607504e-05,1.2400993909977842e-05,2.4107313947752118e-05,1.7767612007446587e-05,1.530765075585805e-05,1.2156509910710156e-05,1.4653473954240326e-05,2.125644459738396e-05,1.5816687664482743e-05,2.118837619491387e-05
1900,3.10649884340819e-05,1.108378273784183e-05,4.830352190765552e-05,9.342998964712024e-06,1.261526904272614e-05,1.5727024219813757e-05,2.2062078642193228e-05,3.767113230424002e-05,1.8597922462504357e-05,1.996848004637286e-05,1.4858970644127112e-05,4.791911123902537e-05,2.0932953702867962e-05,4.8940390115603805e-05,1.0869698598980904e-05,1.6141353626153432e-05,3.269346780143678e-05,2.84276557067642e-05,8.937999155023135e-06,2.0115627194172703e-05,4.6104985813144594e-05,1.069204336090479e-05,2.441787364659831e-05,1.907200930872932e-05,1.2676225196628366e-05,6.521980685647577e-05,1.1317771168251056e-05,1.1506575901876204e-05,8.683374289830681e-06,2.7358777515473776e-05,1.8651559003046714e-05,1.691326360742096e-05,2.8203281544847414e-05,2.7087138732895255e-05,2.6798192266141996e-05,2.584787034720648e-05,1.0962576197925955e-05,2.153871719201561e-05,2.032218071690295e-05,1.3114284229231998e-05,2.0337482055765577e-05,8.157947377185337e-06,1.150493790191831e-05,2.0397988919285126e-05,1.2905823496112134e-05,1.3496127394319046e-05,1.021043226501206e-05,2.048787246167194e-05,1.5768750017741695e-05,1.284663267142605e-05
2000,5.075556327938102e-05,1.018807142827427e-05,9.642640361562371e-05,1.315171812166227e-05,1.6402047549490817e-05,1.8063148672808893e-05,2.7169135137228295e-05,2.0152590877842158e-05,2.6082385375048034e-05,2.2102423827163875e-05,2.3722179321339354e-05,0.00011309915134916082,2.546722134866286e-05,6.442577432608232e-05,1.5535566490143538e-05,3.6416506191017106e-05,1.1570295100682415e-05,5.704817158402875e-05,1.1043513950426131e-05,2.15866257349262e-05,6.94889240548946e-05,1.212984170706477e-05,2.69278261839645e-05,1.7942351405508816e-05,1.5108495063032024e-05,8.053058991208673e-05,1.1179908142366912e-05,2.1025380192440934e-05,2.3158096155384555e-05,3.040199590031989e-05,1.572186010889709e-05,1.4647044736193493e-05,2.114081689796876e-05,1.529493965790607e-05,4.571457247948274e-05,1.3992847925692331e-05,1.0004670912167057e-05,2.4851071430020966e-05,1.369645178783685e-05,1.8199252735939808e-05,3.927931538783014e-05,1.177680223918287e-05,2.3731519831926562e-05,1.936783519340679e-05,1.5856323443586007e-05,1.687025542196352e-05,1.1414749678806402e-05,9.927229257300496e-06,1.771074312273413e-05,1.4103400644671638e-05
2100,7.219732651719823e-05,1.6051537386374548e-05,5.4418735089711845e-05,9.70043311099289e-06,1.2454459465516265e-05,1.5881023500696756e-05,2.2686246666125953e-05,2.4505941837560385e-05,1.706734656181652e-05,2.3690097805229016e-05,1.6102330846479163e-05,5.954239532002248e-05,1.8892020307248458e-05,8.497202361468226e-05,1.0862834642466623e-05,1.52925949805649e-05,8.936363883549348e-06,2.61477744061267e-05,1.0048608601209708e-05,1.2258593415026553e-05,6.0616861446760595e-05,1.2665030226344243e-05,1.9463632270344533e-05,1.5523219190072268e-05,1.2951859389431775e-05,6.767490413039923e-05,1.0772131645353511e-05,1.3615982425108086e-05,1.1128350706712808e-05,1.657218308537267e-05,1.2302696632104926e-05,1.7210415535373613e-05,1.2793212590622716e-05,2.126735489582643e-05,5.155503095011227e-05,1.2874726053269114e-05,1.1356356480973773e-05,2.2299462216324173e-05,3.2169649784918875e-05,2.030037467193324e-05,2.5637064027250744e-05,1.9795477783191018e-05,1.2951965800311882e-05,1.4268406630435493e-05,1.2276506822672673e-05,1.165020603366429e-05,9.481215784035157e-06,1.8983342670253478e-05,1.6161766325240023e-05,1.1624440048763063e-05
2200,3.266224666731432e-05,1.4798270967730787e-05,8.627289207652211e-05,1.455031906516524e-05,1.9230377802159637e-05,3.0316150514408946e-05,1.761830753821414e-05,3.645104152383283e-05,1.749174225551542e-05,2.737657086981926e-05,1.859565600170754e-05,8.359888306586072e-05,2.454786590533331e-05,6.267443677643314e-05,2.0978533939342014e-05,1.6013815184123814e-05,1.2505204722401686e-05,3.75486197299324e-05,9.530381248623598e-06,1.6900210539461114e-05,5.9782934840768576e-05,1.3386428690864705e-05,2.4375989596592262e-05,1.5179786714725196e-05,1.3428498277789913e-05,6.517369911307469e-05,1.1345579878252465e-05,1.4545164049195591e-05,1.4601114344259258e-05,1.1556820027180947e-05,1.1606774933170527e-05,1.9067090761382133e-05,1.2782687008439098e-05,1.8059497961075976e-05,3.0846269510220736e-05,2.0239203877281398e-05,1.194922788272379e-05,4.286918920115568e-05,1.6708752809790894e-05,1.0963910426653456e-05,2.5357925551361404e-05,1.4159564670990221e-05,2.064142063318286e-05,2.7213340217713267e-05,1.6659963876008987e-05,1.7447740901843645e-05,1.726230766507797e-05,1.1171300684509333e-05,1.582859295012895e-05,1.7822054360294715e-05
2300,6.589652184629813e-05,1.2146630069764797e-05,7.456965977326035e-05,1.3432060768536758e-05,1.9317170881549828e-05,1.9295361198601313e-05,1.7215339539689012e-05,3.103312701568939e-05,1.3402207514445763e-05,2.6420750145916827e-05,3.251801535952836e-05,0.00011705372162396088,3.17669655487407e-05,7.118823850760236e-05,1.6889516700757667e-05,3.0201532354112715e-05,3.2625677704345435e-05,6.678276986349374e-05,8.643549335829448e-06,1.612698360986542e-05,7.928883860586211e-05,1.2186349522380624e-05,3.905744961230084e-05,1.5544876077910885e-05,2.9740947866230272e-05,0.00012047341442666948,1.779505328158848e-05,1.543019970995374e-05,1.7189770005643368e-05,1.810955291148275e-05,1.3861679690307938e-05,1.3539008250518236e-05,1.5483103197766468e-05,1.4194555660651531e-05,3.834244125755504e-05,1.2071125638613012e-05,1.0288742487318814e-05,2.9263777832966298e-05,1.421650631527882e-05,1.0063282388728112e-05,2.1133904738235287e-05,1.6115018297568895e-05,1.908300146169495e-05,1.8780094251269475e-05,2.5477069357293658e-05,2.2160329535836354e-05,1.5961017197696492e-05,1.4312955499917734e-05,1.1589963833102956e-05,1.6082934962469153e-05
2400,2.6044121113955043e-05,1.4873254258418456e-05,5.819361831527203e-05,3.349355756654404e-05,1.1222497960261535e-05,1.596203765075188e-05,1.8453325537848286e-05,2.215274616901297e-05,1.8254273527418263e-05,2.8862874387414195e-05,1.678983426245395e-05,7.255025411723182e-05,2.6874989998759702e-05,4.081269071321003e-05,1.2976635844097473e-05,1.644315489102155e-05,3.624519376899116e-05,4.029987394460477e-05,2.3389929992845282e-05,1.6321502698701806e-05,0.00011056301445933059,1.6040890841395594e-05,2.9014285246375948e-05,2.4468812625855207e-05,1.4533316971210297e-05,6.606749229831621e-05,1.0646580449247267e-05,1.4207129424903542e-05,1.679496381257195e-05,1.946524207596667e-05,3.6954745155526325e-05,1.6879845134099014e-05,1.8411315977573395e-05,1.4497053598461207e-05,4.893186633125879e-05,1.6007839803933166e-05,1.4680024833069183e-05,4.472298314794898e-05,1.7148257029475644e-05,3.977496817242354e-05,1.6283151126117446e-05,1.1985084711341187e-05,1.416913164575817e-05,1.6714519006200135e-05,2.2680693291476928e-05,1.9424060155870393e-05,1.8780876416713e-05,1.5531399185420014e-05,2.4814638891257346e-05,1.6248302927124314e-05
2500,1.8227994587505236e-05,1.8085407646140084e-05,0.00016850513929966837,1.882640390249435e-05,1.609805622138083e-05,1.2991206858714577e-05,1.7405496691935696e-05,2.72055604000343e-05,1.982949470402673e-05,1.7618480342207476e-05,1.3099051102472004e-05,8.661075844429433e-05,2.6896454073721543e-05,5.370391590986401e-05,1.2126233741582837e-05,1.3858032616553828e-05,9.392195352120325e-06,4.800560054718517e-05,1.0421525985293556e-05,1.0853379535546992e-05,7.12646433385089e-05,1.4938574167899787e-05,2.3327003873419017e-05,1.3261789717944339e-05,1.8921540686278604e-05,9.109321399591863e-05,1.397184587403899e-05,1.0117653800989501e-05,1.2418207916198298e-05,1.5220041859720368e-05,3.7854257243452594e-05,1.989834345295094e-05,1.6803867765702307e-05,1.5414114386658184e-05,0.0001601552066858858,1.205862281494774e-05,1.403278383804718e-05,4.461985736270435e-05,1.4838197785138618e-05,1.2559623428387567e-05,2.535812382120639e-05,1.0799119081639219e-05,1.4018653928360436e-05,1.237541982845869e-05,1.2952940778632183e-05,1.3898706129111815e-05,1.677790169196669e-05,9.541297913528979e-06,1.9062259525526315e-05,1.6604317352175713e-05
2600,3.260007724747993e-05,1.3975212823424954e-05,7.280032150447369e-05,1.6642696209601127e-05,1.2529145351436455e-05,3.628452031989582e-05,2.0941610273439437e-05,3.195557292201556e-05,1.720154978102073e-05,3.240213118260726e-05,1.3856589248462114e-05,8.500570402247831e-05,2.0451256204978563e-05,6.009376375004649e-05,1.8241044017486274e-05,2.4846773158060387e-05,1.3510763892554678e-05,4.274278398952447e-05,1.3506361028703395e-05,1.1532665666891262e-05,6.989259418332949e-05,1.1292540875729173e-05,3.414227467146702e-05,2.7324069378664717e-05,1.3692044376512058e-05,8.758543845033273e-05,1.3657196177518927e-05,1.3827409020450432e-05,1.1093985449406318e-05,1.5758285371703096e-05,1.1886516404047143e-05,1.3415935427474324e-05,2.2889140382176265e-05,1.3513148587662727e-05,4.581377288559452e-05,1.6800357116153464e-05,1.4487093721982092e-05,2.1713325622840784e-05,1.4347249816637486e-05,1.9874498320859857e-05,1.866003731265664e-05,1.9813116523437202e-05,1.4655920494988095e-05,1.626354242034722e-05,1.9766006516874768e-05,2.1054196622571908e-05,1.5634075680281967e-05,1.5432289728778414e-05,2.3440870791091584e-05,1.6439524188172072e-05
2700,3.023365934495814e-05,1.964779403351713e-05,6.858217238914222e-05,1.4945194379833993e-05,2.1299189029377885e-05,2.7468275220599025e-05,2.1110809029778466e-05,2.350374052184634e-05,1.4633698810939677e-05,3.4526095987530425e-05,1.4331014426716138e-05,7.410220860037953e-05,2.9223849196569063e-05,4.273871309123933e-05,1.2783826605300419e-05,2.290702104801312e-05,1.0281734830641653e-05,2.3510829123551957e-05,1.7228567230631597e-05,2.4216435122070834e-05,6.390739872585982e-05,1.1156543223478366e-05,2.0029190636705607e-05,2.0323081116657704e-05,1.3611390386358835e-05,6.632578151766211e-05,1.3662002857017796e-05,1.5688714483985677e-05,1.5513161997660063e-05,1.7667860447545536e-05,1.3758784007222857e-05,1.9576511476770975e-05,2.4901262804633006e-05,1.4567671314580366e-05,2.653918090800289e-05,1.6996506019495428e-05,1.7502867194707505e-05,2.883782326534856e-05,1.272510507988045e-05,2.2176032871357165e-05,1.5015085409686435e-05,2.2251617338042706e-05,2.2462818378699012e-05,2.882984517782461e-05,2.229588972113561e-05,1.1689746315823868e-05,2.566503462730907e-05,1.4812450899626128e-05,1.4320503396447748e-05,2.081321508740075e-05
2800,2.5984183594118804e-05,1.5099547454155982e-05,5.626871279673651e-05,1.698091182333883e-05,1.5911433365545236e-05,3.097614899161272e-05,1.4654003280156758e-05,2.628006950544659e-05,1.725607944536023e-05,1.921867260534782e-05,1.6073297956609167e-05,8.0740028352011e-05,2.1995865608914755e-05,6.354949437081814e-05,1.3400598618318327e-05,1.4389859643415548e-05,1.7494212443125434e-05,6.254718027776107e-05,1.4498299606202636e-05,1.1251051546423696e-05,8.66284899530001e-05,2.2249552785069682e-05,2.3915325073176064e-05,1.3866137123841327e-05,1.1810357136710081e-05,0.00012890502694062889,1.4669716620119289e-05,1.0717459190345835e-05,1.4819665921095293e-05,1.4908948287484236e-05,1.2993908967473544e-05,1.833606802392751e-05,1.2903993592772167e-05,1.5634192095603794e-05,3.9286787796299905e-05,1.2121688996558078e-05,9.11230563360732e-06,4.277980042388663e-05,1.4093501704337541e-05,1.75058903550962e-05,2.2144051399664022e-05,8.954030818131287e-06,1.3222373127064202e-05,1.8657186956261285e-05,1.1402719792386051e-05,1.8898314010584727e-05,1.3717672118218616e-05,1.2858403351856396e-05,1.2693441931332927e-05,1.6118829080369323e-05
2900,3.6911114875692874e-05,1.6385622075176798e-05,6.80252123856917e-05,1.2565672477649059e-05,1.1707928933901712e-05,2.587851122370921e-05,2.4331196982529946e-05,2.977704025397543e-05,1.4601230759581085e-05,1.5931762391119264e-05,2.3754386347718537e-05,8.16819301689975e-05,2.1607536837109365e-05,7.414659194182605e-05,1.7027034118655138e-05,1.9633684132713825e-05,1.8415948943584226e-05,6.775995279895142e-05,9.514526027487591e-06,1.1327667380101047e-05,6.031397788319737e-05,1.398796393914381e-05,2.5312310754088685e-05,2.4136208594427444e-05,1.2833053006033879e-05,7.266490865731612e-05,1.6595486158621497e-05,2.1829764591529965e-05,1.1318520591885317e-05,1.59387582243653e-05,1.5019264537841082e-05,1.7660535377217457e-05,1.498822257417487e-05,2.210216007370036e-05,3.5853827284881845e-05,2.0443032553885132e-05,9.686355951998848e-06,2.9309934689081274e-05,1.4533350622514263e-05,1.745163172017783e-05,1.628433346922975e-05,1.3902450518799014e-05,1.6074804079835303e-05,1.3510018106899224e-05,1.6138850696734153e-05,1.2439546480891295e-05,1.2754828276229091e-05,1.3259174920676742e-05,1.584223900863435e-05,1.5363641068688594e-05
3000,2.739507908700034e-05,1.051617437042296e-05,6.770699837943539e-05,1.6366644558729604e-05,1.2840214367315639e-05,1.7197013221448287e-05,3.887234561261721e-05,2.4760778615018353e-05,2.0460998712223954e-05,1.643904579395894e-05,1.3366106031753588e-05,4.641324994736351e-05,2.5043374989763834e-05,5.719046384911053e-05,3.9080925489543006e-05,1.6399608284700662e-05,1.0499857125978451e-05,2.625706110848114e-05,9.905739716487005e-06,1.973958933376707e-05,6.745383143424988e-05,1.3655147995450534e-05,3.221600491087884e-05,2.298280378454365e-05,1.4933587408449966e-05,6.988871609792113e-05,1.243219776370097e-05,1.7088272215914913e-05,1.0353225661674514e-05,1.6676389350323007e-05,2.587125709396787e-05,1.7608737834962085e-05,1.6483123545185663e-05,1.4740389815415256e-05,3.4447341022314504e-05,1.0977531928801909e-05,1.1839835678983945e-05,2.813097853504587e-05,1.867002902145032e-05,1.4546798411174677e-05,2.0942536139045842e-05,1.6307758414768614e-05,1.7455337001592852e-05,1.678324770182371e-05,1.5798768799868412e-05,1.810469439078588e-05,1.7523796486784704e-05,1.8523634935263544e-05,1.2378528481349349e-05,1.5039886420709081e-05
3100,2.4878525437088683e-05,1.105648152588401e-05,6.453842070186511e-05,1.2119139682909008e-05,1.6960699213086627e-05,2.0969819161109626e-05,1.5597226592944935e-05,2.8823262255173177e-05,2.267670424771495e-05,1.8875762179959565e-05,1.0942751032416709e-05,7.365890633082017e-05,2.6147665266762488e-05,4.5440006942953914e-05,1.3567298083216883e-05,2.2454423742601648e-05,1.2991454241273459e-05,4.865649316343479e-05,9.739053894008975e-06,1.267231800738955e-05,6.438566924771294e-05,1.639672882447485e-05,2.7509766368893906e-05,1.515127678430872e-05,1.843833706516307e-05,0.00010537819616729394,1.1684101082209963e-05,1.6515685274498537e-05,1.1209495824004989e-05,1.9226350559620187e-05,1.4975893463997636e-05,1.666479693085421e-05,2.4642602511448786e-05,2.056357880064752e-05,5.6142362154787406e-05,1.2340654393483419e-05,1.4334909792523831e-05,1.972434802155476e-05,1.8397917301626876e-05,1.3285257409734186e-05,1.5610066839144565e-05,1.1216789971513208e-05,1.1504981557663996e-05,1.736895319481846e-05,1.9086635802523233e-05,1.786495340638794e-05,1.809254172258079e-05,1.1662631550279912e-05,1.5546711438219063e-05,2.7054804377257824e-05
3200,2.3909371520858258e-05,1.685722054389771e-05,0.00013315855176188052,1.3166365533834323e-05,1.002196040644776e-05,1.429322401236277e-05,1.751460149534978e-05,2.1327874492271803e-05,1.6453992429887876e-05,1.3656984265253413e-05,1.4943004316592123e-05,9.47826774790883e-05,2.3893815523479134e-05,7.018231553956866e-05,1.1924231330340263e-05,1.7082842532545328e-05,1.7026364730554633e-05,1.827325831982307e-05,1.0396302968729287e-05,1.2102314030926209e-05,9.31624454096891e-05,1.199526923301164e-05,3.215892502339557e-05,1.3529482203011867e-05,2.0347182726254687e-05,8.616858394816518e-05,1.2608172255568206e-05,9.822780157264788e-06,1.1118074326077476e-05,1.4913138329575304e-05,1.2369734577077907e-05,1.7291868061874993e-05,1.6659369066474028e-05,1.1882745639013592e-05,5.209111623116769e-05,1.096090090868529e-05,2.0873407265753485e-05,2.7615084036369808e-05,1.5702642485848628e-05,9.125225915340707e-06,2.7874968509422615e-05,1.0107561138283927e-05,1.3498758562491275e-05,2.9294929845491424e-05,1.5131943655433133e-05,1.108627566281939e-05,1.3038171346124727e-05,1.5833698853384703e-05,1.3821563698002137e-05,1.3992535969009623e-05
3300,2.7635624064714648e-05,1.554815571580548e-05,5.576173498411663e-05,1.118049658543896e-05,1.196008270198945e-05,2.1001551431254484e-05,1.9215432985220104e-05,1.9354618416400626e-05,1.9064651496591978e-05,1.7776261302060448e-05,1.4558148905052803e-05,5.42655325261876e-05,2.1796082364744507e-05,4.589485251926817e-05,2.1315219782991335e-05,2.9146051019779406e-05,1.2760616300511174e-05,2.2491563868243247e-05,1.1506638657010626e-05,1.567133040225599e-05,5.0620063120732084e-05,1.0578926776361186e-05,2.5150966393994167e-05,1.2759561286657117e-05,1.354993673885474e-05,8.301292109536007e-05,2.097583274007775e-05,1.4980597370595206e-05,1.056339533533901e-05,2.928287176473532e-05,2.0948882593074813e-05,1.3477966604114044e-05,1.5646859537810087e-05,1.5656172763556242e-05,3.149070471408777e-05,2.6600506316754036e-05,1.2782605153915938e-05,3.1557359761791304e-05,1.4701962754770648e-05,1.608517595741432e-05,1.964596231118776e-05,1.1551056559255812e-05,1.6982170564006083e-05,2.04659972951049e-05,1.619405702513177e-05,1.4951601770007983e-05,1.2309240446484182e-05,1.2262873497093096e-05,2.500169830454979e-05,1.3172198123356793e-05
3400,3.2164109143195674e-05,1.3821105312672444e-05,8.532511856174096e-05,1.6461512132082134e-05,4.288744821678847e-05,1.7441174350096844e-05,1.956507003342267e-05,2.1496520275832154e-05,2.3169375708675943e-05,2.1931586161372252e-05,1.3001302249904256e-05,9.062890603672713e-05,2.139795833500102e-05,5.06500800838694e-05,2.0393485101521946e-05,1.4792933143326081e-05,2.131832661689259e-05,3.446617483859882e-05,1.3792559002467897e-05,1.4849293620500248e-05,6.414939707610756e-05,1.136065384343965e-05,2.5342869776068255e-05,2.4276479962281883e-05,1.216603777720593e-05,6.745661812601611e-05,1.3687063074030448e-05,2.343008600291796e-05,1.5786336007295176e-05,1.9487406461848877e-05,1.605351826583501e-05,2.266532101202756e-05,1.6437590602436103e-05,1.796622746041976e-05,3.45082298736088e-05,1.5086134226294234e-05,1.1759086191887036e-05,2.6933719709631987e-05,1.7385551473125815e-05,1.2193690054118633e-05,2.4440041670459323e-05,2.310037234565243e-05,2.0442546883714385e-05,1.61374900926603e-05,1.5784446077304892e-05,1.5635445379302837e-05,1.8631326383911073e-05,1.0842945812328253e-05,1.5917921700747684e-05,1.7516651496407576e-05
3500,2.3379927370115183e-05,1.3586596651293803e-05,7.915269816294312e-05,1.3353009308048058e-05,1.8686878320295364e-05,3.295437272754498e-05,2.0751522242790088e-05,2.0588118786690757e-05,1.558561052661389e-05,1.692942896625027e-05,1.3697514987143222e-05,7.064369128784165e-05,2.5282435672124848e-05,5.3386316722026095e-05,1.7825741451815702e-05,1.383215294481488e-05,1.4013347936270293e-05,3.2899974030442536e-05,1.3651650078827515e-05,2.136998409696389e-05,6.733210466336459e-05,1.3523393135983497e-05,3.73026414308697e-05,1.7949030734598637e-05,1.651904130994808e-05,7.257016841322184e-05,1.487179997639032e-05,1.3599931662611198e-05,1.63221156981308e-05,1.5357692973339e-05,1.5555238860542886e-05,2.5618150175432675e-05,1.796383185137529e-05,1.367235199722927e-05,4.2402592953294516e-05,1.4901276699674781e-05,1.0157391443499364e-05,2.6950130632030778e-05,1.1880093552463222e-05,1.217813951370772e-05,2.1441206627059728e-05,1.525770676380489e-05,2.4921781005105004e-05,1.484260519646341e-05,1.9197028450435027e-05,3.348868267494254e-05,1.3427709745883476e-05,1.7858492356026545e-05,1.7056145225069486e-05,1.3828795999870636e-05
3600,2.89077124762116e-05,2.738053080975078e-05,7.436075247824192e-05,1.4155078133626375e-05,6.214550376171246e-05,2.5200612071785145e-05,3.2892021408770233e-05,2.4797185687930323e-05,1.6302987205563113e-05,2.040431172645185e-05,1.1178246495546773e-05,5.910214167670347e-05,4.0576702303951606e-05,5.651554238284007e-05,2.4964170734165236e-05,2.3970922484295443e-05,1.932270242832601e-05,5.427216092357412e-05,1.5155006622080691e-05,1.7278222003369592e-05,6.860584107926115e-05,1.3495894563675392e-05,3.0050754503463395e-05,1.8861623175325803e-05,2.0727107767015696e-05,8.947592141339555e-05,1.302556302107405e-05,2.1117624783073552e-05,1.298592451348668e-05,2.2521209757542238e-05,1.70108050951967e-05,1.4645699593529571e-05,1.6956009858404286e-05,1.2600455193023663e-05,5.4148553317645565e-05,1.5958488802425563e-05,1.5188054021564312e-05,4.102227831026539e-05,1.3914846022089478e-05,1.2146148947067559e-05,2.6389081540401094e-05,1.8828312022378668e-05,2.121847319358494e-05,2.6679843358579092e-05,2.2215506760403514e-05,2.048458372883033e-05,1.4294250831881072e-05,1.2646329196286388e-05,1.4952785932109691e-05,2.044385655608494e-05
3700,4.618650928023271e-05,1.3386437785811722e-05,5.99760896875523e-05,1.3766868505626917e-05,1.149290255852975e-05,1.5305475244531408e-05,3.243521859985776e-05,2.8428967198124155e-05,2.3555392544949427e-05,2.0583327568601817e-05,1.0695528544601984e-05,7.495292811654508e-05,2.3616847101948224e-05,4.427550811669789e-05,1.840701952460222e-05,1.4467073015111964e-05,1.5276402336894535e-05,3.798717079916969e-05,1.0039358130597975e-05,1.3163323274056893e-05,5.723465801565908e-05,1.4451818060479127e-05,2.334277451154776e-05,1.85118133231299e-05,3.085695789195597e-05,7.460302003892139e-05,1.4558025213773362e-05,1.815548057493288e-05,1.657920984143857e-05,2.50969133048784e-05,1.7207619748660363e-05,1.496127515565604e-05,2.367440174566582e-05,1.413710015185643e-05,3.5582121199695393e-05,1.7856618796940893e-05,1.2584523574332707e-05,4.1851970308925956e-05,1.4953438949305564e-05,2.0218672943883575e-05,2.8033673515892588e-05,1.1809372153948061e-05,1.4923358321539126e-05,1.859058829722926e-05,1.9936211174353957e-05,1.3472302271111403e-05,1.1204606380488258e-05,1.1671051652228925e-05,2.118094198522158e-05,1.7237944121006876e-05
3800,3.920592280337587e-05,2.0567917090374976e-05,7.87755343480967e-05,1.1306224223517347e-05,1.300248368352186e-05,1.7858608771348372e-05,1.755549237714149e-05,2.5498509785393253e-05,1.8613905922393315e-05,1.9341001461725682e-05,2.1721811208408326e-05,4.943687963532284e-05,2.1434218069771305e-05,5.787883492303081e-05,1.2767804037139285e-05,1.5499075743719004e-05,1.0277046385454014e-05,3.65199739462696e-05,1.1178548447787762e-05,1.3622815458802506e-05,5.675268766935915e-05,2.1578674932243302e-05,2.993157977471128e-05,1.558313306304626e-05,1.8186827219324186e-05,7.83742725616321e-05,1.6326113836839795e-05,1.3080998542136513e-05,1.5702471500844695e-05,1.9525085008353926e-05,1.1335648196109105e-05,2.0422288798727095e-05,1.9402747057029046e-05,1.5008751688583288e-05,3.80624842364341e-05,1.1032631846319418e-05,1.1848977010231465e-05,2.8408006983227096e-05,2.3459486328647472e-05,1.1020549209206365e-05,1.9824419723590836e-05,1.1777724466810469e-05,1.4137117432255764e-05,2.3930031602503732e-05,1.6414267520303838e-05,1.8254899259773083e-05,1.4299326721811667e-05,1.1021122190868482e-05,1.4867804566165432e-05,2.6513896955293603e-05
3900,1.9865914509864524e-05,2.1243295122985728e-05,7.775007543386891e-05,1.1942783203267027e-05,1.3594940355687868e-05,3.747119990293868e-05,1.45868234540103e-05,3.528131856000982e-05,1.8746699424809776e-05,2.4685961761861108e-05,1.913772211992182e-05,0.00010096006735693663,2.8672777261817828e-05,7.736068073427305e-05,1.2675658581429161e-05,2.3236214474309236e-05,1.093762148229871e-05,4.5148008211981505e-05,0.00020323986245784909,1.0451321031723637e-05,9.078287985175848e-05,1.2544909623102285e-05,3.574650327209383e-05,1.5428215192514472e-05,1.881517528090626e-05,0.00016931191203184426,1.118870477512246e-05,1.1522710337885655e-05,1.3153756299288943e-05,1.6238367607002147e-05,1.4628730241383892e-05,1.4634123544965405e-05,2.073033647320699e-05,1.7446227502659895e-05,7.070795254549012e-05,1.543481630505994e-05,1.3937309631728567e-05,2.717034840316046e-05,1.33956091303844e-05,1.5619803889421746e-05,1.5579491446260363e-05,1.6341871742042713e-05,1.3352241694519762e-05,1.9188752048648894e-05,2.314193989150226e-05,1.614993561815936e-05,3.099528839811683e-05,1.8653325241757557e-05,1.4942234884074423e-05,1.8484432075638324e-05
4000,3.47951463481877e-05,1.426187009201385e-05,7.70854385336861e-05,1.1990327948296908e-05,1.080172023648629e-05,1.9724888261407614e-05,2.0428567950148135e-05,2.2635240384261124e-05,2.1485922843567096e-05,1.5973038898664527e-05,1.3347462299861945e-05,6.720525561831892e-05,1.962585884029977e-05,5.737959509133361e-05,1.1831596566480584e-05,2.0117740859859623e-05,1.2245945981703699e-05,8.488808816764504e-05,9.150478945230134e-06,1.2271066225366667e-05,6.832703365944326e-05,1.1605086911004037e-05,2.569432763266377e-05,1.5899629943305627e-05,1.6092586520244367e-05,7.223013381008059e-05,1.3959517673356459e-05,1.4730791008332744e-05,1.4855668268864974e-05,1.805041029001586e-05,1.6473233699798584e-05,2.6483749024919234e-05,1.620037255634088e-05,1.400681594532216e-05,3.443229797994718e-05,1.426359813194722e-05,1.2497721399995498e-05,3.2252832170343027e-05,1.8947477656183764e-05,1.3392947039392311e-05,2.343766209378373e-05,1.1424758667999413e-05,1.9508062905515544e-05,1.5256564438459463e-05,1.5039369827718474e-05,1.1723866919055581e-05,1.131710632762406e-05,9.448769560549408e-06,1.9181390598532744e-05,1.645401061978191e-05
4100,2.8185289920656942e-05,1.4783338883717079e-05,6.715460040140897e-05,3.197633122908883e-05,1.5387957319035195e-05,3.633533196989447e-05,3.322606789879501e-05,2.2432128389482386e-05,1.5820414773770608e-05,2.813706851156894e-05,1.348786463495344e-05,8.8074455561582e-05,2.735734778980259e-05,4.7559169615851715e-05,2.9360617190832272e-05,2.7400848921388388e-05,1.3352477253647521e-05,4.0272232581628487e-05,1.9418786905589513e-05,1.3957571354694664e-05,6.683285027975217e-05,1.659183544688858e-05,5.2893974498147145e-05,1.9431252439972013e-05,1.4330224075820297e-05,9.057921852217987e-05,1.4813222151133232e-05,1.4299318536359351e-05,1.1916968105651904e-05,2.0688839867943898e-05,1.9070850612479262e-05,1.8528795408201404e-05,2.1210671548033133e-05,1.4363507034431677e-05,3.801317507168278e-05,1.243837959918892e-05,2.7222069547860883e-05,3.636175097199157e-05,1.1925065336981788e-05,2.089093322865665e-05,2.3081167455529794e-05,1.3366518032853492e-05,1.9065746528212912e-05,1.4373572412296198e-05,1.7296557416557334e-05,1.562509532959666e-05,1.391869500366738e-05,2.095089621434454e-05,1.7097549061872996e-05,3.693089820444584e-05
4200,2.146564656868577e-05,1.8239254131913185e-05,5.598959978669882e-05,1.7088792446884327e-05,1.1947769962716848e-05,2.416327697574161e-05,2.1902638764004223e-05,2.3578852051286958e-05,2.027426307904534e-05,1.9653150957310572e-05,1.7831171135185286e-05,7.427441596519202e-05,4.063105006935075e-05,5.9801273891935125e-05,1.4549741536029615e-05,1.7641626982367598e-05,1.1430442100390792e-05,4.592597906594165e-05,8.815364708425477e-06,1.4553232176695019e-05,5.7107703469228e-05,2.396201125520747e-05,4.797671499545686e-05,1.8043738236883655e-05,1.73192147485679e-05,7.437653403030708e-05,1.3871519513486419e-05,1.4026375538378488e-05,1.4366375580721069e-05,1.2610184057848528e-05,1.6787102140369825e-05,1.5911751688690856e-05,1.6268319086520933e-05,2.3269625671673566e-05,3.78120930690784e-05,1.3503529771696776e-05,1.5896772310952656e-05,2.224327363364864e-05,1.5489626093767583e-05,1.5991372492862865e-05,2.2111134967417456e-05,9.745655916049145e-06,1.5668640116928145e-05,1.573266854393296e-05,1.0510021638765465e-05,1.4811299479333684e-05,1.0232494787487667e-05,1.9268347386969253e-05,1.3949284948466811e-05,1.4654042388428934e-05
4300,4.238834299030714e-05,1.5586832887493074e-05,6.616536120418459e-05,1.6563679309911095e-05,8.537062967661768e-06,2.88980172626907e-05,2.1505318727577105e-05,2.263514579681214e-05,1.518551835033577e-05,1.8672231817618012e-05,3.0111150408629328e-05,6.30346403340809e-05,3.201660365448333e-05,4.917559999739751e-05,9.826908353716135e-06,2.0442274035303853e-05,1.994978629227262e-05,6.134882278274745e-05,7.579885277664289e-06,1.1590889698709361e-05,6.507665966637433e-05,1.5923989849397913e-05,4.090071888640523e-05,1.5309839000110514e-05,1.3352768291952088e-05,7.40697214496322e-05,1.57449503603857e-05,1.1686912330333143e-05,9.853616575128399e-06,1.3349589607969392e-05,1.3080841199553106e-05,1.4139201084617525e-05,1.6157859136001207e-05,2.0747052985825576e-05,3.6441764677874744e-05,1.0894547813222744e-05,1.4229236512619536e-05,3.1045925425132737e-05,1.1150877980981022e-05,1.1573050869628787e-05,3.968493183492683e-05,1.3084087186143734e-05,1.331320254394086e-05,1.7045187632902525e-05,1.1959782568737864e-05,1.176083787868265e-05,1.5653207810828462e-05,1.7398770069121383e-05,1.1395308320061304e-05,1.4057763110031374e-05
4400,3.922970427083783e-05,1.4990794625191484e-05,6.687668792437762e-05,2.286930612172e-05,2.6668179998523556e-05,1.697916377452202e-05,1.6548339772270992e-05,2.142521771020256e-05,1.975256782316137e-05,1.6510564819327556e-05,1.1544398148544133e-05,7.028743129922077e-05,2.111878893629182e-05,7.621492113685235e-05,1.2796302144124638e-05,2.488564859959297e-05,1.8650138372322544e-05,4.740139775094576e-05,9.170405064651277e-06,1.726162554405164e-05,0.00010058128827949986,1.3616926480608527e-05,2.623193540784996e-05,1.9303230146761052e-05,1.8981289031216875e-05,7.830519462004304e-05,1.2619753761100583e-05,1.742183303576894e-05,1.0797712093335576e-05,1.6444120774394833e-05,2.5506729798507877e-05,1.1247325346630532e-05,1.628560494282283e-05,1.7375337847624905e-05,2.7864591174875386e-05,1.8678059859666973e-05,1.0610019671730697e-05,4.450279811862856e-05,2.128843880200293e-05,1.111324945668457e-05,3.0840965337119997e-05,1.0688689144444652e-05,1.5747049474157393e-05,1.3515587852452882e-05,1.545996383356396e-05,1.2857684851041995e-05,1.489765418227762e-05,1.2175434676464647e-05,1.4522028322971892e-05,1.6802039681351744e-05
4500,3.208357884432189e-05,1.6527334082638845e-05,8.21105859358795e-05,1.2527573744591791e-05,8.631611308373976e-06,2.2093385268817656e-05,2.5632582037360407e-05,2.8505332011263818e-05,1.9333232557983138e-05,1.8940236259368248e-05,1.550935849081725e-05,7.019838085398078e-05,3.144621950923465e-05,7.951429870445281e-05,1.5272800737875514e-05,1.5587967936880887e-05,1.3031664821028244e-05,0.00011345272650942206,8.414344847551547e-06,3.117007145192474e-05,6.850084901088849e-05,1.2375942787912209e-05,2.9857350455131382e-05,1.901225004985463e-05,2.1471911168191582e-05,6.59970537526533e-05,1.4823579476797022e-05,1.710689684841782e-05,1.3483395377988927e-05,1.5216992323985323e-05,1.615730070625432e-05,2.0800829588552006e-05,1.586538019182626e-05,1.351641276414739e-05,4.0346789319301024e-05,1.42813378261053e-05,1.17502440843964e-05,3.098339220741764e-05,3.3146363421110436e-05,2.1630010451190174e-05,1.896780486276839e-05,1.6822097677504644e-05,1.8959035514853895e-05,2.4678112822584808e-05,1.5616216842317954e-05,1.5055702533572912e-05,1.8871596694225445e-05,1.4402436136151664e-05,1.6708701878087595e-05,1.4145848581392784e-05
4600,3.227212800993584e-05,6.29870337434113e-05,7.293310045497492e-05,1.3222721463534981e-05,1.7469728845753707e-05,2.1079644284327514e-05,2.2276733943726867e-05,2.9599281333503313e-05,2.5415294658159837e-05,2.1255113097140566e-05,1.4907544027664699e-05,6.032304008840583e-05,2.960304482257925e-05,4.911283031105995e-05,1.58967432071222e-05,1.9653311028378084e-05,1.7299249520874582e-05,0.00011670359526760876,1.1544361768756062e-05,2.144388599845115e-05,7.699295383645222e-05,1.4577454749087337e-05,3.069742888328619e-05,2.688466884137597e-05,3.110442412435077e-05,6.328944436972961e-05,1.538771357445512e-05,1.426893868483603e-05,1.3745559954259079e-05,1.7086062143789604e-05,1.724218782328535e-05,1.9479524780763313e-05,1.6190007954719476e-05,1.7209129509865306e-05,3.333406493766233e-05,1.0218408533546608e-05,1.2883058843726758e-05,2.4521552404621616e-05,1.675906969467178e-05,1.7880658560898155e-05,2.3268341465154663e-05,1.7583341104909778e-05,1.6109575881273486e-05,1.349445665255189e-05,1.4678768820886035e-05,1.8278078641742468e-05,1.7365093299304135e-05,1.6397085346397944e-05,1.5220054592646193e-05,2.0047980797244236e-05
4700,2.9981916668475606e-05,1.808799061109312e-05,6.396076059900224e-05,1.4625747098762076e-05,1.2827741556975525e-05,1.71736792253796e-05,1.958962639037054e-05,2.3248054276336916e-05,1.9909313778043725e-05,1.969911318155937e-05,1.647936187509913e-05,5.725742448703386e-05,2.877609404094983e-05,5.3089879656909034e-05,1.5828385585336946e-05,2.1437215764308348e-05,1.0119794751517475e-05,2.6808358597918414e-05,1.5911869923002087e-05,9.692279490991496e-06,6.990273686824366e-05,1.171517669718014e-05,3.934601045330055e-05,1.961067937372718e-05,1.637159766687546e-05,7.259992707986385e-05,1.2923413123644423e-05,1.4303556781669613e-05,1.701501605566591e-05,1.5523277397733182e-05,1.2154205251135863e-05,2.5413524781470187e-05,1.760920167725999e-05,1.4935904800950084e-05,3.8477504858747125e-05,1.0785901395138353e-05,1.701526161923539e-05,2.522641807445325e-05,1.0001257578551304e-05,1.311018604610581e-05,1.5700687072239816e-05,9.40152403927641e-06,1.6227480955421925e-05,1.5250089745677542e-05,1.1850847840833012e-05,1.277920546272071e-05,1.3275712262839079e-05,1.0075390491692815e-05,1.2666704606090207e-05,1.667740252742078e-05
4800,3.575790469767526e-05,1.696641083981376e-05,9.515650162938982e-05,1.6968720956356265e-05,1.5889170754235238e-05,3.3811429602792487e-05,3.269649459980428e-05,2.126148683601059e-05,3.542624108376913e-05,1.6635718566249125e-05,1.824293940444477e-05,6.325175490928814e-05,1.8865512174670584e-05,7.908689440228045e-05,1.618922033230774e-05,1.711238110146951e-05,1.3941651559434831e-05,3.178559200023301e-05,9.490848242421634e-06,1.3915090676164255e-05,7.975847984198481e-05,8.29113650979707e-06,3.411906800465658e-05,3.055873094126582e-05,2.1816287699039094e-05,8.187654020730406e-05,1.595431058376562e-05,2.2984673705650494e-05,1.2907958989671897e-05,1.8117225408786908e-05,1.1333932889101561e-05,2.1334959455998614e-05,1.4576954527001362e-05,1.7505923096905462e-05,4.080542203155346e-05,1.6850588508532383e-05,2.2533766241394915e-05,2.2662487026536837e-05,1.248897024197504e-05,9.720913112687413e-06,2.0252731701475568e-05,1.0232560271106195e-05,1.9490262275212444e-05,1.9745248209801503e-05,1.2894467545265798e-05,1.8506156266084872e-05,1.1381603144400287e-05,1.2054875696776435e-05,1.2462471204344183e-05,1.703444286249578e-05
4900,2.6482111934456043e-05,1.5772484402987175e-05,5.424250412033871e-05,1.4557631402567495e-05,1.5702518794569187e-05,2.755653258645907e-05,1.9057828467339277e-05,4.4722866732627153e-05,2.0473275071708485e-05,2.118606607837137e-05,2.642280924192164e-05,5.17856351507362e-05,2.7556094210012816e-05,5.5772321502445266e-05,1.4340966117742937e-05,1.8199822079623118e-05,1.8432019714964554e-05,2.1490302970050834e-05,1.609915489098057e-05,1.862435237853788e-05,7.52388805267401e-05,1.5153756066865753e-05,3.082821785937995e-05,2.0300247342674993e-05,2.0878158466075547e-05,6.525458593387157e-05,1.0251495950797107e-05,1.9219429304939695e-05,1.3317635421117302e-05,1.3511569704860449e-05,1.0551974810368847e-05,1.8114284102921374e-05,2.0153123841737397e-05,2.0546216546790674e-05,4.944701140630059e-05,1.286270435230108e-05,1.7417125491192564e-05,3.254754119552672e-05,1.8218466721009463e-05,1.2484168109949678e-05,2.1546291463891976e-05,9.895273251459002e-06,1.3929355191066861e-05,1.3974934518046211e-05,1.3251296877569985e-05,1.8471233488526195e-05,1.1557863217603881e-05,1.0538649803493172e-05,1.7249731172341853e-05,2.080147351080086e-05
5000,3.391041173017584e-05,1.4993618606240489e-05,6.16991164861247e-05,3.0012788556632586e-05,1.6213891285588033e-05,2.5457698939135298e-05,1.7650670997682028e-05,2.4951390514615923e-05,2.6231400624965318e-05,2.644004962348845e-05,3.394320447114296e-05,7.573897892143577e-05,3.468532668193802e-05,0.00010683497384889051,2.454039713484235e-05,1.7916405340656638e-05,1.5922478269203566e-05,3.8081492675701156e-05,1.070320558937965e-05,1.637575405766256e-05,7.253613148350269e-05,1.5077029274834786e-05,2.710911212489009e-05,1.909406819322612e-05,1.6173138646990992e-05,8.078121027210727e-05,1.848063948273193e-05,2.1953703253529966e-05,1.1468974662420806e-05,1.556441748107318e-05,1.5748513760627247e-05,2.2011772671248764e-05,1.5250600881699938e-05,2.3116728698369116e-05,2.7861713533638977e-05,1.3110086911183316e-05,1.4870447557768784e-05,2.869183663278818e-05,2.271418816235382e-05,1.420118769601686e-05,1.7362452126690187e-05,2.142972698493395e-05,2.045788278337568e-05,1.6908763427636586e-05,1.6202577171497978e-05,1.5852932847337797e-05,1.63407876243582e-05,1.335697561444249e-05,2.3095433789421804e-05,1.9465776858851314e-05
5100,4.353195981821045e-05,1.5092278772499412e-05,6.17978221271187e-05,1.4434113836614415e-05,1.1615513358265162e-05,1.5369716493296437e-05,2.2926844394532964e-05,2.3407352273352444e-05,1.8808328604791313e-05,1.9132281522615813e-05,1.726422669889871e-05,8.28695556265302e-05,2.8285308872000314e-05,5.5706688726786524e-05,1.475820772611769e-05,2.1596268197754398e-05,1.380982303089695e-05,3.886006015818566e-05,1.1944774087169208e-05,1.2891675396531355e-05,7.213104254333302e-05,2.0796032913494855e-05,3.233188544982113e-05,1.8366830772720277e-05,1.3459062756737694e-05,8.171606896212325e-05,1.3619283890875522e-05,1.7590731658856384e-05,2.1104589905007742e-05,1.4747046407137532e-05,2.2746522517991252e-05,1.9734086890821345e-05,1.6967802366707474e-05,1.6460429833387025e-05,4.4895488827023655e-05,1.5005173736426514e-05,1.1617484233283903e-05,2.10970792977605e-05,1.46375577969593e-05,1.3264320841699373e-05,1.559379234095104e-05,1.0167657819692977e-05,2.1728657884523273e-05,1.2778024029103108e-05,1.8142458429792896e-05,2.2445387003244832e-05,1.3938668416813016e-05,1.5908601199043915e-05,1.4123281289357692e-05,1.5493011233047582e-05
5200,3.212084266124293e-05,1.6087531548691913e-05,5.813114330521785e-05,2.1430523702292703e-05,1.770997914718464e-05,1.987901850952767e-05,1.7027181456796825e-05,2.246023723273538e-05,1.8034135791822337e-05,1.657542452448979e-05,1.3055907402304001e-05,5.256946315057576e-05,2.1932741219643503e-05,4.95158092235215e-05,2.0355155356810428e-05,2.633699659781996e-05,1.7036965800798498e-05,8.766203245613724e-05,1.5162082490860485e-05,1.0614013262966182e-05,6.422989827115089e-05,1.6416744983871467e-05,3.965484575019218e-05,2.192341344198212e-05,1.403424084855942e-05,7.651775376871228e-05,1.7023477994371206e-05,2.054907236015424e-05,1.369696019537514e-05,1.4726292647537775e-05,1.442421034880681e-05,1.5155325854721013e-05,1.3966881851956714e-05,1.606634396011941e-05,3.70196758012753e-05,1.4012975043442566e-05,1.3420428331301082e-05,4.048634582431987e-05,1.3791190212941729e-05,2.1425004888442345e-05,1.8439423001836985e-05,1.3009725080337375e-05,1.565730599395465e-05,1.6055289961514063e-05,1.4572354302799795e-05,1.544170117995236e-05,1.5601552149746567e-05,1.8346121578360908e-05,1.6475836673635058e-05,1.2588678146130405e-05
