step,channel_123,channel_59,channel_32,channel_0,channel_85,channel_3,channel_57,channel_48,channel_95,channel_9,channel_23,channel_11,channel_7,channel_35,channel_51,channel_111,channel_91,channel_19,channel_45,channel_114,channel_43,channel_27,channel_13,channel_41,channel_39,channel_5,channel_90,channel_17,channel_62,channel_77,channel_37,channel_26,channel_46,channel_127,channel_24,channel_78,channel_47,channel_75,channel_31,channel_73,channel_107,channel_16,channel_112,channel_33,channel_1,channel_50,channel_80,channel_14,channel_29,channel_92
0,0.0002727624087128788,0.0007302788435481489,0.0004671987844631076,0.0002915533841587603,6.273981125559658e-05,0.00011741922935470939,7.660510163987055e-05,7.541449303971604e-05,8.808913116808981e-05,0.00014637842832598835,3.74604387616273e-05,0.00010179360106121749,0.00017089126049540937,0.00022109552810434252,6.3478117226623e-05,6.324012792902067e-05,6.229663267731667e-05,5.877241346752271e-05,8.9308712631464e-05,4.663919025915675e-05,2.930252048827242e-05,0.00014796937466599047,5.21938745805528e-05,2.5143697712337598e-05,5.268876702757552e-05,0.0001330846280325204,7.56006411393173e-05,1.7464180928072892e-05,2.766022771538701e-05,5.766688991570845e-05,5.230912574916147e-05,0.00010706413013394922,2.176652560592629e-05,0.0001232363865710795,4.6758028474869207e-05,3.89827873732429e-05,1.824073478928767e-05,2.8965969249838963e-05,4.745108526549302e-05,2.9808017643517815e-05,1.701446126389783e-05,6.033921454218216e-05,4.143979822401889e-05,0.00010420037870062515,0.00010053611913463101,2.4372666302951984e-05,3.0007444365764968e-05,2.080645390378777e-05,4.263802838977426e-05,5.9625697758747265e-05
100,0.0014952878700569272,0.001380019006319344,0.0004341469320934266,0.00021774238848593086,0.00043257151264697313,0.00030449480982497334,0.0004056221223436296,0.00024089074577204883,0.00023862783564254642,0.00033970727236010134,0.0003395007806830108,0.00030860857805237174,0.00029833288863301277,0.0002880775136873126,0.0002376661286689341,0.00027772574685513973,0.0002471214102115482,0.0001574855559738353,0.00025976772303692997,0.00026329411775805056,0.0002605623740237206,0.000255343911703676,0.0002495803637430072,0.00024353922344744205,0.000155365007231012,0.00022374920081347227,0.00012767690350301564,0.00020964145369362086,8.953343058237806e-05,0.00020497142395470291,6.577536260010675e-05,0.00015172461280599236,0.00020137608225923032,0.00018773031479213387,5.2981649787398055e-05,0.00017809202836360782,0.00017538243264425546,0.00017330553964711726,0.00012979406164959073,0.00016636151121929288,0.00016390076780226082,0.00014188892964739352,0.0001506935659563169,0.00010793138790177181,0.00015489816723857075,9.320331446360797e-05,0.00010669319453882053,0.00014539928815793246,0.00014480292156804353,8.377702761208639e-05
200,0.0010362181346863508,0.0010158249642699957,0.00038950308226048946,0.00030465866439044476,0.0002849912561941892,0.00022719362459611148,0.00012308442092034966,0.00025973632000386715,0.0002305380767211318,0.00023671328381169587,0.0002548850025050342,0.00019187702855560929,0.00021580133761744946,0.0002185470366384834,0.0001511194568593055,0.00026857468765228987,0.00022542427177540958,0.00015717321366537362,0.00018538557924330235,0.00019291539501864463,0.0001122712274082005,0.00011540230480022728,0.00011578894918784499,0.00020525709260255098,0.00010110723815159872,0.00017643586033955216,0.00021262791415210813,0.00011575497046578676,0.00011805263056885451,0.0001432950812159106,0.00019996328046545386,0.00011284287757007405,0.00017504856805317104,0.00016204164421651512,0.00017829965509008616,0.00016498213517479599,7.72977145970799e-05,0.00014423720131162554,0.00016653371858410537,0.00013443124771583825,8.012652688194066e-05,9.731880709296092e-05,0.00015916484699118882,0.00013241892156656832,8.271650585811585e-05,9.710356243886054e-05,0.00010921066859737039,5.1000060921069235e-05,9.138869791058823e-05,0.00012821474228985608
300,0.0008860331727191806,0.0012894447427242994,0.000439335621194914,9.694106120150536e-05,0.00023749761749058962,0.00041254120878875256,0.0002670468529686332,0.00027997902361676097,0.00029086307040415704,0.0002740917552728206,0.00024876781390048563,0.0002654022828210145,0.00022344235912896693,0.00019997547497041523,0.00017913835472427309,0.00023655900440644473,0.00021447626932058483,0.00013704932644031942,0.0002604828623589128,0.00016804311599116772,6.318806845229119e-05,0.00017077650409191847,9.428736666450277e-05,0.000195569999050349,8.513378270436078e-05,0.00016504099767189473,0.00017754897999111563,0.00015925258048810065,0.000208026627660729,0.00013839872553944588,8.064182475209236e-05,9.928624785970896e-05,7.612651097588241e-05,0.0001759586448315531,8.901402907213196e-05,0.0001308089413214475,0.0001058776761055924,0.00013007293455302715,0.00011103345605079085,0.00012920332665089518,9.250296716345474e-05,0.00011601351434364915,0.00013544464309234172,0.00013895976007916033,0.0001375334832118824,9.08923611859791e-05,9.610953566152602e-05,5.789222996099852e-05,6.1024191381875426e-05,0.00013950229913461953
400,0.0004998432123102248,0.0007061338983476162,0.0002698652388062328,0.00039776400080882013,0.00013426615623757243,4.3799660488730296e-05,0.00012203530786791816,0.0001698631967883557,0.0001767276698956266,0.00013936468167230487,0.0001253296504728496,0.00013381497410591692,0.00016118631174322218,0.00016003406199160963,0.00010370115342084318,0.00014421813830267638,0.00010552936146268621,0.00011455191270215437,0.00015211940626613796,9.922364552039653e-05,4.082296072738245e-05,7.619135431014001e-05,4.2506206227699295e-05,3.337680027470924e-05,6.427280459320173e-05,0.00012759263336192816,0.00011826551053673029,4.826178337680176e-05,9.174831939162686e-05,7.691315113333985e-05,2.9699411243200302e-05,6.983707135077566e-05,7.592247857246548e-05,7.656499656150118e-05,2.5895589715219103e-05,7.66961311455816e-05,7.087968697305769e-05,6.972973642405123e-05,3.224321699235588e-05,6.706621206831187e-05,5.6145778216887265e-05,6.982356717344373e-05,4.700770296039991e-05,9.372664499096572e-05,9.523682820145041e-05,8.9297529484611e-05,4.98385816172231e-05,3.1823561585042626e-05,3.715734419529326e-05,7.61984774726443e-05
500,0.0004945293185301125,0.0005019888048991561,0.000360669509973377,0.00012693455209955573,0.00014202097372617573,5.989291094010696e-05,0.0001580678072059527,0.0001091470621759072,0.0001451774878660217,0.00014009966980665922,0.000108136679045856,0.00010031177225755528,0.0001208660178235732,0.00014164259482640773,8.460816025035456e-05,0.0001409738470101729,7.481592911062762e-05,9.54649003688246e-05,0.00010181472316617146,8.014537888811901e-05,8.376716868951917e-05,7.776329584885389e-05,6.673867756035179e-05,4.6403776650549844e-05,3.4540120395831764e-05,0.00011027654545614496,9.326410508947447e-05,5.561127181863412e-05,4.696762698586099e-05,6.062632746761665e-05,4.066159453941509e-05,5.22469163115602e-05,0.00010683025175239891,8.150594658218324e-05,2.848591611837037e-05,5.2856321417493746e-05,6.505236524390057e-05,5.9990008594468236e-05,2.863048757717479e-05,6.0972517530899495e-05,4.905664536636323e-05,6.481561285909265e-05,5.1243874622741714e-05,6.637785554630682e-05,6.479401781689376e-05,5.092078208690509e-05,5.477711238199845e-05,4.254696250427514e-05,2.328553091501817e-05,4.426769737619907e-05
600,0.0006256618653424084,0.000871730619110167,0.00028454556013457477,0.0002816084888763726,0.00018183280189987272,5.727272218791768e-05,5.755325037171133e-05,0.00013559943181462586,0.0001328843500232324,0.00024220881459768862,0.00021053417003713548,0.00020049771410413086,0.0001460979983676225,0.00016925969976000488,0.00012090089148841798,0.00016001109906937927,0.0001302375749219209,8.199184958357364e-05,0.00017639962607063353,0.00013174013292882591,8.140729187289253e-05,9.730611054692417e-05,7.307461055461317e-05,0.00010787104110931978,0.00012841433635912836,0.00010317616397514939,6.968434900045395e-05,5.058772148913704e-05,5.959805639577098e-05,9.490877710049972e-05,0.00012565076758619398,0.00018777535296976566,5.116275860927999e-05,0.00011426761193433776,3.963422932429239e-05,0.00013633393973577768,5.202560350880958e-05,6.968635716475546e-05,5.336991307558492e-05,9.813715587370098e-05,6.586642848560587e-05,9.452198719372973e-05,5.1377734052948654e-05,8.251140388892964e-05,4.522663584793918e-05,4.3378808186389506e-05,5.290125773171894e-05,3.625273529905826e-05,2.3600714484928176e-05,4.6386136091314256e-05
700,0.0004400275065563619,0.0008003078983165324,0.0002161985175916925,0.00020967426826246083,0.00013489233970176429,3.917956564691849e-05,7.442962669301778e-05,0.00011867124703712761,0.00017484609270468354,0.00011428788275225088,0.0001070687867468223,0.00012363663699943572,0.0001330001250607893,0.00011453199840616435,0.0001057674380717799,0.0001166945876320824,9.145394869847223e-05,6.54587202006951e-05,0.00010739095159806311,0.0001394535938743502,5.4987995099509135e-05,0.00012067081115674227,4.306750633986667e-05,9.084396151592955e-05,3.321058102301322e-05,0.000105540435470175,8.602863090345636e-05,3.607651888160035e-05,6.053874676581472e-05,5.169861833564937e-05,9.413406951352954e-05,5.461340697365813e-05,0.00010342420864617452,9.69145039562136e-05,2.791597944451496e-05,5.0103353714803234e-05,8.750337292440236e-05,5.103605872136541e-05,3.337789894430898e-05,5.243736814009026e-05,4.6213812311179936e-05,4.747853381559253e-05,4.201009141979739e-05,0.00012200159835629165,7.621879922226071e-05,5.8083387557417154e-05,3.498355363262817e-05,3.06637302855961e-05,7.529073627665639e-05,4.171719774603844e-05
800,0.0006648479029536247,0.0006336974329315126,0.0003098821034654975,0.00017921907419804484,0.00026519899256527424,6.359165126923472e-05,0.0001303271419601515,0.0001558725634822622,0.00011439811351010576,0.00011926303704967722,0.00012120918836444616,0.00010288135672453791,0.00015295956109184772,0.0001601823460077867,7.141398236854002e-05,0.00022309680934995413,0.0001931201113620773,0.00015099755546543747,0.00010544565884629264,0.0001463826629333198,4.345312845543958e-05,7.96913736849092e-05,2.9906881536589935e-05,7.758814172120765e-05,0.00010404798376839608,9.555945871397853e-05,0.00013640010729432106,3.092413680860773e-05,7.64606156735681e-05,7.532402378274128e-05,6.942050822544843e-05,0.0001259356940863654,0.0001419717591488734,8.054888166952878e-05,2.1214402295299806e-05,5.7896115322364494e-05,7.792218821123242e-05,7.613906200276688e-05,6.769456376787275e-05,6.583422509720549e-05,6.168448453536257e-05,4.322072709328495e-05,4.580808672471903e-05,6.778438546461985e-05,2.459688221279066e-05,0.00010212155029876158,7.361351163126528e-05,6.031100565451197e-05,3.269118315074593e-05,5.121956564835273e-05
900,0.0004977633361704648,0.0007314489339478314,0.000342325191013515,8.031049219425768e-05,0.00015430168423336,0.0001870848354883492,0.0001232139766216278,0.00010275288514094427,0.00015224698290694505,0.0001708350027911365,0.0001379430468659848,0.0001567582949064672,0.00020467514696065336,0.00020563023281283677,0.00010417314479127526,0.0001412694837199524,0.00011052159970859066,6.823438161518425e-05,0.0001421357155777514,0.00010459278564667329,4.5180731831351295e-05,0.00012314217747189105,5.2889445214532316e-05,0.00010043467773357406,9.09849550225772e-05,0.00010301914880983531,5.325184974935837e-05,4.611787153407931e-05,3.561163248377852e-05,9.350242180516943e-05,6.369817128870636e-05,6.512684194603935e-05,4.413074202602729e-05,0.00015101012832019478,3.3422140404582024e-05,8.040491957217455e-05,3.261923848185688e-05,7.021855708444491e-05,5.1026443543378264e-05,9.430658974451944e-05,5.665019489242695e-05,5.044249337515794e-05,5.7442601246293634e-05,0.00010023480717791244,5.7337372709298506e-05,4.142157195019536e-05,5.0473307055654004e-05,2.6653779059415683e-05,5.277783566270955e-05,6.783403659937903e-05
1000,0.00037243906990624964,0.0007813455304130912,0.000288679962977767,0.0001449819974368438,0.00013204634888097644,0.0002422977559035644,7.641086267540231e-05,0.00014133185322862118,8.711419650353491e-05,0.00018364560673944652,0.00014043221017345786,0.00014863464457448572,0.00015777326188981533,0.00016701167623978108,0.00011331282439641654,0.00012471798982005566,7.418844325002283e-05,8.145460014929995e-05,0.00013299440615810454,9.248820424545556e-05,4.264582094037905e-05,9.962207695934922e-05,4.396913936943747e-05,3.060981907765381e-05,0.00013406753714662045,0.00012111511750845239,6.610466516576707e-05,4.2569299694150686e-05,6.249069701880217e-05,6.041352389729582e-05,9.7348187409807e-05,0.00011353630543453619,3.809728514170274e-05,0.00010721217404352501,5.546877582673915e-05,4.494710810831748e-05,4.934092066832818e-05,7.06645951140672e-05,6.14469317952171e-05,6.924713670741767e-05,6.340590334730223e-05,5.777065598522313e-05,4.12713379773777e-05,0.00013453149585984647,4.923583401250653e-05,4.968112989445217e-05,5.6540051446063444e-05,3.2051288144430146e-05,4.0284845454152673e-05,5.075943045085296e-05
1100,0.0006449997308664024,0.0007516208570450544,0.0001941354275913909,0.00012806328595615923,0.0001732642122078687,5.563673039432615e-05,8.526247256668285e-05,0.00015549002273473889,0.00020725720969494432,0.00014046112482901663,0.00011124159937025979,0.00011406962585169822,0.0001571777684148401,0.00018641228962223977,7.709565397817641e-05,0.00013390681124292314,9.663509990787134e-05,9.169902477879077e-05,0.0001523786486359313,0.0001118004583986476,2.988491178257391e-05,7.721273868810385e-05,3.756328806048259e-05,4.2854069761233404e-05,0.00015254040772560984,7.782088505337015e-05,5.789879651274532e-05,3.426344846957363e-05,6.58597273286432e-05,7.235411612782627e-05,8.584363968111575e-05,8.797402551863343e-05,8.847322169458494e-05,8.098414400592446e-05,3.757577724172734e-05,7.306883344426751e-05,2.91064443445066e-05,6.0380378272384405e-05,5.310491178533994e-05,6.788548489566892e-05,4.919674393022433e-05,5.200055238674395e-05,5.02944749314338e-05,5.801015140605159e-05,3.344288779771887e-05,7.219908729894087e-05,5.0766378990374506e-05,3.374287189217284e-05,3.922545874956995e-05,5.8814275689655915e-05
1200,0.0005130146164447069,0.0011061187833547592,0.00021747432765550911,0.0002573530364315957,0.00015806042938493192,0.00011678019654937088,0.00018084634211845696,0.00012722460087388754,0.0001051347135216929,0.00015524715126957744,0.00015851428906898946,0.0001699437270872295,0.00014345775707624853,0.00012915254046674818,0.00018122541951015592,0.0001376997388433665,0.00010773164103738964,8.012833131942898e-05,0.00018413086945656687,0.00010578965884633362,8.251973486039788e-05,0.00017729234241414815,8.242743206210434e-05,8.893651101971045e-05,5.585130202234723e-05,0.00011917619849555194,5.8518075093161315e-05,2.79808937193593e-05,6.752783519914374e-05,8.073785284068435e-05,7.324147736653686e-05,5.5158594477688894e-05,5.829870860907249e-05,0.0001011013810057193,3.611605643527582e-05,6.366082379827276e-05,5.3852825658395886e-05,7.950507279019803e-05,0.00010456305608386174,6.485989433713257e-05,5.9977188357152045e-05,7.502844528062269e-05,5.272555790725164e-05,5.2370098273968324e-05,2.928993126261048e-05,5.257990414975211e-05,5.4005988204153255e-05,4.182603152003139e-05,5.90971321798861e-05,4.69791229988914e-05
1300,0.00040125090163201094,0.0009369707549922168,0.00027502476586960256,0.00015080481534823775,0.00011929247557418421,0.0001249814231414348,5.621359377983026e-05,0.00013669424515683204,0.00014289331738837063,0.00012907299969810992,0.0001364113122690469,0.00011696625733748078,0.0001150408061221242,0.0001742341701174155,9.266009874409065e-05,0.00010722531442297623,7.821785402484238e-05,8.481404074700549e-05,0.00013863273488823324,7.747647032374516e-05,2.8552858566399664e-05,0.00014648275100626051,6.460482836700976e-05,3.571669731172733e-05,5.39224965905305e-05,0.00012527580838650465,9.757391671882942e-05,7.137851935112849e-05,3.138567990390584e-05,5.675582724506967e-05,3.591227505239658e-05,0.000153758839587681,8.898402302293107e-05,6.882707384647802e-05,2.369100366195198e-05,5.1995841204188764e-05,6.101043982198462e-05,5.7180888688890263e-05,5.120802961755544e-05,5.8271860325476155e-05,4.415093280840665e-05,5.4900618124520406e-05,5.0025344535242766e-05,0.000104558675957378,4.342076135799289e-05,9.57546872086823e-05,5.557469557970762e-05,4.684083251049742e-05,2.7032017896999605e-05,8.289444667752832e-05
1400,0.000524016679264605,0.0008452916517853737,0.0002230460086138919,6.833476072642952e-05,0.00017772179853636771,0.00011374043970135972,0.00010360361920902506,0.000188854755833745,0.00013379017764236778,0.00011897244985448197,0.00011742452625185251,0.00012545975914690644,0.00015074496332090348,0.00015169182734098285,9.526802750770003e-05,0.00015470918151549995,0.00012742937542498112,0.00015813422214705497,0.00014642886526416987,0.000105083359812852,3.3620006433920935e-05,6.572669371962547e-05,5.500722909346223e-05,3.3102845918620005e-05,0.00016917023458518088,0.0001867279497673735,0.00010452057176735252,6.584467337233946e-05,6.853255035821348e-05,0.00012879703717771918,5.378280548029579e-05,8.433355105808005e-05,7.303771417355165e-05,0.00019461826013866812,3.209787973901257e-05,6.350028706947342e-05,3.354181899339892e-05,5.639093433273956e-05,5.375212640501559e-05,6.985907384660095e-05,5.659436646965332e-05,4.966405322193168e-05,4.492680818657391e-05,6.294854392763227e-05,4.141907629673369e-05,7.593112968606874e-05,5.433727346826345e-05,4.769308725371957e-05,5.749699266743846e-05,4.542926399153657e-05
1500,0.000573932658880949,0.0009884743485599756,0.0002445010468363762,8.953514043241739e-05,0.00016337126726284623,8.315627201227471e-05,7.525799446739256e-05,0.0002259953907923773,0.00022722706489730626,0.00010683816799428314,0.00010226298763882369,0.00015211448771879077,0.00011928690946660936,0.00011884562991326675,0.00010407324589323252,0.00012182592763565481,0.00010306447074981406,0.00017694021516945213,0.00016947006224654615,0.00012039294233545661,3.164551890222356e-05,7.367754733422771e-05,4.3165880924789235e-05,5.7419470977038145e-05,7.759736763546243e-05,8.894773782230914e-05,0.00010526537516852841,8.157500269589946e-05,0.00012477574637159705,8.036936196731403e-05,4.865368100581691e-05,5.6225348089355975e-05,8.81778250914067e-05,7.743072637822479e-05,2.8659540475928225e-05,7.511926378356293e-05,9.398414840688929e-05,6.956881406949833e-05,9.886065527098253e-05,7.325502519961447e-05,6.015350663801655e-05,5.231130126048811e-05,4.235233791405335e-05,7.87383978604339e-05,4.617508238879964e-05,0.00012080869782948866,5.3881311032455415e-05,3.484868284431286e-05,3.823694714810699e-05,6.444583414122462e-05
1600,0.00047270330833271146,0.0006151610286906362,0.00018469338829163462,0.00010390296665718779,0.00014745410589966923,0.00021665052918251604,6.75216579111293e-05,0.00016667776799295098,0.00011518394603626803,0.00012321762915235013,0.00012699473882094026,0.00010470431880094111,0.00010239449329674244,0.00022230175090953708,0.00010116617340827361,0.00011860782979056239,8.912254270398989e-05,0.000117525014502462,0.00010860430484171957,8.655715646455064e-05,3.0962102755438536e-05,6.118945020716637e-05,6.139705510577187e-05,2.892876545956824e-05,9.055384725797921e-05,7.777126302244142e-05,5.3506377298617736e-05,3.847560583380982e-05,3.823127190116793e-05,5.833024624735117e-05,0.00012008097110083327,4.5867738663218915e-05,3.702417961903848e-05,0.0001879542542155832,4.517369961831719e-05,5.1111954235238954e-05,5.5027412599883974e-05,5.4274994909064844e-05,6.273859617067501e-05,6.963724445085973e-05,7.84912845119834e-05,6.73143076710403e-05,4.638895916286856e-05,5.835203774040565e-05,4.737633571494371e-05,5.3719457355327904e-05,4.729105785372667e-05,6.577408930752426e-05,2.4266882974188775e-05,9.092916297959164e-05
1700,0.0004211908672004938,0.0006114092539064586,0.00044910237193107605,7.544492109445855e-05,0.00010907954856520519,4.941289807902649e-05,5.1496692321961746e-05,0.00012167295790277421,0.00011296210868749768,0.0001358073204755783,0.00012967016664333642,0.00010475521412445232,0.0001679766137385741,0.00021666775865014642,7.792453106958419e-05,0.0001122726098401472,0.00010505595128051937,9.825258166529238e-05,0.00010006034426623955,8.985528984339908e-05,2.956929529318586e-05,9.960417810361832e-05,4.640566839952953e-05,3.760229083127342e-05,0.00015320061356760561,0.0001294564426643774,0.00010038798063760623,5.4457239457406104e-05,7.868449756642804e-05,5.569833592744544e-05,0.00010101326915901154,8.207387145375833e-05,3.2085601560538635e-05,0.00015723959950264543,2.0251154637662694e-05,4.6747234591748565e-05,2.8558077246998437e-05,5.32502235728316e-05,7.394367275992408e-05,6.06662651989609e-05,4.390366666484624e-05,4.944288593833335e-05,3.82636790163815e-05,0.00010304459283361211,3.936950088245794e-05,4.419385004439391e-05,4.1108713048743084e-05,2.7109155780635774e-05,2.464560020598583e-05,5.002938996767625e-05
1800,0.0005060837138444185,0.0009913372341543436,0.0003129347169306129,7.209047907963395e-05,0.00018551333050709218,0.00014321341586764902,7.889915286796167e-05,0.00016940785280894488,0.0001272550580324605,0.00023236450215335935,0.0001719398860586807,0.00020381121430546045,0.00014419853687286377,0.0001223959552589804,0.00013959976786281914,0.00014171042130328715,9.973061241907999e-05,0.00010758361895568669,0.00017000507796183228,0.00013441262126434594,4.5054843212710693e-05,0.00015440523566212505,7.125923730200157e-05,7.73192077758722e-05,0.00016334366227965802,0.00011107247701147571,0.0001156758371507749,7.834033021936193e-05,4.457334944163449e-05,6.704114639433101e-05,4.579494270728901e-05,0.00011442789400462061,9.134771244134754e-05,8.26548202894628e-05,3.807683242484927e-05,6.963942723814398e-05,6.301999383140355e-05,6.078467777115293e-05,5.0734506658045575e-05,6.989191024331376e-05,5.4922871640883386e-05,7.967431884026155e-05,4.606243601301685e-05,9.910750668495893e-05,3.7630496080964804e-05,8.984814485302195e-05,6.31451330264099e-05,4.286887633497827e-05,2.831391066138167e-05,7.796568388585001e-05
1900,0.00045717653119936585,0.0011189162032678723,0.00022877076116856188,7.263328006956726e-05,0.00015103207260835916,4.1257470002165064e-05,7.571848254883662e-05,0.000200584894628264,0.00015166192315518856,0.00020579180272761732,0.00011785032984334975,0.00021466237376444042,0.0001386792864650488,0.0001503260718891397,0.00012367762974463403,0.00012727368448395282,8.400457591051236e-05,0.00011323524086037651,0.00018727681890595704,9.593718277756125e-05,3.983348506153561e-05,0.00013372873945627362,4.759880539495498e-05,5.31946134287864e-05,4.5474418584490195e-05,0.00010717289114836603,9.399326518177986e-05,7.073283632053062e-05,8.023752889130265e-05,8.418476500082761e-05,8.567988697905093e-05,4.8397723730886355e-05,7.723138696746901e-05,8.96914498298429e-05,3.471831587376073e-05,6.35640972177498e-05,4.3301643017912284e-05,6.380465492838994e-05,7.142177491914481e-05,8.116359822452068e-05,7.00211530784145e-05,9.656310430727899e-05,4.422181154950522e-05,5.799108839710243e-05,2.5028586605913006e-05,7.530127913923934e-05,5.482049164129421e-05,3.139743785141036e-05,2.8958362236153334e-05,4.638296741177328e-05
2000,0.0005575459217652678,0.000690395594574511,0.0003607264661695808,0.00010016033047577366,0.00016244650760199875,9.726279677124694e-05,0.00016146728012245148,0.00015719773364253342,0.00020921516988892108,0.0001634285581531003,0.0001748522772686556,0.00014415102486964315,0.0001439279440091923,0.0001608712482266128,0.00014476582873612642,0.00013304076856002212,0.00010449707042425871,0.00011451507452875376,0.00014779914636164904,0.0001059791975421831,0.00010488927364349365,9.43352933973074e-05,7.803576590958983e-05,6.488727376563475e-05,5.052468986832537e-05,0.00012386692105792463,8.087095193332061e-05,6.873053644085303e-05,5.9796857385663316e-05,6.191583815962076e-05,5.11660473421216e-05,8.051373151829466e-05,7.674228982068598e-05,0.00018177430320065469,4.429278851603158e-05,6.486206984845921e-05,3.594726149458438e-05,8.603576861787587e-05,0.00012907912605442107,7.084295066306368e-05,8.726122905500233e-05,9.122721530729905e-05,7.290367648238316e-05,7.650091720279306e-05,3.899475632351823e-05,6.874995597172529e-05,6.701529491692781e-05,4.2552175727905706e-05,2.5348001145175658e-05,0.00012475204130169004
2100,0.00047515801270492375,0.0004611752519849688,0.00021793387713842094,0.00023903722467366606,0.00013839655730407685,6.773077620891854e-05,0.00010141263192053884,9.16638455237262e-05,0.00010178696538787335,0.00012688880087807775,0.00014902114344295114,0.00010322794696548954,0.00012627738760784268,0.00015446668840013444,0.00010693369404179975,0.0001110132216126658,9.574465366313234e-05,4.9403035518480465e-05,9.916326234815642e-05,9.402092109667137e-05,7.223178545245901e-05,6.0009384469594806e-05,5.520640479517169e-05,6.312247569439933e-05,6.464729813160375e-05,0.0001249266933882609,7.730396464467049e-05,3.3838576200651005e-05,7.854599243728444e-05,6.576606392627582e-05,5.309847620083019e-05,0.00010759494762169197,4.863485446549021e-05,6.679857324343175e-05,2.1994061171426438e-05,6.467191269621253e-05,8.275482832686976e-05,6.0901154938619584e-05,3.814867523033172e-05,7.482037472072989e-05,4.9175294407177716e-05,4.7461013309657574e-05,4.440379416337237e-05,5.371190854930319e-05,5.828848952660337e-05,3.505284257698804e-05,6.31557049928233e-05,3.0592138500651345e-05,2.377187593083363e-05,6.014849350322038e-05
2200,0.0005647116340696812,0.0008403079118579626,0.0003060094022657722,8.113140211207792e-05,0.00014993976219557226,5.426330608315766e-05,0.00012117404548916966,0.00016091811994556338,0.0001473788288421929,0.00013639983080793172,0.00011550700583029538,0.00011934267968172207,0.00014655714039690793,0.00014237263530958444,0.00010121778177563101,0.00012358887761365622,0.00010356040729675442,0.00013183182454667985,0.00014752849529031664,0.00010002394992625341,3.318188100820407e-05,7.37166337785311e-05,4.097088458365761e-05,0.0001175589713966474,3.267541615059599e-05,0.00010714861855376512,7.596461364300922e-05,4.977575008524582e-05,7.168753654696047e-05,7.047005055937916e-05,3.459215076873079e-05,8.503695426043123e-05,9.86835002549924e-05,0.00017266887880396098,3.814802039414644e-05,6.497874710476026e-05,5.949969636276364e-05,6.465213664341718e-05,7.508284761570394e-05,7.049119449220598e-05,5.877438889001496e-05,5.39741049578879e-05,5.112769576953724e-05,7.076284236973152e-05,2.751326246652752e-05,9.686101111583412e-05,5.2902818424627185e-05,3.63848521374166e-05,5.3265164751792327e-05,5.760952262789942e-05
2300,0.001316595240496099,0.0006003070157021284,0.0003373227082192898,8.414671901846305e-05,0.0003423041489440948,5.536602475331165e-05,4.775089837494306e-05,0.00015372171765193343,0.00013768271310254931,0.00014072522753849626,0.0001481203653384,0.00013230706099420786,0.00014355579332914203,0.00016671149933245033,0.00010465103696333244,0.00022163554967846721,0.00018899388669524342,9.773152123671025e-05,0.00011978810653090477,0.00025845732307061553,3.478899452602491e-05,7.543590618297458e-05,4.2552990635158494e-05,4.421097401063889e-05,0.00010581807873677462,0.00011937201634282246,6.0189879150129855e-05,5.952960054855794e-05,6.36406330158934e-05,0.00015758165682200342,5.6432509154547006e-05,0.00011847072164528072,3.096694854320958e-05,0.00014308447134681046,2.932279858214315e-05,0.00011972351057920605,4.092482413398102e-05,0.0001066638869815506,5.940828486927785e-05,0.00011744284711312503,0.00014594152162317187,6.213640153873712e-05,6.436476542148739e-05,5.892726039746776e-05,5.893963316339068e-05,5.63948015042115e-05,5.671504550264217e-05,4.238091787556186e-05,2.516608037694823e-05,4.3681702663889155e-05
2400,0.0004641216655727476,0.0005660327733494341,0.00025708851171657443,0.00014802344958297908,0.00013532514276448637,0.00019735327805392444,7.538253703387454e-05,0.00011381345393601805,0.00015200063353404403,0.00016454511205665767,0.00016462230996694416,0.00012489510118030012,0.00011773777805501595,0.00013022620987612754,8.535672532161698e-05,0.0001143945410149172,9.178957407129928e-05,6.878362182760611e-05,0.00012038727436447516,8.742664067540318e-05,3.898797513102181e-05,7.307411578949541e-05,7.936812471598387e-05,2.6704146875999868e-05,8.075775258475915e-05,0.00019420210446696728,6.0724400100298226e-05,5.8929657825501636e-05,0.00010659817780833691,6.31414441158995e-05,8.032255573198199e-05,5.9516107285162434e-05,4.053681550431065e-05,0.00011011012247763574,2.7630552722257562e-05,5.5750231695128605e-05,5.734448495786637e-05,5.710273762815632e-05,5.6602271797601134e-05,5.776569014415145e-05,4.530771548161283e-05,6.58657809253782e-05,6.80567100062035e-05,0.00012912430975120515,4.5053991925669834e-05,3.769770046346821e-05,5.68300238228403e-05,3.7532336136791855e-05,3.257065327488817e-05,4.557316060527228e-05
2500,0.00046485255006700754,0.0006384003791026771,0.00038102504913695157,0.00010988522990373895,0.00015945032646413893,7.023221405688673e-05,7.273045048350468e-05,0.00018190289847552776,9.200967178912833e-05,0.00014226521307136863,0.00015405721205752343,0.00012453841918613762,0.0001938861096277833,0.00018227733380626887,0.00010720499267335981,0.00011002162500517443,8.807740232441574e-05,0.0001356821449007839,0.000125828169984743,8.844721014611423e-05,4.052374424645677e-05,9.510676318313926e-05,4.532713501248509e-05,6.203485827427357e-05,0.00011515613732626662,0.0001812031405279413,9.240955841960385e-05,4.3700802052626386e-05,5.212919495534152e-05,6.646131805609912e-05,0.00010984767141053453,6.641226354986429e-05,4.344111221143976e-05,7.511407602578402e-05,4.640099359676242e-05,6.004401802783832e-05,4.757247006637044e-05,5.6657783716218546e-05,4.787528814631514e-05,5.3046533139422536e-05,4.778293441631831e-05,6.114256393630058e-05,4.457521572476253e-05,8.110925409710035e-05,6.482627213699743e-05,0.00010764104808913544,5.576349940383807e-05,3.374292282387614e-05,4.911010910291225e-05,0.00010916389874182642
2600,0.0006631793221458793,0.0005402010283432901,0.00029588580946438015,8.290465484606102e-05,0.00021110581292305142,5.481357220560312e-05,7.081156218191609e-05,0.00010743366146925837,0.00012226015678606927,0.00011578548583202064,0.00016834989946801215,0.0001175334764411673,0.00011602157610468566,0.00021583466150332242,0.00011298337631160393,0.0001413069840054959,0.00010208066669292748,6.175951421028003e-05,0.00011105614248663187,0.0001312510867137462,2.8162146918475628e-05,6.458093412220478e-05,4.4195348891662434e-05,5.572860754909925e-05,9.439943823963404e-05,0.00011733629798982292,7.487089897040278e-05,5.705960211344063e-05,3.5149019822711125e-05,8.924046414904296e-05,5.2418545237742364e-05,0.0001599472016096115,6.627685797866434e-05,0.00010051252320408821,3.424002352403477e-05,6.836927786935121e-05,7.66779703553766e-05,5.536474418477155e-05,7.63021525926888e-05,8.717666787561029e-05,7.026829553069547e-05,5.230314491200261e-05,8.825268741929904e-05,7.179658132372424e-05,8.402320236200467e-05,5.8666744735091925e-05,5.978322951705195e-05,4.6201243094401434e-05,2.9478873329935595e-05,4.91792343382258e-05
2700,0.0004700908320955932,0.0007502329535782337,0.0004583797708619386,0.0002696670708246529,0.00015193276340141892,7.118530629668385e-05,9.701795352157205e-05,0.0003186285321135074,0.00013722207222599536,0.00010660076804924756,0.00027849769685417414,0.00017189141362905502,0.0001111519814003259,0.0002284929360030219,0.00013542875240091234,0.00011998273112112656,9.093795233638957e-05,0.0002738570619840175,0.00023019194486550987,9.223901724908501e-05,6.78878350299783e-05,8.886552677722648e-05,3.9559770812047645e-05,7.099889626260847e-05,0.00018506092601455748,0.0001285009057028219,6.097850564401597e-05,5.2038521971553564e-05,3.304888014099561e-05,5.982223228784278e-05,0.00011122402065666392,0.00010528212442295626,8.971747593022883e-05,8.891089964890853e-05,3.33476928062737e-05,6.685533298877999e-05,6.629692506976426e-05,6.0266320360824466e-05,4.586625800584443e-05,6.018470594426617e-05,4.443878060556017e-05,0.0001490390714025125,3.6526325857266784e-05,9.154860163107514e-05,4.151953544351272e-05,8.975042146630585e-05,5.3558214858639985e-05,6.167795800138265e-05,5.3637308155884966e-05,9.829365444602445e-05
2800,0.0005094549269415438,0.0007798510487191379,0.00023317841987591237,0.0002396084018982947,0.0001503189851064235,0.00013016151206102222,9.0514135081321e-05,0.00011733283463399857,0.0001646127930143848,0.00013855924771633,0.00010003935312852263,0.00013604701962321997,0.00013589014997705817,0.0001305017212871462,9.368835890199989e-05,0.0001249557826668024,0.00010047121759271249,8.832734602037817e-05,0.00011115833331132308,8.547988545615226e-05,3.173034929204732e-05,9.482085442868993e-05,3.160573760396801e-05,9.915159898810089e-05,5.755386155215092e-05,0.0001346158387605101,8.23248628876172e-05,5.2550512918969616e-05,2.9599650588352233e-05,6.387382018147036e-05,0.0001070504222298041,4.225639713695273e-05,4.566616553347558e-05,0.00019026333757210523,4.290039578336291e-05,5.361620060284622e-05,4.3991774873575196e-05,7.37157606636174e-05,6.603318615816534e-05,6.356018275255337e-05,4.5501339627662674e-05,4.531788727035746e-05,5.228389272815548e-05,6.367892638081685e-05,4.805140270036645e-05,5.1878228987334296e-05,5.7869547163136303e-05,4.981697566108778e-05,4.972570968675427e-05,9.643207158660516e-05
2900,0.0009664618992246687,0.0005959177506156266,0.00027903381851501763,7.742151501588523e-05,0.00023274673731066287,3.64713414455764e-05,6.722348916810006e-05,0.00011477364751044661,0.0002561875444371253,0.00014253634435590357,0.00010830596147570759,0.00011498552339617163,0.00016317801782861352,0.00014003812975715846,9.535285789752379e-05,0.00014681287575513124,0.0001384479837724939,7.69965845393017e-05,0.00011103701399406418,0.00017930632748175412,2.7794925699708983e-05,7.007600652286783e-05,4.747013736050576e-05,4.073773743584752e-05,5.786393739981577e-05,9.195904567604885e-05,8.734208677196875e-05,5.7313205616082996e-05,7.422889029840007e-05,7.551196176791564e-05,5.693671846529469e-05,7.791849930072203e-05,4.9676433263812214e-05,0.00012480678560677916,2.3391918148263358e-05,0.00010363058390794322,3.2980005926219746e-05,8.909501048037782e-05,3.646886398200877e-05,7.428935350617394e-05,8.333757432410493e-05,7.885415834607556e-05,4.652425923268311e-05,5.1394370530033484e-05,3.5673085221787915e-05,4.036157770315185e-05,8.940861152950674e-05,4.7542078391416e-05,3.959619061788544e-05,4.8988698836183175e-05
3000,0.0007124677649699152,0.0007643501157872379,0.0005317025352269411,0.00010875293082790449,0.0001883319637272507,0.00023365442757494748,9.845018212217838e-05,0.00010636865044943988,0.00011402800009818748,0.00019238519598729908,0.00011635434202617034,0.0001658175024203956,0.00018632278079167008,0.00018807820742949843,0.00011656196875264868,0.00014788452244829386,0.00011726233788067475,8.183158934116364e-05,0.00012081544991815463,0.00012544386845547706,4.899091072729789e-05,0.0001079626745195128,8.357122715096921e-05,0.00018076604465022683,0.00011464962153695524,0.0001125146882259287,9.548992238705978e-05,3.5691773518919945e-05,3.511126124067232e-05,8.340932981809601e-05,8.247436198871583e-05,9.5568218966946e-05,4.241021815687418e-05,9.550310642225668e-05,4.807782170246355e-05,0.00010235366789856926,3.817022297880612e-05,0.00010363005276303738,0.00010591262253001332,0.00012313545448705554,9.383700671605766e-05,4.663294748752378e-05,4.4277705455897376e-05,8.999566489364952e-05,3.738602754310705e-05,4.7697118134237826e-05,5.155307371751405e-05,2.8399470465956256e-05,3.11496842186898e-05,5.872574547538534e-05
3100,0.000743298907764256,0.001421143300831318,0.00027736974880099297,6.102169572841376e-05,0.00022144935792312026,0.00020256217976566404,9.182385838357732e-05,0.0003550835535861552,0.0003488802758511156,0.00016997633792925626,0.00027415971271693707,0.000244337395997718,0.00015329831512644887,0.00014079996617510915,0.00028548529371619225,0.000133366251247935,9.852914809016511e-05,0.0002501627604942769,0.0002680970646906644,0.0001325081684626639,5.829714427818544e-05,0.000100417310022749,8.661406172905117e-05,6.767585728084669e-05,0.00010773749090731144,0.00010573525651125237,6.520992610603571e-05,4.850309414905496e-05,0.00011191689554834738,7.14955895091407e-05,9.876431431621313e-05,0.00011072713095927611,6.082958134356886e-05,0.00017704781203065068,8.685183274792507e-05,6.403795850928873e-05,9.271328599425033e-05,5.760122076026164e-05,0.00014276047295425087,6.635238969465718e-05,4.7691613872302696e-05,0.00016002390475478023,4.076414916198701e-05,6.424479215638712e-05,0.00010909022967098281,0.0001105747651308775,6.0856658819830045e-05,9.913706162478775e-05,3.386953903827816e-05,5.710940240533091e-05
3200,0.0006347893504425883,0.0009886168409138918,0.00035379265318624675,0.00023821175273042172,0.00017884017142932862,0.00022810185328125954,4.5556178520200774e-05,0.0001709488278720528,9.634884190745652e-05,0.00018108217045664787,0.00010431067494209856,0.00013715920795220882,0.00012052762758685276,0.0001323872129432857,7.990721496753395e-05,0.00013206481526140124,0.00012463409802876413,0.00012208757107146084,0.00014279402967076749,0.00011173904204042628,6.922418106114492e-05,0.0001250260538654402,3.572208879631944e-05,3.069703234359622e-05,8.520432311343029e-05,0.00011869031732203439,5.2318959205877036e-05,3.837339681922458e-05,4.601661566994153e-05,0.00010272674990119413,5.86582682444714e-05,0.00015805715520400554,0.00010619046224746853,0.0001368852099403739,2.5412917239009403e-05,8.264405914815143e-05,4.954751784680411e-05,7.91187776485458e-05,3.609730629250407e-05,9.445847535971552e-05,7.781559543218464e-05,6.460912845795974e-05,7.149921293603256e-05,6.217316695256159e-05,6.069209484849125e-05,8.182658348232508e-05,5.524316293303855e-05,2.4614197172923014e-05,3.272403046139516e-05,5.316248643794097e-05
3300,0.0007014231523498893,0.0009056479320861399,0.0003477729333098978,6.224676326382905e-05,0.0002525661257095635,0.00010860207839868963,0.0001130204473156482,0.00015533399709966034,0.00010444506187923253,0.00018583533528726548,0.0001364276686217636,0.00015017320401966572,0.0002558045380283147,0.00020681144087575376,0.00010862304043257609,0.00019193232583347708,0.00011903555423486978,8.021574467420578e-05,0.00015270609583240002,0.00015597956371493638,7.449858821928501e-05,0.0001060980575857684,4.275707033229992e-05,0.00011548034672159702,0.00010015534644480795,0.00011066807201132178,8.599468128522858e-05,7.235512020997703e-05,7.97392349340953e-05,0.00010823624324984848,8.055842772591859e-05,6.736547220498323e-05,6.066659261705354e-05,8.983082079794258e-05,5.3171763283899054e-05,0.00011069298489019275,8.456611249130219e-05,8.595078543294221e-05,4.75479791930411e-05,7.149453449528664e-05,9.009813220473006e-05,6.177228351589292e-05,4.598461600835435e-05,8.84016408235766e-05,3.6870886106044054e-05,5.993119702907279e-05,5.1359707867959514e-05,6.369404582073912e-05,3.921806637663394e-05,5.8068475482286885e-05
3400,0.0005092459614388645,0.0009989205282181501,0.0002070825721602887,0.00019448755483608693,0.0001590124302310869,0.0001711368386168033,9.318431693827733e-05,0.00018753593030851334,0.00014918838860467076,0.00014302840281743556,0.00016989510913845152,0.00015277552301995456,0.00012411148054525256,0.00019113649614155293,0.00014482844562735409,0.00013262998254504055,8.941427222453058e-05,0.00010231847409158945,0.0001851816923590377,9.385230077896267e-05,4.506236291490495e-05,0.0001114363840315491,4.046881076646969e-05,9.107877849601209e-05,5.2661493100458756e-05,0.00011785569222411141,7.583796832477674e-05,4.512762461672537e-05,6.934715929673985e-05,7.96562380855903e-05,0.00020465865964069963,4.882731445832178e-05,7.62970230425708e-05,8.268240344477817e-05,4.786955832969397e-05,7.687134348088875e-05,5.746875103795901e-05,5.426680581877008e-05,0.0001288457278860733,5.382801464293152e-05,5.912384222028777e-05,4.672689101425931e-05,6.183277582749724e-05,0.00011471401376184076,7.269165507750586e-05,8.102080755634233e-05,4.602881381288171e-05,2.8537830075947568e-05,3.24604261550121e-05,9.371226042276248e-05
3500,0.0005868995212949812,0.0005313858855515718,0.00033816875657066703,5.9714875533245504e-05,0.00016387735377065837,0.00021956693672109395,0.000115032191388309,0.00016589376900810748,0.00010346747876610607,0.0001163069682661444,0.00011356241884641349,0.00010335419938201085,0.00019332104420755059,0.0001480848586652428,8.106602035695687e-05,0.00013458756438922137,9.193467121804133e-05,0.00015902708400972188,0.00012033934763167053,0.00012211385183036327,5.046359365223907e-05,7.539196667494252e-05,3.9445425500161946e-05,3.5209213820053264e-05,9.345846774522215e-05,0.00012328513548709452,7.353458931902424e-05,7.228676258819178e-05,9.642820805311203e-05,7.35612484277226e-05,4.301177614252083e-05,0.0001514054456492886,7.273654046002775e-05,0.00013180029054637998,3.68969194823876e-05,6.923353066667914e-05,3.372589708305895e-05,7.800381717970595e-05,3.6580917367246e-05,8.511315536452457e-05,5.7902518165064976e-05,5.863268961547874e-05,5.017641524318606e-05,8.608747157268226e-05,0.0001454325974918902,0.00011568432091735303,6.0744601796614006e-05,3.5909441066905856e-05,3.124201612081379e-05,6.168465915834531e-05
3600,0.0009381897980347276,0.0006105073262006044,0.00034818798303604126,9.240735380444676e-05,0.00026443350361660123,4.920623905491084e-05,7.70207479945384e-05,0.0001162175030913204,0.0001243882579728961,0.00014908490993548185,0.00017908532754518092,0.0001482622028561309,0.00017293276323471218,0.0001425863738404587,9.65688013820909e-05,0.00018156356236431748,0.0001464610977564007,7.148778240662068e-05,0.00011192836245754734,0.00024085991026367992,8.208311919588596e-05,0.00012325453280936927,8.514161891071126e-05,8.75461773830466e-05,9.51560796238482e-05,0.00010424162610433996,6.434285751311108e-05,4.4214222725713626e-05,5.4640182497678325e-05,8.848308061715215e-05,4.653779251384549e-05,6.214317545527592e-05,0.0001140140593633987,8.884259295882657e-05,2.920905899372883e-05,0.00014174665557220578,5.384992255130783e-05,7.140743400668725e-05,5.523438812815584e-05,0.0001340636081295088,8.889166201697662e-05,7.722316513536498e-05,4.59655057056807e-05,8.661552419653162e-05,5.522763240151107e-05,5.0862749048974365e-05,4.517864726949483e-05,5.234753916738555e-05,4.13574707636144e-05,6.459169526351616e-05
3700,0.0006768892635591328,0.0009997194865718484,0.0002466938167344779,7.425169314956293e-05,0.00021818018285557628,0.00021948438370600343,5.3505391406361014e-05,0.0002337408222956583,8.883237023837864e-05,0.0001466085232095793,0.00011873754556290805,0.00014535860100295395,0.00017181539442390203,0.00015983730554580688,0.00011108972103102133,0.00012961425818502903,0.0001458774640923366,0.00013377303548622876,0.00015133358829189092,0.00013826270878780633,5.791996227344498e-05,8.140331192407757e-05,3.76187963411212e-05,8.54007012094371e-05,6.731556641170755e-05,9.253565804101527e-05,0.00015581156185362488,5.7295757869724184e-05,3.279296288383193e-05,0.00012067661009496078,0.00015080333105288446,0.00012780002725776285,9.410201892023906e-05,0.00015472930681426078,4.942927262163721e-05,0.0001298771967412904,7.824811473255977e-05,6.837264663772658e-05,0.00010485791426617652,8.351496944669634e-05,8.501789125148207e-05,3.973526690970175e-05,3.9755799662088975e-05,5.574624810833484e-05,2.5940316845662892e-05,0.00015349421300925314,4.936676850775257e-05,6.0293903516139835e-05,4.8948495532386005e-05,0.00011579984129639342
3800,0.001160933286882937,0.0007043948280625045,0.00030846879235468805,4.855388397118077e-05,0.0003071096434723586,6.0311267588986084e-05,5.894681453355588e-05,0.0001799097954062745,0.0001426027447450906,0.0001191794581245631,0.00010581965034361929,0.00013609616144094616,0.00010925835522357374,0.00019502600480336696,9.485883492743596e-05,0.00022458539751823992,0.0001984048285521567,0.00013189855962991714,0.00015984437777660787,0.00017343167564831674,3.3353087928844616e-05,6.596137245651335e-05,5.173841418582015e-05,5.141464862390421e-05,5.908162711421028e-05,9.100569150177762e-05,6.760125688742846e-05,8.641149179311469e-05,4.426881059771404e-05,9.856114047579467e-05,5.5634747695876285e-05,7.316816481761634e-05,0.00010748698696261272,0.00013826317444909364,5.5093907576519996e-05,0.00013257567479740828,3.87602012779098e-05,0.00012283843534532934,0.00011432031897129491,0.00012480915756896138,9.315960051026195e-05,4.6432047383859754e-05,5.7222892792196944e-05,8.591844380134717e-05,9.904800390359014e-05,0.00010078294144477695,9.919232252286747e-05,3.731704055098817e-05,2.4575503630330786e-05,5.8482499298406765e-05
3900,0.0005785913672298193,0.0006731870817020535,0.000405423081247136,6.639942148467526e-05,0.0001548082655062899,6.035158003214747e-05,0.0001057937988662161,0.00010354795813327655,0.00016355198749806732,0.00018614550936035812,0.00014332788123283535,0.00016776956908870488,0.00015554092533420771,0.0002724490186665207,9.115837747231126e-05,0.00014378860942088068,0.00011820327199529856,8.485314901918173e-05,0.00011552716023288667,0.00011068221647292376,9.87517269095406e-05,0.00012656180479098111,0.00010817859583767131,0.0001473693992011249,0.00013316226250026375,0.0001229369081556797,7.352980901487172e-05,6.2850936956238e-05,2.9741324397036806e-05,9.635715105105191e-05,6.897559069329873e-05,0.00010578130604699254,0.00010831226245500147,8.876071660779417e-05,4.121765960007906e-05,8.145270840032026e-05,4.0090730180963874e-05,8.579286077292636e-05,5.9793081163661554e-05,8.570996578782797e-05,7.33171691535972e-05,8.533502114005387e-05,5.454175698105246e-05,0.00010140572703676298,5.43885980732739e-05,5.542203507502563e-05,4.880946653429419e-05,2.6529804017627612e-05,4.065862958668731e-05,5.00485475640744e-05
4000,0.0014091788325458765,0.0011284764623269439,0.0002836619387380779,7.79430047259666e-05,0.0004192601190879941,6.891136581543833e-05,0.0001112265235860832,0.00014333915896713734,0.00024521787418052554,0.00015264280955307186,0.00015001925930846483,0.00015118576993700117,0.00014199665747582912,0.00015071597590576857,0.00011145391181344166,0.00021392147755250335,0.0002743160002864897,0.00011314817675156519,0.00014614066458307207,0.00026186389732174575,4.737560811918229e-05,0.00014318416651804,6.179206684464589e-05,5.812137897009961e-05,5.310988854034804e-05,0.00010070943244500086,6.957646110095084e-05,4.767918653669767e-05,3.715488492161967e-05,0.000122827070299536,5.5626267567276955e-05,6.614596350118518e-05,0.00013062037760391831,9.589703404344618e-05,5.110945494379848e-05,0.00015944156621117145,7.290552457561716e-05,0.0001116420462494716,9.055931877810508e-05,0.0001109937293222174,0.00012309927842579782,6.724912964273244e-05,6.137931632110849e-05,7.519772771047428e-05,3.9681908674538136e-05,9.402167779626325e-05,0.00014763326907996088,6.280644447542727e-05,9.082737960852683e-05,7.062622171361e-05
4100,0.0006445169565267861,0.0007540559163317084,0.0003182021318934858,0.00011025580170098692,0.00022571500448975712,6.433913949877024e-05,0.00011236517457291484,0.0001407401286996901,0.00015964978956617415,0.0001852275017881766,0.00017877650680020452,0.0001485147950006649,0.0001849471009336412,0.00015869978233240545,0.0001183077838504687,0.0001689506898401305,0.00017297713202424347,0.00011656266724457964,0.00014681083848699927,0.00013913789007347077,4.059921411680989e-05,0.00010871404083445668,4.6025641495361924e-05,7.88824399933219e-05,4.688486296799965e-05,0.00015385130245704204,0.00013671380293089896,7.228767935885116e-05,7.153600745368749e-05,8.438264922006056e-05,3.945059506804682e-05,7.44994031265378e-05,6.974135612836108e-05,0.00017268018564209342,3.583585566957481e-05,8.161752339219674e-05,4.644600267056376e-05,6.864960596431047e-05,8.47570481710136e-05,6.792633939767256e-05,5.579170101555064e-05,8.550654456485063e-05,5.6909942941274494e-05,6.788556493120268e-05,6.718382792314515e-05,5.960546332062222e-05,8.295290172100067e-05,6.251953163882717e-05,5.0851467676693574e-05,8.607244672020897e-05
4200,0.000655899930279702,0.0005120641435496509,0.000326672219671309,0.0004607203009072691,0.00022506101231556386,0.00011469098535599187,6.30544382147491e-05,8.681397594045848e-05,0.00011103454744443297,0.00016273690562229604,0.00010598400695016608,9.989917452912778e-05,0.0001313363463850692,0.00019434494606684893,8.586642798036337e-05,0.00011932377674384043,9.876804688246921e-05,7.138938235584646e-05,9.422253060620278e-05,0.00011568726040422916,3.379784902790561e-05,6.402601866284385e-05,3.796989403781481e-05,5.206530840951018e-05,0.00013880801270715892,0.0001017211252474226,7.568658475065604e-05,4.078942947671749e-05,7.15055430191569e-05,8.193026587832719e-05,4.699472992797382e-05,6.23192245257087e-05,4.7183075366774574e-05,0.00013122752716299146,4.70448394480627e-05,8.546346361981705e-05,3.259673394495621e-05,6.686653068754822e-05,4.3804928282042965e-05,8.716047159396112e-05,6.811293860664591e-05,3.903789911419153e-05,5.388374484027736e-05,0.00012177237658761442,9.972269617719576e-05,4.9039335863199085e-05,9.463824972044677e-05,2.7300891815684736e-05,2.8684815333690494e-05,4.9699185183271766e-05
4300,0.0005692266277037561,0.0007477051694877446,0.00040775910019874573,0.00022308671032078564,0.0001780535385478288,0.00011637880379566923,0.00010354493133490905,0.00012730566959362477,0.00010573500912869349,0.00016453562420792878,0.0001514481264166534,0.00015128451923374087,0.00019997559138573706,0.00022294087102636695,0.00013856419536750764,0.00016123655950650573,0.00010247216414427385,9.818963735597208e-05,0.00015866327157709748,0.00010921266220975667,3.506076609482989e-05,0.00011345689563313499,9.067733481060714e-05,7.83796640462242e-05,6.236134504433721e-05,0.00011374820314813405,5.4789328714832664e-05,3.605179881560616e-05,5.968908590148203e-05,9.14332558750175e-05,6.900637526996434e-05,5.752750439569354e-05,7.331361848628148e-05,0.00016378014697693288,4.5698801841354e-05,7.348748476943001e-05,5.179388972464949e-05,7.526826084358618e-05,7.628834282513708e-05,8.981014980236068e-05,7.296293915715069e-05,6.0872484027640894e-05,7.97491375124082e-05,8.919490937842056e-05,3.7083813367644325e-05,7.922104123281315e-05,6.505513738375157e-05,5.016861541662365e-05,4.1278395656263456e-05,5.177280036150478e-05
4400,0.0010298152919858694,0.001217110431753099,0.0004687817709054798,0.00038214027881622314,0.00031859244336374104,0.00011144507152494043,8.433288894593716e-05,0.00015898696437943727,0.0001796532451407984,0.00015276511840056628,0.00012306432472541928,0.00015340925892814994,0.00023315241560339928,0.0002538926200941205,0.0001208316971315071,0.00023399543715640903,0.0002304878580616787,6.729683082085103e-05,0.00014657658175565302,0.00018755036580841988,4.935928518534638e-05,0.00013092593871988356,3.624389137257822e-05,0.00010730695066740736,6.586083327420056e-05,0.00010633133206283674,0.00012150143447797745,6.277480133576319e-05,6.384111475199461e-05,9.871443035081029e-05,7.668333273613825e-05,0.0001341502502327785,4.968589928466827e-05,8.870014426065609e-05,3.08039816445671e-05,7.468981493730098e-05,6.93490874255076e-05,0.0001216932651004754,5.499334656633437e-05,9.868575580185279e-05,0.00012285081902518868,5.572192822000943e-05,6.522578041767702e-05,0.00010113582538906485,4.9773450882639736e-05,5.9621383115882054e-05,6.0327452956698835e-05,5.6221546401502565e-05,5.754057929152623e-05,0.00014470017049461603
4500,0.0007513256859965622,0.0006019703578203917,0.0003250133013352752,0.00016571288870181888,0.0002470445178914815,0.0001199361722683534,5.3578631195705384e-05,0.00011594696115935221,0.00014729209942743182,0.00014994823141023517,0.00027244165539741516,0.0001138614970841445,0.00016421146574430168,0.0001734908000798896,0.00010672271309886128,0.00018535404524300247,0.00019448300008662045,0.0001370820973534137,0.00011179780995007604,0.00014543585712090135,0.00014169419591780752,7.863741484470665e-05,7.789613300701603e-05,0.00010582002141745761,7.81156268203631e-05,0.00013244320871308446,9.55318464548327e-05,3.7027173675596714e-05,5.678047818946652e-05,9.144777141045779e-05,4.9529226089362055e-05,0.00017890620802063495,0.00018962178728543222,0.00011843219544971362,6.699639925500378e-05,0.00010321920126443729,8.049744792515412e-05,8.624334441265091e-05,5.66551934753079e-05,8.38421838125214e-05,6.889741052873433e-05,7.644749712198973e-05,5.023167614126578e-05,7.411366823362187e-05,3.846658000838943e-05,0.00011894043564097956,9.093384142033756e-05,4.249476478435099e-05,6.448631756938994e-05,5.64325564482715e-05
4600,0.0005202395841479301,0.0007708881166763604,0.00043919385643675923,0.00015322296530939639,0.00017774591105990112,9.637683251639828e-05,0.00015297357458621264,0.00016511374269612134,0.00012098929437343031,0.000151797168655321,0.000121941244287882,0.00015346333384513855,0.00020555811352096498,0.00019752183288801461,0.0001037454858305864,0.00016829250671435148,0.00010740857396740466,0.00014944338181521744,0.0001404231443302706,0.00011182136222487316,7.039966294541955e-05,8.272343256976455e-05,4.587028888636269e-05,4.678451659856364e-05,7.276742690009996e-05,0.00016552656597923487,6.976022996241227e-05,4.609224561136216e-05,6.615693564526737e-05,7.794686098350212e-05,9.07779685803689e-05,0.00013109164137858897,0.00010157049837289378,0.00011354521120665595,3.754660428967327e-05,6.112040136940777e-05,0.00010783749166876078,7.537132478319108e-05,9.309293091064319e-05,6.419305282179266e-05,6.288888107519597e-05,4.674568845075555e-05,6.191172724356875e-05,9.910845983540639e-05,8.864170376909897e-05,0.0001342666510026902,5.893445268156938e-05,5.607717321254313e-05,1.9308074115542695e-05,5.8383404393680394e-05
4700,0.0005623355391435325,0.0014064781134948134,0.00038632095674984157,0.00011515659571159631,0.0001948926510522142,0.0001864494406618178,9.743703412823379e-05,0.00029391804127953947,0.00010226656013401225,0.000187712736078538,0.00018673072918318212,0.0001805653446353972,0.00014289775572251529,0.00020426562696229666,0.0001718377898214385,0.00014994730008766055,9.942906035576016e-05,0.00015591480769217014,0.00022630952298641205,0.0001236922398675233,3.529063178575598e-05,0.00011636831914074719,3.711501994985156e-05,0.00012095730198780075,7.029280095594004e-05,0.00011604995233938098,7.137879583751783e-05,5.413914914242923e-05,4.801089016837068e-05,7.028057734714821e-05,5.3041094361105934e-05,8.624554902780801e-05,0.0001646579330554232,0.00011524446017574519,4.5556440454674885e-05,6.773115455871448e-05,8.53345773066394e-05,8.199270814657211e-05,9.253642929252237e-05,8.505943696945906e-05,7.17023212928325e-05,5.5409887863788754e-05,6.069766459404491e-05,7.32481712475419e-05,6.744273559888825e-05,0.00010450139961903915,4.817519220523536e-05,8.638385043013841e-05,6.644924724241719e-05,6.768037565052509e-05
4800,0.0006796258967369795,0.000817720836494118,0.0003871545777656138,0.00014810464926995337,0.0002051009942078963,0.0001705404865788296,5.9324793255655095e-05,0.00013030023546889424,0.00022631522733718157,0.00014263040793593973,0.00015201784844975919,0.00014737500168848783,0.00013592731556855142,0.0002045561996055767,0.00010859117901418358,0.0001590362226124853,0.00012539343151729554,6.37459015706554e-05,0.00015994743444025517,0.0001484232780057937,5.6767352361930534e-05,0.00017811139696277678,8.039386011660099e-05,5.2468156354734674e-05,8.563202572986484e-05,0.00012724449334200472,8.131091453833506e-05,5.5435692047467455e-05,5.661121758748777e-05,8.919784158933908e-05,8.096706005744636e-05,9.813084761844948e-05,4.600040119839832e-05,0.00017318113532382995,3.7785393942613155e-05,8.594342216383666e-05,3.806474705925211e-05,8.500435069436207e-05,5.5513697589049116e-05,8.072470518527552e-05,8.44742389745079e-05,5.426396819530055e-05,4.6268265577964485e-05,0.0001066275654011406,3.0149900339893065e-05,7.932573498692364e-05,6.554610445164144e-05,3.087751247221604e-05,4.1928240534616634e-05,5.8333742344984785e-05
4900,0.0006275359191931784,0.0008581234724260867,0.0004363706393633038,0.00028177141211926937,0.00020121829584240913,4.641943451133557e-05,5.5340362450806424e-05,0.00016228495223913342,0.00021595168800558895,0.00016263507131952792,0.00026900978991761804,0.00015051133232191205,0.00016139954095706344,0.00025352693046443164,0.00014711619587615132,0.00015076812996994704,0.00010748320346465334,9.346820297650993e-05,0.00015547174552921206,0.00012684767716564238,0.00011916588118765503,0.00010133337491424754,8.210823580157012e-05,0.00012116018478991464,5.2673229220090434e-05,0.00014736095909029245,0.00012106942449463531,5.2856787078781053e-05,4.605924550560303e-05,9.48005763348192e-05,6.147511157905683e-05,0.00013498465705197304,7.649727922398597e-05,0.00017335654410999268,2.6843770683626644e-05,8.486642036587e-05,7.072658627294004e-05,7.836669828975573e-05,4.000153057859279e-05,9.785319707589224e-05,0.00013180890528019518,6.197587208589539e-05,4.293594975024462e-05,0.00011365711543476209,3.360354821779765e-05,8.596843690611422e-05,5.738170875702053e-05,3.831562207778916e-05,5.406568743637763e-05,9.066107304533944e-05
5000,0.0005125502357259393,0.00128715462051332,0.00032993685454130173,8.202515891753137e-05,0.0001645247539272532,0.0001011196945910342,6.0064114222768694e-05,0.0002820573572535068,0.0001098538632504642,0.00016766203043516725,0.00021277870109770447,0.00018332505715079606,0.0001885524543467909,0.00023983667779248208,0.0002008303563343361,0.00012019760470138863,8.924752182792872e-05,0.00014473008923232555,0.0002250082470709458,9.352366032544523e-05,7.983993418747559e-05,0.00012455681280698627,4.834740320802666e-05,0.0001474153104936704,4.070150316692889e-05,0.00020027245045639575,6.4267405832652e-05,8.018896187422797e-05,8.0930141848512e-05,6.997321906965226e-05,5.003183105145581e-05,0.00011990469647571445,7.441274647135288e-05,9.450310608372092e-05,2.4218512407969683e-05,5.6325920013478026e-05,5.401353337219916e-05,6.93434922141023e-05,4.282875670469366e-05,6.83618854964152e-05,6.572710844920948e-05,0.00011967791215283796,4.217990135657601e-05,0.00015772279584780335,4.452408029465005e-05,4.906152025796473e-05,6.442641461035237e-05,5.456057988340035e-05,1.9350500224391e-05,5.6820113968569785e-05
5100,0.0007670636987313628,0.000800895388238132,0.0003540700417943299,0.00039085152093321085,0.00027404914726503193,0.000268956326181069,8.058397361310199e-05,0.00014930986799299717,0.000148173508932814,0.00020174894598312676,0.0002476333174854517,0.0001929169229697436,0.00018293371249455959,0.0002529418561607599,0.00016210130706895143,0.00015664147213101387,0.00016244839935097843,0.00012970076932106167,0.000162805212312378,0.00018407781317364424,0.00014150765491649508,0.00010736573312897235,0.00011015393829438835,0.00012607268581632525,0.00023230700753629208,0.00014940446999389678,7.79311012593098e-05,3.8402038626372814e-05,4.719815115095116e-05,7.51852203393355e-05,8.866500138537958e-05,0.0002033720666076988,0.0001024798839353025,9.835404489422217e-05,4.2777250200742856e-05,8.41371002024971e-05,8.28393385745585e-05,8.001046080607921e-05,8.690941467648372e-05,7.7540818892885e-05,8.757840259931982e-05,0.0001042935109580867,8.597793930675834e-05,0.00012832316861022264,3.680910958792083e-05,0.00011598709534155205,6.535423744935542e-05,3.4851018426707014e-05,5.6363111070822924e-05,8.758628973737359e-05
5200,0.0006992567214183509,0.000652280927170068,0.00026684958720579743,0.0002865612623281777,0.00017030230083037168,0.00011535349040059373,5.673782652593218e-05,0.00012679495557677,0.00015883974265307188,0.0001444133959012106,0.00013352683163248003,0.0001358990411972627,0.00014456678763963282,0.00014188015484251082,0.00011919607641175389,0.00013338748249225318,8.291412814287469e-05,7.167850708356127e-05,0.0001153943594545126,0.0001349890953861177,9.182217763736844e-05,8.901997352950275e-05,6.384053267538548e-05,3.2795174774946645e-05,7.263912993948907e-05,0.00013160637172404677,6.962237966945395e-05,6.907044007675722e-05,3.4308028261875734e-05,7.695514796068892e-05,0.00010363402543589473,6.913477409398183e-05,4.925287066726014e-05,0.00014502833073493093,2.5816400011535734e-05,6.191461579874158e-05,3.990328332292847e-05,6.322109402390197e-05,3.223810199415311e-05,6.505265628220513e-05,8.210949454223737e-05,6.120638863649219e-05,4.0619121136842296e-05,5.791284638689831e-05,3.261142046540044e-05,3.814189767581411e-05,5.516987221199088e-05,2.5424184059374966e-05,2.5182371246046387e-05,6.954222044441849e-05
