step,channel_512,channel_800,channel_768,channel_769,channel_832,channel_801,channel_771,channel_803,channel_544,channel_546,channel_554,channel_513,channel_141,channel_523,channel_576,channel_547,channel_514,channel_609,channel_531,channel_333,channel_518,channel_704,channel_181,channel_526,channel_13,channel_608,channel_162,channel_53,channel_322,channel_837,channel_517,channel_352,channel_160,channel_770,channel_577,channel_578,channel_611,channel_34,channel_521,channel_481,channel_835,channel_515,channel_448,channel_480,channel_865,channel_32,channel_552,channel_549,channel_705,channel_524
0,5.020894491281069e-07,1.5754242213006364e-06,1.2936112625538954e-06,8.400905926464475e-07,1.1526707339726272e-06,1.590742385815247e-06,2.9852069474145537e-06,1.7498566649010172e-06,6.099417646510119e-07,9.071914064406883e-07,1.59881972194853e-06,6.15153510352684e-07,1.1561854762476287e-06,1.2155477406849968e-06,1.433193347111228e-06,1.205428020512045e-06,9.574007435730891e-07,2.1025980458944105e-06,1.5247335340973223e-06,5.878232514078263e-06,1.4005997854837915e-06,1.7989394791584346e-06,9.618825060897507e-07,2.193326736232848e-06,1.5882335446804063e-06,1.1896014484591433e-06,1.431332293577725e-06,2.6375375909992727e-06,2.7607729862211272e-06,2.911290948759415e-06,1.3668776546182926e-06,4.080077815160621e-06,1.7979629092224059e-06,2.568049694673391e-06,1.2170389709353913e-06,1.7311897408944787e-06,2.544016524552717e-06,1.7419217783753993e-06,1.9865401554852724e-06,2.4951079922175268e-06,1.5510810271734954e-06,1.0378271326771937e-06,1.6197011518670479e-06,3.4075737858074717e-06,1.2186858384666266e-06,3.672579396152287e-06,1.348765749753511e-06,9.99817757474375e-07,2.3016757495497586e-06,1.5164305295911618e-06
100,4.0403429011348635e-06,7.721959264017642e-06,8.457937838102225e-06,6.213617780304048e-06,9.03428463061573e-06,5.2542304729286116e-06,9.062385288416408e-06,8.773133231443353e-06,8.034709935600404e-06,9.597203643352259e-06,8.581767360738013e-06,8.397837518714368e-06,1.163355955213774e-05,8.51677032187581e-06,1.229330609930912e-05,8.313101716339588e-06,5.42277257409296e-06,1.1475186511233915e-05,1.2909707038488705e-05,1.2406525456754025e-05,7.761021151964087e-06,1.099243490898516e-05,1.3407188816927373e-05,9.758588021213654e-06,1.2843645890825428e-05,1.3614000636152923e-05,1.4120188097876962e-05,1.4751128219359089e-05,1.4929360986570828e-05,1.4637073036283255e-05,8.968636393547058e-06,1.5408488252433017e-05,1.54155077325413e-05,1.551888090034481e-05,1.571926441101823e-05,1.5411656931973994e-05,1.2694001270574518e-05,1.6163690816028975e-05,1.2154889191151597e-05,1.4775405361433513e-05,1.6448502719867975e-05,7.971149898367003e-06,1.6635640349704772e-05,1.3267680515127722e-05,1.6743892047088593e-05,1.5755000276840292e-05,1.3949743333796505e-05,8.069785508268978e-06,1.6322101146215573e-05,1.4351631762110628e-05
200,3.2570819712418597e-06,6.441700861614663e-06,7.056518370518461e-06,5.835800038767047e-06,5.660757324221777e-06,4.9255222620558925e-06,8.292698112200014e-06,8.014732884475961e-06,3.62819446309004e-06,5.7851680139719974e-06,8.59640113048954e-06,6.1128666857257485e-06,1.094933304557344e-05,7.084933258738602e-06,9.459434295422398e-06,6.608992862311425e-06,4.033054665342206e-06,1.2572791092679836e-05,9.80408276518574e-06,1.0130672308150679e-05,1.0951465810649097e-05,1.0108405149367172e-05,1.2780368706444278e-05,9.937796676240396e-06,1.1671183528960682e-05,9.147374839812983e-06,1.2003407391603105e-05,1.2072908248228487e-05,1.2968482224096078e-05,1.3382956240093336e-05,6.4543760345259216e-06,1.269726544705918e-05,1.3707765901926905e-05,8.321607310790569e-06,1.0487300642125774e-05,8.05562285677297e-06,1.1784100934164599e-05,1.4424840628635138e-05,8.499572686559986e-06,1.643434188736137e-05,1.219487876369385e-05,4.770714440383017e-06,1.1049231034121476e-05,1.5545672795269638e-05,1.4330054909805767e-05,1.4808005289523862e-05,1.0344495422032196e-05,5.993413651594892e-06,1.3574764125223737e-05,1.1796754733950365e-05
300,8.021527719392907e-06,8.307074494950939e-06,6.048218438081676e-06,4.879530933976639e-06,9.484191650699358e-06,1.0009494872065261e-05,8.798008821031544e-06,1.0097135600517504e-05,1.0647784620232414e-05,1.0946494512609206e-05,9.921393939293921e-06,1.2118443919462152e-05,1.2229306776134763e-05,1.2103010703867767e-05,9.582172424416058e-06,9.571112059347797e-06,1.279654406971531e-05,1.3330634828889742e-05,1.3445042895909864e-05,1.0509108506084885e-05,1.3637141819344833e-05,1.3696093446924351e-05,1.3889437468606047e-05,1.4023497897142079e-05,1.2802509445464239e-05,1.4165547327138484e-05,8.410084774368443e-06,1.1579026249819435e-05,1.3633744856633712e-05,1.51694775922806e-05,1.527400490886066e-05,1.442040411347989e-05,1.1879590601893142e-05,1.383929884468671e-05,1.403644091624301e-05,1.5722662283224054e-05,1.2524677003966644e-05,1.372995029669255e-05,1.62228006956866e-05,1.5118397641344927e-05,1.3432856576400809e-05,1.6603999029030092e-05,1.0799323717947118e-05,1.6652820704621263e-05,9.35580646910239e-06,1.1964511941187084e-05,1.7118331015808508e-05,1.3784285329165868e-05,1.6646110452711582e-05,1.6774158211774193e-05
400,3.003010988322785e-06,3.692154677992221e-06,3.5754671898757806e-06,2.5864740109682316e-06,4.540944701147964e-06,2.6497764338273555e-06,5.182707354833838e-06,4.302034994907444e-06,3.471631089269067e-06,4.680399342760211e-06,5.079425591247855e-06,3.326547130200197e-06,5.068654900242109e-06,9.746354407980107e-06,4.195288056507707e-06,3.7668673940061126e-06,3.973865204898175e-06,7.221301984827733e-06,1.0236886737402529e-05,4.958915724273538e-06,5.513393261935562e-06,5.5990408327488694e-06,6.371099971147487e-06,4.368807822174858e-06,5.956549557595281e-06,4.6358736653928645e-06,5.412484370026505e-06,5.316780971043045e-06,1.0003609531850088e-05,8.627741408417933e-06,5.504860382643528e-06,6.970652520976728e-06,1.045527733367635e-05,7.456413641193649e-06,6.2834456002747174e-06,4.810696736967657e-06,1.1304293366265483e-05,7.276212727447273e-06,7.1532003858010285e-06,7.220768111437792e-06,1.3333687093108892e-05,4.322600489103934e-06,7.99453027866548e-06,7.096320132404799e-06,6.670536549790995e-06,9.08630227058893e-06,8.935752703109756e-06,4.238799192535225e-06,5.363770469557494e-06,8.422579412581399e-06
500,2.0150066575297387e-06,3.5380928693484748e-06,2.652712964845705e-06,3.906036909029353e-06,4.028495823149569e-06,5.209330538491486e-06,5.132234946358949e-06,5.47375884707435e-06,2.280156422784785e-06,1.9938236164307455e-06,4.453131623449735e-06,2.350701834075153e-06,6.063368346076459e-06,2.7412056624598335e-06,7.325806109292898e-06,2.876603957702173e-06,2.9412358344416134e-06,1.3143814612703864e-05,4.393392373458482e-06,5.304847945808433e-06,3.982813268521568e-06,6.408393346646335e-06,4.865586106461706e-06,4.584030648402404e-06,6.255112566577736e-06,6.962562110857107e-06,4.493093456403585e-06,7.583938895550091e-06,7.41953545002616e-06,1.0240556548524182e-05,2.960941174023901e-06,9.571285772835836e-06,6.736555405950639e-06,6.315055998129537e-06,7.664660188311245e-06,5.39174698133138e-06,8.159834578691516e-06,6.720577403029893e-06,3.903994183929171e-06,6.978697911108611e-06,1.0642169399943668e-05,3.6893713968311204e-06,4.864887614530744e-06,6.550355010404019e-06,4.812400675291428e-06,6.962117822695291e-06,5.9252538449072745e-06,3.857830961351283e-06,1.0071074939332902e-05,5.35424214831437e-06
600,5.072872681921581e-06,3.4478027828299673e-06,3.5663979360833764e-06,2.4886805931600975e-06,3.9836118048697244e-06,2.665791726030875e-06,5.329431587597355e-06,5.722589321521809e-06,2.6113600597454933e-06,6.301358553173486e-06,1.2072157005604822e-05,4.4829348553321324e-06,5.260571469989372e-06,4.183051714790054e-06,7.180100965342717e-06,1.252174570254283e-05,7.235720204334939e-06,1.2579745998664293e-05,6.07207448410918e-06,6.095624939916888e-06,6.044281690265052e-06,6.052543994883308e-06,5.680582489731023e-06,9.49430886976188e-06,5.265796517051058e-06,4.708211235993076e-06,9.81171615421772e-06,6.366935394908069e-06,7.006043688306818e-06,7.5893153734796215e-06,1.1652695320663042e-05,7.193692908913363e-06,1.4848401406197809e-05,5.936990874033654e-06,7.908264706202317e-06,6.459820724558085e-06,7.352857664955081e-06,6.565973762917565e-06,1.2201061508676503e-05,5.286186478770105e-06,8.202541721402667e-06,6.269877758313669e-06,7.710797035542782e-06,7.4511240200081374e-06,5.287012754706666e-06,8.97441896086093e-06,1.4752135939488653e-05,7.004373401287012e-06,7.40606947147171e-06,9.23992229218129e-06
700,2.2889421416039113e-06,4.391070433484856e-06,3.239684474465321e-06,2.587243216112256e-06,3.3780306694097817e-06,3.0098478873696877e-06,5.102606337459292e-06,5.082240477349842e-06,2.314031235073344e-06,3.6246808576834155e-06,4.893317509413464e-06,4.544611783785513e-06,7.098657533788355e-06,5.569448603637284e-06,4.460043328435859e-06,5.857630185346352e-06,3.6826106679654913e-06,9.959217095456552e-06,4.451575478015002e-06,5.236754532234045e-06,4.777920821652515e-06,7.615768936375389e-06,8.878613698470872e-06,5.89228147873655e-06,6.88679529048386e-06,4.6070272219367325e-06,8.360920219274703e-06,1.0986805136781186e-05,7.505372650484787e-06,5.879177933820756e-06,4.171862201474141e-06,6.876870884298114e-06,6.6899729063152336e-06,8.169200555130374e-06,6.3020697780302726e-06,7.739423381281085e-06,1.0231764463242143e-05,7.907943654572591e-06,7.823334271961357e-06,8.5879682956147e-06,8.761410754232202e-06,3.945606295019388e-06,6.124498668214073e-06,5.767255061073229e-06,6.557590495503973e-06,8.544300726498477e-06,1.1378905583114829e-05,7.146628377086017e-06,1.1023571460100356e-05,8.486173101118766e-06
800,2.4844139261404052e-06,2.4188257157220505e-06,2.8955357720406028e-06,2.4342732558579883e-06,6.261927410378121e-06,2.8344281872705324e-06,3.9717156141705345e-06,4.883874225924956e-06,3.0261398933362216e-06,6.512068011943484e-06,4.818841262022033e-06,4.113398063054774e-06,5.1312354116817005e-06,5.462421086122049e-06,3.9072979234333616e-06,6.665253749815747e-06,4.598688974510878e-06,5.626123311230913e-06,6.187444796523778e-06,5.722066816815641e-06,5.001163572160294e-06,6.385976575984387e-06,4.67099062007037e-06,5.230123406363418e-06,7.747014933556784e-06,3.7724523735960247e-06,4.3820086830237415e-06,6.605363978451351e-06,6.083309926907532e-06,5.1427464313746896e-06,5.387702003645245e-06,8.17311774881091e-06,5.9273966144246515e-06,5.1418896873656195e-06,6.0123493312858045e-06,6.719526936649345e-06,6.814637345087249e-06,5.641246843879344e-06,6.642504558840301e-06,6.55162784823915e-06,6.7554719862528145e-06,6.988139375607716e-06,7.200389518402517e-06,4.307784365664702e-06,4.523214556684252e-06,6.2380368035519496e-06,1.3890204172639642e-05,7.021310011623427e-06,8.878660082700662e-06,5.337596576282522e-06
900,2.6243778847856447e-06,3.312826265755575e-06,3.5948064578406047e-06,3.0332319056469714e-06,5.161565695743775e-06,2.682583499336033e-06,4.214550699543906e-06,4.970867394149536e-06,2.7867295102623757e-06,5.811304163216846e-06,5.3879321058047935e-06,4.418366188474465e-06,5.21523725183215e-06,6.80829725752119e-06,4.7788234951440245e-06,6.474060683103744e-06,1.021467505779583e-05,6.701029178657336e-06,1.0472472240508068e-05,7.496356829506112e-06,6.4361042859673034e-06,7.991958227648865e-06,1.2944758964295033e-05,5.027656698075589e-06,9.62762442213716e-06,5.545847670873627e-06,5.766441972809844e-06,6.7660662352864165e-06,5.8232221817888785e-06,7.151177214836935e-06,8.520525625499431e-06,8.140657882904634e-06,7.958918104122858e-06,4.363942480267724e-06,9.988406418415252e-06,8.357159458682872e-06,1.1302178791083861e-05,8.865035852068104e-06,8.104899279715028e-06,7.676254426769447e-06,1.2770220564561896e-05,6.044458586984547e-06,8.725362931727432e-06,7.260514394147322e-06,7.879000804678071e-06,1.0578290130069945e-05,6.1622322391485795e-06,5.361053354135947e-06,1.0696801837184466e-05,7.604478923894931e-06
1000,3.7029419672762742e-06,4.268468273949111e-06,3.716148739840719e-06,3.69555027646129e-06,7.263916359079303e-06,4.65395942228497e-06,9.678505193733145e-06,8.899100976123009e-06,2.4940741241152864e-06,4.756243470183108e-06,6.527748610096751e-06,6.2774656726105604e-06,4.861252364207758e-06,6.724104878230719e-06,6.336106253002072e-06,5.187685474083992e-06,5.79770676267799e-06,6.45939735477441e-06,7.3605392572062556e-06,5.537521246878896e-06,5.798534857603954e-06,9.250118637282867e-06,6.149199634819524e-06,6.217384452611441e-06,7.394694421236636e-06,4.978592187399045e-06,4.946767603541957e-06,7.94127208791906e-06,8.748693289817311e-06,1.323546348430682e-05,8.127898581733461e-06,1.2060553672199603e-05,6.377263161994051e-06,1.3952548215456773e-05,7.036058377707377e-06,1.0433303032186814e-05,7.289086624950869e-06,5.708968274120707e-06,8.724126928427722e-06,8.17322597868042e-06,9.219831554219127e-06,5.604214948107256e-06,7.687724973948207e-06,7.401653419947252e-06,6.887532435939647e-06,7.086165624059504e-06,6.93574975230149e-06,6.440548077080166e-06,9.551004950481001e-06,6.3321663219539914e-06
1100,1.0787011888169218e-06,2.768602143987664e-06,2.3905188299977453e-06,3.6560772969096433e-06,3.1438382848136825e-06,2.712662535486743e-06,4.043970420752885e-06,2.7398225483921124e-06,1.5235157206916483e-06,2.7404084903537296e-06,3.480749910522718e-06,1.569884716445813e-06,4.893598543276312e-06,2.524999445085996e-06,2.6054244699480478e-06,2.800011543513392e-06,2.6427817374496954e-06,8.805844117887318e-06,2.5694191663205856e-06,6.903364010213409e-06,4.634126526070759e-06,8.156966032402124e-06,4.681587142840726e-06,3.982881935371552e-06,5.992551450617611e-06,5.346213583834469e-06,5.276126103126444e-06,7.1509052759211045e-06,6.245888016565004e-06,6.488196049758699e-06,2.4712553567951545e-06,6.499257324321661e-06,5.159291504241992e-06,6.117855718912324e-06,7.3716100814635865e-06,6.425383617170155e-06,7.955092769407202e-06,6.467096682172269e-06,3.7628412883350393e-06,7.3853843787219375e-06,8.17411273601465e-06,3.7460943076439435e-06,4.374149284558371e-06,7.900630407675635e-06,5.8764449022419285e-06,6.091325758461608e-06,4.697822987509426e-06,4.961919785273494e-06,1.019076989905443e-05,6.408394710888388e-06
1200,1.5444967402800103e-06,2.4264177227451e-06,2.8996412311244057e-06,2.4115170162986033e-06,4.673734110838268e-06,2.784927573884488e-06,4.007023562735412e-06,3.8361717997759115e-06,1.948846374943969e-06,2.494764885341283e-06,3.319506276966422e-06,1.719283659440407e-06,5.3865746849623974e-06,3.4525926366768545e-06,4.754657311423216e-06,2.7617920750344638e-06,1.8139461417376879e-06,5.173831141291885e-06,3.5746791127166944e-06,6.412225047824904e-06,2.9254654236865463e-06,4.871044893661747e-06,7.241536877700128e-06,4.040668500238098e-06,5.476486421684967e-06,3.8014643450878793e-06,5.8948812693415675e-06,7.980977898114361e-06,9.311119356425479e-06,4.999774319003336e-06,2.2859730961499736e-06,7.179469776019687e-06,8.135561074595898e-06,6.74634338793112e-06,5.322312063071877e-06,6.313808171398705e-06,6.279500667005777e-06,6.285847121034749e-06,3.616771891756798e-06,9.41878079174785e-06,1.0842820302059408e-05,4.687628916144604e-06,6.426173058571294e-06,5.598225016001379e-06,8.59379542816896e-06,6.0612383094849065e-06,4.514326519711176e-06,2.620290615595877e-06,7.010720310063334e-06,4.077332505403319e-06
1300,1.2224821830386645e-06,2.7263524771115044e-06,2.408808768450399e-06,1.8877705088016228e-06,3.294508815088193e-06,2.020836518568103e-06,3.6746901059814263e-06,2.4530563678126782e-06,1.4292390915215947e-06,2.540876039347495e-06,4.390341473481385e-06,1.957409267561161e-06,5.9688914006983396e-06,2.919969574577408e-06,3.8899229366506916e-06,2.41978978010593e-06,1.6251567558356328e-06,5.332775344868423e-06,2.363418388995342e-06,6.144293820398161e-06,3.296546992714866e-06,5.743010206060717e-06,5.934403816354461e-06,4.674664069170831e-06,6.519128419313347e-06,4.389919922687113e-06,4.306753908167593e-06,7.485928563255584e-06,7.278407338162651e-06,5.77735636397847e-06,2.5052113414858468e-06,9.88625833997503e-06,6.4678661146899685e-06,3.8856896935612895e-06,6.457853942265501e-06,5.610401331068715e-06,5.029309704696061e-06,6.8321501203172375e-06,4.739279575005639e-06,8.14170198282227e-06,6.771062999177957e-06,2.76090258921613e-06,5.010117092751898e-06,6.591705641767476e-06,4.696278210758464e-06,7.982078386703506e-06,4.663838353735628e-06,4.19100615545176e-06,5.021669039706467e-06,5.145601335243555e-06
1400,1.067852849701012e-06,4.1323010009364225e-06,2.55582722274994e-06,1.6384600485253031e-06,6.64199615130201e-06,1.840192794588802e-06,3.7917852750979364e-06,3.995115548605099e-06,9.906922286972986e-07,2.0854129161307355e-06,4.539360361377476e-06,1.993885916817817e-06,5.0763624130922835e-06,3.25563291880826e-06,2.8687263693427667e-06,2.0826898889936274e-06,2.493708052497823e-06,4.4385233195498586e-06,2.2151095890876604e-06,7.439112323481822e-06,2.6673253614717396e-06,7.84166513767559e-06,5.665295702783624e-06,4.606116362992907e-06,7.804655069776345e-06,4.07361358156777e-06,7.4770100582099985e-06,6.013893198542064e-06,7.788770744809881e-06,7.984672265592963e-06,2.551187662902521e-06,7.214568995550508e-06,1.0301215297658928e-05,5.204339686315507e-06,6.1228038248373196e-06,5.943953510723077e-06,4.707137122750282e-06,6.014750852045836e-06,2.7292951472190907e-06,9.087992111744825e-06,1.05773951872834e-05,3.950981408706866e-06,8.333205187227577e-06,9.984529242501594e-06,8.288372555398382e-06,7.1585113801120315e-06,3.0701826290169265e-06,2.4080718503682874e-06,5.92802189203212e-06,4.9804752961790655e-06
1500,2.9055036065983586e-06,5.4011416068533435e-06,3.2765638025011867e-06,3.5576993013819447e-06,5.087513727630721e-06,3.7242687085381476e-06,1.0020448826253414e-05,7.507973805331858e-06,1.9325100311107235e-06,3.5675882372743217e-06,6.1324890339164995e-06,1.7343153331239591e-06,6.892344572406728e-06,5.248893558018608e-06,8.082424756139517e-06,2.86597082777007e-06,2.9053624075459084e-06,8.065416295721661e-06,6.442817266361089e-06,5.58820147489314e-06,4.600553438649513e-06,5.910222171223722e-06,6.279028184508206e-06,4.7619892029615585e-06,5.470500582305249e-06,8.274771062133368e-06,6.475835107266903e-06,6.483742708951468e-06,8.774949492362794e-06,8.269566933449823e-06,3.6438614188227803e-06,5.992147180222673e-06,7.810342140146531e-06,9.21654009289341e-06,9.835567652771715e-06,1.0186336112383287e-05,6.090368515287992e-06,7.5072384788654745e-06,5.07753020428936e-06,7.674862899875734e-06,6.2702797549718525e-06,3.197008481947705e-06,6.88676936988486e-06,7.778172403050121e-06,7.773056495352648e-06,8.50427386467345e-06,4.54028077001567e-06,4.438285031937994e-06,9.431310900254175e-06,6.793356078560464e-06
1600,4.4600724322663154e-06,2.9464365525200265e-06,2.3627733298781095e-06,2.836695330188377e-06,6.4822852436918765e-06,2.5263689167331904e-06,4.464797257242026e-06,4.69166434413637e-06,3.150158136122627e-06,3.531706852299976e-06,9.359741852676962e-06,2.824933517331374e-06,4.7234848352673e-06,5.5486298151663505e-06,6.953720458113821e-06,2.924343789345585e-06,3.4461806990293553e-06,8.599432476330549e-06,8.229410013882443e-06,4.447728770173853e-06,3.682248234326835e-06,4.353618351160549e-06,5.254397365206387e-06,4.915359568258282e-06,5.266559583105845e-06,4.07184370487812e-06,9.304162631451618e-06,6.031112661730731e-06,7.325363185373135e-06,1.0630009455780964e-05,4.385399734019302e-06,7.083853688527597e-06,5.0528392421256285e-06,7.520591225329554e-06,5.942193638475146e-06,5.679937203240115e-06,6.906826456543058e-06,6.510293587780325e-06,6.620991825911915e-06,6.459077212639386e-06,8.117876859614626e-06,5.963791409158148e-06,5.554762083193054e-06,4.4570042518898845e-06,8.299346518469974e-06,8.849334335536696e-06,5.675823103956645e-06,4.127341981075006e-06,7.68150948715629e-06,4.692569291364634e-06
1700,1.885368305920565e-06,3.5365173971513286e-06,2.9122534215275664e-06,2.5730855668371078e-06,3.310032980152755e-06,2.4501505322405137e-06,5.489443537953775e-06,4.40489247921505e-06,2.008513320106431e-06,2.208282921856153e-06,2.8198512609378668e-06,1.7958698208531132e-06,4.3742620619013906e-06,4.383045506983763e-06,7.029937478364445e-06,3.049224687856622e-06,2.868761384888785e-06,8.186388186004478e-06,6.206684702192433e-06,5.404208877735073e-06,7.026837920420803e-06,7.583266778965481e-06,6.49278808850795e-06,4.765721314470284e-06,5.3689791457145475e-06,4.03311287300312e-06,5.397125278250314e-06,5.929512553848326e-06,6.745704467903124e-06,5.5714999689371325e-06,4.479039034777088e-06,5.945882548985537e-06,6.670187758572865e-06,4.497872396314051e-06,7.381244358839467e-06,5.073864031146513e-06,6.150158696982544e-06,7.169785021687858e-06,6.13865540799452e-06,8.760934179008473e-06,7.360195468208985e-06,3.0158621484588366e-06,4.748690571432235e-06,4.711268502433086e-06,4.427462044986896e-06,5.387794772104826e-06,8.883176633389667e-06,3.759209221243509e-06,8.13385850051418e-06,5.69069698030944e-06
1800,2.6181553494097898e-06,3.381027681825799e-06,4.2816873246920295e-06,3.525429747242015e-06,5.17571652380866e-06,3.5030905110033927e-06,5.97509870203794e-06,5.2359364417498e-06,3.968141299992567e-06,4.408069798955694e-06,7.164492672018241e-06,2.7498742838361068e-06,7.604201982758241e-06,4.249232915753964e-06,5.903166766074719e-06,5.25305995324743e-06,4.101716058357852e-06,8.027550393308047e-06,1.1449881640146486e-05,6.773913810320664e-06,3.20083790938952e-06,6.5869044192368165e-06,1.2028904166072607e-05,7.684176125621889e-06,6.332813882181654e-06,5.226462690188782e-06,6.7851915446226485e-06,8.071951924648602e-06,8.751299901632592e-06,1.3318631317815743e-05,3.980374458478764e-06,6.718381428072462e-06,1.113340476877056e-05,6.322900389932329e-06,6.659516202489613e-06,6.157473762868904e-06,6.313842732197372e-06,9.188321200781502e-06,6.122364084149012e-06,8.760556738707237e-06,7.105180884536821e-06,3.5469347494654357e-06,6.480997853941517e-06,6.365712579281535e-06,6.238957666937495e-06,7.688078767387196e-06,7.803722837707028e-06,5.241711733106058e-06,9.99192434392171e-06,6.903939720359631e-06
1900,2.2475153400591807e-06,2.9196548894105945e-06,2.549326609369018e-06,2.361561428187997e-06,6.757293249393115e-06,2.3836657874198863e-06,4.169781277596485e-06,3.763367885767366e-06,2.3070861061569303e-06,4.478251412365353e-06,5.245399734121747e-06,4.997330506739672e-06,5.662963303620927e-06,2.982988462463254e-06,5.529707323148614e-06,4.912622443953296e-06,4.991780770069454e-06,5.26410985912662e-06,2.824342118401546e-06,7.2885241024778225e-06,4.291246568755014e-06,9.406809112988412e-06,6.685299467790173e-06,4.04876436732593e-06,8.041122782742605e-06,6.115214546298375e-06,6.591247256437782e-06,6.1577143242175225e-06,6.540363756357692e-06,1.1146605174872093e-05,6.50816718916758e-06,7.39668666938087e-06,6.9913453444314655e-06,6.046452654118184e-06,7.317837571463315e-06,8.762262041273061e-06,6.323184152279282e-06,6.11085670243483e-06,1.0288183148077223e-05,5.555724783334881e-06,4.987434294889681e-06,5.293752110446803e-06,4.706498202722287e-06,5.303080797602888e-06,6.1944870139996056e-06,5.633186447084881e-06,7.643730896234047e-06,5.033004072174663e-06,1.7192569430335425e-05,7.021874353085877e-06
2000,2.292816134286113e-06,4.0972463466459885e-06,5.2520194913086016e-06,4.3260224629193544e-06,4.761439868161688e-06,2.7787068574980367e-06,7.479043688363163e-06,3.5919347283197567e-06,2.7779942683991976e-06,4.621852895070333e-06,6.952012427063892e-06,3.754481440410018e-06,5.761840384366224e-06,3.5781422411673702e-06,5.759984105679905e-06,3.008139856319758e-06,3.525282636474003e-06,9.450432116864249e-06,3.297526745882351e-06,5.124943527334835e-06,3.5028513138968265e-06,1.0220880540146027e-05,1.202900784846861e-05,6.802641564718215e-06,7.408380042761564e-06,5.391051672631875e-06,1.2551167856145184e-05,7.492114946217043e-06,7.138727596611716e-06,5.762337877968093e-06,2.465078750901739e-06,7.729840945103206e-06,8.230848834500648e-06,5.352468633645913e-06,7.3469814196869265e-06,8.36828530736966e-06,6.396130629582331e-06,8.680499377078377e-06,9.295878044213168e-06,1.1422686839068774e-05,1.157650967797963e-05,4.2619690248102415e-06,7.062352324282983e-06,6.937089892744552e-06,8.064094799919985e-06,6.6213578975293785e-06,6.697247499687364e-06,6.845737061667023e-06,1.2328268894634675e-05,9.708391189633403e-06
2100,1.5246987459249794e-06,3.220600319764344e-06,3.0348021482495824e-06,2.8981601190025685e-06,3.7073609746585134e-06,3.3193728086189367e-06,4.616188562067691e-06,4.102003458683612e-06,1.7604495496925665e-06,2.93148991659109e-06,5.253058589005377e-06,2.718301402637735e-06,4.4579414861800615e-06,3.7028723909315886e-06,6.947590463823872e-06,3.4548138501122594e-06,2.504735903130495e-06,7.417825599986827e-06,6.803893484175205e-06,5.758957740908954e-06,3.7555810195044614e-06,6.184771791595267e-06,4.1739322114153765e-06,6.966079126868863e-06,8.757630894251633e-06,5.335576133802533e-06,5.782168955192901e-06,6.2183430600271095e-06,6.480051069956971e-06,1.2218207302794326e-05,2.433663212286774e-06,7.446853487635963e-06,5.516311830433551e-06,8.004505616554525e-06,5.882614004804054e-06,6.61598778606276e-06,8.47733645059634e-06,6.293353635555832e-06,8.944500223151408e-06,7.27921724319458e-06,6.933742952242028e-06,2.82410042018455e-06,5.728812539018691e-06,5.3393919188238215e-06,4.883017481915886e-06,7.2029183684207965e-06,4.861906745645683e-06,6.565906915056985e-06,9.572469934937544e-06,1.2458972378226463e-05
2200,1.4481618109130068e-06,3.2847258353285724e-06,2.6289685592928436e-06,4.193456788925687e-06,6.844975359854288e-06,3.4351783142483328e-06,4.253552106092684e-06,4.962430921295891e-06,1.4776323951082304e-06,2.2608128347201273e-06,5.3231342462822795e-06,2.33367427426856e-06,9.530781426292378e-06,3.01928048429545e-06,4.060805622430053e-06,3.331006610096665e-06,2.3640209292352665e-06,7.092610758263618e-06,5.285347015160369e-06,6.520649094454711e-06,3.6890201045025606e-06,6.510443199658766e-06,7.676159839320462e-06,4.197698672214756e-06,7.74311956774909e-06,4.270466433808906e-06,6.376044893841026e-06,7.358339189522667e-06,8.573289960622787e-06,1.4767759239475708e-05,2.7235582820139825e-06,1.0993586329277605e-05,7.480080967070535e-06,4.281948349671438e-06,5.991203579469584e-06,6.807304544054205e-06,5.853717539139325e-06,8.42393910716055e-06,6.171455424919259e-06,9.160879017144907e-06,6.29638952887035e-06,2.9399636787275085e-06,6.338253569992958e-06,7.0381834120780695e-06,5.3299313549359795e-06,1.1003255167452153e-05,5.200389750825707e-06,4.3654185901687015e-06,8.067222552199382e-06,5.431151294033043e-06
2300,2.967633690786897e-06,4.177058599452721e-06,3.892960194207262e-06,5.272232556308154e-06,3.530086814862443e-06,4.262516540620709e-06,4.922671905660536e-06,6.912147455295781e-06,2.568273430370027e-06,4.483806151256431e-06,7.910638487373944e-06,4.452941993804416e-06,5.6217545534309465e-06,8.800009709375445e-06,5.3573035074805375e-06,3.7782199342473177e-06,4.519305548456032e-06,5.409487584984163e-06,7.511215244448977e-06,5.886035069124773e-06,6.613105597352842e-06,6.6743605202645995e-06,7.099507001839811e-06,5.9493499975360464e-06,5.962281193205854e-06,5.457077804749133e-06,6.242400104383705e-06,6.124575520516373e-06,8.974304364528507e-06,5.152618541615084e-06,6.0045549616916105e-06,7.96752192400163e-06,5.78258368477691e-06,4.649010406865273e-06,9.914886504702736e-06,9.240812687494326e-06,1.4237409232009668e-05,7.391514373011887e-06,6.878902240714524e-06,1.1283494131930638e-05,6.656581717834342e-06,4.1848029468383174e-06,5.0182616178062744e-06,4.273910235497169e-06,5.1689171414182056e-06,7.97958182374714e-06,9.488980140304193e-06,6.87921328790253e-06,9.277449862565845e-06,1.728593088046182e-05
2400,1.4790194882152718e-06,3.0418784717767267e-06,5.889252406632295e-06,1.9627282199508045e-06,4.435449682205217e-06,2.7558817237149924e-06,5.9830545069416985e-06,5.190576757740928e-06,2.029969664363307e-06,5.148551736056106e-06,4.3748591451731045e-06,2.149095280401525e-06,6.716895313729765e-06,3.2096129416459007e-06,6.349693649099208e-06,6.2373001128435135e-06,4.929985607304843e-06,1.3086822946206667e-05,5.36953939445084e-06,6.494538411061512e-06,3.827633918263018e-06,7.97381107986439e-06,5.144483111507725e-06,6.477273018390406e-06,8.760287528275512e-06,4.3962277231912594e-06,7.72896055423189e-06,6.562378985108808e-06,8.600175533501897e-06,1.2712534044112545e-05,6.205873432918452e-06,8.764834092289675e-06,6.79002459946787e-06,5.417314696387621e-06,6.924397894181311e-06,6.49766116112005e-06,1.1817219274234958e-05,1.0396054676675703e-05,6.087988822400803e-06,7.551874659839086e-06,8.194444490072783e-06,4.076597178936936e-06,5.041599706601119e-06,6.03392345510656e-06,8.415996489929967e-06,8.692813935340382e-06,5.625336598313879e-06,3.5572925298765767e-06,8.448928383586463e-06,8.483236342726741e-06
2500,2.848199301297427e-06,3.884481429849984e-06,4.702463684225222e-06,4.1422158574278e-06,4.890678155788919e-06,5.272596808936214e-06,9.581893209542613e-06,7.933865163067821e-06,2.1897437818552135e-06,2.5905264919856563e-06,5.04004583490314e-06,2.790624193949043e-06,6.769391347916098e-06,2.9620803161378717e-06,6.311305241979426e-06,4.882303528574994e-06,3.679578185256105e-06,1.0853066669369582e-05,7.791223652020562e-06,7.557099252153421e-06,5.160497494216543e-06,9.79233573161764e-06,5.77179571337183e-06,5.816370958200423e-06,7.78469711804064e-06,4.985879058949649e-06,1.1962190001213457e-05,8.329149750352371e-06,1.071493261406431e-05,9.796291124075651e-06,4.680033725890098e-06,8.119998710753862e-06,8.383435670111794e-06,8.867048563843127e-06,6.398357072612271e-06,1.2672725461015943e-05,7.397277840937022e-06,1.4298864698503166e-05,8.11750942375511e-06,7.631669177499134e-06,8.56237511470681e-06,4.038566657982301e-06,6.445881808758713e-06,6.447507530538132e-06,6.231100542208878e-06,7.518719030485954e-06,5.9610010794131085e-06,3.5882349038729444e-06,9.685924851510208e-06,6.901152119098697e-06
2600,1.279932234865555e-06,2.4494208901160164e-06,3.3904705105669564e-06,2.8406857381924056e-06,4.668675046559656e-06,2.497002014933969e-06,3.835533789242618e-06,3.1761833270138595e-06,1.365436332889658e-06,2.9533064207498683e-06,5.061097454017727e-06,1.7115122545874328e-06,8.551867722417228e-06,2.049655677183182e-06,5.900788437429583e-06,5.043692908657249e-06,2.369954472669633e-06,6.2025660554354545e-06,2.572516223153798e-06,6.964863587199943e-06,1.8916540511781932e-06,6.166295861476101e-06,7.66162611398613e-06,4.516025001066737e-06,5.78349181523663e-06,6.67237054585712e-06,7.142494723666459e-06,8.520933988620527e-06,8.606110895925667e-06,6.818421297793975e-06,2.3369664177153027e-06,8.632073331682477e-06,1.3573788237408735e-05,5.6851231420296244e-06,7.970868864504155e-06,5.1065026127616875e-06,6.916936399647966e-06,8.275254913314711e-06,4.015470494778128e-06,7.462071607733378e-06,8.51351796882227e-06,2.14685610444576e-06,6.266256150411209e-06,4.729019110527588e-06,6.425074388971552e-06,9.171474630420562e-06,3.358977892276016e-06,2.867517878257786e-06,1.1922832527488936e-05,5.982304628560087e-06
2700,2.9462189559126273e-06,2.946059794339817e-06,2.665865167728043e-06,1.989501924981596e-06,4.136084953643149e-06,2.279013642692007e-06,3.1854212920734426e-06,3.481008889139048e-06,2.086245331156533e-06,3.994040980614955e-06,1.026713380269939e-05,1.921260491144494e-06,8.765921847952995e-06,9.656332622398622e-06,4.175997219135752e-06,3.058506763409241e-06,3.374470679773367e-06,9.726806638354901e-06,5.66748440178344e-06,8.01985152065754e-06,3.293992222097586e-06,5.72106091567548e-06,6.481340733444085e-06,6.444568953156704e-06,1.0902992471528705e-05,6.641790150752058e-06,1.4705361536471173e-05,7.216117410280276e-06,9.891830814012792e-06,7.546547749370802e-06,2.2625054043601267e-06,6.467646926466841e-06,9.988876627176069e-06,4.6195318645914085e-06,5.276523552311119e-06,5.783924279967323e-06,7.371299489022931e-06,1.0166389984078705e-05,5.319367573974887e-06,7.5477964855963364e-06,1.0237238711852115e-05,2.349263013456948e-06,5.0591957005963195e-06,5.266742391540902e-06,6.154345101094805e-06,8.012790203792974e-06,5.560294539463939e-06,4.173492015979718e-06,6.653888249275042e-06,1.2284802323847543e-05
2800,2.2258761873672483e-06,3.822563940047985e-06,2.9009236186539056e-06,2.8353551897453144e-06,3.51414155375096e-06,2.5104873202508315e-06,4.20027618019958e-06,3.5069224395556375e-06,2.5919066501955967e-06,2.909874410761404e-06,4.866504241363145e-06,2.911353021772811e-06,4.844384875468677e-06,4.155710939812707e-06,5.508030881173909e-06,3.993438895122381e-06,5.723147751268698e-06,6.403196948667755e-06,3.6123722111369716e-06,6.246242264751345e-06,5.135891115060076e-06,4.83213125335169e-06,6.22477091383189e-06,6.62057391309645e-06,5.167566541786073e-06,3.833711161860265e-06,7.5513730735110585e-06,6.515640052384697e-06,9.410482562088873e-06,6.996075171628036e-06,3.449716587056173e-06,9.452099220652599e-06,6.637224032601807e-06,4.59227749161073e-06,4.487724254431669e-06,4.286293005861808e-06,5.5159180192276835e-06,6.630978077737382e-06,6.99663678460638e-06,6.982794275245396e-06,8.368728231289424e-06,6.078995738789672e-06,4.181732492725132e-06,6.227572612260701e-06,5.057047928858083e-06,6.063433829694986e-06,1.0608901902742218e-05,4.4348785195325036e-06,6.122586000856245e-06,5.512422376341419e-06
2900,3.2767818538559368e-06,2.7457656415208476e-06,3.315702542749932e-06,3.0853225325699896e-06,4.527083547145594e-06,3.247272616135888e-06,4.1283919927082025e-06,5.4928036661294755e-06,2.2213628199097e-06,6.246372777241049e-06,3.385179752513068e-06,2.92484401143156e-06,6.405782642104896e-06,2.348401721974369e-06,6.168732397782151e-06,4.5245938053994905e-06,1.749186594679486e-06,5.960030193818966e-06,5.363059699448058e-06,7.185410140664317e-06,4.532915227173362e-06,5.51817356608808e-06,4.582631390803726e-06,5.021818651584908e-06,7.3318051363457926e-06,3.2865586945263203e-06,5.071729447081452e-06,5.899485586269293e-06,9.429069905309007e-06,1.1139019989059307e-05,6.859708719275659e-06,9.604280421626754e-06,6.907551323820371e-06,5.503456577571342e-06,7.668300895602442e-06,4.845092007599305e-06,7.640195690328255e-06,7.387136975012254e-06,4.682020971813472e-06,1.074444026016863e-05,8.218983566621318e-06,3.837042186205508e-06,6.174096597533207e-06,7.197612376330653e-06,7.642231139470823e-06,9.168664291792084e-06,3.070610773647786e-06,2.2362094114214415e-06,1.0804365047079045e-05,7.006226951489225e-06
3000,2.3861932731961133e-06,6.113196832302492e-06,6.491302428912604e-06,3.7333707041398156e-06,5.228072950558271e-06,6.080906587158097e-06,7.652764907106757e-06,5.831830549141159e-06,2.3687002794758882e-06,3.6338265090307686e-06,7.77024069975596e-06,3.938837835448794e-06,4.693507435149513e-06,3.3618964607740054e-06,6.918845429026987e-06,4.7879434532660525e-06,5.0621865739231e-06,8.028896445466671e-06,3.61415914085228e-06,8.963585969468113e-06,5.050765594205586e-06,1.1182843081769533e-05,4.935410288453568e-06,6.700127869407879e-06,9.188006515614688e-06,6.340787876979448e-06,6.7585724536911584e-06,9.416434295417275e-06,9.058895557245705e-06,7.989058758539613e-06,4.123405688005732e-06,8.873668775777332e-06,7.742979505565017e-06,8.089778020803351e-06,6.247315923246788e-06,7.577925316581968e-06,8.82021413417533e-06,7.385198841802776e-06,9.350103027827572e-06,7.281578291440383e-06,1.144256293628132e-05,5.8278847063775174e-06,4.720360266219359e-06,6.589706117665628e-06,4.957077635481255e-06,7.056775302771712e-06,5.7046245274250396e-06,4.420369805302471e-06,1.1505331713124178e-05,1.0529606697673444e-05
3100,2.511368393243174e-06,4.0315990190720186e-06,3.6042511055711657e-06,3.3252829325647326e-06,7.923983503133059e-06,3.7544925817201147e-06,5.096585027786205e-06,4.139915745327016e-06,4.767209702549735e-06,3.5623631902126363e-06,8.124441592372023e-06,3.0580695238313638e-06,6.868340733490186e-06,8.576193977205548e-06,7.303317033802159e-06,6.054007826605812e-06,4.1129069359158166e-06,8.057971172092948e-06,7.86851978773484e-06,9.16207591217244e-06,6.617371582251508e-06,6.616949576709885e-06,7.021328656264814e-06,9.807283277041279e-06,7.707541954005137e-06,5.603624231298454e-06,7.88110355642857e-06,8.495694601151627e-06,9.206319191434886e-06,6.921146905369824e-06,4.340486157161649e-06,8.150514986482449e-06,9.240695362677798e-06,6.095897333580069e-06,6.900906100781867e-06,9.24611867958447e-06,8.613088539277669e-06,8.42110785015393e-06,1.0597956134006381e-05,1.2024795978504699e-05,1.066286949935602e-05,6.185426627780544e-06,8.051547411014326e-06,8.366864676645491e-06,1.2687315575021785e-05,6.5923513830057345e-06,1.1746855307137594e-05,4.697562872024719e-06,1.2095416423107963e-05,1.0741953701653983e-05
3200,3.3236462968488922e-06,3.0058645279495977e-06,2.935717930085957e-06,2.0870345451839967e-06,4.866878498432925e-06,2.8676131478277966e-06,4.411705958773382e-06,5.839875484525692e-06,2.917415940828505e-06,2.6621144115779316e-06,9.361115189676639e-06,3.4351608064753236e-06,5.045075795351295e-06,7.865263796702493e-06,4.758832346851705e-06,3.871447006531525e-06,3.5000932712137e-06,7.938218004710507e-06,4.604264631780097e-06,5.780532319477061e-06,5.894183232157957e-06,6.9866068770352285e-06,5.260867055767449e-06,4.740110398415709e-06,5.499160579347517e-06,6.610805485252058e-06,5.831139333167812e-06,5.666609922627686e-06,7.884214937803335e-06,6.6919556047650985e-06,4.904016805085121e-06,6.4533869590377435e-06,6.152276000648271e-06,6.4267919697158504e-06,7.02280431141844e-06,6.002258032822283e-06,6.27796816843329e-06,6.053373454051325e-06,7.589810138597386e-06,6.341016614896944e-06,8.243451702583116e-06,3.8415150811488274e-06,5.4641777751385234e-06,6.181446224218234e-06,8.695069482200779e-06,6.789068265788956e-06,7.364047178270994e-06,4.359294962341664e-06,1.2656557373702526e-05,8.396279554290231e-06
3300,1.970319090105477e-06,3.6855681173619814e-06,2.9673763037862955e-06,3.5822570225718664e-06,4.366321718407562e-06,2.198234142269939e-06,5.5056725614122115e-06,5.469520147016738e-06,3.7994179820088902e-06,4.8980455176206306e-06,4.37102471551043e-06,4.334438926889561e-06,7.939812348922715e-06,3.5592504445958184e-06,4.959924353897804e-06,4.544419880403439e-06,4.736161827167962e-06,6.1998302953725215e-06,4.534013442025753e-06,8.805760444374755e-06,3.5537905205274e-06,1.0146215572603978e-05,7.956312401802279e-06,4.424179223860847e-06,8.198212526622228e-06,4.132257345190737e-06,7.194458703452256e-06,5.693837465514662e-06,8.02626436779974e-06,7.286856089194771e-06,3.50278378391522e-06,6.625697096751537e-06,8.926119335228577e-06,6.023753030603984e-06,5.175026672077365e-06,1.118960790336132e-05,9.286808563047089e-06,1.0104728971782606e-05,6.538977231684839e-06,7.746193659841083e-06,1.0609434866637457e-05,6.256723281694576e-06,7.448611995641841e-06,7.425627245538635e-06,6.1236614783410914e-06,8.822021300147753e-06,4.97170549351722e-06,4.136556071898667e-06,6.510011189675424e-06,6.883553851366742e-06
3400,2.7395060442358954e-06,5.501129635376856e-06,3.5749110338656465e-06,3.590008191167726e-06,4.637465281120967e-06,3.838593784166733e-06,4.577743311529048e-06,7.19449190000887e-06,2.3942120606079698e-06,3.545776507962728e-06,9.394056178280152e-06,2.1879538962821243e-06,7.337018814723706e-06,5.06968672198127e-06,7.992910468601622e-06,4.332209755375516e-06,2.8430608836060856e-06,7.483788522222312e-06,5.682266419171356e-06,8.117149263853207e-06,5.630173291137908e-06,5.752803645009408e-06,6.8460326474450994e-06,8.625122973171528e-06,6.52554763291846e-06,5.890268312214175e-06,8.826853445498273e-06,8.062379492912441e-06,7.832031769794412e-06,8.180595614248887e-06,5.3358753575594164e-06,8.564905328967143e-06,8.86974794411799e-06,5.65678828934324e-06,6.971104539843509e-06,6.448464773711748e-06,8.473225534544326e-06,7.25992367733852e-06,7.0968253567116335e-06,7.03280738889589e-06,6.402669896488078e-06,3.984386694355635e-06,5.285677161737112e-06,5.925501227466157e-06,7.550025657110382e-06,1.0583315997791942e-05,9.718294677441008e-06,4.539226665656315e-06,1.1114720109617338e-05,8.799931492831092e-06
3500,5.147037882125005e-06,5.157733539817855e-06,3.0254782359406818e-06,2.8233539524080697e-06,7.870216904848348e-06,2.688307404241641e-06,5.501806299434975e-06,5.668163339578314e-06,2.5101128358073765e-06,7.038022886263207e-06,5.031929958931869e-06,5.04505806020461e-06,6.3608040363760665e-06,3.1722952371637803e-06,5.007329036743613e-06,6.067266895115608e-06,5.684452844434418e-06,6.008758646203205e-06,6.9577249632857274e-06,6.2950125538918655e-06,8.088302820397075e-06,8.2356973507558e-06,1.3298457815835718e-05,7.969852958922274e-06,5.732691988669103e-06,6.020396540407091e-06,5.130174940859433e-06,8.557417459087446e-06,8.428410183114465e-06,9.425366442883387e-06,8.943554348661564e-06,7.544668733316939e-06,7.743597052467521e-06,8.015082130441442e-06,6.3827292251517065e-06,1.2381444321363233e-05,6.537251465488225e-06,8.32689147500787e-06,4.7888729568512645e-06,9.252178642782383e-06,8.809098289930262e-06,4.004621132480679e-06,7.8980983744259e-06,4.6869254219927825e-06,8.9114591901307e-06,1.0242065400234424e-05,6.968629804759985e-06,3.7498946312553016e-06,1.552840149088297e-05,1.1558901860553306e-05
3600,3.2500790894118836e-06,3.320137238915777e-06,3.6248061405785847e-06,9.417311048309784e-06,4.253663519193651e-06,4.353600616013864e-06,5.398096163844457e-06,5.300641078065382e-06,2.7153021164849633e-06,6.968483376112999e-06,6.297073014138732e-06,9.216329999617301e-06,5.905814759898931e-06,8.363371307495981e-06,5.126550604472868e-06,5.090198101243004e-06,2.952290060420637e-06,1.2311237696849275e-05,9.780243090062868e-06,6.30191971140448e-06,1.3346292689675465e-05,8.374300705327187e-06,5.306615548761329e-06,7.018551968940301e-06,6.00551902607549e-06,5.489966497407295e-06,8.071541742538102e-06,8.517448804923333e-06,9.640288226364646e-06,8.552784493076615e-06,8.70755138748791e-06,7.805359928170219e-06,6.6158145273220725e-06,7.109760190360248e-06,8.811224688543007e-06,6.7289370235812385e-06,1.1442304639786016e-05,1.2938359759573359e-05,9.368416613142472e-06,7.249817372212419e-06,8.576767868362367e-06,7.774684490868822e-06,5.5699297263345215e-06,5.456834060169058e-06,7.038606781861745e-06,8.908527888706885e-06,1.2132004485465586e-05,1.715557482384611e-05,9.077407412405591e-06,9.078720722754952e-06
3700,1.9065641936322208e-06,2.8224740162841044e-06,2.838687805706286e-06,2.461247277096845e-06,5.242372026259545e-06,2.584464255050989e-06,4.7284888751164544e-06,3.998784450232051e-06,1.391267232975224e-06,2.714942411330412e-06,3.434700374782551e-06,2.250954139526584e-06,5.689163572242251e-06,3.120468818451627e-06,6.602551820833469e-06,4.111814178031636e-06,2.5166984869429143e-06,6.226215191418305e-06,3.288474090368254e-06,5.400952886702726e-06,2.7813712222268805e-06,5.0661410568864085e-06,4.7776420615264215e-06,3.753834107556031e-06,7.968815225467551e-06,3.829225988738472e-06,6.620511157962028e-06,7.458051641151542e-06,6.120309990365058e-06,6.361414307320956e-06,3.020058557012817e-06,7.130344329198124e-06,6.698180641251383e-06,4.906330559606431e-06,5.077168680145405e-06,4.3349459701857995e-06,7.167277090047719e-06,5.812008566863369e-06,6.623811259487411e-06,1.0966525223921053e-05,6.892389592394466e-06,3.1635836421628483e-06,5.925488494540332e-06,9.124302778218407e-06,7.11256734575727e-06,1.0031216334027704e-05,6.151331945147831e-06,3.086255901507684e-06,8.939929102780297e-06,5.17040689373971e-06
3800,4.2824403863050975e-06,3.558525804692181e-06,3.966334588767495e-06,2.785927790682763e-06,8.316389539686497e-06,3.525920647007297e-06,5.39062330062734e-06,5.4660840760334395e-06,3.290150516477297e-06,2.8873212158941897e-06,7.527841262344737e-06,2.7130313355883118e-06,7.855943294998724e-06,5.68940959055908e-06,5.052133019489702e-06,5.316159331414383e-06,4.367168457974913e-06,5.731713827117346e-06,5.793371201434638e-06,7.076248493831372e-06,5.641467396344524e-06,7.644111065019388e-06,1.0914497579506133e-05,5.659102498611901e-06,6.4720716181909665e-06,4.459581305127358e-06,7.266660759341903e-06,9.897588824969716e-06,1.0858982022909913e-05,9.441287147637922e-06,5.090223112347303e-06,7.718584129179362e-06,7.019076292635873e-06,5.533172043215018e-06,6.170213964651339e-06,1.3362347999645863e-05,1.1142498806293588e-05,6.913850938872201e-06,5.153169695404358e-06,7.78582034399733e-06,8.515736226399895e-06,4.777071353601059e-06,5.442056590254651e-06,7.720603207417298e-06,7.2991579145309515e-06,1.0106599802384153e-05,5.135512765264139e-06,4.256823558534961e-06,1.0697014658944681e-05,7.209780051198322e-06
3900,2.5389701931999298e-06,4.119830919080414e-06,3.0127107493171934e-06,1.954138951987261e-06,4.3724280658352654e-06,2.9049274417047855e-06,5.240995506028412e-06,3.862179255520459e-06,2.9956493108329596e-06,3.1248760024027433e-06,5.1378519856370986e-06,2.943977051472757e-06,4.90671482111793e-06,4.411201189213898e-06,3.966330041293986e-06,3.0377543680515373e-06,2.706868372115423e-06,6.9424245339178015e-06,5.950479589955648e-06,6.747669431206305e-06,4.098409590369556e-06,6.3559732552676e-06,4.439591975824442e-06,3.848470441880636e-06,7.0768187470093835e-06,5.797353423986351e-06,4.146626451984048e-06,6.495184152299771e-06,6.8441618168435525e-06,4.085787622898351e-06,3.470409637884586e-06,9.052899258676916e-06,6.073701115383301e-06,4.325494955992326e-06,4.16179682360962e-06,5.252084520179778e-06,5.831644102727296e-06,8.957550562627148e-06,3.8095579384389566e-06,8.024953785934485e-06,5.09260689796065e-06,3.3315086511720438e-06,8.18771241029026e-06,5.721281922888011e-06,4.283981525077252e-06,5.7295856095151976e-06,5.000474629923701e-06,4.768334292748477e-06,5.727865300286794e-06,6.414442850655178e-06
4000,3.2106495382322464e-06,3.811337592196651e-06,3.3856181289593223e-06,3.305488462501671e-06,4.091989467269741e-06,2.997051069542067e-06,8.286505362775642e-06,4.222404186293716e-06,3.464924702711869e-06,4.954194992023986e-06,4.994397386326455e-06,6.6043376136804e-06,5.475044872582657e-06,3.485718707452179e-06,6.002544978400692e-06,5.353048891265644e-06,2.887947175622685e-06,9.891187801258639e-06,5.966689514025347e-06,6.72694750392111e-06,4.682864528149366e-06,7.742345587757882e-06,6.088842383178417e-06,3.925856162823038e-06,6.638499598921044e-06,4.949704361933982e-06,5.6333979046030436e-06,7.060590633045649e-06,8.47155024530366e-06,7.211426691355882e-06,4.7391949919983745e-06,8.872248145053163e-06,7.509512670367258e-06,5.707998298021266e-06,6.301209850789746e-06,5.678279649146134e-06,8.327254363393877e-06,6.884494268888375e-06,5.1691376938833855e-06,7.0787455115350895e-06,8.394839824177325e-06,3.431315008128877e-06,5.426802090369165e-06,7.21656078894739e-06,7.080313480400946e-06,7.912500223028474e-06,5.190769570617704e-06,5.498666268977104e-06,1.1680885108944494e-05,7.053251010802342e-06
4100,4.096616521565011e-06,3.591271024561138e-06,3.917995400115615e-06,4.2480269257794134e-06,4.665930646297056e-06,2.945811957033584e-06,5.179967502044747e-06,4.965239895682316e-06,3.695859504659893e-06,4.255283329257509e-06,1.02818103187019e-05,3.692722657433478e-06,8.462212463200558e-06,9.232605407305527e-06,7.601390734635061e-06,4.041071406390984e-06,6.741947800037451e-06,9.542242878524121e-06,9.908059837471228e-06,8.596473890065681e-06,5.820185378979659e-06,5.400799636845477e-06,7.755135811748914e-06,7.97122538642725e-06,9.568259883963037e-06,6.070029485272244e-06,7.98303426563507e-06,9.154512554232497e-06,8.293979590234812e-06,8.219337360060308e-06,6.33284253126476e-06,9.575088370183948e-06,9.499093721387908e-06,1.015820544125745e-05,6.482207481894875e-06,8.655270903545897e-06,6.938784736121306e-06,9.110906830755994e-06,8.446538231510203e-06,6.172188932396239e-06,7.756905688438565e-06,8.497401722706854e-06,5.624552613880951e-06,8.590382094553206e-06,1.0704106898629107e-05,9.947280886990484e-06,8.140817044477444e-06,9.251258234144188e-06,7.176164217526093e-06,1.2155086551501881e-05
4200,2.2742967757949373e-06,2.962747430501622e-06,3.1254546684067464e-06,3.737897941391566e-06,5.272966063785134e-06,2.930950131485588e-06,3.5276980270282365e-06,6.359202870953595e-06,1.611540824342228e-06,2.9216625989647582e-06,3.688111746669165e-06,2.286870994794299e-06,7.630103027622681e-06,3.1907095490169013e-06,4.316085778555134e-06,4.696888936450705e-06,3.844992988888407e-06,8.596530278737191e-06,2.850434839274385e-06,6.7410751398711e-06,3.0760727440792834e-06,6.304639100562781e-06,7.893008842074778e-06,6.000425855745561e-06,8.059446372499224e-06,4.839448592974804e-06,5.149056960362941e-06,7.907200597401243e-06,1.0809032573888544e-05,9.078489711100701e-06,2.486994617356686e-06,6.963332907616859e-06,6.99063457432203e-06,4.790212187799625e-06,4.4834591790277045e-06,6.229678547242656e-06,1.002943918138044e-05,7.484597063012188e-06,7.655236004211474e-06,8.785597856331151e-06,6.374219083227217e-06,3.7136401260795537e-06,6.098505309637403e-06,5.130303179612383e-06,3.835221377812559e-06,6.455805305449758e-06,5.049609171692282e-06,5.394019808591111e-06,1.2627147043531295e-05,7.747435120109003e-06
4300,3.387301603652304e-06,3.7348434034356615e-06,2.626197101562866e-06,2.895284069381887e-06,6.438272976083681e-06,4.082087343704188e-06,3.8004907310096314e-06,4.1977878026955295e-06,2.7124053758598166e-06,1.9716799215530045e-06,4.845811872655759e-06,2.753683247647132e-06,6.1220148381835315e-06,5.047330887464341e-06,6.791729447286343e-06,4.086266926606186e-06,2.6396444354759296e-06,6.805553312005941e-06,5.049107130616903e-06,7.704305971856229e-06,3.317359414722887e-06,6.111794846219709e-06,5.3091657719051e-06,7.765934242343064e-06,5.957449957350036e-06,4.03442618335248e-06,7.740066394035239e-06,5.948322723270394e-06,8.244958735303953e-06,1.3274165212351363e-05,3.8153898458404e-06,1.0908158401434775e-05,6.105051397753414e-06,4.4199950934853405e-06,4.57858595837024e-06,4.88995556224836e-06,6.964003659959417e-06,7.447848929587053e-06,7.685318450967316e-06,1.0982365893141832e-05,1.3117202797729988e-05,2.6531822641118197e-06,8.603031346865464e-06,6.578102329513058e-06,8.558684385207016e-06,6.5281024035357405e-06,7.427405307680601e-06,5.128750217409106e-06,7.1867248152557295e-06,8.82410222402541e-06
4400,1.991799081224599e-06,2.7712037535820855e-06,4.004814400104806e-06,2.2302845081867417e-06,4.1870139284583274e-06,3.039587227249285e-06,6.070608378649922e-06,3.943521278415574e-06,2.4961261715361616e-06,2.446394546495867e-06,9.468534699408337e-06,2.743737013588543e-06,6.4966766331053805e-06,4.415811417857185e-06,4.285871000320185e-06,4.721789537143195e-06,3.6631577131629456e-06,6.242559720703866e-06,6.334772024274571e-06,6.551074875460472e-06,3.451298653089907e-06,9.104323908104561e-06,5.670928658219054e-06,7.909739906608593e-06,9.159766705124639e-06,7.571751666546334e-06,6.9196471486066e-06,7.675997039768845e-06,8.362767403014004e-06,6.5452691160317045e-06,4.98225244882633e-06,6.477897386503173e-06,6.981607839406934e-06,6.3329794102173764e-06,5.964572665106971e-06,5.674806288880063e-06,5.661546765622916e-06,8.155464456649497e-06,1.077602973964531e-05,7.286568688869011e-06,1.1370147149136756e-05,6.871755431347992e-06,5.0156859288108535e-06,5.649228569382103e-06,5.047742433816893e-06,6.897796538396506e-06,9.036612937052269e-06,1.0086806469189469e-05,6.533738087455276e-06,1.0525335710553918e-05
4500,3.286659648438217e-06,4.471742613532115e-06,3.98281963498448e-06,2.721818873396842e-06,7.95971391198691e-06,4.019202151539503e-06,6.622386990784435e-06,5.058691385784186e-06,3.7466006688191555e-06,7.379892849712633e-06,5.462140961753903e-06,4.623591394192772e-06,6.531643975904444e-06,6.041066626494285e-06,7.649779036000837e-06,6.3826528275967576e-06,4.3419390749477316e-06,8.820771654427517e-06,5.466805305331945e-06,1.0270869097439572e-05,3.952456609113142e-06,6.9900916059850715e-06,7.73436750023393e-06,7.234691111079883e-06,8.751632776693441e-06,5.027467977924971e-06,8.684350177645683e-06,7.913904482848011e-06,9.01729436009191e-06,1.286525912291836e-05,1.1297319360892288e-05,1.0135234333574772e-05,7.950433428050019e-06,6.535381999128731e-06,8.083641660050489e-06,6.769769242964685e-06,1.2979338862351142e-05,7.141683454392478e-06,7.1564522841072176e-06,9.560658327245619e-06,9.545046850689687e-06,3.4222036902065156e-06,6.16446914136759e-06,1.0558721442066599e-05,7.4006366048706695e-06,7.708532393735368e-06,1.0493808986211661e-05,5.698153472621925e-06,1.0298972483724356e-05,7.769483090669382e-06
4600,1.8654325231182156e-06,3.032036829608842e-06,3.2737659694248578e-06,2.4829505491652526e-06,3.843110334855737e-06,3.075651420658687e-06,4.1641474126663525e-06,4.009673830296379e-06,1.5918421922833659e-06,2.2921735762793105e-06,4.054150394949829e-06,2.689492930585402e-06,7.395088687189855e-06,4.077272933500353e-06,4.601659384206869e-06,2.1533480776270153e-06,2.2248846107686404e-06,7.429688594129402e-06,5.552893981075613e-06,7.735232429695316e-06,4.946370609104633e-06,6.36550976196304e-06,6.355741788865998e-06,5.463256911752978e-06,7.142266895243665e-06,4.578921561915195e-06,5.430678356788121e-06,6.682711955363629e-06,7.630559593962971e-06,8.844918738759588e-06,3.26522081195435e-06,7.598991032864433e-06,7.737690793874208e-06,6.9551369961118326e-06,3.868593466904713e-06,8.505898222210817e-06,6.970839876885293e-06,5.6966700867633335e-06,3.862989615299739e-06,8.349444215127733e-06,7.400224603770766e-06,3.0075320864852984e-06,4.3546920096559916e-06,5.990926183585543e-06,6.11291852692375e-06,9.466516530665103e-06,6.815023880335502e-06,6.515716904686997e-06,7.757678758935072e-06,5.943052656220971e-06
4700,1.4898563449605717e-06,4.256880856701173e-06,5.31718887941679e-06,3.604939138313057e-06,6.772224423912121e-06,4.094777978025377e-06,6.169109838083386e-06,6.946945177332964e-06,2.0267061699996702e-06,2.5913186618709005e-06,4.457626346265897e-06,2.515786718504387e-06,8.702469131094404e-06,4.361940682429122e-06,5.214712018641876e-06,2.7825878987641772e-06,2.5182428089465247e-06,1.0788288818730507e-05,4.437707502802368e-06,1.099093151424313e-05,5.828274879604578e-06,1.1260072824370582e-05,1.3540465261030477e-05,3.6871888369205408e-06,7.77171317167813e-06,5.543842689803569e-06,8.570715181122068e-06,9.254607903130818e-06,7.792567885189783e-06,9.799015060707461e-06,3.013677996932529e-06,1.0184843631577678e-05,1.360468831990147e-05,7.209649538708618e-06,5.199532097321935e-06,7.242493666126393e-06,8.805049219517969e-06,6.190263320604572e-06,4.164296569797443e-06,7.335127520491369e-06,8.415740921918768e-06,3.086392780460301e-06,4.986590738553787e-06,7.386563538602786e-06,5.872961082786787e-06,7.317950348806335e-06,7.853286660974845e-06,3.829104571195785e-06,8.614449143351521e-06,5.141728252056055e-06
4800,2.676525127753848e-06,3.6853625715593807e-06,2.977115627800231e-06,2.7956969006481813e-06,5.817986675538123e-06,3.196140369254863e-06,7.568522505607689e-06,4.164801339356927e-06,2.600817879283568e-06,7.03877367413952e-06,5.452262939797947e-06,5.114314262755215e-06,7.404775260511087e-06,2.8634692625928437e-06,3.8710418266418856e-06,6.670334641967202e-06,4.839017492486164e-06,8.244718628702685e-06,7.922719305497594e-06,7.054969046293991e-06,2.8984077289351262e-06,6.986521384533262e-06,7.725849172857124e-06,4.585313945426606e-06,6.313110588962445e-06,5.56320355826756e-06,7.526157787651755e-06,7.356961305049481e-06,8.631914170109667e-06,6.3866064010653645e-06,6.134290288173361e-06,8.433069524471648e-06,8.099459591903724e-06,5.431921636045445e-06,8.354468263860326e-06,7.739257853245363e-06,1.0053516234620474e-05,7.220975476229796e-06,5.000988494430203e-06,7.332872428378323e-06,7.197791092039552e-06,4.067218014824903e-06,5.11902089783689e-06,5.487064754561288e-06,5.506334673555102e-06,7.224520686577307e-06,6.76250283504487e-06,6.076933004806051e-06,1.0111398296430707e-05,7.441114121320425e-06
4900,1.179685227725713e-06,4.595907284965506e-06,3.1300671707867878e-06,3.2152515814232174e-06,5.691136720997747e-06,2.609250941532082e-06,7.316666142287431e-06,4.374488526082132e-06,1.1874445817738888e-06,1.9372052975086262e-06,5.889716248930199e-06,1.7030686194630107e-06,8.123793122649658e-06,7.002644906606292e-06,6.381854745995952e-06,3.4512224829086335e-06,2.224408945039613e-06,7.954195098136552e-06,3.188644086549175e-06,1.3556220437749289e-05,2.7982794108538656e-06,7.190409178292612e-06,6.836673492216505e-06,4.810702648683218e-06,9.353631867270451e-06,7.907477083790582e-06,7.439843557222048e-06,7.735124199825805e-06,8.490509571856819e-06,7.0885062086745165e-06,3.712197212735191e-06,9.86449776974041e-06,7.576881671411684e-06,8.078012797341216e-06,6.188901807036018e-06,6.43750308881863e-06,6.514373581012478e-06,1.076567241398152e-05,6.181291610118933e-06,8.68252755026333e-06,1.0890988960454706e-05,2.661128064573859e-06,5.600940767180873e-06,9.582399798091501e-06,9.845461136137601e-06,9.570520887791645e-06,6.683559149678331e-06,2.532161943236133e-06,1.1699989045155235e-05,6.984922038100194e-06
5000,2.5797087346290937e-06,3.9300284697674215e-06,4.028404418932041e-06,3.5535069855541224e-06,9.269938345823903e-06,3.4712024898908567e-06,4.917332717013778e-06,6.40864709566813e-06,3.450400299698231e-06,3.6281116990721785e-06,4.260778950992972e-06,3.222130999347428e-06,1.0826661309693009e-05,3.346960511407815e-06,7.144331902964041e-06,7.272664333868306e-06,2.715798473218456e-06,9.13931398827117e-06,4.767785412695957e-06,9.056706403498538e-06,3.3212224934686674e-06,7.981974704307504e-06,8.676881407154724e-06,5.3414141802932136e-06,1.4035537788004149e-05,4.426163741300115e-06,6.407964065147098e-06,8.208701729017776e-06,8.519410584995057e-06,8.274487299786415e-06,4.163827725278679e-06,7.433831342495978e-06,9.857581972028129e-06,7.909876330813859e-06,8.34292313811602e-06,1.0888565157074481e-05,7.000926871114643e-06,7.841013939469121e-06,5.383275038184365e-06,1.0215645488642622e-05,7.070311312418198e-06,3.55973088517203e-06,7.42123347663437e-06,5.343504653865239e-06,1.0571339771558996e-05,1.6913250874495134e-05,5.612501354335109e-06,7.033276233414654e-06,9.175887498713564e-06,8.611199518782087e-06
5100,3.484720991764334e-06,5.712661732104607e-06,4.895605343335774e-06,5.048394086770713e-06,6.683125320705585e-06,4.409106622915715e-06,6.431860583688831e-06,6.8559174906113185e-06,4.466663540370064e-06,4.379149231681367e-06,1.1326932508382015e-05,6.093863703426905e-06,1.0203539204667322e-05,1.2245095604157541e-05,5.6341232266277075e-06,8.788956620264798e-06,4.716413968708366e-06,9.290814887208398e-06,8.136340511555318e-06,7.648089194844943e-06,7.909233318059705e-06,9.358204806630965e-06,8.342150067619514e-06,1.0354896403441671e-05,8.635777703602798e-06,7.043649020488374e-06,9.804773071664385e-06,1.0598488188406918e-05,7.285602350748377e-06,1.3153514373698272e-05,5.508902177098207e-06,1.4551982530974783e-05,8.697902558196802e-06,8.277761480712797e-06,7.479092346329708e-06,6.567149284819607e-06,1.6024250726331957e-05,9.011435395223089e-06,8.52164885145612e-06,9.30091118789278e-06,1.1761205314542167e-05,5.624216100841295e-06,7.902216566435527e-06,5.622585831588367e-06,8.996609722089488e-06,8.54992413223954e-06,1.4412711607292295e-05,7.805298082530499e-06,1.0034737897512969e-05,1.6830501408549026e-05
5200,1.7596704537936603e-06,3.1369145290227607e-06,3.1877723358775256e-06,2.8323768219706835e-06,4.209923645248637e-06,3.927747911802726e-06,5.007380877941614e-06,6.809293608966982e-06,2.236943828393123e-06,4.475405603443505e-06,5.417465217760764e-06,3.3770152185752522e-06,5.7839260989567265e-06,4.749614618049236e-06,3.8205430428206455e-06,3.099097057202016e-06,2.9039788387308363e-06,7.847196684451774e-06,4.745324531540973e-06,5.420718025561655e-06,5.037698429077864e-06,7.383615411526989e-06,7.561788152088411e-06,7.422478574881097e-06,6.686944743705681e-06,5.027819497627206e-06,7.976854249136522e-06,6.237642992346082e-06,8.04338742455002e-06,7.883763828431256e-06,3.6572860153682996e-06,7.654579349036794e-06,1.0753189599199686e-05,9.797252459975425e-06,1.0207140803686343e-05,5.53745667275507e-06,7.02457418810809e-06,1.2095920283172745e-05,4.84490465169074e-06,9.15421696845442e-06,8.277089364128187e-06,5.235274329606909e-06,5.824406798637938e-06,6.113874405855313e-06,9.02005467651179e-06,1.115262148232432e-05,7.548756002506707e-06,3.822158305410994e-06,9.810891242523212e-06,8.343561603396665e-06
