step,channel_601,channel_857,channel_537,channel_793,channel_120,channel_729,channel_665,channel_440,channel_376,channel_533,channel_853,channel_789,channel_597,channel_56,channel_115,channel_869,channel_550,channel_624,channel_184,channel_312,channel_872,channel_725,channel_560,channel_889,channel_191,channel_806,channel_248,channel_808,channel_633,channel_805,channel_870,channel_772,channel_569,channel_549,channel_617,channel_843,channel_344,channel_825,channel_661,channel_435,channel_800,channel_516,channel_752,channel_614,channel_864,channel_587,channel_447,channel_88,channel_770,channel_816
0,3.4306114685023203e-05,0.0001027808539220132,0.00010110325820278376,7.60318580432795e-05,8.082473505055532e-05,7.847526285331696e-05,2.8866754291811958e-05,4.135507333558053e-05,5.750085256295279e-05,4.4967378926230595e-05,5.776518810307607e-05,4.004288712167181e-05,1.762193460308481e-05,6.212924927240238e-05,5.7844441471388564e-05,3.378427209099755e-05,4.503351738094352e-05,1.94884432858089e-05,6.247411511139944e-05,7.455816376022995e-05,3.9557631680509076e-05,4.027666000183672e-05,4.5792523451382294e-05,4.615055149770342e-05,4.3730586185120046e-05,3.07963382510934e-05,0.00012700736988335848,2.4468083211104386e-05,1.7328220565104857e-05,2.4645340090501122e-05,4.3932694097748026e-05,2.5413657567696646e-05,5.252510163700208e-05,3.929152444470674e-05,1.2952436009072699e-05,3.2305822969647124e-05,3.373008803464472e-05,3.6092711525270715e-05,1.6872860214789398e-05,3.557238233042881e-05,1.298956158279907e-05,4.65848388557788e-05,3.641401053755544e-05,1.829352549975738e-05,3.287049912614748e-05,1.2400989362504333e-05,2.8936376111232676e-05,3.778859172598459e-05,1.5430598068633117e-05,2.835999839589931e-05
100,0.00030919714481569827,0.00030767323914915323,0.000305493624182418,0.00024598801974207163,0.0002662571787368506,0.0002395721967332065,0.00016831947141326964,0.00019571800658013672,0.00014760944759473205,0.00017650083464104682,0.00017401999502908438,0.000135602691443637,0.00017050090536940843,0.0001569971500430256,0.0001578470109961927,0.00015553241246379912,0.00015336360957007855,0.0001478453486924991,0.00014123014989309013,0.00014093304343987256,0.00013722805306315422,0.00013560398656409234,0.000118963849672582,0.00012820246047340333,0.00012711083400063217,9.712466271594167e-05,3.1092255881048914e-07,0.00012020408757962286,0.0001197638557641767,0.00011822256055893376,0.00011798388004535809,0.00011764825467253104,0.00011738791363313794,0.00011660355085041374,0.00011602968152146786,0.00010313076199963689,9.032991511048749e-05,0.00011347794497851282,9.049304208019748e-05,0.00011263128544669598,8.198395516956225e-05,0.00010850407124962658,0.00011050221655750647,0.0001097063795896247,0.00010922779620159417,0.00010886738891713321,0.00010816916619660333,0.00010812484106281772,6.85489212628454e-05,7.01653043506667e-05
200,0.00016365383635275066,0.0002460350515320897,0.00025663766427896917,0.00018609709513839334,0.00012226564285811037,0.00018432350771036,0.00014178056153468788,0.00012581123155541718,0.00013011996634304523,0.00014275548164732754,0.00015080913726706058,0.00010805000056279823,8.434103074250743e-05,0.00016796236741356552,8.139637066051364e-05,0.0001063355230144225,0.00012309453450143337,6.783301068935543e-05,0.00012527877697721124,0.00010808408114826307,8.578382403356954e-05,0.00010736522381193936,0.00011480074317660183,9.611109271645546e-05,9.30248133954592e-05,8.714802970644087e-05,1.863549101699391e-07,7.067623664624989e-05,6.319348904071376e-05,6.858522829134017e-05,0.00010738272249000147,7.783586625009775e-05,0.00010258816473651677,9.86530794762075e-05,5.843832332175225e-05,8.113346848404035e-05,7.811963587300852e-05,7.527407433371991e-05,7.813180127413943e-05,6.594938167836517e-05,0.00010691986244637519,0.00010097869380842894,7.626134174643084e-05,5.888245868845843e-05,7.074704626575112e-05,5.8725960116134956e-05,6.408603803720325e-05,5.776295802206732e-05,7.986748096300289e-05,8.601616718806326e-05
300,0.00021108140936121345,0.0002884726563934237,0.00025144536630250514,0.0002699581964407116,9.038084681378677e-05,0.0001673113729339093,0.0001455760793760419,0.00012987681839149445,0.00012400525156408548,0.00014144356828182936,0.0001729810901451856,0.00017073297931347042,0.00013627907901536673,0.00012496058479882777,5.785949542769231e-05,0.0001133662517531775,0.00010590223973849788,9.773779311217368e-05,0.00011767991236411035,9.686501289252192e-05,0.00011287420784356073,9.79447431745939e-05,0.00012900641013402492,0.00011897514923475683,7.357749564107507e-05,0.00012705055996775627,7.323115482904541e-07,8.401164086535573e-05,8.234542474383488e-05,9.753341146279126e-05,0.00011365686805220321,9.148488607024774e-05,0.00010391473915660754,9.375243098475039e-05,6.072714677429758e-05,0.00011509913019835949,7.082217052811757e-05,0.00010400860628578812,7.77095410740003e-05,7.709761848673224e-05,7.435404404532164e-05,0.0001108120777644217,6.537501758430153e-05,7.613179332111031e-05,9.227011469192803e-05,7.503171218559146e-05,5.786075416835956e-05,4.422655183589086e-05,6.424825551221147e-05,9.018668788485229e-05
400,8.787602564552799e-05,0.00015342430560849607,0.0001833172282204032,9.231234434992075e-05,6.271488382481039e-05,0.00011415722110541537,0.00012595382577273995,4.5005970605416223e-05,6.412110815290362e-05,0.00010986738197971135,8.781357610132545e-05,5.314825466484763e-05,4.806216384167783e-05,8.718706521904096e-05,3.606409882195294e-05,6.759187817806378e-05,7.364131306530908e-05,5.23089365742635e-05,4.961736703990027e-05,6.670191214652732e-05,5.5346252338495106e-05,6.791598570998758e-05,6.068316724849865e-05,6.614287121919915e-05,3.4100026823580265e-05,4.085262116859667e-05,1.0989533194560863e-07,3.825579915428534e-05,3.462292443145998e-05,3.911600651917979e-05,6.688341818517074e-05,3.905051926267333e-05,7.326193008339033e-05,7.221533451229334e-05,2.7422353014117107e-05,4.9696707719704136e-05,3.973155980929732e-05,3.816108437604271e-05,7.273135997820646e-05,2.420939563307911e-05,3.3491061913082376e-05,7.694394298596308e-05,4.4493375753518194e-05,4.217936657369137e-05,4.183057171758264e-05,2.6451605663169175e-05,2.7179208700545132e-05,2.6993342544301413e-05,3.789706534007564e-05,3.62690698239021e-05
500,9.599424083717167e-05,0.00010008806566474959,0.0001130667733377777,0.00010907147225225344,8.318779873661697e-05,0.00010266147728543729,6.947242218302563e-05,6.683645187877119e-05,7.342341268667951e-05,6.656516779912636e-05,6.14819218753837e-05,6.903543544467539e-05,5.387121200328693e-05,5.7075674703810364e-05,5.598942516371608e-05,4.3425807234598324e-05,5.0841546908486634e-05,4.987239299225621e-05,6.498763832496479e-05,5.045013313065283e-05,3.473148899502121e-05,5.8258861827198416e-05,5.9506175603019074e-05,4.1229337512049824e-05,5.111400969326496e-05,4.478187474887818e-05,2.555923970248841e-07,3.782031490118243e-05,3.5972061596112326e-05,4.83389085275121e-05,4.253008955856785e-05,3.7963796785334125e-05,4.103266473975964e-05,4.124373663216829e-05,3.5294975532451645e-05,3.358264802955091e-05,5.59122308914084e-05,4.674225056078285e-05,3.563454811228439e-05,3.173780351062305e-05,5.113715087645687e-05,4.684808664023876e-05,3.862494122586213e-05,4.190609251963906e-05,4.8462956328876317e-05,3.2454656320624053e-05,2.8233778721187264e-05,3.5498771467246115e-05,3.474586264928803e-05,3.0386805519810878e-05
600,8.296735177282244e-05,0.00014168814232107252,0.00010061464126920328,0.00012515524576883763,5.8571749832481146e-05,0.00011738688044715673,9.664618119131774e-05,6.03624721406959e-05,6.558280438184738e-05,5.606391277979128e-05,7.765171903884038e-05,8.47457122290507e-05,4.758784416480921e-05,6.442263111239299e-05,3.4651511668926105e-05,5.643918120767921e-05,4.80720991618e-05,4.5216733269626275e-05,4.614353019860573e-05,7.816714787622914e-05,5.2163461077725515e-05,6.298783409874886e-05,4.825050928047858e-05,5.488569877343252e-05,4.406327207107097e-05,6.098617450334132e-05,4.296811084714136e-07,4.016217280877754e-05,3.125702278339304e-05,4.137791620451026e-05,6.353446951834485e-05,4.6510114771081135e-05,4.0015260310610756e-05,3.599521005526185e-05,3.148300675093196e-05,4.609094321494922e-05,4.087407069164328e-05,4.647273453883827e-05,5.5230244470294565e-05,3.530642788973637e-05,7.775202539050952e-05,4.413606438902207e-05,5.37255073140841e-05,3.2958003430394456e-05,4.452768916962668e-05,2.771029539871961e-05,2.91578471660614e-05,2.626898276503198e-05,3.836133691947907e-05,4.945931868860498e-05
700,0.00015296014316845685,0.0001213676732731983,0.00012696861813310534,0.00015905416512396187,0.00010324274626327679,9.497272549197078e-05,0.00017441886302549392,5.559135024668649e-05,0.00010853858839254826,7.263328006956726e-05,7.258350524352863e-05,0.00010295696120010689,8.656263526063412e-05,0.00014430629380512983,5.036661241319962e-05,4.8137884732568637e-05,5.426362986327149e-05,6.70373992761597e-05,5.341786891222e-05,5.239873280515894e-05,4.549636651063338e-05,5.4168329370440915e-05,5.9072248404845595e-05,5.383773532230407e-05,2.2770469513488933e-05,7.376643770840019e-05,1.1641051145261372e-07,5.497960955835879e-05,5.674704152625054e-05,5.2895600674673915e-05,4.939680366078392e-05,6.0208130889805034e-05,5.2741877880180255e-05,4.987001375411637e-05,5.2291128668002784e-05,4.41214106103871e-05,6.721642421325669e-05,5.687453085556626e-05,0.00010699986160034314,2.701386620174162e-05,6.606886745430529e-05,5.344602686818689e-05,3.7300127587514e-05,5.8217246987624094e-05,4.5023793063592166e-05,4.1169892938341945e-05,2.3681141101405956e-05,3.540736361173913e-05,6.205662793945521e-05,5.785953180748038e-05
800,9.8097872978542e-05,0.00010290338832419366,9.578249591868371e-05,0.0001657255197642371,8.573110972065479e-05,8.531033381586894e-05,9.55146097112447e-05,3.960643516620621e-05,0.0001709735079202801,5.453168341773562e-05,6.357028178172186e-05,0.00010096859477926046,5.8014236856251955e-05,6.599709740839899e-05,4.023985093226656e-05,4.391922993818298e-05,5.2516341384034604e-05,4.323786561144516e-05,5.130159843247384e-05,4.9742116971174255e-05,3.4654862247407436e-05,4.8283793148584664e-05,6.034518810338341e-05,4.020571577711962e-05,2.884982677642256e-05,7.655380613869056e-05,2.6103950290234934e-07,5.2923434850526974e-05,3.7740024708909914e-05,6.953715637791902e-05,4.514427200774662e-05,7.416985317831859e-05,3.2099997042678297e-05,3.279830707469955e-05,3.06594192807097e-05,3.750541145564057e-05,0.00011026653373846784,6.493821274489164e-05,5.215330020291731e-05,1.876305577752646e-05,4.1423627408221364e-05,3.866214319714345e-05,4.029646879644133e-05,3.341162664582953e-05,3.5156612284481525e-05,3.416016261326149e-05,2.172829772462137e-05,3.384809315321036e-05,5.5447890190407634e-05,5.334731031325646e-05
900,0.00015278923092409968,0.00012542349577415735,0.0001309049257542938,9.155621228273958e-05,6.272120663197711e-05,9.679454524302855e-05,0.00010623734851833433,0.00010249502520309761,0.00010393774573458359,7.119111251085997e-05,7.1915885200724e-05,5.967454853816889e-05,8.25084134703502e-05,8.609442738816142e-05,3.55048177880235e-05,5.1803737733280286e-05,6.306117575149983e-05,8.41733199195005e-05,6.10584975220263e-05,9.107516962103546e-05,4.811823964701034e-05,5.760165731771849e-05,6.809920159867033e-05,5.3302344895200804e-05,3.218926576664671e-05,4.12081899412442e-05,3.381931890089618e-07,3.727596049429849e-05,5.5516185966553167e-05,4.07793813792523e-05,5.8934998378390446e-05,3.632060906966217e-05,4.223985888529569e-05,4.188416278338991e-05,4.275047467672266e-05,4.641238410840742e-05,6.427434709621593e-05,3.800838749157265e-05,5.567124389926903e-05,4.909244307782501e-05,3.7877933209529147e-05,4.5522552682086825e-05,4.012650970253162e-05,6.108955858508125e-05,6.953559932298958e-05,5.957216853857972e-05,3.883137833327055e-05,2.2609967345488258e-05,3.0569295631721616e-05,2.7715423129848205e-05
1000,0.00011890679161297157,0.00011411109881009907,0.0001061086732079275,0.00011777675535995513,5.3638035751646385e-05,0.00010506953549338505,8.325256931129843e-05,5.315925955073908e-05,7.72217390476726e-05,6.419965211534873e-05,6.621648208238184e-05,7.532355084549636e-05,6.715977360727265e-05,7.003168138908222e-05,3.122528869425878e-05,4.924405584461056e-05,4.772855754708871e-05,6.043459507054649e-05,0.00010693477815948427,5.7803172239800915e-05,4.8842830437934026e-05,5.9209545725025237e-05,5.206927744438872e-05,4.922396328765899e-05,3.567525709513575e-05,5.37679334229324e-05,8.01697339625207e-08,4.50358129455708e-05,4.615783109329641e-05,4.657500903704204e-05,5.060733383288607e-05,4.424940561875701e-05,4.0609327697893605e-05,4.398134115035646e-05,3.643955642473884e-05,4.480012285057455e-05,4.5478660467779264e-05,4.6432371163973585e-05,4.206577068543993e-05,2.612143180158455e-05,3.803368963417597e-05,4.460625859792344e-05,5.164822505321354e-05,4.467778853722848e-05,5.2309314924059436e-05,4.251571954227984e-05,3.7652571336366236e-05,2.3182201402960345e-05,4.823919152840972e-05,3.981427289545536e-05
1100,9.237559424946085e-05,0.0001430203701602295,0.00013206565927248448,8.206166239688173e-05,6.942328764125705e-05,0.00015415962843690068,7.356767309829593e-05,8.437795622739941e-05,8.484339923597872e-05,7.413238199660555e-05,8.459537639282644e-05,4.737559720524587e-05,5.578508717007935e-05,0.00010321969602955505,3.875730180880055e-05,6.349819886963814e-05,5.937536116107367e-05,5.332078944775276e-05,8.295287261717021e-05,6.226189725566655e-05,4.971232556272298e-05,8.595178951509297e-05,5.7053995988098904e-05,5.491589035955258e-05,4.20329233747907e-05,3.653665407910012e-05,1.160283886747493e-07,3.229415960959159e-05,3.505869972286746e-05,3.361872586538084e-05,6.277006468735635e-05,3.285804996266961e-05,4.896753671346232e-05,4.249332778272219e-05,3.077861765632406e-05,5.2693754696520045e-05,4.56519155704882e-05,3.309522071504034e-05,4.2414390918565914e-05,3.824121449724771e-05,3.224983811378479e-05,4.326600537751801e-05,6.557569577125832e-05,3.590917549445294e-05,3.6094512324780226e-05,3.505776112433523e-05,3.089439996983856e-05,2.2685211661155336e-05,3.219194331904873e-05,3.269529406679794e-05
1200,0.00010114782344317064,0.00021064576867502183,0.00011743800132535398,0.00010519150964682922,5.1266826631035656e-05,8.95529447006993e-05,9.722648246679455e-05,7.850889960536733e-05,6.78884462104179e-05,6.409277557395399e-05,0.00012368502211757004,6.574596773134544e-05,5.967897959635593e-05,7.783851469866931e-05,3.090476820943877e-05,7.813738920958713e-05,5.4590709623880684e-05,5.624774712487124e-05,5.390707156038843e-05,5.5620250350330025e-05,7.494312012568116e-05,5.0368078518658876e-05,7.506955444114283e-05,8.774698653724045e-05,3.573568392312154e-05,4.306107075535692e-05,4.3509757574611285e-07,4.709485801868141e-05,3.82592661480885e-05,4.100911246496253e-05,8.346694085048512e-05,4.2512710933806375e-05,4.415491275722161e-05,4.3654355977196246e-05,3.731553442776203e-05,6.7837507231161e-05,3.886191188939847e-05,4.0961593185784295e-05,5.7440349337412044e-05,3.238517456338741e-05,3.6301626096246764e-05,5.105668242322281e-05,4.321095912018791e-05,3.6243884096620604e-05,3.274639675510116e-05,3.068746082135476e-05,3.420329085201956e-05,2.202142059104517e-05,3.932584513677284e-05,3.344423384987749e-05
1300,9.606189269106835e-05,0.00013876073353458196,0.00011586792243178934,0.00019953091396018863,8.474865171592683e-05,0.00011927069863304496,7.685749733354896e-05,5.3982745157554746e-05,7.327040657401085e-05,7.386718789348379e-05,8.418335346505046e-05,0.00011922596604563296,6.182968354551122e-05,5.872998008271679e-05,5.2355135267134756e-05,6.0542432038346305e-05,4.979747973266058e-05,3.930514503736049e-05,9.520469029666856e-05,5.336376489140093e-05,6.308531010290608e-05,7.061015639919788e-05,5.1436411013128236e-05,6.067789945518598e-05,3.709424345288426e-05,8.668605732964352e-05,2.299034633779229e-07,7.967733836267143e-05,3.684130570036359e-05,8.555589010939002e-05,6.010242577758618e-05,7.851300324546173e-05,4.386174987303093e-05,4.4836058805231005e-05,2.7532863896340132e-05,4.670612179324962e-05,3.8335416320478544e-05,7.448333781212568e-05,4.7508907300652936e-05,3.6023226130055264e-05,5.005646016797982e-05,4.77777975902427e-05,5.2187213441357017e-05,3.914051194442436e-05,4.853632708545774e-05,3.500137972878292e-05,2.8917585950694047e-05,3.590863343561068e-05,5.901517943129875e-05,6.266265700105578e-05
1400,9.144869545707479e-05,0.00013930717250332236,0.0001278249401366338,9.767907613422722e-05,6.512813706649467e-05,0.00011416664347052574,0.00010127265704795718,5.6320004659937695e-05,6.86267449054867e-05,7.766913040541112e-05,8.875672938302159e-05,6.400279380613938e-05,5.917258022236638e-05,0.00013498711632564664,3.560422919690609e-05,6.45055843051523e-05,5.81722088099923e-05,4.331111631472595e-05,7.373297557933256e-05,8.10519268270582e-05,6.59606303088367e-05,6.274303450481966e-05,6.869975186418742e-05,5.926501034991816e-05,4.511634324444458e-05,4.150090899202041e-05,5.5165951806657176e-08,4.008457835880108e-05,3.526406726450659e-05,4.13112502428703e-05,4.282568988855928e-05,4.1336676076753065e-05,4.882951543550007e-05,5.161351873539388e-05,3.047324025828857e-05,4.176395304966718e-05,3.564187863958068e-05,3.883906174451113e-05,5.603792305919342e-05,3.0233695724746212e-05,4.7811463446123526e-05,4.941489169141278e-05,6.42024606349878e-05,3.5951681638835e-05,5.410854646470398e-05,3.1683786801295355e-05,4.25885446020402e-05,2.6470954253454693e-05,3.502084291540086e-05,3.975526487920433e-05
1500,0.00012001836148556322,0.00019999116193503141,0.00012024087482132018,0.00012447673361748457,0.00010501130600459874,8.389121649088338e-05,6.495771231129766e-05,0.00011067790910601616,9.275058982893825e-05,6.384053995134309e-05,0.00012492506357375532,6.893389218021184e-05,7.704631570959464e-05,9.32141556404531e-05,5.990649151499383e-05,7.151181489462033e-05,5.4804851970402524e-05,4.2759864300023764e-05,5.825020343763754e-05,4.961156446370296e-05,6.72394162393175e-05,4.6552271669497713e-05,5.8953850384568796e-05,6.896948616486043e-05,3.2373394788010046e-05,5.882314871996641e-05,1.5490788030092517e-07,4.1621693526394665e-05,4.63564065285027e-05,5.310016786097549e-05,9.315001079812646e-05,4.678732148022391e-05,4.8489800974493846e-05,4.5946744648972526e-05,3.384210140211508e-05,5.828233770444058e-05,5.7859873777488247e-05,5.031184628023766e-05,3.564477083273232e-05,5.8219386119162664e-05,3.029893741768319e-05,5.2768871682928875e-05,4.47112979600206e-05,4.3631502194330096e-05,3.857268893625587e-05,4.109359360882081e-05,3.0923038139007986e-05,2.829555160133168e-05,3.4993357985513285e-05,4.9450030928710476e-05
1600,0.00012063846224918962,0.00016698663239367306,0.00018523639300838113,0.00018876447575166821,8.872460603015497e-05,0.00018724867550190538,8.00016350694932e-05,8.433846960542724e-05,0.00012624172086361796,0.00011856749915750697,0.00011151448416057974,0.0001185128785436973,7.079466740833595e-05,7.307387568289414e-05,5.389775469666347e-05,6.481280433945358e-05,8.044914284255356e-05,5.148082345840521e-05,7.635512156412005e-05,5.0852228014264256e-05,5.592159504885785e-05,0.00011759794870158657,7.074056338751689e-05,6.198935443535447e-05,3.748984818230383e-05,7.044557423796505e-05,7.191850670551503e-08,7.37724985810928e-05,4.7619399992981926e-05,6.983266212046146e-05,6.513695552712306e-05,7.697582623222843e-05,6.27771660219878e-05,6.45156906102784e-05,4.318273568060249e-05,5.379667709348723e-05,5.2056959248147905e-05,7.327393541345373e-05,4.710279608843848e-05,4.768593862536363e-05,6.296115316217765e-05,7.46963924029842e-05,6.815674714744091e-05,3.612565706134774e-05,3.927321813534945e-05,3.884929174091667e-05,2.8325111998128705e-05,2.803924144245684e-05,6.777264206903055e-05,3.860572542180307e-05
1700,8.171232184395194e-05,0.00016787764616310596,0.00013844655768480152,8.619407890364528e-05,0.00011008536239387468,9.299376688431948e-05,6.166472303448245e-05,4.94623564009089e-05,6.121378828538582e-05,7.376028224825859e-05,0.00011342148354742676,6.267939897952601e-05,4.674645606428385e-05,6.189900886965916e-05,5.5756834626663476e-05,6.883937021484599e-05,5.6080007198033854e-05,3.860581637127325e-05,4.5137079723645e-05,5.556664473260753e-05,5.609636355075054e-05,5.27693991898559e-05,6.329157622531056e-05,6.661644874839112e-05,3.09897332044784e-05,4.512497616815381e-05,1.4488361443909525e-07,2.9500917662517168e-05,3.1336312531493604e-05,3.4755663364194334e-05,7.41568292141892e-05,3.6018656828673556e-05,5.3126779675949365e-05,5.146633702679537e-05,2.5586474293959327e-05,5.113856605021283e-05,3.8745336496504024e-05,3.234207542845979e-05,3.401369758648798e-05,2.645233143994119e-05,3.891367305186577e-05,5.544894156628288e-05,5.054274879512377e-05,3.216090772184543e-05,4.0582606743555516e-05,3.03304914268665e-05,2.4463372028549202e-05,3.299980380688794e-05,3.5942342947237194e-05,3.0077300834818743e-05
1800,0.00010679276601877064,0.0002264048089273274,0.00015897535195108503,0.0002198166330344975,7.981449016369879e-05,0.00012816481466870755,8.187735511455685e-05,0.00011744891526177526,0.00011562080180738121,9.234043682226911e-05,0.00013714855595026165,0.00012566290388349444,5.8399753470439464e-05,0.00011665774945868179,4.2669711547205225e-05,9.496515849605203e-05,6.776637746952474e-05,5.582935409620404e-05,6.37289704172872e-05,6.927231152076274e-05,8.410232840105891e-05,7.497393380617723e-05,6.513993139378726e-05,9.043973113875836e-05,4.101918239030056e-05,0.0001023234726744704,2.853759895060648e-07,7.082477532094344e-05,4.0423554310109466e-05,7.834842836018652e-05,9.364135621581227e-05,9.372876957058907e-05,6.412170478142798e-05,6.450391083490103e-05,3.887594721163623e-05,6.905572809046134e-05,6.396151729859412e-05,7.703032315475866e-05,4.0554576116846874e-05,4.3994426960125566e-05,0.00011123328295070678,6.117013253970072e-05,4.645679291570559e-05,4.320489097153768e-05,0.00010363003821112216,3.696774001582526e-05,4.434432412381284e-05,3.283348269178532e-05,0.00010754888353403658,0.00010695950913941488
1900,0.00015507182979490608,0.00010676969395717606,0.00011940341209992766,9.943454642780125e-05,6.0005921113770455e-05,8.949860057327896e-05,8.393836469622329e-05,8.697166049387306e-05,7.095018372638151e-05,7.804115739418194e-05,6.406119064195082e-05,6.993331044213846e-05,8.685296779731289e-05,7.679004193050787e-05,3.3216903830179945e-05,4.971968155587092e-05,5.130603312863968e-05,6.969042442506179e-05,5.528600740944967e-05,4.120539961149916e-05,4.001669003628194e-05,5.319608317222446e-05,5.938847243669443e-05,4.386917862575501e-05,2.9636785257025622e-05,3.951177131966688e-05,7.086648423637598e-08,3.657078559626825e-05,5.6299752031918615e-05,4.381486724014394e-05,4.525557596934959e-05,3.878706047544256e-05,4.551121310214512e-05,5.2525734645314515e-05,5.66094349778723e-05,4.297847772249952e-05,4.109845758648589e-05,3.820952042588033e-05,4.2501091229496524e-05,3.6502769944490865e-05,3.145550363115035e-05,4.8839116061571985e-05,4.863506546826102e-05,5.51854791410733e-05,3.080780879827216e-05,4.901890497421846e-05,2.751829924818594e-05,2.097524884447921e-05,3.075711720157415e-05,5.917086309636943e-05
2000,9.660716750659049e-05,0.00012568343663588166,0.0001626112498342991,0.00010623336129356176,7.527097477577627e-05,7.864895451348275e-05,9.091542597161606e-05,7.145713607314974e-05,0.00010719307465478778,8.871500176610425e-05,7.827499211998656e-05,6.884837785037234e-05,5.3626412409357727e-05,0.00010032203135779127,4.7839759645285085e-05,4.5078933908371255e-05,7.647414895473048e-05,4.417717718752101e-05,8.51327640702948e-05,8.344869274878874e-05,4.273257218301296e-05,4.845932198804803e-05,7.990711310412735e-05,4.74187036161311e-05,2.7627667805063538e-05,4.07203369832132e-05,5.177665940436782e-08,4.558023647405207e-05,4.3544918298721313e-05,4.544634430203587e-05,5.883379708393477e-05,3.889608342433348e-05,6.288582517299801e-05,5.869967208127491e-05,3.626238685683347e-05,4.63151081930846e-05,5.0905029638670385e-05,4.265637107891962e-05,4.560796878649853e-05,4.193791392026469e-05,4.112993337912485e-05,6.573300925083458e-05,3.644937532953918e-05,4.0402614104095846e-05,3.9757353079039603e-05,3.54582880390808e-05,4.904547313344665e-05,3.221799852326512e-05,3.1478575692744926e-05,3.2647156331222504e-05
2100,8.333841105923057e-05,9.17101206141524e-05,0.00014419287617783993,0.00011991583596682176,0.00011267748050158843,0.00010257480607833713,7.358626317000017e-05,0.00011507428280310705,6.247294368222356e-05,8.8663371570874e-05,5.306161256157793e-05,8.45824833959341e-05,5.02764705743175e-05,6.186623795656487e-05,6.851734360679984e-05,3.817470496869646e-05,6.769709580112249e-05,4.0387116314377636e-05,5.1730359700741246e-05,5.241304461378604e-05,4.1130289901047945e-05,5.800976578029804e-05,7.48202292015776e-05,4.032255310448818e-05,2.0530982510535978e-05,4.556027124635875e-05,3.542739648310089e-07,4.8864458221942186e-05,3.05746725643985e-05,5.4170519433682784e-05,3.885574915329926e-05,5.016606519347988e-05,5.4238003940554336e-05,5.1643586630234495e-05,3.097937587881461e-05,3.332405321998522e-05,3.2290812669089064e-05,4.4762778998119757e-05,4.376950528239831e-05,7.261655264301226e-05,6.831244536442682e-05,5.9671692724805325e-05,4.081074439454824e-05,3.4412751119816676e-05,3.5286455386085436e-05,3.265100531280041e-05,4.096812699572183e-05,3.4339649573666975e-05,4.727057967102155e-05,4.697169424616732e-05
2200,0.00014088973694015294,0.00011535253725014627,0.00014214093971531838,9.653764573158696e-05,7.97425236669369e-05,0.00011030164023395628,0.00011579119018279016,8.327398973051459e-05,8.816866466077045e-05,7.913570152595639e-05,6.533986743306741e-05,5.373984822654165e-05,8.621426241006702e-05,7.780371379340068e-05,4.303880996303633e-05,4.941518636769615e-05,6.196537287905812e-05,6.264105468289927e-05,6.122904596850276e-05,6.479204603238031e-05,5.004373815609142e-05,6.254387699300423e-05,6.368333561113104e-05,4.6664074034197256e-05,2.693142778298352e-05,4.377931327326223e-05,1.5771928474350716e-07,3.567558451322839e-05,5.182239692658186e-05,4.089913272764534e-05,4.819762034458108e-05,4.651900599128567e-05,5.35118997504469e-05,5.46951123396866e-05,4.3049822124885395e-05,3.9558395656058565e-05,5.095888991490938e-05,4.060386709170416e-05,6.471472443081439e-05,3.548166932887398e-05,4.90996717417147e-05,5.564893945120275e-05,5.254914867691696e-05,5.528722977032885e-05,5.082792631583288e-05,4.868652831646614e-05,2.865156602638308e-05,2.943663639598526e-05,4.9081016186391935e-05,6.202024087542668e-05
2300,0.00011564489977899939,0.00019488739781081676,0.00010439469042466953,0.00015349856403190643,9.601766942068934e-05,8.271469414466992e-05,8.309916302096099e-05,7.243044819915667e-05,6.305287388386205e-05,6.346122245304286e-05,0.00010534570174058899,9.045803744811565e-05,6.392085197148845e-05,6.736292561981827e-05,5.6516644690418616e-05,7.802353502484038e-05,4.3137311877217144e-05,4.815755528397858e-05,6.127348751761019e-05,4.4596410589292645e-05,9.333060006611049e-05,4.633471689885482e-05,5.3436004236573353e-05,8.608945790911093e-05,4.2731055145850405e-05,6.932949327165261e-05,5.5279041788480754e-08,6.141386256786063e-05,4.9191334255738184e-05,5.475891521200538e-05,7.875277515267953e-05,6.000018765917048e-05,3.9965263567864895e-05,4.09281492466107e-05,3.6476914829108864e-05,6.0944483266212046e-05,3.677132190205157e-05,5.9481270000105724e-05,4.4745444029103965e-05,3.251668385928497e-05,4.177931259619072e-05,4.120064477319829e-05,4.236180757288821e-05,3.716655191965401e-05,3.005059807037469e-05,3.644496973720379e-05,4.067899499204941e-05,5.0007594836642966e-05,5.15853134857025e-05,6.558351742569357e-05
2400,0.00019339700520504266,0.00011116357200080529,0.00011196841660421342,0.00011515244841575623,0.00010693714284570888,0.0001012527136481367,0.00012124162458349019,5.9115252952324226e-05,6.506319914478809e-05,7.527921115979552e-05,6.533518171636388e-05,7.623976125614718e-05,0.00010881047637667507,0.0001004673758870922,7.629151514265686e-05,4.795722270500846e-05,5.1464208809193224e-05,8.354766760021448e-05,7.843418279662728e-05,6.355253572110087e-05,4.2076961108250543e-05,5.994768434902653e-05,5.574139140662737e-05,4.689238267019391e-05,6.139327888377011e-05,4.816778891836293e-05,1.7447098343836842e-07,5.072136991657317e-05,7.198783714557067e-05,5.522733408724889e-05,4.575393541017547e-05,4.100061778444797e-05,3.857035335386172e-05,4.170862666796893e-05,6.265423144213855e-05,4.134733899263665e-05,3.42366038239561e-05,4.337251448305324e-05,7.185296999523416e-05,2.955444870167412e-05,4.2397976358188316e-05,4.3586060201050714e-05,4.118692231713794e-05,5.9666112065315247e-05,3.9303988160099834e-05,6.37062476016581e-05,2.3764492652844638e-05,5.57029816263821e-05,3.3840213291114196e-05,3.3963340683840215e-05
2500,0.00011691089457599446,0.00016699769184924662,0.0001315316476393491,0.00011534189980011433,6.677991041215137e-05,0.0001156012003775686,9.681666415417567e-05,5.4179563448997214e-05,7.595955685246736e-05,7.14451089152135e-05,0.0001020417403196916,6.902488530613482e-05,6.60584555589594e-05,7.111585728125647e-05,4.317382990848273e-05,5.9316036640666425e-05,5.812575182062574e-05,5.642664837068878e-05,5.09471028635744e-05,7.490987627534196e-05,6.512233085231856e-05,6.394931551767513e-05,7.408616511384025e-05,6.334972567856312e-05,2.842316280293744e-05,5.424447954283096e-05,3.3893130080286937e-07,4.2316467443015426e-05,4.197294401819818e-05,4.6823566663078964e-05,6.842211587354541e-05,4.584364069160074e-05,5.029778185416944e-05,5.217123907641508e-05,4.553773032967001e-05,4.859875843976624e-05,4.589496529661119e-05,4.343283944763243e-05,5.2037255954928696e-05,2.7155208954354748e-05,3.8771315303165466e-05,5.6242286518681794e-05,8.846921991789714e-05,4.259964043740183e-05,6.683418905595317e-05,3.7073830753797665e-05,2.009670242841821e-05,2.9687505957554094e-05,3.52792048943229e-05,4.829842509934679e-05
2600,0.0001294685062021017,0.00010056058090412989,0.0001620651310076937,9.098502050619572e-05,0.00010688451584428549,0.00010391471005277708,9.549261449137703e-05,5.5422609875677153e-05,6.362366548273712e-05,8.265869837487116e-05,6.010248398524709e-05,5.392024468164891e-05,7.71956765674986e-05,8.97919962881133e-05,6.716347706969827e-05,4.408518361742608e-05,7.12274995748885e-05,5.4190084483707324e-05,5.845659688930027e-05,7.039716729195789e-05,3.895974441547878e-05,6.11631985520944e-05,8.217210415750742e-05,3.89678098144941e-05,2.4577228032285348e-05,3.624750388553366e-05,5.8819431103529496e-08,3.235771509935148e-05,5.1284463552292436e-05,3.958193337894045e-05,4.8783149395603687e-05,3.652654413599521e-05,6.695299816783518e-05,5.186033740756102e-05,4.697268741438165e-05,3.34293108608108e-05,3.433581878198311e-05,3.546350126271136e-05,5.1222159527242184e-05,2.8656919312197715e-05,4.099827856407501e-05,6.870720244478434e-05,4.0295977669302374e-05,5.133921513333917e-05,3.721339089679532e-05,4.1056337067857385e-05,3.458996434346773e-05,5.9912767028436065e-05,3.3317839552182704e-05,4.371796967461705e-05
2700,0.0002232414117315784,0.00011925587023142725,0.00012593372957780957,0.00011663090117508546,6.378064426826313e-05,0.00010855826258193702,7.852521957829595e-05,7.369257946265861e-05,0.00013085795217193663,7.730680954409763e-05,7.327389903366566e-05,7.27749356883578e-05,0.0001307230704696849,9.171669807983562e-05,3.471509990049526e-05,5.71026248508133e-05,5.6875618611229584e-05,9.707608114695176e-05,4.152457768213935e-05,4.538184657576494e-05,4.329640796640888e-05,5.7095461670542136e-05,5.563160084420815e-05,4.837237793253735e-05,3.2083713449537754e-05,4.4953805627301335e-05,1.1399289689961734e-07,4.627318412531167e-05,8.382680971408263e-05,4.8925518058240414e-05,4.821201946469955e-05,3.922283576685004e-05,5.023761696065776e-05,5.25906216353178e-05,7.766831549815834e-05,4.3526430090423673e-05,7.462353096343577e-05,4.355815690360032e-05,4.2143044993281364e-05,3.593012297642417e-05,4.010024349554442e-05,5.11961588927079e-05,5.732144563808106e-05,4.708666165242903e-05,4.083718158653937e-05,7.131972233764827e-05,3.2239135180134326e-05,2.4823160856612958e-05,2.8687678423011675e-05,4.406033986015245e-05
2800,0.00011910196190001443,0.00014278046728577465,0.00018470807117410004,0.00010832542466232553,0.00013381616736296564,9.870637586573139e-05,8.241795876529068e-05,8.881215762812644e-05,8.381380757782608e-05,0.00010003109491663054,8.484143472742289e-05,7.193145575001836e-05,7.323894533328712e-05,0.00015801841800566763,8.404091204283759e-05,5.791051808046177e-05,8.333617734024301e-05,4.403879938763566e-05,7.683754665777087e-05,7.679800182813779e-05,4.056820762343705e-05,5.7551329518901184e-05,8.992028597276658e-05,5.4152256780071184e-05,4.8947193135973066e-05,4.4062428059987724e-05,2.8295266929490026e-07,4.0574352169642225e-05,4.008557152701542e-05,5.0895683671114966e-05,5.883046833332628e-05,4.548625656752847e-05,6.662317173322663e-05,6.0544884036062285e-05,4.4322427129372954e-05,4.4922395318280905e-05,4.107820859644562e-05,4.418949538376182e-05,4.669604095397517e-05,4.657907993532717e-05,6.182275683386251e-05,7.342305616475642e-05,4.162385448580608e-05,5.0034141167998314e-05,6.440642027882859e-05,3.97886942664627e-05,2.7274712920188904e-05,4.315171827329323e-05,3.8616402889601886e-05,4.329699004301801e-05
2900,0.0001247106265509501,0.00014299443864729255,0.00011145277676405385,0.00012398394756019115,9.540937026031315e-05,0.00020716663857456297,0.00011712504783645272,5.67076240258757e-05,9.013063390739262e-05,6.875578401377425e-05,9.109835809795186e-05,7.433304563164711e-05,7.684763841098174e-05,7.956223271321505e-05,5.809119465993717e-05,6.336801016004756e-05,4.625596557161771e-05,5.028885061619803e-05,6.534525164170191e-05,8.105892629828304e-05,5.5229793360922486e-05,0.00012285512639209628,6.335816578939557e-05,5.8404242736287415e-05,4.517410707194358e-05,5.42600428161677e-05,5.061988872512302e-08,4.253732549841516e-05,4.560346860671416e-05,5.325530582922511e-05,6.139218749012798e-05,4.8181893362198025e-05,4.8849935410544276e-05,5.725297160097398e-05,4.1197738028131425e-05,4.4059925130568445e-05,5.3150808525970206e-05,5.0459908379707485e-05,6.166092498460785e-05,2.821623274940066e-05,6.390053022187203e-05,4.381522012408823e-05,5.749014962930232e-05,5.245394277153537e-05,5.951806451776065e-05,4.1889386920956895e-05,2.7171801775693893e-05,4.2588228097883984e-05,4.099799843970686e-05,3.2431024010293186e-05
3000,9.174081787932664e-05,0.00010557361383689567,0.00014151690993458033,9.913615940604359e-05,6.32219816907309e-05,0.00020335464796517044,9.476565173827112e-05,6.417078111553565e-05,8.131351933116093e-05,8.75517725944519e-05,6.693250179523602e-05,6.425270112231374e-05,5.431697718449868e-05,8.585314935771748e-05,3.5124739952152595e-05,4.5584536565002054e-05,6.410995410988107e-05,4.407031156006269e-05,6.815465167164803e-05,5.525691813090816e-05,4.054190867464058e-05,0.00012323286500759423,6.477157876361161e-05,4.2948526242980734e-05,5.4968269978417084e-05,4.260768764652312e-05,7.509356692025904e-08,3.483692489680834e-05,3.727192961378023e-05,4.2366165871499106e-05,4.5302105718292296e-05,3.8497481000376865e-05,5.175929982215166e-05,5.35421131644398e-05,2.984454476973042e-05,3.6851306504104286e-05,4.381592952995561e-05,3.7025172787252814e-05,5.1264749345136806e-05,3.6491452192422e-05,5.450117168948054e-05,6.0360765928635374e-05,7.071181607898325e-05,3.907431528205052e-05,3.516189826768823e-05,3.247626591473818e-05,4.131909372517839e-05,2.5032983103301376e-05,3.474075856502168e-05,3.5903864045394585e-05
3100,8.108416659524664e-05,0.0001602361589903012,0.00015069858636707067,0.00010870778351090848,9.96733651845716e-05,0.00011156160326208919,7.629959873156622e-05,7.021720375632867e-05,7.154954801080748e-05,8.367918053409085e-05,0.0001140586900874041,6.70134395477362e-05,4.693011214840226e-05,0.00015605110093019903,7.155502680689096e-05,7.50385588617064e-05,6.594212754862383e-05,4.778309812536463e-05,5.144082024344243e-05,0.00010700783604988828,5.099439658806659e-05,6.326882430585101e-05,8.45803297124803e-05,5.91650496062357e-05,2.6076457288581878e-05,4.61174022348132e-05,2.522496913570649e-07,5.254461939330213e-05,3.2122214179253206e-05,4.7589404857717454e-05,6.323565321508795e-05,5.809766662423499e-05,5.9798057918669656e-05,5.32917256350629e-05,3.651204679044895e-05,3.788652247749269e-05,4.669261033996008e-05,4.574290142045356e-05,4.1172959754476324e-05,3.695903797051869e-05,7.02484612702392e-05,5.845652776770294e-05,5.534511001314968e-05,3.218532583559863e-05,5.0283157179364935e-05,2.965750900330022e-05,2.958054028567858e-05,4.774010812980123e-05,4.3707532313419506e-05,3.790680057136342e-05
3200,0.00012681150110438466,0.00017608859343454242,0.00011305978114251047,0.0001316452253377065,7.299728167708963e-05,0.00014763190119992942,7.896991883171722e-05,6.143294012872502e-05,6.777037924621254e-05,6.688089342787862e-05,0.00010011032281909138,6.477591523434967e-05,7.515563629567623e-05,0.00012947400682605803,5.060046896687709e-05,6.577298336196691e-05,4.882779103354551e-05,5.9700840211007744e-05,6.194990419317037e-05,4.581202665576711e-05,5.8869314671028405e-05,8.714078285265714e-05,5.205816341913305e-05,6.781706906622276e-05,3.753942291950807e-05,6.257107452256605e-05,9.558659286312832e-08,4.452062421478331e-05,4.576186984195374e-05,5.542574217543006e-05,8.742986392462626e-05,5.131562284077518e-05,4.027300383313559e-05,4.094319956493564e-05,5.101284114061855e-05,6.477247370639816e-05,3.863236997858621e-05,5.905167563469149e-05,4.465254460228607e-05,3.1938419851940125e-05,3.6917906982125714e-05,4.952406379743479e-05,6.30760841886513e-05,6.301921530393884e-05,3.99239688704256e-05,4.276393156033009e-05,3.8507376302732155e-05,4.088512287125923e-05,3.801801722147502e-05,5.500641054823063e-05
3300,0.00012370194599498063,0.00010968306014547125,0.00014824868412688375,0.00017802207730710506,9.353994391858578e-05,0.00014028266014065593,8.974878437584266e-05,8.364933455595747e-05,6.813542131567374e-05,9.159155160887167e-05,6.943671178305522e-05,0.00011038251250283793,6.57239361316897e-05,8.204058394767344e-05,4.6896217099856585e-05,4.82119939988479e-05,6.734019552823156e-05,4.699274359154515e-05,4.9506485083838925e-05,7.183874549809843e-05,3.9720536733511835e-05,8.12880098237656e-05,6.814292282797396e-05,4.0288585296366364e-05,2.8814331017201766e-05,7.331876258831471e-05,7.923014067046097e-08,7.738167187198997e-05,5.0739847210934386e-05,6.460489385062829e-05,4.843803253606893e-05,7.859551260480657e-05,6.051958553143777e-05,6.48954592179507e-05,3.9359638321911916e-05,3.574200673028827e-05,4.2438958189450204e-05,6.253487663343549e-05,4.74189109809231e-05,3.256406125728972e-05,4.247653851052746e-05,6.119926547398791e-05,5.538704863283783e-05,5.05976531712804e-05,3.724332418642007e-05,4.501967487158254e-05,3.941260001738556e-05,4.378710582386702e-05,6.78816795698367e-05,7.209381146822125e-05
3400,0.00010761224257294089,0.00012063345639035106,0.00021751939493697137,0.0001567398285260424,6.218095950316638e-05,0.0001752178795868531,9.362416312796995e-05,6.35548640275374e-05,0.0001266408507945016,0.0001354606938548386,6.599886546609923e-05,0.00010218693205388263,6.0736347222700715e-05,0.00013910762208979577,3.798715988523327e-05,5.312385837896727e-05,9.156250598607585e-05,4.471034844755195e-05,5.939460970694199e-05,4.6543213102268055e-05,4.6088698582025245e-05,9.479264554101974e-05,7.714277307968587e-05,5.273931674310006e-05,3.0167193472152576e-05,6.384815787896514e-05,7.959681624924997e-08,5.844044790137559e-05,4.2410774767631665e-05,7.564843690488487e-05,5.1976363465655595e-05,6.778433453291655e-05,8.082480781013146e-05,8.882821566658095e-05,3.61672427970916e-05,4.566687493934296e-05,8.116318349493667e-05,6.656260666204616e-05,5.0239425036124885e-05,3.3094540413003415e-05,5.6369801313849166e-05,7.147010182961822e-05,6.994404247961938e-05,4.1011666326085106e-05,4.640320912585594e-05,3.9181537431431934e-05,4.872119097854011e-05,2.7187243176740594e-05,6.073595068301074e-05,4.6020275476621464e-05
3500,0.0001138872466981411,0.00011078367242589593,0.0001231063506565988,0.00013163767289370298,6.0006197600159794e-05,0.00012390318443067372,8.103186701191589e-05,7.619271491421387e-05,7.955719775054604e-05,7.554620242444798e-05,6.428862980101258e-05,8.582857117289677e-05,6.942069012438878e-05,9.165901428787038e-05,2.7353955374564976e-05,5.2621177019318566e-05,5.7160596043104306e-05,6.275908526731655e-05,7.089352584443986e-05,7.365010242210701e-05,4.6381610445678234e-05,6.250762089621276e-05,5.506514207809232e-05,4.6610675781266764e-05,4.765300764120184e-05,4.879817061009817e-05,1.0599995192706047e-07,5.2581101044779643e-05,4.632443597074598e-05,7.163257396314293e-05,4.773497857968323e-05,6.10543938819319e-05,4.327676288085058e-05,4.1777893784455955e-05,3.906458732672036e-05,4.0160091884899884e-05,4.6038985601626337e-05,5.6148743169615045e-05,3.792214920395054e-05,3.6706340324599296e-05,6.180203490657732e-05,4.970984082319774e-05,8.008071745280176e-05,5.334922389010899e-05,3.352654312038794e-05,3.852512236335315e-05,3.7596168112941086e-05,2.2768519556848332e-05,5.5869306379463524e-05,3.6376015486894175e-05
3600,0.0001385327777825296,0.0002136076072929427,0.000166885438375175,0.00016165449051186442,0.00010252495849272236,0.00015672226436436176,0.00014402353554032743,5.7417055359110236e-05,6.98367366567254e-05,0.00010357094288337976,0.00014509733591694385,0.00010765832848846912,7.126801210688427e-05,0.00011936837836401537,6.200457573868334e-05,7.99540284788236e-05,7.904561789473519e-05,5.8758108934853226e-05,9.587960812496021e-05,6.645004759775475e-05,7.161920802900568e-05,8.527172030881047e-05,8.030919707380235e-05,7.502199878217652e-05,4.4421696657082066e-05,7.505386020056903e-05,2.803786287586263e-07,5.858385702595115e-05,5.599853102467023e-05,6.398516416084021e-05,9.886214684229344e-05,5.849498847965151e-05,6.259264046093449e-05,5.8065859775524586e-05,5.9960639191558585e-05,7.115169864846393e-05,3.91002104151994e-05,5.5911310482770205e-05,9.034564573084936e-05,3.121682311757468e-05,4.881061249761842e-05,7.719469431322068e-05,0.00010050786659121513,6.871141522424296e-05,5.59685577172786e-05,4.897569306194782e-05,2.6250825612805784e-05,5.763656008639373e-05,5.3221887355903164e-05,6.195657624630257e-05
3700,8.922097185859457e-05,0.0001487860718043521,0.00011039211676688865,0.00015154655557125807,5.1010803872486576e-05,0.00013063540973234922,8.535028609912843e-05,5.317450995789841e-05,6.984207720961422e-05,6.652295269304886e-05,8.544469164917246e-05,7.8483390097972e-05,4.966848428011872e-05,7.088334677973762e-05,3.366088276379742e-05,6.182258948683739e-05,5.3353716793935746e-05,4.391541369841434e-05,7.280251156771556e-05,9.314576891483739e-05,5.4975211241981015e-05,6.990682595642284e-05,6.906224734848365e-05,5.69858675589785e-05,5.4391864978242666e-05,7.240227569127455e-05,7.713886418514448e-08,5.456151848193258e-05,3.43955798598472e-05,6.711093737976626e-05,6.333574128802866e-05,6.242806557565928e-05,4.125644045416266e-05,4.413213537191041e-05,3.369753176230006e-05,4.288051786716096e-05,4.690201240009628e-05,5.654129563481547e-05,4.684344821725972e-05,2.8914993890793994e-05,4.449030529940501e-05,4.6055800339672714e-05,6.539280730066821e-05,3.572825153241865e-05,3.662631206680089e-05,3.0137527573970146e-05,4.04562997573521e-05,2.248338751087431e-05,4.7387569793500006e-05,4.6253553591668606e-05
3800,0.0001295634574489668,0.00018421266577206552,0.00019058294128626585,0.00019282192806713283,0.00011170675134053454,0.00019343927851878107,0.0002039218961726874,5.156264523975551e-05,7.842417835490778e-05,0.00012622959911823273,0.00011716824519680813,0.0001116514322347939,7.310589717235416e-05,6.778908573323861e-05,6.160105840535834e-05,7.90807607700117e-05,7.960214861668646e-05,5.704020077246241e-05,7.342005847021937e-05,7.012919377302751e-05,6.542687333421782e-05,0.0001069075005943887,8.011725731194019e-05,6.820276757935062e-05,4.050690040457994e-05,7.611567707499489e-05,4.159226705269248e-07,7.565153646282852e-05,4.830047328141518e-05,8.036635699681938e-05,7.647783786524087e-05,6.8830449890811e-05,7.171510515036061e-05,7.726182229816914e-05,5.285451698000543e-05,6.247027340577915e-05,4.4571166654350236e-05,7.482903311029077e-05,0.00011333874863339588,3.021891097887419e-05,4.372339753899723e-05,7.329748768825084e-05,8.748166874283925e-05,4.9177997425431386e-05,3.6409990570973605e-05,4.043549415655434e-05,3.2945881685009226e-05,3.9704824303044006e-05,4.797871224582195e-05,0.0001021952775772661
3900,8.440377132501453e-05,0.0001212739953189157,0.00015751343744341284,0.00011869648733409122,8.294318104162812e-05,8.30189892440103e-05,8.234463166445494e-05,7.139693479984999e-05,0.00012241803051438183,8.827215788187459e-05,7.547518907813355e-05,6.455859693232924e-05,4.7975358029361814e-05,0.00015321144019253552,6.067194772185758e-05,5.210288873058744e-05,7.570696470793337e-05,4.5808257709722966e-05,6.985921208979562e-05,0.00012302564573474228,4.40412295574788e-05,4.994625487597659e-05,6.835195381427184e-05,4.646365050575696e-05,7.582860416732728e-05,5.105365562485531e-05,1.6798954050045722e-07,4.700040881289169e-05,3.31437295244541e-05,4.754199835588224e-05,5.487557064043358e-05,5.4138832638273016e-05,5.967131073703058e-05,5.66184644412715e-05,3.035741792700719e-05,4.2438183299964294e-05,6.439771095756441e-05,4.623176937457174e-05,4.685205203713849e-05,3.9832655602367595e-05,5.378818605095148e-05,6.957354344194755e-05,3.6596498830476776e-05,3.777032543439418e-05,3.7988313124515116e-05,2.8013759219902568e-05,3.8853300793562084e-05,5.566248364630155e-05,4.898144834442064e-05,5.6210188631666824e-05
4000,0.0001494023745181039,0.00013662566198036075,0.00014193191600497812,0.00014494165952783078,8.719200559426099e-05,9.849037451203912e-05,7.761328015476465e-05,6.23352752882056e-05,9.469426004216075e-05,7.864871440688148e-05,9.803386637941003e-05,8.500034164171666e-05,8.1853628216777e-05,7.302112499019131e-05,3.5876542824553326e-05,6.463197496486828e-05,6.72188398311846e-05,6.651972216786817e-05,8.002691902220249e-05,6.587335519725457e-05,4.509593054535799e-05,5.496993981068954e-05,6.833190127508715e-05,5.159138891031034e-05,3.962597111240029e-05,6.518194277305156e-05,2.0847348025654355e-07,4.794712003786117e-05,6.175192538648844e-05,6.01790270593483e-05,5.3091403970029205e-05,6.362022395478562e-05,5.594701724476181e-05,5.435439379652962e-05,4.280189023120329e-05,3.729109084815718e-05,4.240154885337688e-05,6.14212840446271e-05,4.14181049563922e-05,3.483464024611749e-05,6.159407348604873e-05,5.725952723878436e-05,3.759142055059783e-05,6.02296604483854e-05,5.002435136702843e-05,4.569735756376758e-05,3.0472725484287366e-05,2.9872930099372752e-05,4.7140605602180585e-05,7.877204188844189e-05
4100,0.00015124987112358212,0.00013193108316045254,0.00011785810784203932,0.00010457558528287336,0.0001221101265400648,0.00011735863517969847,7.822407496860251e-05,0.00010005469084717333,0.0001720830041449517,7.229153561638668e-05,7.938224007375538e-05,6.419816054403782e-05,9.16607168619521e-05,7.141860260162503e-05,6.543636845890433e-05,5.958167093922384e-05,5.489698742167093e-05,6.166847742861137e-05,0.0001087931523215957,5.454096753965132e-05,4.7409776016138494e-05,7.120503869373351e-05,5.4207681387197226e-05,5.243008126853965e-05,4.652480492950417e-05,4.5214717829367146e-05,7.984901628788066e-08,3.953931081923656e-05,5.78864746785257e-05,4.6211076551117e-05,5.875093847862445e-05,4.223750875098631e-05,4.5000677346251905e-05,4.350078233983368e-05,5.316405076882802e-05,4.335214543971233e-05,0.0001033685402944684,4.0567458199802786e-05,4.6369412302738056e-05,5.160487489774823e-05,4.784785778610967e-05,5.04980816913303e-05,5.5282031098613515e-05,5.12624901602976e-05,5.543249790207483e-05,5.777569822384976e-05,4.941328370478004e-05,4.870898919762112e-05,3.698365981108509e-05,4.260169589542784e-05
4200,9.997348388424143e-05,0.00011152784281875938,0.00011951329361181706,0.0001054364547599107,0.00011141561844851822,0.00010711932554841042,0.00010606391151668504,6.024965477990918e-05,0.00017933518392965198,7.262948929565027e-05,7.235148223116994e-05,6.344633584376425e-05,6.521209434140474e-05,0.00011666514910757542,6.547902739839628e-05,5.3542702517006546e-05,5.057094313087873e-05,4.133121183258481e-05,8.339405030710623e-05,5.0897222536150366e-05,5.061285264673643e-05,6.039634899934754e-05,5.4378255299525335e-05,4.6730398025829345e-05,4.68793987238314e-05,4.641183477360755e-05,2.429203220799536e-07,3.7755082303192466e-05,3.644423486548476e-05,4.177143637207337e-05,4.89214071421884e-05,4.4546701246872544e-05,4.412389171193354e-05,5.268034874461591e-05,2.819284600263927e-05,3.6031979107065126e-05,0.00011483170965220779,3.872373417834751e-05,6.172752182465047e-05,3.841751458821818e-05,5.750338823418133e-05,4.6539371396647766e-05,4.686608008341864e-05,3.596660098992288e-05,5.1699487812584266e-05,3.6753037420567125e-05,6.695985939586535e-05,4.559764784062281e-05,4.1558636439731345e-05,4.797532528755255e-05
4300,0.0001518177887191996,0.0002033437049249187,0.00012002263974864036,0.00015419453848153353,9.623950609238818e-05,9.138345194514841e-05,9.474561375100166e-05,5.79278203076683e-05,6.496522109955549e-05,7.252355135278776e-05,0.00011842848471133038,8.548765617888421e-05,8.849763980833814e-05,0.00012185579544166103,6.197181210154667e-05,7.356794230872765e-05,5.6720280554145575e-05,8.054534555412829e-05,0.00013262458378449082,0.00010012806887971237,6.041855158400722e-05,5.778579361503944e-05,6.0540129197761416e-05,7.557828939752653e-05,5.1000984967686236e-05,7.707910117460415e-05,7.707355109687342e-08,4.4392978452378884e-05,5.340442294254899e-05,6.092940384405665e-05,9.968241647584364e-05,6.662314990535378e-05,4.4754626287613064e-05,4.281099609215744e-05,5.1224411436123773e-05,7.097632624208927e-05,4.000591070507653e-05,5.749300544266589e-05,5.662739567924291e-05,3.349031976540573e-05,7.707501208642498e-05,4.8291058192262426e-05,4.0108316170517355e-05,6.241742084966972e-05,6.881915760459378e-05,5.525844971998595e-05,3.058002403122373e-05,4.736630216939375e-05,7.548312714789063e-05,8.548733603674918e-05
4400,0.00014825916150584817,0.00016907203826121986,0.00013353172107599676,8.836427150527015e-05,7.34739369363524e-05,0.0001107770876842551,8.317484025610611e-05,5.683111885446124e-05,8.24601374915801e-05,8.657408034196123e-05,9.721313836053014e-05,5.738829349866137e-05,8.857112698024139e-05,6.230004510143772e-05,4.286056719138287e-05,8.084428554866463e-05,5.631084059132263e-05,7.759884465485811e-05,5.6323995522689074e-05,5.9477290051290765e-05,5.9994301409460604e-05,6.479515286628157e-05,6.100334576331079e-05,6.580023182323202e-05,4.02285331801977e-05,4.2517887777648866e-05,1.52516676621417e-07,3.313799970783293e-05,5.6137898354791105e-05,4.0356469980906695e-05,7.562515384051949e-05,4.4091910240240395e-05,4.714264287031256e-05,4.666540917241946e-05,6.332241900963709e-05,4.925552639178932e-05,3.8064044929342344e-05,3.396583269932307e-05,4.713114321930334e-05,2.800015681714285e-05,4.054555392940529e-05,5.7789038692135364e-05,4.943441308569163e-05,5.1578375860117376e-05,5.6672870414331555e-05,4.067773625138216e-05,3.419607310206629e-05,3.1118855986278504e-05,4.513875683187507e-05,4.060885476064868e-05
4500,0.0002303262590430677,0.0002021119580604136,0.0001741305459290743,0.00018301865202374756,8.806837286101654e-05,9.304232662543654e-05,7.476512109860778e-05,6.23099913354963e-05,6.376070814440027e-05,9.660627256380394e-05,0.00011999099660897627,0.0001149692470789887,0.00013563214452005923,0.000122140278108418,4.582613837555982e-05,8.007725409697741e-05,8.29556374810636e-05,0.00011713337880792096,8.667269867146388e-05,9.807197784539312e-05,6.862553709652275e-05,6.190787826199085e-05,9.376231901114807e-05,6.922443571966141e-05,6.001586370985024e-05,8.595834515290335e-05,2.198861466240487e-07,7.797912257956341e-05,8.217790309572592e-05,8.027518197195604e-05,8.808362326817587e-05,7.127996650524437e-05,6.662226951448247e-05,6.337816739687696e-05,8.482152043143287e-05,7.512353477068245e-05,4.232764695188962e-05,6.82099416735582e-05,4.185331999906339e-05,3.0907278414815664e-05,6.540878530358896e-05,7.343478500843048e-05,4.156717113801278e-05,9.981542825698853e-05,0.0001060104405041784,8.964676089817658e-05,3.428011405048892e-05,3.184246088494547e-05,5.4464031563838944e-05,4.734397225547582e-05
4600,0.00016675742517691106,0.0001322321913903579,0.00013117326307110488,0.00011425555567257106,0.00012742713443003595,0.00013000404578633606,0.00016690602933522314,5.957468238193542e-05,8.727446402190253e-05,7.947992708068341e-05,7.841021579224616e-05,7.119536167010665e-05,0.00010310361540177837,0.00010578709043329582,6.973391282372177e-05,5.038949893787503e-05,6.15330645814538e-05,8.219205483328551e-05,6.171770655782893e-05,7.844177889637649e-05,4.284047827241011e-05,6.900287553435192e-05,8.217025606427342e-05,4.409759276313707e-05,4.694238305091858e-05,4.812890256289393e-05,1.5940244679768512e-07,5.588636486208998e-05,5.763497392763384e-05,5.648043588735163e-05,6.726702849846333e-05,5.7325520174345e-05,4.722519952338189e-05,5.017164585296996e-05,6.47651104372926e-05,4.9971320549957454e-05,6.438956188503653e-05,5.1757331675617024e-05,9.030161891132593e-05,3.173339064233005e-05,6.228267011465505e-05,5.5403383157681674e-05,6.0675152781186625e-05,6.470215157605708e-05,4.170092142885551e-05,5.1801511290250346e-05,3.813604052993469e-05,4.98834160680417e-05,3.8800761103630066e-05,4.5407043216982856e-05
4700,9.871978545561433e-05,0.0002541778376325965,0.00012721809616778046,9.299696830566972e-05,7.459030894096941e-05,0.00010867528180824593,7.266927423188463e-05,7.22890836186707e-05,0.00010086809925269336,7.625258876942098e-05,0.00017582553846295923,5.2673040045192465e-05,5.929661710979417e-05,8.20372806629166e-05,4.3877942516701296e-05,0.000117766838229727,5.679881724063307e-05,4.407920641824603e-05,7.942735101096332e-05,6.13446463830769e-05,9.147972014034167e-05,7.17790680937469e-05,5.656908979290165e-05,9.724275150801986e-05,4.97809232911095e-05,3.988370735896751e-05,1.0595572774718676e-07,3.298809315310791e-05,3.548905806383118e-05,4.4947388232685626e-05,0.00010925410606432706,3.852748704957776e-05,4.96522625326179e-05,5.242166662355885e-05,3.3870011975523084e-05,6.724178820149973e-05,5.2282557589933276e-05,3.884515899699181e-05,3.644252865342423e-05,3.364929216331802e-05,5.066310041001998e-05,4.796570283360779e-05,3.5006654798053205e-05,3.568639658624306e-05,4.154674388701096e-05,3.3302676456514746e-05,4.4082265958422795e-05,3.293090048828162e-05,3.195984027115628e-05,3.908299549948424e-05
4800,9.987106022890657e-05,0.00015259659267030656,0.00011776910105254501,0.0001447727991035208,7.76189481257461e-05,0.00011129691847600043,8.170145156327635e-05,0.00010157725773751736,7.64756987337023e-05,6.874129030620679e-05,8.65743713802658e-05,8.21815337985754e-05,5.2245759434299543e-05,8.858302317094058e-05,5.03997434861958e-05,6.745992141077295e-05,5.284448343445547e-05,5.372982923290692e-05,0.00013855862198397517,4.819390596821904e-05,5.883274934603833e-05,6.843576557002962e-05,5.7539771660231054e-05,6.316554208751768e-05,5.5127744417404756e-05,6.241103255888447e-05,1.373814058069911e-07,6.528736412292346e-05,3.5724147892324254e-05,6.0610007494688034e-05,6.450926593970507e-05,5.9006390074500814e-05,4.479931158130057e-05,4.759355215355754e-05,3.498220758046955e-05,5.4596061090705916e-05,5.34443388460204e-05,5.6396434956695884e-05,4.820027606911026e-05,5.424637856776826e-05,4.4542408431880176e-05,5.013186819269322e-05,5.381079972721636e-05,4.440988050191663e-05,5.245115971774794e-05,3.1189119908958673e-05,3.085068237851374e-05,4.748223364003934e-05,4.606349830282852e-05,4.4655440433416516e-05
4900,0.00016848061932250857,0.00011777669715229422,0.0001251774956472218,9.656672773417085e-05,0.00013236851373221725,0.00016952367150224745,7.974473555805162e-05,8.06083990028128e-05,8.536085806554183e-05,7.252569048432633e-05,7.15484275133349e-05,5.570887151407078e-05,9.031416266225278e-05,0.00013843037595506757,9.254113683709875e-05,4.9918216973310336e-05,6.277514330577105e-05,7.72616476751864e-05,9.361971751786768e-05,6.372990901581943e-05,4.556671410682611e-05,0.00010287310578860343,6.473150278907269e-05,4.881190034211613e-05,6.082187974243425e-05,4.367929432191886e-05,9.22349343568385e-08,4.3311421904945746e-05,6.133931310614571e-05,4.195142173557542e-05,5.040491669205949e-05,4.155864007771015e-05,4.803089177585207e-05,5.1892176998080686e-05,5.181842789170332e-05,3.8447633414762095e-05,4.4385746150510386e-05,4.006450035376474e-05,4.505578908720054e-05,3.7728001188952476e-05,4.770575833390467e-05,5.075810258858837e-05,6.925101479282603e-05,6.923495675437152e-05,7.135167106753215e-05,6.336386286420748e-05,4.0009956137510017e-05,6.050704905646853e-05,3.266090789111331e-05,4.514223837759346e-05
5000,0.00010298686538590118,0.00015971888205967844,0.00012253897148184478,0.00010778627620311454,9.969340317184106e-05,9.381019481224939e-05,8.650217932881787e-05,7.730285869911313e-05,8.050845644902438e-05,6.828954064985737e-05,8.928205352276564e-05,6.481823220383376e-05,6.071406460250728e-05,7.675336382817477e-05,5.685801079380326e-05,6.920222222106531e-05,5.549766865442507e-05,4.8275949666276574e-05,6.302772817434743e-05,7.674635708099231e-05,5.667299046763219e-05,5.264263381832279e-05,6.640135688940063e-05,6.557772576343268e-05,4.2924220906570554e-05,4.154657290200703e-05,1.1530109844670733e-07,4.34449284512084e-05,4.1472372686257586e-05,4.488567356020212e-05,6.52360831736587e-05,3.9964725147001445e-05,4.50098050350789e-05,3.9970280340639874e-05,3.086063952650875e-05,5.4854059271747246e-05,4.6810466301394626e-05,4.300213186070323e-05,4.091371738468297e-05,3.820198617177084e-05,3.349583494127728e-05,5.080373739474453e-05,4.4635340600507334e-05,3.684213515953161e-05,5.309291373123415e-05,4.344945045886561e-05,2.6552124836598523e-05,4.338659346103668e-05,3.197356272721663e-05,4.102271850570105e-05
5100,0.0001480955397710204,0.0001842446654336527,0.00017251985264010727,0.00012973594130016863,9.457628038944677e-05,0.00020293385023251176,0.00013167881115805358,8.997722034109756e-05,0.0001925137039506808,0.00010171261237701401,0.00010402120096841827,7.65634176786989e-05,9.128265082836151e-05,0.00011949791223742068,5.446075738291256e-05,5.456967846839689e-05,9.113914711633697e-05,8.216236165026203e-05,6.623661465710029e-05,6.712073809467256e-05,4.772004103870131e-05,0.00011622547754086554,7.996975909918547e-05,6.460442091338336e-05,3.594892405089922e-05,6.635166209889576e-05,2.7052831796936516e-07,3.545735671650618e-05,4.88799560116604e-05,3.9062186260707676e-05,8.379203791264445e-05,5.0394999561831355e-05,6.449058855650946e-05,6.226626283023506e-05,4.832347258343361e-05,5.1972961955470964e-05,0.00010891387501033023,4.271115903975442e-05,7.039872434688732e-05,3.370646300027147e-05,3.313807610538788e-05,6.555816071340814e-05,8.725840598344803e-05,6.408115586964414e-05,3.4601100196596235e-05,4.66767160105519e-05,4.56812595075462e-05,4.111454472877085e-05,5.062015407020226e-05,9.26960346987471e-05
5200,0.00016652907652314752,0.0001300206786254421,0.00015736020577605814,0.00020300320466049016,7.848290988476947e-05,0.00012223210069350898,0.00011276687291683629,0.00011716669541783631,0.00012737223005387932,9.020155994221568e-05,8.103527943603694e-05,0.00012557063018903136,9.551526454742998e-05,0.00013384793419390917,5.415518535301089e-05,4.5369044528342783e-05,7.593611371703446e-05,6.786840822314844e-05,6.837280670879409e-05,5.85866546316538e-05,3.9543534512631595e-05,7.339043804677203e-05,6.729736924171448e-05,4.391092443256639e-05,3.37324345309753e-05,9.63784332270734e-05,1.1020431145425391e-07,6.647877307841554e-05,6.443489110097289e-05,7.547938002971932e-05,6.565452349605039e-05,6.54451287118718e-05,5.518725447473116e-05,5.0616497901501134e-05,6.253333413042128e-05,5.2319559472380206e-05,7.735216058790684e-05,6.685628613922745e-05,6.435625982703641e-05,4.3107076635351405e-05,6.205357203725725e-05,6.095267599448562e-05,5.757398685091175e-05,8.099749538814649e-05,4.2245217628078535e-05,5.482907363330014e-05,3.958634988521226e-05,4.1317172872368246e-05,6.02780346525833e-05,8.37990955915302e-05
