step,channel_4335,channel_3980,channel_2249,channel_3348,channel_4648,channel_320,channel_2013,channel_4652,channel_826,channel_402,channel_2512,channel_1263,channel_2948,channel_2118,channel_918,channel_3613,channel_24,channel_4686,channel_567,channel_2258,channel_3671,channel_38,channel_3148,channel_3311,channel_4646,channel_688,channel_583,channel_4586,channel_744,channel_2220,channel_1911,channel_3227,channel_597,channel_2999,channel_3636,channel_2338,channel_1942,channel_3452,channel_2730,channel_3386,channel_2723,channel_4707,channel_4558,channel_4249,channel_1126,channel_543,channel_2458,channel_470,channel_1320,channel_2770
0,0.00017861477681435645,0.000139634677907452,7.666120836802293e-06,3.437984923948534e-05,5.23108865309041e-05,7.325282058445737e-05,1.6483832951053046e-05,0.00010117262718267739,2.9728355002589524e-05,6.859140557935461e-05,1.7960304830921814e-05,4.8389330913778394e-05,1.2921969755552709e-05,2.8426427888916805e-05,0.0001059138448908925,2.649825364642311e-05,1.2481068552006036e-05,2.0352656065369956e-05,6.470266089309007e-05,1.1681780051731039e-05,9.437094377062749e-06,8.287872333312407e-06,2.3456610506400466e-05,5.409031655290164e-05,3.51778871845454e-05,3.872229717671871e-05,6.47110864520073e-05,2.034879071288742e-05,5.211452298681252e-05,6.218710950633977e-06,4.057262049173005e-05,4.1066970879910514e-05,7.670211743970867e-06,4.009631811641157e-05,1.8029988495982252e-05,3.664367977762595e-05,1.1762216672650538e-05,2.4733746613492258e-05,2.6104778953595087e-05,5.828110806760378e-05,4.3859381548827514e-05,2.9582024581031874e-05,1.3319741810846608e-05,1.0492309229448438e-05,4.67694662802387e-05,5.05831376358401e-05,1.462020372855477e-05,3.354995351401158e-05,5.673107079928741e-05,2.051371666311752e-05
100,0.0004303942550905049,0.0002716689486987889,4.1218641854356974e-05,0.00023848410637583584,0.00023631079238839447,0.00021327218564692885,0.00022659027308691293,0.00020815811876673251,0.0001111123783630319,0.0002065884618787095,6.747303996235132e-05,0.0002042663109023124,5.5255099141504616e-05,0.0002003446570597589,0.00018203389481641352,0.00019824998162221164,0.0001263302401639521,7.621713302796707e-05,0.00019282127323094755,5.064253127784468e-05,7.282927253982052e-05,0.00017329133697785437,5.946272722212598e-05,0.0001719638385111466,0.00016596558270975947,0.0001822911435738206,0.00017119006952270865,6.0167702031321824e-05,0.00017743860371410847,8.697617886355147e-05,0.00015881028957664967,0.00015921768499538302,3.9435020880773664e-05,0.0001651580969337374,0.00017116896924562752,0.0001705914328340441,6.046962153050117e-05,0.00016978650819510221,0.0001485394168412313,0.00016574014443904161,0.000163584147230722,0.00016250915359705687,0.00010882073547691107,7.057288166834041e-05,0.0001627895690035075,0.00014178628043737262,0.00010181136167375371,0.00015773212362546474,0.00015049244393594563,0.00012749111920129508
200,0.0004825796349905431,0.0002570811484474689,4.107271888642572e-05,0.00018317101057618856,0.00022834041737951338,0.00023482365941163152,0.00014611858932767063,0.00022631295723840594,0.00012990290997549891,0.00021071717492304742,0.0001374080457026139,0.00019404655904509127,9.167684765998274e-05,0.000153473112732172,0.00019921681086998433,0.0001434112200513482,0.00019513399456627667,9.329480235464871e-05,0.00017519260291010141,5.591429726337083e-05,4.258079206920229e-05,4.613908095052466e-05,6.099617530708201e-05,0.00018449635535944253,0.00012562170741148293,0.00017079438839573413,0.00016995987971313298,4.676080425269902e-05,0.00016299447452183813,4.4338539737509564e-05,0.00017573946388438344,0.00017565202142577618,4.6493689296767116e-05,0.00015407177852466702,5.385996701079421e-05,0.0001612297201063484,6.00460589339491e-05,0.00016134414181578904,0.00016800271987449378,0.0001520824880572036,0.0001531064772279933,0.00015413113578688353,7.736207771813497e-05,0.00011211382661713287,0.00015166618686635047,0.00016266370948869735,7.378020382020622e-05,0.00015856922254897654,0.00015855916717555374,0.0001040503557305783
300,0.0004714232054539025,0.00024252488219644874,4.250707570463419e-05,0.00021763754193671048,0.00022322911536321044,0.00021569462842307985,0.0002249543322250247,0.00022464261564891785,0.00010107373236678541,0.000207458040677011,0.00020760581537615508,0.00018608151003718376,4.907710535917431e-05,0.0001717226841719821,0.0001828659587772563,0.0001870622072601691,0.00013894271978642792,9.822312858887017e-05,0.0001628641039133072,6.578757165698335e-05,6.311325705610216e-05,4.593726771418005e-05,6.945054337847978e-05,0.00016879025497473776,0.00017650822701398283,0.00017711814143694937,0.00018197060853708535,4.865407754550688e-05,0.00017703701450955123,5.1468559831846505e-05,0.0001731593074509874,0.00016894064901862293,5.161220906302333e-05,0.00017181193106807768,5.8321296819485724e-05,0.0001647661265451461,6.475576083175838e-05,0.00015921882004477084,0.0001371877733618021,0.00015202831127680838,0.0001648918114369735,0.00016378503642044961,8.464248821837828e-05,0.00016346854681614786,0.00016033180872909725,0.0001615102228242904,0.00010029698023572564,0.00015904795145615935,0.0001503775711171329,0.00015814969083294272
400,0.0002236992440884933,0.00014084740541875362,3.433302845223807e-05,3.785527223953977e-05,0.00012025855539832264,0.00011537557293195277,6.583752110600471e-05,0.00010965280671371147,5.187193528399803e-05,0.00010827306687133387,3.672817547339946e-05,0.00010493635636521503,1.2596384294738527e-05,6.06902212894056e-05,9.268741268897429e-05,0.0001526304695289582,3.266270869062282e-05,4.285163595341146e-05,6.920851592440158e-05,2.8975024179089814e-05,2.483648495399393e-05,2.4496308469679207e-05,3.6666875530499965e-05,8.120088023133576e-05,6.180511263664812e-05,9.204244270222262e-05,9.32449838728644e-05,2.9730395908700302e-05,9.562457125866786e-05,5.6444194342475384e-05,8.721552148927003e-05,7.898658805061132e-05,2.1955436750431545e-05,9.346514707431197e-05,3.264388578827493e-05,8.67263152031228e-05,4.073334639542736e-05,8.028813317650929e-05,5.8413475926499814e-05,7.059520430630073e-05,8.416404307354242e-05,8.431446622125804e-05,2.787918310787063e-05,2.2142847228678875e-05,8.031940524233505e-05,7.613332127220929e-05,4.0906626963987947e-05,7.023310172371566e-05,7.962000381667167e-05,2.1941754312138073e-05
500,0.00024330416636075824,0.0001401843474013731,2.2127698684926145e-05,0.00012984876229893416,0.00011551067291293293,0.00011890444875461981,4.6391316573135555e-05,0.00011189857468707487,3.95482566091232e-05,0.00011838722275570035,3.398583794478327e-05,9.93895300780423e-05,1.2579622307384852e-05,0.00011627327330643311,0.00010713048686739057,7.773681863909587e-05,3.198879858246073e-05,3.942152761737816e-05,7.508521957788616e-05,2.444441088300664e-05,2.249889075756073e-05,2.4982444301713258e-05,3.154739897581749e-05,6.726294668624178e-05,8.480334508931264e-05,9.215254976879805e-05,9.048980427905917e-05,2.192846113757696e-05,8.942599379224703e-05,3.318627568660304e-05,9.959731687558815e-05,8.841189264785498e-05,2.1730409571318887e-05,8.377847552765161e-05,3.2600848498987034e-05,8.742659701965749e-05,3.9728678530082107e-05,7.451650890288875e-05,7.228775939438492e-05,7.287926564458758e-05,8.723616338102147e-05,8.881215035216883e-05,5.8178942708764225e-05,2.929624133685138e-05,7.878724863985553e-05,7.453253783751279e-05,9.945471538230777e-05,8.863594848662615e-05,7.868447573855519e-05,2.6822041036211886e-05
600,0.0002157043054467067,0.00013593559560831636,2.4453025616821833e-05,0.00010771753295557573,0.00011326840467518196,0.00010863597708521411,4.360571983852424e-05,0.00011671669199131429,4.80771268485114e-05,0.00011746281234081835,4.494919267017394e-05,0.00010149581066798419,1.613277527212631e-05,0.00011205683404114097,0.00010181580728385597,7.721575821051374e-05,5.212229007156566e-05,4.3333977373549715e-05,5.795926335849799e-05,2.5111270588240586e-05,2.4514360120519996e-05,2.2241370970732532e-05,3.398014814592898e-05,8.163747406797484e-05,7.929265848360956e-05,8.305841038236395e-05,8.307108510052785e-05,2.3738457457511686e-05,8.57898558024317e-05,2.625066008477006e-05,9.046118793776259e-05,7.357884896919131e-05,6.578808097401634e-05,8.165031613316387e-05,3.115726212854497e-05,8.308350516017526e-05,3.173411460011266e-05,8.285469812108204e-05,9.277235949411988e-05,8.62354863784276e-05,8.213733235606924e-05,8.302444621222094e-05,5.690503166988492e-05,3.336464214953594e-05,8.066479495028034e-05,7.664368604309857e-05,5.2573257562471554e-05,7.332101813517511e-05,9.021038567880169e-05,8.47073461045511e-05
700,0.00018806135631166399,0.00012292612518649548,2.3374850570689887e-05,4.165481368545443e-05,0.00010567792924121022,0.00010417577141197398,0.0001042832518578507,0.00011848016583826393,4.964353138348088e-05,0.00010529461724217981,3.454940815572627e-05,9.741303802002221e-05,5.8366855228086933e-05,4.9156507884617895e-05,9.692971070762724e-05,9.001967555377632e-05,2.3588298063259572e-05,4.210121187497862e-05,6.244597170734778e-05,2.5564959287294187e-05,2.577937084424775e-05,4.488717968342826e-05,2.7334226615494117e-05,6.370917981257662e-05,6.513773405458778e-05,8.909598545869812e-05,9.693575702840462e-05,2.0650544684031047e-05,8.863279072102159e-05,2.2442176486947574e-05,8.901037654140964e-05,8.682945190230384e-05,1.81669292942388e-05,7.516664481954649e-05,6.454192043747753e-05,8.420911763096228e-05,3.7804093153681606e-05,7.101544179022312e-05,5.6130131270037964e-05,8.035637438297272e-05,7.957524212542921e-05,7.969188300194219e-05,3.0263752705650404e-05,2.5937306418200023e-05,8.398594218306243e-05,7.228485628729686e-05,3.433279925957322e-05,5.677172157447785e-05,8.783811063040048e-05,2.3004969989415258e-05
800,0.00021863493020646274,0.00012769777094945312,2.6208608687738888e-05,7.62469571782276e-05,0.00010543577081989497,0.000108815984276589,9.266348206438124e-05,0.00010351496166549623,4.933761738357134e-05,0.00010921427019638941,4.117451680940576e-05,8.981652354123071e-05,3.804789230343886e-05,4.855348015553318e-05,9.953705739462748e-05,7.840256876079366e-05,3.129801552859135e-05,4.2535462853265926e-05,8.094144868664443e-05,2.43790873355465e-05,3.3569343941053376e-05,2.371468690398615e-05,2.9906879717600532e-05,8.130569040076807e-05,7.307234045583755e-05,8.419081859756261e-05,9.063083416549489e-05,2.2635380446445197e-05,8.167460327968001e-05,2.7611895347945392e-05,8.420983795076609e-05,8.326180250151083e-05,2.1989946617395617e-05,8.35985119920224e-05,2.9182836442487314e-05,7.296763942576945e-05,3.2927444408414885e-05,6.917211430845782e-05,6.627341645071283e-05,8.234874258050695e-05,8.325115049956366e-05,8.029073069337755e-05,6.692088936688378e-05,1.9465767763904296e-05,7.250101043609902e-05,7.047186227282509e-05,3.206031396985054e-05,7.380379975074902e-05,8.391039591515437e-05,4.2049628973472863e-05
900,0.00018535023264121264,0.00013485175441019237,2.3997310563572682e-05,2.434036105114501e-05,0.00010917195322690532,0.00010569552250672132,7.15111818863079e-05,0.00011058607924496755,4.010580960311927e-05,0.00010888344695558771,5.757682811236009e-05,9.696940833237022e-05,1.9863980924128555e-05,8.440716919722036e-05,0.00010130870214197785,7.083749369485304e-05,2.8927630410180427e-05,3.298699084552936e-05,7.693785300944e-05,2.2989590434008278e-05,2.1571970137301832e-05,2.1435815142467618e-05,2.745262099779211e-05,8.412997703999281e-05,8.592248195782304e-05,9.293502080254257e-05,8.433570474153385e-05,2.761242285487242e-05,8.786701801000163e-05,2.4888495318009518e-05,8.041629916988313e-05,9.307761501986533e-05,2.777551162580494e-05,8.669463568367064e-05,2.7623489586403593e-05,8.2841441326309e-05,3.4271248296136037e-05,7.053554145386443e-05,8.805544348433614e-05,7.720167195657268e-05,9.044799662660807e-05,9.069497173186392e-05,3.1131803552852944e-05,4.838094537262805e-05,8.056691149249673e-05,6.702868995489553e-05,6.595128797926009e-05,7.640206604264677e-05,7.570274465251714e-05,2.673044400580693e-05
1000,0.00020982898422516882,0.00013599364319816232,2.4607374143670313e-05,2.8742982976837084e-05,0.00010137540084542707,0.00011724489741027355,9.393012442160398e-05,0.00012200789205962792,4.471267675398849e-05,0.00011623783939285204,0.0001123976762755774,0.00010396342986496165,1.853156936704181e-05,5.160724322195165e-05,9.691128070699051e-05,6.756642687832937e-05,3.209361602785066e-05,9.542367479298264e-05,6.949139788048342e-05,5.2721348765771836e-05,4.463070217752829e-05,2.3475653506466188e-05,3.175317033310421e-05,6.471048982348293e-05,4.7107645514188334e-05,0.00010726149048423395,9.257762576453388e-05,2.3093889467418194e-05,8.950645860750228e-05,3.084629133809358e-05,8.787706610746682e-05,8.043160050874576e-05,2.447770384605974e-05,0.00010589954035822302,2.9389202609308995e-05,8.639707084512338e-05,4.1427767428103834e-05,8.515229274053127e-05,9.158789180219173e-05,8.012734906515107e-05,9.56205403781496e-05,8.38289488456212e-05,2.583925197541248e-05,2.294116529810708e-05,8.229894592659548e-05,7.501278014387935e-05,7.622240809723735e-05,8.300505578517914e-05,8.341395732713863e-05,2.47955831582658e-05
1100,0.00019922097271773964,0.00013267651956994087,2.1124260456417687e-05,0.00017510239558760077,0.0001019823903334327,0.00011469039600342512,6.33513554930687e-05,0.00010123476386070251,5.444684938993305e-05,0.00011362819350324571,3.444156391196884e-05,9.937922732206061e-05,3.945447315345518e-05,7.935591565910727e-05,9.603638318367302e-05,9.380666597280651e-05,8.113496005535126e-05,4.8251542466459796e-05,6.333408964565024e-05,3.247597487643361e-05,2.3866572519182228e-05,2.569242860772647e-05,2.787652556435205e-05,7.190398901002482e-05,8.577194239478558e-05,9.273899922845885e-05,8.316531602758914e-05,2.4889006454031914e-05,9.597431198926643e-05,7.232195639517158e-05,9.47500448091887e-05,8.243886259151623e-05,1.963589784281794e-05,8.670776151120663e-05,2.739566298259888e-05,8.513528882758692e-05,5.048163438914344e-05,9.693970059743151e-05,7.792367250658572e-05,8.349655399797484e-05,8.016599895199761e-05,8.122472354443744e-05,5.2062525355722755e-05,2.6711972168413922e-05,7.848223322071135e-05,6.844778545200825e-05,3.105551149928942e-05,8.027045987546444e-05,7.696916873101145e-05,2.2561725927516818e-05
1200,0.00020541655248962343,0.00012805717415176332,2.1515870685107075e-05,3.649833888630383e-05,0.00010801680764416233,0.00010145160194952041,5.0134112825617194e-05,0.00011240364256082103,5.849663648405112e-05,0.00011596723925322294,2.99953535431996e-05,9.913081885315478e-05,1.610300751053728e-05,5.679071546182968e-05,0.00010444577492307872,6.969834794290364e-05,3.769452086999081e-05,4.275378159945831e-05,0.0001815656287362799,3.6168843507766724e-05,2.6072311811731197e-05,2.6000374418799765e-05,2.717624192882795e-05,7.307441410375759e-05,6.519493035739288e-05,9.509673691354692e-05,8.723627252038568e-05,3.007437953783665e-05,8.834747859509662e-05,2.9988375899847597e-05,8.989150956040248e-05,7.527096749981865e-05,2.1293915779097006e-05,8.361710933968425e-05,3.18139027513098e-05,8.975836681202054e-05,3.342416312079877e-05,8.235499990405515e-05,8.140560385072604e-05,7.298327545868233e-05,7.593275950057432e-05,8.587075717514381e-05,2.904694883909542e-05,3.714768172358163e-05,7.937726331874728e-05,6.730698078172281e-05,4.092878953088075e-05,7.83924842835404e-05,7.624948921147734e-05,3.468486465862952e-05
1300,0.00022571136651095003,0.0001380883768433705,1.9606066416599788e-05,0.00015740138769615442,0.00011846276902360842,0.000101821671705693,6.650348950643092e-05,0.00011906004510819912,0.00022424908820539713,0.0001048317935783416,3.4276905353181064e-05,9.049013897310942e-05,2.2845699277240783e-05,5.5838594562374055e-05,0.00010429512622067705,8.884959243005142e-05,3.150125849060714e-05,4.234147854731418e-05,9.799302642932162e-05,2.8002035833196715e-05,3.222261511837132e-05,0.00010267551988363266,3.1682950066169724e-05,6.967518129386008e-05,7.442324567819014e-05,9.529056114843115e-05,9.367448365082964e-05,3.663467214209959e-05,0.00010068507981486619,4.31954613304697e-05,0.00010322799789719284,9.081815369427204e-05,0.00011261454346822575,9.637887706048787e-05,4.116164564038627e-05,8.949802577262744e-05,4.2191466491203755e-05,9.416628017788753e-05,9.11161259864457e-05,7.597842341056094e-05,8.909413736546412e-05,9.903845057124272e-05,3.597627437557094e-05,2.0564433725667186e-05,8.630764205008745e-05,8.159871504176408e-05,4.083633029949851e-05,9.85683363978751e-05,7.891787390690297e-05,2.325211426068563e-05
1400,0.0001922969240695238,0.0001237223914358765,2.201698771386873e-05,7.680794078623876e-05,0.0001121630848501809,0.0001007678292808123,4.192905907984823e-05,0.00012378772953525186,5.7501667470205575e-05,0.0001131552126025781,4.725966209662147e-05,9.704865806270391e-05,2.2745163732906803e-05,4.765224002767354e-05,9.853327355813235e-05,5.6855464208638296e-05,2.7664782464853488e-05,3.687880598590709e-05,8.782270742813125e-05,2.3633519958821125e-05,2.7912330551771447e-05,6.081203537178226e-05,3.0214556318242103e-05,6.614370067836717e-05,5.933312786510214e-05,8.928433089749888e-05,7.882274076109752e-05,2.3869473807280883e-05,8.918399544199929e-05,5.7375178585061803e-05,8.330261334776878e-05,8.879666711436585e-05,2.9793145586154424e-05,8.69127907208167e-05,3.544114588294178e-05,8.389809227082878e-05,5.443572445074096e-05,8.904383139451966e-05,0.00010405990178696811,8.418793004238978e-05,7.677258690819144e-05,8.195391274057329e-05,2.5980587452067994e-05,8.634391997475177e-05,8.042764966376126e-05,6.679185753455386e-05,4.8048172175185755e-05,8.219723531510681e-05,7.394301792373881e-05,3.591350105125457e-05
1500,0.0002050666225841269,0.0001251554349437356,2.398715696472209e-05,0.0001162305343314074,0.00010358827421441674,0.00010435569129185751,6.978494639042765e-05,0.0001253461086889729,5.542421786230989e-05,9.797146049095318e-05,3.394098530407064e-05,0.0001029655832098797,1.657903521845583e-05,6.81461242493242e-05,0.00010372415999881923,8.57379927765578e-05,3.129398464807309e-05,6.809186015743762e-05,8.559782145312056e-05,2.604976725706365e-05,4.4416970922611654e-05,2.38962602452375e-05,3.334545181132853e-05,6.930046947672963e-05,6.748673331458122e-05,8.896841609384865e-05,8.56482147355564e-05,2.6805106244864874e-05,0.00010137933713849634,2.9859618734917603e-05,8.528946636943147e-05,9.247547131963074e-05,1.9433427951298654e-05,8.328903641086072e-05,2.799676076392643e-05,9.606493404135108e-05,6.398258119588718e-05,8.000525122042745e-05,5.9695583331631497e-05,7.385998469544575e-05,8.63526074681431e-05,8.566560427425429e-05,3.402871516300365e-05,4.034245284856297e-05,7.142765389289707e-05,6.649013084825128e-05,3.486982677713968e-05,8.317804895341396e-05,8.368491398869082e-05,5.211140523897484e-05
1600,0.00021629886759910733,0.0001380348257953301,2.408524051134009e-05,2.9425731554511003e-05,0.00011806393740698695,0.00011733647988876328,5.9655754739651456e-05,0.00011682396871037781,3.9046037272782996e-05,0.0001144091656897217,4.378861194709316e-05,0.00010567461868049577,1.5225289644149598e-05,6.006942203384824e-05,0.00010962734813801944,9.137853339780122e-05,2.7349462470738217e-05,0.00019329162023495883,7.593175541842356e-05,2.488082282070536e-05,2.608962677186355e-05,2.575414146122057e-05,3.069694867008366e-05,8.306735253427178e-05,0.00012098460138076916,9.181894711218774e-05,8.756184979574755e-05,3.381142232683487e-05,9.607370884623379e-05,2.344265885767527e-05,8.912030170904472e-05,9.237632912117988e-05,2.5035531507455744e-05,9.320378012489527e-05,3.1024912459542975e-05,7.790211384417489e-05,3.1788549677003175e-05,8.506016456522048e-05,8.628280193079263e-05,9.3505484983325e-05,8.27518742880784e-05,9.11698880372569e-05,7.246590394061059e-05,2.0832618247368373e-05,8.801791409496218e-05,6.998443132033572e-05,4.88183977722656e-05,8.842110401019454e-05,8.026255818549544e-05,4.9114951252704486e-05
1700,0.00019831061945296824,0.00013202759146224707,4.239279223838821e-05,3.691398887895048e-05,0.00011442976392572746,0.00010306708281859756,4.843749411520548e-05,0.00010906786337727681,3.824669693131e-05,0.00011326487583573908,3.611913416534662e-05,0.00010963103704852983,1.6003181372070685e-05,7.496599573642015e-05,9.867308108368888e-05,9.788333409233019e-05,3.571953857317567e-05,6.629389827139676e-05,6.74147013342008e-05,2.943569779745303e-05,3.0227083698264323e-05,2.336147917958442e-05,2.5148565327981487e-05,7.170510798459873e-05,0.00010151851893169805,8.751031418796629e-05,8.51331278681755e-05,2.4759994630585425e-05,9.00837840163149e-05,2.3947650333866477e-05,8.280119072878733e-05,8.634432015242055e-05,2.6684427211876027e-05,8.877231448423117e-05,2.832111385941971e-05,8.612163946963847e-05,3.8867896364536136e-05,9.162945207208395e-05,8.365901885554194e-05,8.857491775415838e-05,8.049776079133153e-05,8.287154196295887e-05,3.0648501706309617e-05,4.1484734538244084e-05,8.028987213037908e-05,7.39201350370422e-05,4.2128984205191955e-05,9.913233952829614e-05,7.500567880924791e-05,2.1909256247454323e-05
1800,0.0001708026247797534,0.00012823498400393873,8.471044566249475e-05,5.620574302156456e-05,0.00011210608499823138,0.00010636972001520917,9.648623381508514e-05,0.00011821215593954548,4.82906871184241e-05,0.00011063096462748945,0.00013913172006141394,9.913655230775476e-05,3.70647176168859e-05,0.00017352284339722246,9.374143701279536e-05,3.920817471225746e-05,3.43156025337521e-05,0.00010553815081948414,5.7454944908386096e-05,3.546214065863751e-05,3.9229958929354325e-05,8.287972013931721e-05,3.1953029974829406e-05,7.39183888072148e-05,9.982596384361386e-05,9.821769344853237e-05,9.024340397445485e-05,2.7655702069750987e-05,8.687311492394656e-05,3.073222251259722e-05,8.870537567418069e-05,8.366667316295207e-05,2.1365354768931866e-05,9.543334454065189e-05,0.00010000576003221795,0.0001006326056085527,3.421425572014414e-05,0.0001057117260643281,7.403826020890847e-05,7.91196507634595e-05,8.78628488862887e-05,8.551054634153843e-05,6.485882477136329e-05,3.865168764605187e-05,8.147475455189124e-05,6.536436558235437e-05,4.7716057451907545e-05,8.018747030291706e-05,7.403341442113742e-05,8.717099262867123e-05
1900,0.00020653847604990005,0.00012827773753087968,2.1614509023493156e-05,0.0001655736705288291,0.00011427757272031158,0.00011388833081582561,5.709347897209227e-05,0.00011734524741768837,4.414469367475249e-05,0.00011244681081734598,3.031026790267788e-05,9.286814020015299e-05,1.9019318642676808e-05,0.00010367016511736438,0.00010390968236606568,6.419653800548986e-05,3.591367931221612e-05,4.377970253699459e-05,8.979458652902395e-05,4.659539263229817e-05,2.6505571440793574e-05,2.866929571609944e-05,3.0949544452596456e-05,6.440634751925245e-05,6.13885058555752e-05,0.00010050506534753367,8.816991612548009e-05,2.5669114620541222e-05,9.062202298082411e-05,4.2310413846280426e-05,9.312487236456946e-05,9.3297720013652e-05,2.7549111109692603e-05,8.158702257787809e-05,3.134445069008507e-05,8.295196312246844e-05,4.493394953897223e-05,8.434842311544344e-05,7.529583672294393e-05,7.875488518038765e-05,8.638209692435339e-05,9.409553604200482e-05,7.050101703498513e-05,2.7676809622789733e-05,8.015910862013698e-05,7.894532609498128e-05,3.397708496777341e-05,7.444812217727304e-05,8.48038907861337e-05,4.3706131691578776e-05
2000,0.00021333410404622555,0.00014344546070788056,2.420710188744124e-05,2.938929173978977e-05,0.00013432183186523616,0.00013064139056950808,3.559925244189799e-05,0.0001601173571543768,4.571448153001256e-05,0.0001318321592407301,3.968039891333319e-05,0.00010441516496939585,1.8343765987083316e-05,8.485545549774542e-05,0.0001189814938697964,0.0001655060041230172,3.116011794190854e-05,4.067922418471426e-05,6.150748231448233e-05,0.00018848218314815313,2.7463509468361735e-05,3.014527101186104e-05,0.00018466955225449055,9.022437006933615e-05,0.00018366330186836421,9.914839756675065e-05,0.0001042826334014535,2.687261439859867e-05,0.00012024858733639121,2.6498542865738273e-05,9.196253813570365e-05,8.406797132920474e-05,2.0217041310388595e-05,9.13619005586952e-05,3.2621363061480224e-05,9.868349297903478e-05,3.468460272415541e-05,9.587849490344524e-05,8.78633072716184e-05,8.609366341261193e-05,0.00012647804396692663,9.788035822566599e-05,5.6263790611410514e-05,2.6217179765808396e-05,8.781392534729093e-05,7.843312778277323e-05,0.00016132346354424953,0.00011112513311672956,8.550620987080038e-05,7.20202224329114e-05
2100,0.00019684183644130826,0.00013793175457976758,3.521693724906072e-05,5.1828305004164577e-05,0.00012559519382193685,0.00011200369772268459,0.00014892694889567792,0.00010910163109656423,3.949063102481887e-05,0.00011074894428020343,4.208909012959339e-05,0.00010909107368206605,2.2634672859567218e-05,5.631690510199405e-05,0.00010194633796345443,8.990910282591358e-05,4.22993216488976e-05,5.086215242045e-05,6.877590203657746e-05,2.6424770112498663e-05,2.037444937741384e-05,2.3700988094788045e-05,3.5375956940697506e-05,7.338557043112814e-05,9.099492308450863e-05,7.778289000270888e-05,8.57892882777378e-05,2.6910116503131576e-05,8.972545037977397e-05,3.402265065233223e-05,9.657897317083552e-05,0.00010198573727393523,2.3065404093358666e-05,9.036112896865234e-05,3.307661245344207e-05,9.462255547987297e-05,3.418204141780734e-05,8.861495007295161e-05,9.317325020674616e-05,9.759147360455245e-05,9.460242290515453e-05,8.571707439841703e-05,4.9105583457276225e-05,6.042702807462774e-05,8.499396790284663e-05,7.040001946734264e-05,3.167191243846901e-05,7.76666565798223e-05,8.479535608785227e-05,3.849266067845747e-05
2200,0.0002011134201893583,0.00014046857540961355,2.5662488042144105e-05,4.3400013964856043e-05,0.00012590789992827922,0.00012025226169498637,6.921716703800485e-05,0.00012343210983090103,4.336050551501103e-05,0.0001265529281226918,0.00012220641656313092,0.00010979042417602614,2.516005770303309e-05,5.0022932555293664e-05,0.00010541319352341816,5.481573680299334e-05,3.674134859465994e-05,4.61978415842168e-05,5.2664920076495036e-05,2.976945870614145e-05,1.9149238141835667e-05,2.9605605959659442e-05,3.109512908849865e-05,7.552426541224122e-05,6.03151747782249e-05,8.719310426386073e-05,9.336916264146566e-05,2.5221168471034616e-05,9.379025868838653e-05,6.910900992807001e-05,9.179456537822261e-05,8.858049113769084e-05,2.279580439790152e-05,9.308903099736199e-05,2.8745813324349e-05,9.143514034803957e-05,5.464628338813782e-05,7.989791629370302e-05,8.325766248162836e-05,9.73920468823053e-05,9.689996659290045e-05,8.847017306834459e-05,6.699538789689541e-05,4.461727075977251e-05,8.631344826426357e-05,7.667404861422256e-05,3.4839260479202494e-05,8.631997479824349e-05,8.064222492976114e-05,3.871129229082726e-05
2300,0.0001786007487680763,0.00012318542576394975,1.8230613932246342e-05,7.747896597720683e-05,0.00011361914948793128,0.00010225020378129557,5.294035145197995e-05,0.00011436911881901324,4.597352017299272e-05,0.0001125406488426961,3.360309710842557e-05,9.892151865642518e-05,1.7059130186680704e-05,0.00011765331873903051,0.00011461156100267544,7.649936742382124e-05,3.4837383282138035e-05,4.6667239075759426e-05,7.50734907342121e-05,5.795371180283837e-05,2.5583507522242144e-05,2.242054688395001e-05,3.1927811505738646e-05,5.8462472225073725e-05,0.00011112124775536358,8.182143938029185e-05,8.531087951269001e-05,2.4852999558788724e-05,9.288310684496537e-05,2.1945321350358427e-05,8.802472439128906e-05,8.689456444699317e-05,2.0698484149761498e-05,8.907128358259797e-05,4.085080945515074e-05,7.305356120923534e-05,3.0450137273874134e-05,8.86339257704094e-05,6.068893344490789e-05,8.949285984272137e-05,8.88565118657425e-05,8.923774294089526e-05,3.8821388443466276e-05,2.8259310056455433e-05,9.271953604184091e-05,7.461183849954978e-05,3.685342016979121e-05,6.930709059815854e-05,8.303330832859501e-05,3.7404093745863065e-05
2400,0.00018822072888724506,0.0001434934965800494,2.475074325047899e-05,0.00010945940448436886,0.00010852172272279859,0.00011713904677890241,0.0001773552648955956,0.00012150467955507338,5.0740873120957986e-05,0.00012322557449806482,3.3410040487069637e-05,9.700548980617896e-05,4.523248935583979e-05,0.00010486343671800569,9.924325422616675e-05,7.356660353252664e-05,3.2173877116292715e-05,3.4216223866678774e-05,6.491781823569909e-05,2.502339702914469e-05,4.275911851436831e-05,2.426904029562138e-05,2.9130480470485054e-05,5.850391971762292e-05,5.047564991400577e-05,9.270626469515264e-05,9.467948984820396e-05,2.4458893676637672e-05,9.891816443996504e-05,3.1558742193738e-05,8.824291580822319e-05,7.804895722074434e-05,2.5364486646139994e-05,9.687216515885666e-05,3.4648885048227385e-05,9.21870450838469e-05,4.448053732630797e-05,9.248316200682893e-05,8.170623914338648e-05,9.161365596810356e-05,9.214141755364835e-05,8.981746213976294e-05,8.526589226676151e-05,0.00010563869727775455,8.623621397418901e-05,7.409811223624274e-05,5.8173587603960186e-05,0.00010059391934191808,8.251540566561744e-05,2.5706029191496782e-05
2500,0.000186030738404952,0.00012592300481628627,1.9629997041192837e-05,9.08452202565968e-05,0.00011084107245551422,0.00010780655429698527,0.00010713621304603294,0.00010818760347319767,4.229173646308482e-05,0.00011614715185714886,6.4385290897917e-05,0.0001229387999046594,3.842877413262613e-05,0.00010134185868082568,9.484735346632078e-05,6.353641219902784e-05,3.0387118385988288e-05,3.542285048752092e-05,6.411188951460645e-05,2.6474301193957217e-05,2.3740674805594608e-05,4.527101191342808e-05,3.417111292947084e-05,6.0500304243760183e-05,4.995880590286106e-05,9.713487816043198e-05,9.717207285575569e-05,2.3286445866688155e-05,9.519434388494119e-05,3.4600398066686466e-05,9.650459105614573e-05,9.162419883068651e-05,2.049906106549315e-05,8.726617670617998e-05,3.735610152943991e-05,9.346278238808736e-05,3.76440366380848e-05,8.283269562525675e-05,7.018575706752017e-05,8.519609400536865e-05,8.753323345445096e-05,8.983715088106692e-05,5.576988041866571e-05,3.645645847427659e-05,7.796393765602261e-05,6.711354217259213e-05,5.161378066986799e-05,7.701712456764653e-05,7.614357309648767e-05,8.977975085144863e-05
2600,0.00019528497068677098,0.00012575017171911895,2.3017664716462605e-05,0.00020828732522204518,0.00012408166367094964,0.00011487135634524748,9.477930871071294e-05,0.00011873841140186414,4.1988569137174636e-05,0.00012160602636868134,3.1663370464229956e-05,0.00010314373503206298,3.0793296900810674e-05,8.749595144763589e-05,0.00010448830289533362,0.00015034562966320664,3.383002331247553e-05,4.035638630739413e-05,6.46704575046897e-05,2.686390325834509e-05,2.286654125782661e-05,2.8447520890040323e-05,2.7742447855416685e-05,6.350350304273888e-05,0.00010035291052190587,0.00010159073281101882,9.902864985633641e-05,2.426229366392363e-05,9.421898721484467e-05,2.106019928760361e-05,0.00010069383279187605,9.760285320226103e-05,2.2925656594452448e-05,8.534682274330407e-05,4.036449172417633e-05,9.939418669091538e-05,5.87441427342128e-05,9.602717182133347e-05,9.213601151714101e-05,8.178190182661638e-05,9.834874799707904e-05,9.512631368124858e-05,8.072957280091941e-05,4.28537605330348e-05,8.517630340065807e-05,6.89838852849789e-05,8.313988655572757e-05,8.971014904091135e-05,7.933456799946725e-05,3.766883673961274e-05
2700,0.00018677763000596315,0.00013541868247557431,7.988888683030382e-05,6.758217932656407e-05,0.00012000348942819983,0.00011497044033603743,0.00011468062439234927,0.0001228986366186291,7.46260120649822e-05,0.00011532483040355146,7.8042212408036e-05,0.00010089952411362901,0.00020180345745757222,6.012529047438875e-05,0.00012249307474121451,8.457978401565924e-05,3.3004900615196675e-05,3.5581982956500724e-05,5.705748844775371e-05,2.5518082111375406e-05,1.6832957044243813e-05,2.7717833290807903e-05,3.075654603890143e-05,5.569331187871285e-05,7.502346852561459e-05,0.00010474840382812545,8.078608516370878e-05,0.00010248807666357607,0.00012459146091714501,2.7526324629434384e-05,9.773659257916734e-05,0.0001198371101054363,2.8265727451071143e-05,9.270961163565516e-05,3.015127731487155e-05,9.471015800954774e-05,2.9985712899360806e-05,8.577053813496605e-05,6.749747990397736e-05,8.38386476971209e-05,0.00011236990394536406,9.406849858351052e-05,6.369794573402032e-05,5.181478991289623e-05,8.875266939867288e-05,7.611628097947687e-05,6.015005419612862e-05,7.540665683336556e-05,7.544758409494534e-05,2.6200270440313034e-05
2800,0.00019405808416195214,0.00014448635920416564,1.9456749214441516e-05,0.0001896790781756863,0.00011271930998191237,0.00011048282613046467,7.277566328411922e-05,0.0001147227521869354,3.973026105086319e-05,0.0001074361935025081,4.9766233132686466e-05,0.00010763608588604257,2.9418679332593456e-05,5.4050356993684545e-05,0.00010194507922278717,8.568267367081717e-05,2.9113964046700858e-05,3.2871143048396334e-05,6.296289939200506e-05,3.1668037991039455e-05,2.3909877199912444e-05,2.5930821720976382e-05,3.9604077755939215e-05,8.098618855001405e-05,7.817472942406312e-05,8.86237176018767e-05,8.19865454104729e-05,2.0533227143459953e-05,9.781765402294695e-05,1.9542880181688815e-05,9.076566493604332e-05,7.908583211246878e-05,1.884386620076839e-05,8.514468936482444e-05,2.8107830075896345e-05,9.120191680267453e-05,4.551009624265134e-05,9.072423563338816e-05,8.242965122917667e-05,7.765055488562211e-05,9.509584197076038e-05,8.07000687927939e-05,6.368282629409805e-05,4.475768582778983e-05,8.65144029376097e-05,6.868899072287604e-05,3.263219696236774e-05,0.00010101593943545595,7.127024582587183e-05,7.849483517929912e-05
2900,0.00020170860807411373,0.000138532675919123,2.5633833502070047e-05,0.00010833752457983792,0.0001059598580468446,0.0001168980888905935,9.706581477075815e-05,0.0001189292233902961,0.0001659121480770409,0.00011340156925143674,4.348847869550809e-05,0.00011555183300515637,7.867409294703975e-05,9.993308776756749e-05,0.00011210269440198317,7.738012209301814e-05,3.399593697395176e-05,5.443699046736583e-05,5.6072276493068784e-05,2.7747222702600993e-05,0.00018833883223123848,3.07260561385192e-05,2.756127832981292e-05,6.730209133820608e-05,8.724648068891838e-05,9.972738189389929e-05,8.888810407370329e-05,2.3513592168455943e-05,9.21235405257903e-05,3.647726043709554e-05,9.704862168291584e-05,9.875088289845735e-05,2.1295158148859628e-05,9.209776908392087e-05,4.805861317436211e-05,9.067304199561477e-05,3.955325882998295e-05,7.682262366870418e-05,8.488235471304506e-05,8.726115629542619e-05,9.285163105232641e-05,8.978333789855242e-05,5.4855110647622496e-05,2.3473754481528886e-05,9.192399738822132e-05,7.326566992560402e-05,3.556246520020068e-05,7.361313328146935e-05,8.506800077157095e-05,5.687713564839214e-05
3000,0.00021024692978244275,0.00013146179844625294,2.3216816771309823e-05,3.931901665055193e-05,0.00011619053111644462,0.0001126229326473549,5.467435403261334e-05,0.00011452939361333847,5.45646071259398e-05,0.0001229526096722111,0.00016164295084308833,9.725300333229825e-05,6.165802187751979e-05,6.556505832122639e-05,0.00011973984510404989,7.982250099303201e-05,3.764692155527882e-05,4.718923446489498e-05,5.4940461268415675e-05,3.6461264244280756e-05,2.7037916879635304e-05,2.5065783120226115e-05,3.1381281587528065e-05,7.825507054803893e-05,6.888332427479327e-05,9.238260827260092e-05,9.533866978017613e-05,2.249020144517999e-05,9.342980774817988e-05,2.6200994398095645e-05,9.823896834859625e-05,0.00011677757720462978,2.5508359613013454e-05,8.786209946265444e-05,3.235386247979477e-05,0.00010232591012027115,3.750935138668865e-05,9.662549564382061e-05,9.515794226899743e-05,8.497273665852845e-05,8.625508053228259e-05,8.890835306374356e-05,5.74990117456764e-05,6.044547990313731e-05,9.03351537999697e-05,8.301009802380577e-05,5.293423600960523e-05,0.00012941390741616488,8.07439791969955e-05,3.902132448274642e-05
3100,0.00021026970352977514,0.00013173608749639243,2.1088570065330714e-05,0.00018044824537355453,0.00010913719597738236,0.00012061860616086051,9.198972111335024e-05,0.00012000257265754044,4.176169022684917e-05,0.00012135306315030903,4.8468224122188985e-05,0.00011476290819700807,3.7470956158358604e-05,5.142708687344566e-05,9.448810305912048e-05,8.878896187525243e-05,4.082744271727279e-05,3.42468119924888e-05,7.227571040857583e-05,3.0520110158249736e-05,3.1467880035052076e-05,2.7354253688827157e-05,2.910586044890806e-05,6.215561006683856e-05,6.793659122195095e-05,0.00010314263636246324,8.939813415054232e-05,2.8124204618507065e-05,9.98815885395743e-05,2.8149201170890592e-05,0.00010485984239494428,9.217028855346143e-05,2.2789974536863156e-05,0.00010494847811060026,3.30670372932218e-05,9.52832997427322e-05,3.4108219551853836e-05,8.574649109505117e-05,0.00010111299343407154,7.931203435873613e-05,8.895995415514335e-05,8.709514077054337e-05,0.00010547983401920646,0.00012409582268446684,8.302934293169528e-05,7.269917114172131e-05,6.286445568548515e-05,0.0001291961089009419,9.100956958718598e-05,4.538467328529805e-05
3200,0.00018096815620083362,0.00013090491120237857,1.9507720935507677e-05,4.637215897673741e-05,0.00011154838284710422,0.00010503386874916032,7.022210775176063e-05,0.00010730431677075103,5.4884960263734683e-05,0.00011629167420323938,4.0909322706284e-05,0.00010418211604701355,3.300465323263779e-05,7.712820661254227e-05,0.00010044778900919482,5.704104478354566e-05,3.584701335057616e-05,4.015566082671285e-05,6.920617306604981e-05,3.933610787498765e-05,1.910524588311091e-05,2.3910348318167962e-05,3.397736873012036e-05,7.523458771174774e-05,5.022405821364373e-05,8.973386138677597e-05,9.431541548110545e-05,2.4948363716248423e-05,9.48266897466965e-05,3.869126157951541e-05,9.39107994781807e-05,9.16705685085617e-05,2.1795589418616146e-05,9.630434215068817e-05,2.9931326935184188e-05,8.563361188862473e-05,3.56236268999055e-05,7.442878268193454e-05,8.091671770671383e-05,8.967069152276963e-05,9.070397936739028e-05,9.31041213334538e-05,8.198327122954652e-05,4.2253948777215555e-05,8.2266895333305e-05,6.808731268392876e-05,4.643313877750188e-05,8.104456355795264e-05,7.943489617900923e-05,3.322489283164032e-05
3300,0.00018860121781472117,0.00013995889457874,2.3217844500322826e-05,4.1559123928891495e-05,0.00012176762538729236,0.00011510960757732391,0.00013036292511969805,0.00013311230577528477,3.9461301639676094e-05,0.00011060946417273954,0.00013745241449214518,0.00011421832459745929,7.165248098317534e-05,5.553899609367363e-05,0.00010241522977594286,4.374770651338622e-05,3.1044262868817896e-05,3.6196750443195924e-05,6.513336120406166e-05,3.3453587093390524e-05,6.571064295712858e-05,2.8293014111113735e-05,3.122409907518886e-05,6.078157093725167e-05,4.416153024067171e-05,0.00010629557800712064,9.743650298332796e-05,2.4105649572447874e-05,9.772680641617626e-05,2.7640609914669767e-05,9.845862950896844e-05,9.172537829726934e-05,2.425826824037358e-05,8.722441270947456e-05,2.9595128580695018e-05,0.0001050105711328797,4.227215322316624e-05,8.214789704652503e-05,7.45725556043908e-05,7.442766946041957e-05,0.00010163133265450597,9.746271825861186e-05,3.290437598479912e-05,0.00014680565800517797,9.054667316377163e-05,7.254319643834606e-05,4.821931361220777e-05,8.530636841896921e-05,7.532379095209762e-05,3.842233127215877e-05
3400,0.00015902404265943915,0.00013816669525112957,0.00026744030765257776,4.683083534473553e-05,0.00010939441563095897,0.00012947808136232197,4.837387314182706e-05,0.00012207066174596548,6.866746844025329e-05,0.00011928537423955277,3.2588239264441654e-05,0.0001151124743046239,2.2576401534024626e-05,4.674575393437408e-05,0.00011429670848883688,4.8354479076806456e-05,3.779573307838291e-05,7.010164699750021e-05,8.687435911269858e-05,3.350334372953512e-05,2.346429209865164e-05,2.7133601179230027e-05,3.0015742595423944e-05,8.486000297125429e-05,5.131256693857722e-05,8.597808482591063e-05,9.795846563065425e-05,0.00017816241597756743,9.964834316633642e-05,4.168334271525964e-05,0.00010317281703464687,0.00010638785170158371,9.718948422232643e-05,0.00010740903235273436,3.0395915018743835e-05,0.00010552885942161083,3.982830457971431e-05,9.165051596937701e-05,8.867259020917118e-05,0.0001003507713903673,9.788509487407282e-05,9.643943485571072e-05,7.047790859360248e-05,3.2370182452723384e-05,9.066024358617142e-05,7.332884706556797e-05,3.4681146644288674e-05,0.00010711826325859874,8.362803055206314e-05,6.789657345507294e-05
3500,0.00018895998073276132,0.0001424113434040919,2.3706601496087387e-05,0.00011248040391365066,0.00011072216875618324,0.00012380690895952284,5.260649777483195e-05,0.00011730344704119489,4.646253728424199e-05,0.00012022834562230855,4.340748637332581e-05,9.945967758540064e-05,6.818708789069206e-05,5.27140982740093e-05,0.00010159741214010864,8.892471669241786e-05,3.354918226250447e-05,4.6160701458575204e-05,4.7570229071425274e-05,4.335099220043048e-05,3.153503348585218e-05,2.697948002605699e-05,2.8794402169296518e-05,6.838793342467397e-05,8.504308061674237e-05,9.256030898541212e-05,9.63431884883903e-05,2.6484667614568025e-05,9.047630737768486e-05,1.990795681194868e-05,8.748369145905599e-05,9.061230230145156e-05,2.0121307898079976e-05,0.0001046269535436295,3.0112427339190617e-05,9.396790846949443e-05,3.493446274660528e-05,9.172789577860385e-05,7.882920181145892e-05,8.207045175367966e-05,9.51308393268846e-05,9.424463496543467e-05,9.383901488035917e-05,8.327778050443158e-05,7.83676077844575e-05,7.322224701056257e-05,4.094518953934312e-05,8.509711915394291e-05,7.812627154635265e-05,2.5304534574388526e-05
3600,0.00017467036377638578,0.00014558940893039107,4.500967406784184e-05,4.763567267218605e-05,0.0001320231385761872,0.00011888680455740541,0.00011548212205525488,0.00011810575961135328,5.281004632706754e-05,0.00012507635983638465,5.108123514219187e-05,0.00010780961747514084,2.565090653661173e-05,7.366696809185669e-05,0.00011625872866716236,8.731120760785416e-05,3.456627018749714e-05,3.859127900796011e-05,8.205898484447971e-05,2.389830297033768e-05,2.7000012778444216e-05,3.0464552764897235e-05,3.322331758681685e-05,8.019914821488783e-05,8.33320154924877e-05,9.877177944872528e-05,9.941993630491197e-05,3.6030603951076046e-05,8.688187517691404e-05,2.203520489274524e-05,9.145056537818164e-05,8.883803820936009e-05,2.3651075025554746e-05,9.834564116317779e-05,2.6290512323612347e-05,9.318617958342656e-05,3.877433846355416e-05,8.545901800971478e-05,6.0524031141540036e-05,9.861410944722593e-05,9.399951522937045e-05,9.821083949645981e-05,2.9793742214678787e-05,1.5732977772131562e-05,8.77047423273325e-05,7.266330067068338e-05,3.755069701583125e-05,8.691207767697051e-05,8.533684740541503e-05,2.560509710747283e-05
3700,0.00019580770458560437,0.00014299617032520473,2.1452628061524592e-05,2.843450420186855e-05,0.00011763875227188691,0.00011288561654509977,7.450276461895555e-05,0.00011526390153449029,4.3703304982045665e-05,0.00012200386845506728,5.011929533793591e-05,0.0001050519640557468,6.23775995336473e-05,6.191309512360021e-05,0.00010391705291112885,5.477659578900784e-05,3.7180368963163346e-05,4.3009469663957134e-05,5.121307913213968e-05,3.2799991458887234e-05,2.378433055127971e-05,4.596894723363221e-05,3.077870496781543e-05,6.897794810356572e-05,4.66839992441237e-05,0.00010168214794248343,9.61062905844301e-05,2.347725603613071e-05,9.583651990396902e-05,2.5048757379408926e-05,9.81517878244631e-05,8.683253690833226e-05,2.366026456002146e-05,0.00010339597065467387,3.4537690225988626e-05,9.591275738785043e-05,4.2235798900946975e-05,9.540487371850759e-05,7.972649473231286e-05,8.40976572362706e-05,8.812742453301325e-05,9.319582022726536e-05,3.059041773667559e-05,8.561881986679509e-05,8.697572047822177e-05,7.28241793694906e-05,5.577944830292836e-05,8.143603918142617e-05,9.358896204503253e-05,4.0837829146767035e-05
3800,0.00017156884132418782,0.00015369596076197922,1.9366458218428306e-05,3.19216305797454e-05,0.00011769386037485674,0.00012523008626885712,6.416186079150066e-05,0.00012295081978663802,5.017482544644736e-05,0.00012336895451880991,4.1324405174236745e-05,0.0001237845717696473,2.1733738321927376e-05,6.76879717502743e-05,0.00011236245336476713,0.00011294169235043228,2.9095159334247e-05,5.100436828797683e-05,7.118504436220974e-05,5.5452528613386676e-05,1.7779582776711322e-05,2.3263059119926766e-05,3.727118019014597e-05,7.295098475879058e-05,0.00011198306310689077,9.351262997370213e-05,0.0001104723269236274,2.4132694306899793e-05,9.615708404453471e-05,2.8468693926697597e-05,9.487918578088284e-05,9.049090294865891e-05,2.524569208617322e-05,9.528177179163322e-05,3.09730094159022e-05,9.501275781076401e-05,3.0124270779197104e-05,8.636160055175424e-05,9.659407078288496e-05,8.424452971667051e-05,0.0001019185219774954,0.00010187514999415725,3.216430195607245e-05,2.2653908672509715e-05,0.0001066587574314326,7.305463077500463e-05,4.786728459293954e-05,8.310723205795512e-05,8.054122736211866e-05,3.4123844670830294e-05
3900,0.00019333667296450585,0.00014671562530566007,2.409729677310679e-05,7.505555549869314e-05,0.00012484561011660844,0.00011910147441085428,0.00012500716547947377,0.00011465194256743416,3.803311483352445e-05,0.00011494127829791978,4.8541001888224855e-05,0.0001140618696808815,2.241143556602765e-05,5.695638174074702e-05,0.00010600906534818932,6.711999594699591e-05,2.7014581064577214e-05,3.8462032534880564e-05,8.761426579440013e-05,4.0911905671237037e-05,2.2168718714965507e-05,2.409574153716676e-05,3.457880302448757e-05,6.236378249013796e-05,9.143670467892662e-05,8.956099190982059e-05,0.00010391227260697633,2.089791996695567e-05,9.983576455852017e-05,6.047631904948503e-05,9.287910506827757e-05,0.00010032403224613518,2.499460242688656e-05,9.106134530156851e-05,2.9049042495898902e-05,0.00010363439650973305,4.402374179335311e-05,8.779511699685827e-05,7.065354293445125e-05,7.838788587832823e-05,8.409916335949674e-05,9.722515096655115e-05,4.7312842070823535e-05,2.2068221369409002e-05,9.490502998232841e-05,7.607950101373717e-05,4.502541196416132e-05,7.75148073444143e-05,7.680967974010855e-05,8.039530803216621e-05
4000,0.00019187576253898442,0.0001414853031747043,2.452664921293035e-05,0.00018952706886921078,0.00012110790703445673,0.00011688615632010624,7.663469295948744e-05,0.00012502737808972597,4.994722257833928e-05,0.00011847411951748654,3.147252573398873e-05,9.471285011386499e-05,1.9387038264540024e-05,9.813397628022358e-05,0.00010626622679410502,8.391560550080612e-05,4.0267594158649445e-05,0.00010349845251766965,5.3809635573998094e-05,4.29498941230122e-05,2.306411806785036e-05,2.6717951186583377e-05,3.385859599802643e-05,6.491281237686053e-05,6.314388156170025e-05,0.00010013119026552886,9.38957673497498e-05,2.1578531232080422e-05,8.594770770287141e-05,2.3474667614209466e-05,9.767810115590692e-05,8.997808618005365e-05,2.4530476366635412e-05,8.531023195246235e-05,3.2919739169301465e-05,0.00010131650196854025,3.567657040548511e-05,9.928528015734628e-05,5.4723255743738264e-05,8.439296652795747e-05,0.00010045069211628288,9.303735714638606e-05,9.489638614468277e-05,4.034051380585879e-05,9.46233412832953e-05,7.72881685406901e-05,3.772371564991772e-05,9.101587784243748e-05,7.962583185872063e-05,2.533455153752584e-05
4100,0.00018901472503785044,0.00015620203339494765,5.078608955955133e-05,3.244158506277017e-05,0.00011849037400679663,0.0001132374454755336,5.8170375268673524e-05,0.00013504021626431495,5.49197502550669e-05,0.0001326992060057819,3.534811548888683e-05,0.0001121301029343158,5.213584881857969e-05,0.00010275148815708235,0.00010235396621283144,4.817998706130311e-05,3.640695649664849e-05,9.6071460575331e-05,8.985811291495338e-05,4.6587756514782086e-05,2.266644878545776e-05,3.0613227863796055e-05,3.594005465856753e-05,8.560348942410201e-05,4.319783693063073e-05,9.886017505778e-05,0.00010247030149912462,2.5289780751336366e-05,9.551103721605614e-05,5.1328061090316623e-05,0.00010134141484741122,9.412971849087626e-05,3.712745092343539e-05,0.00010200371616519988,3.449462019489147e-05,9.56245421548374e-05,5.9814159612869844e-05,8.91844611032866e-05,7.404691859846935e-05,9.229418355971575e-05,9.770755423232913e-05,9.0344539785292e-05,3.258526703575626e-05,7.555333286290988e-05,8.58360217534937e-05,7.942875527078286e-05,6.251996819628403e-05,8.736069867154583e-05,9.473413228988647e-05,7.84273652243428e-05
4200,0.00017542365822009742,0.00013237311213742942,2.2692522179568186e-05,2.8075495720258914e-05,0.00011453311162767932,0.00011598093260545284,5.3397812735056505e-05,0.00011980265844613314,4.2024970753118396e-05,0.00010537904017837718,2.9494476621039212e-05,0.0001108272117562592,1.5646694009774365e-05,5.6876579037634656e-05,0.000105666731542442,0.0001443233632016927,3.883725730702281e-05,4.875208105659112e-05,6.538191519211978e-05,2.4507357011316344e-05,1.8164746506954543e-05,0.00011627699132077396,2.745518577285111e-05,6.49643552605994e-05,8.29137206892483e-05,8.992791117634624e-05,9.314360067946836e-05,2.1305440895957872e-05,0.00010315985855413601,2.868614137696568e-05,0.00011263173655606806,9.959324961528182e-05,1.993616569961887e-05,9.418364061275497e-05,6.534343992825598e-05,0.00010076133185066283,3.775351797230542e-05,9.89605177892372e-05,6.624051457038149e-05,8.878729568095878e-05,8.770549175096676e-05,9.658419730840251e-05,5.015278293285519e-05,2.8996873879805207e-05,9.283649706048891e-05,7.154876220738515e-05,3.1924959330353886e-05,9.004984895000234e-05,7.997498323675245e-05,6.610640411963686e-05
4300,0.0001981632231036201,0.00013727479381486773,2.1872116121812724e-05,0.00012137498561060056,0.0001246481406269595,0.00011223339242860675,5.466754373628646e-05,0.00011021853424608707,3.926814679289237e-05,0.00011259574966970831,0.0001211160997627303,0.00012314581545069814,1.5255298421834596e-05,4.917370461043902e-05,0.00011132120562251657,9.176970343105495e-05,3.778313475777395e-05,8.576041727792472e-05,9.650956781115383e-05,3.4285298170289025e-05,1.9708792024175636e-05,2.6153988073929213e-05,3.137793100904673e-05,6.444234168156981e-05,9.776018850971013e-05,0.00010263724834658206,0.00010178499360335991,2.5827608624240384e-05,9.418479749001563e-05,4.23980709456373e-05,8.428838918916881e-05,8.330962737090886e-05,2.5047007511602715e-05,9.202308137901127e-05,3.0862309358781204e-05,0.0001013316068565473,3.6718200135510415e-05,8.687846275279298e-05,9.045388287631795e-05,8.59651918290183e-05,9.135264554060996e-05,8.82920139702037e-05,8.252953557530418e-05,3.57515127689112e-05,8.710659312782809e-05,7.345074118347839e-05,3.276476854807697e-05,0.00011314645234961063,8.071799675235525e-05,4.807297955267131e-05
4400,0.00018368444580119103,0.00015172107669059187,7.383211777778342e-05,0.0001343529438599944,0.0001167824593721889,0.0001135621132561937,4.907009133603424e-05,0.0001329311344306916,4.0196580812335014e-05,0.00011836289922939613,3.0324599720188417e-05,0.00010627880692481995,6.104419298935682e-05,5.058486567577347e-05,0.00011581825674511492,6.470922380685806e-05,3.240931255277246e-05,3.3636642911005765e-05,5.5827513278927654e-05,3.727700823219493e-05,2.1561783796641976e-05,2.502064307918772e-05,3.248303255531937e-05,6.2829079979565e-05,8.36816179798916e-05,0.00010175255010835826,9.767300798557699e-05,8.920122490962967e-05,0.0001006595412036404,5.9833986597368494e-05,9.065144695341587e-05,8.949204493546858e-05,3.8226411561481655e-05,8.850927406456321e-05,3.199905404471792e-05,9.661851800046861e-05,4.126156272832304e-05,0.00011596174590522423,7.386224751826376e-05,7.932465814519674e-05,0.00010193614434683695,9.719904483063146e-05,9.377924288855866e-05,6.527123332489282e-05,8.668890950502828e-05,7.907146209618077e-05,6.960905739106238e-05,0.00010803811164805666,7.639626710442826e-05,3.8881807995494455e-05
4500,0.00017498218221589923,0.0001430966949556023,1.984235132113099e-05,3.192877920810133e-05,0.00012672596494667232,0.00011681299656629562,7.387997902696952e-05,0.00012522470206022263,4.605268259183504e-05,0.0001247030304512009,7.870965055190027e-05,0.00010284406744176522,2.540637979109306e-05,9.065968333743513e-05,0.00011803852976299822,8.875272760633379e-05,3.252371971029788e-05,4.231059574522078e-05,4.926219844492152e-05,2.8423381081665866e-05,2.757203037617728e-05,6.285574636422098e-05,3.2524156267754734e-05,8.282074122689664e-05,8.542319847038016e-05,9.956526628229767e-05,9.800942643778399e-05,2.5586725314497016e-05,0.00010167177970288321,2.6083715056302026e-05,8.997247641673312e-05,0.00010393250704510137,2.226457218057476e-05,9.801118721952662e-05,9.457027044845745e-05,9.599064651411027e-05,3.85045786970295e-05,9.89126056083478e-05,8.748557593207806e-05,9.363138815388083e-05,0.00010011005360865965,9.230428258888423e-05,2.4339229639736004e-05,4.5140564907342196e-05,9.202065848512575e-05,7.333842222578824e-05,4.300075306673534e-05,8.023280679481104e-05,8.409178553847596e-05,4.92724466312211e-05
4600,0.0001673471851972863,0.00013045445666648448,2.517840766813606e-05,6.83427497278899e-05,0.000123903329949826,0.00011727214587153867,8.530122431693599e-05,0.00012423057341948152,4.220379196340218e-05,0.00012379676627460867,3.292172550573014e-05,0.00011012745380867273,2.577955456217751e-05,0.00010107656999025494,0.00010428960376884788,6.104711792431772e-05,3.333334461785853e-05,4.7638026444474235e-05,7.07099970895797e-05,2.843556649168022e-05,2.6238822101731785e-05,2.285595837747678e-05,3.27328234561719e-05,7.897802424849942e-05,7.74829022702761e-05,9.121779294218868e-05,9.948542719939724e-05,2.5040513719432056e-05,9.620670607546344e-05,0.00017670364468358457,9.715464693726972e-05,8.845626871334389e-05,2.4767177819740027e-05,8.982668805401772e-05,3.404963354114443e-05,8.756953320698813e-05,0.0001699569693300873,9.554399730404839e-05,8.48722702357918e-05,8.654746488900855e-05,0.00010309364006388932,9.385250450577587e-05,0.00016351744125131518,2.9680873922188766e-05,8.782817894825712e-05,7.100083166733384e-05,4.214528962620534e-05,0.00011442152026575059,7.830590038793162e-05,3.201070649083704e-05
4700,0.00021749718871433288,0.00013409815437626094,2.5680428734631278e-05,0.00019149215950164944,0.0001151763426605612,0.00011247528891544789,7.063883094815537e-05,0.00011752293357858434,5.0064147217199206e-05,0.00011263654596405104,3.0000486731296405e-05,0.0001099053188227117,0.00010691482020774856,7.469272532034665e-05,9.316560317529365e-05,8.199645526474342e-05,3.358966569066979e-05,2.9446098778862506e-05,5.9053476434201e-05,2.656990363902878e-05,4.7895638999762014e-05,0.00018622278003022075,2.892057818826288e-05,5.3874569857725874e-05,4.644281943910755e-05,0.0001059161004377529,9.034868708113208e-05,2.3644257453270257e-05,9.673553722677752e-05,3.102418122580275e-05,0.00010803801706060767,9.504326590104029e-05,2.1902545995544642e-05,9.591895650373772e-05,0.00013932836009189487,0.00010022263450082392,4.251892096363008e-05,9.397170651936904e-05,7.16469730832614e-05,9.654616587795317e-05,9.312242036685348e-05,9.624776430428028e-05,0.00010286174801876768,2.8310085326666012e-05,8.710261317901313e-05,7.10924286977388e-05,3.504649066599086e-05,0.00010005562216974795,7.542626553913578e-05,0.00013869351823814213
4800,0.00019125126709695905,0.0001363235351163894,2.579292413429357e-05,9.638880874263123e-05,0.00012572327977977693,0.0001184454740723595,0.00013587689318228513,0.00012354952923487872,4.1406477976124734e-05,0.0001209859037771821,2.8537582693388686e-05,0.00010592347825877368,5.265505751594901e-05,8.166421321220696e-05,0.00010574171028565615,4.574973354465328e-05,3.379521149327047e-05,4.895176243735477e-05,7.161104440456256e-05,2.986651088576764e-05,2.233588384115137e-05,2.3249258447322063e-05,3.00579904433107e-05,8.17342079244554e-05,5.49065152881667e-05,9.346083970740438e-05,9.665612742537633e-05,3.060341623495333e-05,9.616191528039053e-05,4.5181932364357635e-05,9.164454240817577e-05,9.002435399452224e-05,0.00017271266551688313,9.940908057615161e-05,3.3786651329137385e-05,0.0001004250007099472,3.543954881024547e-05,9.177603351417929e-05,9.333500929642469e-05,7.817817822797224e-05,9.466994379181415e-05,9.532566036796197e-05,9.713468898553401e-05,8.879435335984454e-05,8.764565427554771e-05,7.522363739553839e-05,7.599998207297176e-05,9.550309187034145e-05,8.572223305236548e-05,9.474198304815218e-05
4900,0.00016642459377180785,0.00014491051842924207,2.1899842977290973e-05,8.556596003472805e-05,0.00011740146874217317,0.00011055262439185753,0.0001726874615997076,0.00011667768558254465,4.798321606358513e-05,0.00011940206604776904,9.240098006557673e-05,0.00011333802103763446,3.7293277273420244e-05,5.4270029067993164e-05,0.00010597195068839937,4.3312622437952086e-05,3.54064250132069e-05,5.5709966545691714e-05,6.432150985347107e-05,4.4043586967745796e-05,3.619214112404734e-05,3.161442145938054e-05,5.288000829750672e-05,6.408783519873396e-05,3.89352317142766e-05,9.563290950609371e-05,9.49720197240822e-05,2.0785222659469582e-05,9.68603853834793e-05,2.3519811293226667e-05,9.486401540925726e-05,9.221724030794576e-05,2.5730680135893635e-05,9.49507302721031e-05,9.010771464090794e-05,0.00010273610678268597,6.190618296386674e-05,8.470436296192929e-05,6.666533590760082e-05,8.547291508875787e-05,8.989002526504919e-05,9.30384558159858e-05,8.41701403260231e-05,6.92732137395069e-05,8.874033665051684e-05,7.369736704276875e-05,4.235612868797034e-05,9.000963473226875e-05,8.17289765109308e-05,3.29799295286648e-05
5000,0.00018130852549802512,0.00014503001875709742,2.0793124349438585e-05,8.067332237260416e-05,0.00013460227637551725,0.0001248857588507235,0.00015164303476922214,0.00012626215175259858,3.775578807108104e-05,0.00012469109788071364,8.160840661730617e-05,0.00011669491505017504,2.4189293981180526e-05,8.916867955122143e-05,0.00012298797082621604,6.02351465204265e-05,3.7065801734570414e-05,3.649015343398787e-05,6.413652590708807e-05,4.769982842844911e-05,2.103637598338537e-05,3.1027313525555655e-05,2.720051634241827e-05,7.10013264324516e-05,6.37782650301233e-05,9.429792407900095e-05,0.00010276688408339396,2.5446328436373733e-05,9.372935892315581e-05,1.8374581486568786e-05,9.52824775595218e-05,0.00010525103425607085,2.2553953385795467e-05,9.59081735345535e-05,3.160397682222538e-05,9.65789586189203e-05,3.1247633160091937e-05,8.568899647798389e-05,9.457198029849678e-05,8.292733400594443e-05,9.878491255221888e-05,0.0001080949732568115,3.6839977838099e-05,0.00010243157157674432,9.316048817709088e-05,6.969112291699275e-05,4.124520637560636e-05,7.681365968892351e-05,8.539148984709755e-05,3.142046625725925e-05
5100,0.00017100461991503835,0.00012941738532390445,2.2957436158321798e-05,8.809170685708523e-05,0.0001229277258971706,0.00011377937335055321,6.204904639162123e-05,0.00012877887638751417,4.39140603702981e-05,0.00013058433250989765,9.565539221512154e-05,0.0001070107682608068,2.6902778699877672e-05,4.9082667828770354e-05,0.00011502698180265725,7.711624493822455e-05,6.228835263755172e-05,3.899198054568842e-05,7.459947664756328e-05,3.475351331871934e-05,4.255121893947944e-05,6.91039240336977e-05,2.9658907806151547e-05,7.914187153801322e-05,4.714617534773424e-05,9.966317884391174e-05,9.931579552358016e-05,3.7173791497480124e-05,0.00010116185148945078,2.9331307814572938e-05,0.00010290394129697233,0.00010431739065097645,2.133848647645209e-05,0.00010452487913426012,6.840642163297161e-05,9.948908700607717e-05,2.766734905890189e-05,8.392608287977055e-05,8.338221232406795e-05,8.95268822205253e-05,9.598016185918823e-05,0.00010210440086666495,3.3408716262783855e-05,5.309972766553983e-05,8.491311018588021e-05,6.677927740383893e-05,4.7480261855525896e-05,0.00010917414329014719,7.480932254111394e-05,2.7037549443775788e-05
5200,0.00015931917005218565,0.00012569167301990092,2.4889257474569604e-05,3.747985101654194e-05,0.00011399710638215765,0.0001124725749832578,0.00014504131104331464,0.0001060328577295877,4.617992453859188e-05,0.00012317010259721428,0.00014299192116595805,0.00010276262764818966,8.802497177384794e-05,9.032080561155453e-05,0.00010043509246315807,8.829977741697803e-05,3.787569221458398e-05,4.495814209803939e-05,4.816221917280927e-05,3.114998253295198e-05,2.1025720343459398e-05,2.7437450626166537e-05,3.076156644965522e-05,6.0382291849236935e-05,7.105774420779198e-05,8.999145939014852e-05,9.541512554278597e-05,3.1447318178834394e-05,9.632376895751804e-05,2.1971851310809143e-05,9.45662977756001e-05,9.238479105988517e-05,2.5060529878828675e-05,9.425016469322145e-05,3.3823765988927335e-05,9.609615517547354e-05,3.881666998495348e-05,8.657104626763612e-05,6.962639599805698e-05,8.393145253648981e-05,9.576902084518224e-05,9.923167090164497e-05,4.4243370211916044e-05,1.894644992717076e-05,8.751815767027438e-05,7.133027975214645e-05,4.920129867969081e-05,7.574558549094945e-05,7.497350452467799e-05,3.039893454115372e-05
