step,channel_3551,channel_1126,channel_4518,channel_3447,channel_2063,channel_568,channel_634,channel_3121,channel_2865,channel_2184,channel_1578,channel_2859,channel_3299,channel_2356,channel_3138,channel_4596,channel_4319,channel_3238,channel_2076,channel_4755,channel_2017,channel_3265,channel_1055,channel_3088,channel_4161,channel_597,channel_4745,channel_4242,channel_4257,channel_4532,channel_3979,channel_2431,channel_2132,channel_3631,channel_1991,channel_2889,channel_2381,channel_2490,channel_3287,channel_3905,channel_3947,channel_222,channel_4321,channel_1231,channel_1509,channel_3214,channel_1202,channel_4032,channel_2548,channel_2795
0,1.9372453152755043e-06,4.9419841161579825e-06,3.1303716241382062e-06,1.3244442698123748e-06,1.4861163890600437e-06,1.092168804461835e-05,2.4428197775705485e-06,1.3806145489070332e-06,2.478082478774013e-06,9.880365723802242e-06,2.342314019188052e-06,1.091755052584631e-06,2.0506727196334396e-06,2.40888107327919e-06,1.7746207277014037e-06,2.254396122225444e-06,2.0338356989668682e-06,2.0753507214976707e-06,4.531561899057124e-06,6.596147613890935e-06,2.982117393912631e-06,1.8959103726956528e-06,1.92291281564394e-06,6.394081538019236e-06,2.695492412385647e-06,7.2477737376175355e-06,1.6753347154008225e-06,3.5183984437026083e-06,3.510743908918812e-06,4.7208186515490524e-06,1.958472694241209e-06,2.333574229851365e-06,2.838755108314217e-06,1.743159918987658e-05,2.0441073047550162e-06,4.183837972959736e-06,7.209302111732541e-06,2.816747382894391e-06,2.392785063420888e-06,7.586514129798161e-06,1.3807116374664474e-05,3.916765763278818e-06,4.936711775371805e-06,6.340960226225434e-06,1.8069284124067053e-05,2.3253096514963545e-06,1.0714574273151811e-05,2.74352760243346e-06,2.359093286941061e-06,5.370015514927218e-06
100,9.198018233291805e-06,7.702436050749384e-06,1.1310224181215744e-05,7.1524309532833286e-06,1.2172231436125003e-05,1.1001816346833948e-05,1.1497760169731919e-05,1.2870012142229825e-05,1.1727967830665875e-05,1.0594835657684598e-05,1.0041771020041779e-05,8.521173185727093e-06,1.3855382348992862e-05,1.062082992575597e-05,1.3115142792230472e-05,9.23540756048169e-06,1.4727165762451477e-05,1.037063975672936e-05,1.0350229786126874e-05,1.5332263501477428e-05,1.594697096152231e-05,1.5558387531200424e-05,1.4463767911365721e-05,1.6188345398404635e-05,1.623499338165857e-05,1.0764817488961853e-05,1.090455953089986e-05,9.680384209787007e-06,1.2498174328356981e-05,1.3847069567418657e-05,1.4183965504344087e-05,1.6439376850030385e-05,1.0972003110509831e-05,1.4899385860189795e-05,9.583592145645525e-06,1.3204398783273064e-05,1.4869191545585636e-05,1.6140127627295442e-05,1.293106561206514e-05,1.7760838090907782e-05,1.4515799193759449e-05,1.5617270037182607e-05,1.5596133380313404e-05,1.6247173334704712e-05,1.76451158040436e-05,1.4539876246999484e-05,1.8279328287462704e-05,1.2184759725641925e-05,1.2703172615147196e-05,1.856750350270886e-05
200,9.391472303832415e-06,1.1065826583944727e-05,9.00245868251659e-06,5.367206995288143e-06,9.656072506913915e-06,1.0367562026658561e-05,1.1558247933862731e-05,1.2815870832127985e-05,1.2307195902394596e-05,1.3485701856552623e-05,8.155858267855365e-06,1.2772065929311793e-05,7.44256885809591e-06,8.96723668120103e-06,1.0686922905733809e-05,1.1493689271446783e-05,1.0082771950692404e-05,1.013725977827562e-05,1.5418583643622696e-05,1.3303818377607968e-05,1.3934265552961733e-05,1.597651862539351e-05,1.4934207683836576e-05,1.141551274486119e-05,1.2194343980809208e-05,1.636173328734003e-05,1.0629153621266596e-05,8.744996193854604e-06,8.991623872134369e-06,1.6714959201635793e-05,1.0137175195268355e-05,1.3474545994540676e-05,1.7176815163111314e-05,1.295901347475592e-05,9.21149239729857e-06,1.483918367739534e-05,1.6813917682156898e-05,1.4189266948960721e-05,7.143314633140108e-06,1.6672542187734507e-05,1.0899007065745536e-05,1.3255543308332562e-05,1.7926098735188134e-05,1.5681491277064197e-05,1.5343199265771545e-05,1.4658121472166386e-05,9.73290570982499e-06,1.83149277290795e-05,1.1189174074388575e-05,1.058085763361305e-05
300,1.063211584551027e-05,9.965226126951165e-06,1.0010654477810021e-05,1.0943933375529014e-05,9.609401786292437e-06,1.1935784641536884e-05,9.782677807379514e-06,1.3126927115081344e-05,1.1765492672566324e-05,1.3100251635478344e-05,1.361781596642686e-05,9.087467333301902e-06,1.2557342415675521e-05,9.233828677679412e-06,1.4716171790496446e-05,1.5197259926935658e-05,1.092070851882454e-05,1.4621494301536586e-05,1.5710247680544853e-05,1.4212518181011546e-05,1.37416209327057e-05,1.4083455425861757e-05,1.570204403833486e-05,1.1391278349037748e-05,1.4171784641803242e-05,1.4474701856670436e-05,1.2952084034623113e-05,9.79177639237605e-06,1.658176006458234e-05,1.5399449694086798e-05,1.2141374099883251e-05,1.6962050722213462e-05,1.512016388005577e-05,1.2123338819947094e-05,1.7521519112051465e-05,1.753048309183214e-05,1.7617956473259255e-05,1.4659084627055563e-05,1.775199234543834e-05,1.7501117326901294e-05,1.196415632875869e-05,1.3061601748631801e-05,1.69252889463678e-05,1.7994711015489884e-05,1.2958245861227624e-05,1.4045341231394559e-05,1.2742955732392147e-05,9.866427717497572e-06,1.851466549851466e-05,1.322116622759495e-05
400,6.599231710424647e-06,5.77829541725805e-06,5.5045029512257315e-06,3.6418794024939416e-06,1.079079356713919e-05,1.043110023601912e-05,6.188622137415223e-06,5.130493718752405e-06,7.24100436855224e-06,4.373545834823744e-06,1.3538492567022331e-05,4.0567847463535145e-06,2.995431486851885e-06,5.338400114851538e-06,6.386715995176928e-06,3.991236098954687e-06,4.120088306081016e-06,6.768541879864642e-06,6.266800937737571e-06,9.697007953946013e-06,1.4143734915705863e-05,6.9411707954714075e-06,9.177187166642398e-06,5.145711384102469e-06,5.558725661103381e-06,9.321736797573976e-06,7.419912435580045e-06,4.187386821286054e-06,5.547655291593401e-06,7.74450472817989e-06,6.43111116005457e-06,8.566571523260791e-06,7.832750270608813e-06,8.985918611870147e-06,1.013907603919506e-05,5.504336058947956e-06,7.020822977210628e-06,6.071574262023205e-06,7.1968661359278485e-06,6.753934940206818e-06,4.937459834764013e-06,7.3904029704863206e-06,1.0527280210226309e-05,1.3942250006948598e-05,1.0401830877526663e-05,9.539228813082445e-06,1.0618950000207406e-05,5.475402304000454e-06,5.384840733313467e-06,8.926502232498024e-06
500,8.425578926107846e-06,6.372641109919641e-06,5.2173936637700535e-06,4.378313860797789e-06,3.880493750330061e-06,5.0916146392410155e-06,4.659224032366183e-06,7.783637556713074e-06,7.6199521572561935e-06,7.534516498708399e-06,9.969609891413711e-06,3.3877738587761996e-06,1.3240960470284335e-05,3.7821812384208897e-06,6.612305242015282e-06,3.7212455481494544e-06,4.0266568248625845e-06,5.747666364186443e-06,6.5328367782058194e-06,5.564528692048043e-06,8.087004971457645e-06,6.098853191360831e-06,7.381003797490848e-06,6.000023859087378e-06,1.0399908205727115e-05,1.0329310498491395e-05,7.138680302887224e-06,4.333250672061695e-06,6.914781806699466e-06,8.444711056654342e-06,4.6043478505453095e-06,6.324642981780926e-06,6.697012395306956e-06,9.722135473566595e-06,5.00061742059188e-06,3.4271631648152834e-06,6.4701730480010156e-06,4.493333108257502e-06,5.329376108420547e-06,7.650010957149789e-06,6.003770977258682e-06,7.072226708260132e-06,6.686614142381586e-06,6.326639322651317e-06,5.327371127350489e-06,4.85476948597352e-06,9.775326361705083e-06,8.19536671770038e-06,5.086912096885499e-06,6.37760604149662e-06
600,6.135848707344849e-06,5.43121132068336e-06,4.75219167128671e-06,3.870616183121456e-06,4.756595444632694e-06,5.158694875717629e-06,4.588205229083542e-06,7.081390776875196e-06,6.1864643612352666e-06,7.284899766091257e-06,4.462498964130646e-06,4.149835604039254e-06,4.712594545708271e-06,5.970853180770064e-06,5.372696705308044e-06,5.5931404858711176e-06,5.124819381308043e-06,4.609820280165877e-06,5.723908998334082e-06,6.546849363076035e-06,1.2574636457429733e-05,7.716106665611733e-06,6.720224519085605e-06,9.511440111964475e-06,7.354794433922507e-06,5.940628852840746e-06,6.7178543758927844e-06,3.2092061701405328e-06,7.078930138959549e-06,1.2540248462755699e-05,3.743722572835395e-06,1.2180436897324398e-05,6.717429187119706e-06,9.060581760422792e-06,5.098653218738036e-06,7.008540706010535e-06,5.166218670638045e-06,3.985262537753442e-06,6.739107902831165e-06,6.112695700721815e-06,6.877539362903917e-06,7.422810540447244e-06,7.174242000473896e-06,6.498320999526186e-06,1.5379944670712575e-05,5.647917987516848e-06,4.971464022673899e-06,1.1175460713275243e-05,6.433719590859255e-06,8.633576726424508e-06
700,6.014625341776991e-06,4.607688879332272e-06,3.951276994484942e-06,3.4432578104315326e-06,9.181763743981719e-06,4.1626094571256544e-06,4.322776021581376e-06,8.530282684660051e-06,5.3989429034118075e-06,4.522123617789475e-06,6.4709302023402415e-06,7.045108304737369e-06,1.24420112115331e-05,4.468732186069246e-06,7.398352408927167e-06,1.0264918273605872e-05,7.914892194094136e-06,4.207161055092001e-06,6.8085023485764395e-06,6.143832706584362e-06,5.267052529234206e-06,8.147049811668694e-06,8.738735232327599e-06,5.950027116341516e-06,6.674288670183159e-06,6.0793622651544865e-06,6.995330295467284e-06,6.685838343400974e-06,4.563364200294018e-06,1.2047206837451085e-05,4.0831396290741395e-06,7.369791092060041e-06,1.2995927136216778e-05,7.929490493552294e-06,7.058406026771991e-06,5.983336450299248e-06,6.8962872319389135e-06,3.98514839616837e-06,7.79740912548732e-06,8.163620805134997e-06,9.145069270743988e-06,6.978571491345065e-06,7.127892786229495e-06,1.639960646571126e-05,6.846415999461897e-06,9.974175554816611e-06,5.003258138458477e-06,5.635783054458443e-06,6.981162187003065e-06,7.570900379505474e-06
800,5.133824743097648e-06,3.505446784402011e-06,5.036643415223807e-06,4.2028063944599126e-06,5.046452770329779e-06,4.713449015980586e-06,5.1089255066472106e-06,4.14097439715988e-06,7.824031854397617e-06,8.014017112145666e-06,9.601317287888378e-06,5.564055754803121e-06,3.6962153444619616e-06,4.523842108028475e-06,9.039694305101875e-06,7.1988570198300295e-06,1.543784856039565e-05,6.5300368987664115e-06,1.1418994290579576e-05,8.661672836751677e-06,7.179993644967908e-06,9.756793588167056e-06,8.511092346452642e-06,8.55069447425194e-06,7.674143489566632e-06,6.901260803715559e-06,5.632511602016166e-06,4.464340690901736e-06,5.060810963186668e-06,1.0690916496969294e-05,1.6840680473251268e-05,9.267688255931716e-06,3.99063219447271e-06,1.046508077706676e-05,8.371766853088047e-06,7.700159585510846e-06,9.508221410214901e-06,1.6173800759133883e-05,1.1564673513930757e-05,6.414939434762346e-06,1.714085738058202e-05,1.7819567801780067e-05,1.041666473611258e-05,1.4568950064131059e-05,9.756751751410775e-06,4.8608321776555385e-06,1.086263819161104e-05,9.720033631310798e-06,4.712680947704939e-06,5.218886599323014e-06
900,5.305577815306606e-06,5.060576313553611e-06,4.736233677249402e-06,4.140796590945683e-06,3.2864998047443805e-06,4.432808964338619e-06,5.539623089134693e-06,5.35650451638503e-06,4.977150183549384e-06,4.913279553875327e-06,3.6407452626008308e-06,4.097482360521099e-06,3.4993795452464838e-06,4.131421974307159e-06,1.3504431080946233e-05,5.567007519857725e-06,4.150361291976878e-06,9.554294592817314e-06,9.486376256973017e-06,4.7409048420377076e-06,3.970206762460293e-06,8.20936566015007e-06,6.92997855367139e-06,5.481895186676411e-06,7.33010574549553e-06,1.4520685908792075e-05,8.225115379900672e-06,3.0612898171966663e-06,1.0338831998524256e-05,1.2516571587184444e-05,4.64438699054881e-06,6.4331361500080675e-06,5.5127716223069e-06,7.122549504856579e-06,5.2988621064287145e-06,5.428011718322523e-06,8.387380148633383e-06,5.339553354133386e-06,4.518733476288617e-06,6.790457518945914e-06,4.226035343890544e-06,1.0296330401615705e-05,4.679046469391324e-06,9.114575732382946e-06,1.0400286555523053e-05,4.616168098436901e-06,9.361590855405666e-06,1.0283951269229874e-05,5.7652973737276625e-06,5.149554453964811e-06
1000,5.784305358247366e-06,5.292928562994348e-06,5.8276482377550565e-06,3.6467411064222688e-06,4.443772468221141e-06,5.272609541862039e-06,5.112181497679558e-06,7.746163646515924e-06,7.305864528461825e-06,4.67361724076909e-06,4.850623554375488e-06,1.0209306310571264e-05,4.9027316890715156e-06,5.408934157458134e-06,5.804278771393001e-06,7.327467301365687e-06,6.460119493567618e-06,6.9882294155831914e-06,5.534600859391503e-06,5.438997959572589e-06,4.810715381609043e-06,6.280746219999855e-06,6.45292857370805e-06,7.199679203040432e-06,7.111227205314208e-06,5.888318810320925e-06,5.891511136724148e-06,4.815246484213276e-06,6.064560238883132e-06,1.0675635166990105e-05,6.0079873946961015e-06,1.5712634194642305e-05,9.607194442651235e-06,7.4563267844496295e-06,3.5102009405818535e-06,8.589447133999784e-06,8.937235179473646e-06,5.493389835464768e-06,6.300752829702105e-06,6.757640676369192e-06,9.393421350978315e-06,6.445799954235554e-06,6.930963081686059e-06,9.332811714557465e-06,9.536056495562661e-06,6.831543032603804e-06,6.3516131376673e-06,6.432600457628723e-06,6.378854777722154e-06,5.954839707555948e-06
1100,5.283295195113169e-06,4.742938017443521e-06,5.050665549788391e-06,5.092847459309269e-06,3.4314134609303437e-06,6.538797606481239e-06,9.104409400606528e-06,4.9030486479750834e-06,3.8191128624021076e-06,6.606035185541259e-06,4.656150395021541e-06,1.1017339602403808e-05,2.6381828774901805e-06,4.87490933664958e-06,4.164501660852693e-06,6.904308065713849e-06,3.823760380328167e-06,5.041503754910082e-06,7.340007869061083e-06,5.996682375553064e-06,3.7592992612189846e-06,5.926386165810982e-06,7.907212420832366e-06,6.6720572249323595e-06,6.68053735353169e-06,7.948257007228676e-06,5.027151928516105e-06,4.227678800816648e-06,8.941579835664015e-06,6.811555977037642e-06,1.3415479770628735e-05,7.006442046986194e-06,8.761217941355426e-06,6.747916813765187e-06,5.620942374662263e-06,4.290355718694627e-06,7.421095233439701e-06,3.6605240438802866e-06,4.884991994913435e-06,5.955650522082578e-06,4.6061340981395915e-06,6.652955562458374e-06,6.365652097883867e-06,9.300609235651791e-06,6.730659606546396e-06,5.224838332651416e-06,4.8118631639226805e-06,1.0233117791358382e-05,1.054484073392814e-05,5.112030976306414e-06
1200,6.721093541273149e-06,4.6151740207278635e-06,3.938450390705839e-06,3.6202977753418963e-06,4.6144932639435865e-06,5.916912414249964e-06,5.744404006691184e-06,7.221656687761424e-06,5.498861810337985e-06,5.391511422203621e-06,3.964825737057254e-06,6.167626906972146e-06,3.5771799957728945e-06,4.465409347176319e-06,5.46910086995922e-06,3.7827137475687778e-06,4.096369593753479e-06,4.448082108865492e-06,7.316458322748076e-06,1.132931538450066e-05,8.321019777213223e-06,8.975445780379232e-06,7.052228738757549e-06,5.234971013123868e-06,6.997055152169196e-06,1.1887451364600565e-05,6.35085916655953e-06,3.0469534522126196e-06,1.1018400982720777e-05,6.089852831792086e-06,5.478444109030534e-06,9.49407240113942e-06,5.452051482279785e-06,7.038858711894136e-06,7.818756785127334e-06,5.492007858265424e-06,7.732098310953006e-06,4.3940885916526895e-06,3.358637286510202e-06,8.450610948784743e-06,3.893496796081308e-06,7.36539459467167e-06,5.182815129955998e-06,8.88932936504716e-06,6.4168866629188415e-06,6.867452157166554e-06,5.907682862016372e-06,5.470714768307516e-06,5.919014256505761e-06,5.880418939341325e-06
1300,4.941558472637553e-06,5.846604381076759e-06,5.133259946887847e-06,3.830026344076032e-06,4.525045824266272e-06,4.368759618955664e-06,5.514202257472789e-06,3.842773821816081e-06,6.007660886098165e-06,7.445562459906796e-06,5.157363830221584e-06,5.416808107838733e-06,3.999618911620928e-06,5.509086804522667e-06,4.257147338648792e-06,4.611008989741094e-06,3.95710867451271e-06,7.1830918386694975e-06,3.2135751553141745e-06,8.221883945225272e-06,4.2266260606993455e-06,6.7113132899976335e-06,6.040116659278283e-06,5.6820585996320006e-06,9.851515642367303e-06,7.81893959356239e-06,4.005930804851232e-06,4.996763891540468e-06,7.120480404410046e-06,5.54799862584332e-06,5.009106644138228e-06,6.680674232484307e-06,6.248796125873923e-06,1.0593849765427876e-05,3.97158009945997e-06,7.576785719720647e-06,1.2620266716112383e-05,8.033077392610721e-06,9.663951459515374e-06,1.0200589713349473e-05,5.95651818002807e-06,1.3780190784018487e-05,4.190459094388643e-06,8.074873221630696e-06,1.1575912139960565e-05,6.159463737276383e-06,7.497538263123715e-06,9.269612746720668e-06,5.594182766799349e-06,5.718125066778157e-06
1400,7.691537575738039e-06,8.129906746034976e-06,4.688356966653373e-06,3.805074129559216e-06,4.344008630141616e-06,6.190849944687216e-06,5.585568942478858e-06,8.496047485095914e-06,4.455255748325726e-06,7.443842605425743e-06,5.7936190387408715e-06,3.921149982488714e-06,3.860905962937977e-06,4.48410855824477e-06,5.469347797770752e-06,5.43347869097488e-06,4.564744358503958e-06,5.60495072932099e-06,6.142359779914841e-06,6.913106972206151e-06,3.0692135624121875e-06,8.539825103071053e-06,6.473518169514136e-06,4.648956291930517e-06,1.1225008165638428e-05,9.489497642789502e-06,3.493604936011252e-06,6.384681455529062e-06,5.964996944385348e-06,8.5335905168904e-06,5.0386684051773045e-06,5.664736818289384e-06,1.4645915143773891e-05,8.987769433588255e-06,5.344243618310429e-06,6.478263458120637e-06,7.583914339193143e-06,5.329217856342439e-06,4.0933609852800146e-06,7.441375601047184e-06,4.499494025367312e-06,9.45227930060355e-06,7.389840902760625e-06,9.181755558529403e-06,7.408096280414611e-06,6.54822679280187e-06,1.7791553545976058e-05,1.3028027751715854e-05,1.0525828656682279e-05,6.698313882225193e-06
1500,7.4979379860451445e-06,5.156045062904013e-06,4.640316547011025e-06,6.717142696288647e-06,3.740041393029969e-06,7.118364464986371e-06,4.881903350906214e-06,8.195541340683121e-06,4.690122750616865e-06,7.174213806138141e-06,4.748806986754062e-06,3.632702828326728e-06,3.2056500458566006e-06,8.292980055557564e-06,4.773610726260813e-06,4.288921900297282e-06,5.269826033327263e-06,1.567386971146334e-05,7.492204986192519e-06,6.838266926934011e-06,4.529311809164938e-06,7.673796062590554e-06,4.555047325993655e-06,6.178502644615946e-06,6.174906957312487e-06,5.493491698871367e-06,7.5077632573083974e-06,4.159014224569546e-06,4.219434231345076e-06,7.5500593084143475e-06,6.454235062847147e-06,5.2647965276264586e-06,4.509379778028233e-06,7.370324965449981e-06,3.7299316772987368e-06,8.610066288383678e-06,6.394158845068887e-06,9.0207777247997e-06,3.323181317682611e-06,5.815175882162293e-06,9.121878974838182e-06,9.731210411700886e-06,6.5396238824178e-06,9.296600183006376e-06,1.2777166375599336e-05,5.83281598665053e-06,8.315591912833042e-06,8.170329238055274e-06,6.157505595183466e-06,6.342280812532408e-06
1600,3.851230758300517e-06,4.061401796207065e-06,6.0239490267122164e-06,3.950055543100461e-06,4.054501005157363e-06,4.461107437236933e-06,6.9636803345929366e-06,4.179037205176428e-06,6.113126801210456e-06,3.986118372267811e-06,6.08077471042634e-06,3.476448910078034e-06,4.271269972377922e-06,5.225520908425096e-06,3.656342869362561e-06,5.7832048696582206e-06,3.337915586598683e-06,4.669044756155927e-06,7.394129170279484e-06,7.152310445235344e-06,7.62065837989212e-06,9.54925508267479e-06,5.967981905996567e-06,1.055703978636302e-05,7.63810476200888e-06,5.005423645343399e-06,6.182433480717009e-06,3.6061753689864418e-06,7.85509473644197e-06,1.0315808140148874e-05,5.661071554641239e-06,1.1332905160088558e-05,6.419907094823429e-06,7.151895260903984e-06,4.314068519306602e-06,6.680919796053786e-06,6.2078811424726155e-06,4.627536782209063e-06,1.6555004549445584e-05,1.1142583389300853e-05,6.333321834972594e-06,5.045415491622407e-06,4.498742782743648e-06,7.033815109025454e-06,6.0922393458895385e-06,7.95171672507422e-06,6.779182967875386e-06,5.777636033599265e-06,6.781257070542779e-06,6.420546924346127e-06
1700,5.155700364412041e-06,5.56504528503865e-06,5.891788077860838e-06,4.036593054479454e-06,4.384725343697937e-06,5.2133764256723225e-06,1.2898274690087419e-05,3.975984327553306e-06,1.3170382771932054e-05,6.610631317016669e-06,4.276804247638211e-06,3.7323820833989885e-06,4.313847512094071e-06,4.744414582091849e-06,4.5522428990807384e-06,3.851118435704848e-06,4.945358796248911e-06,1.2132381925766822e-05,8.703228559170384e-06,1.1622947567957453e-05,7.895851013017818e-06,7.717741027590819e-06,5.970384790998651e-06,5.734184924222063e-06,9.537341611576267e-06,8.893925041775219e-06,6.382429091900121e-06,8.113603144010995e-06,9.200118256558198e-06,9.573605893820059e-06,4.974314379069256e-06,7.95141386333853e-06,9.996694643632509e-06,8.272568265965674e-06,5.9905123634962365e-06,6.608583134948276e-06,5.251813036011299e-06,4.24051495429012e-06,4.194526354694972e-06,8.454464477836154e-06,9.324182428827044e-06,1.6701431377441622e-05,7.910896783869248e-06,1.4410117728402838e-05,8.018798325792886e-06,9.708768629934639e-06,8.221748430514708e-06,6.888958523632027e-06,5.61004480914562e-06,8.518923095834907e-06
1800,8.274495485238731e-06,5.7659099184093066e-06,5.595051788986893e-06,5.65149457543157e-06,4.9099057832791004e-06,6.566555384779349e-06,5.321440312400227e-06,5.755718120781239e-06,4.993752099835547e-06,7.054822617647005e-06,6.189369287312729e-06,3.252084979976644e-06,3.7948207136651035e-06,4.433300091477577e-06,5.170501481188694e-06,1.0200811630056705e-05,4.3466134229674935e-06,4.494627773965476e-06,5.8630589592212345e-06,7.903257028374355e-06,7.11071515979711e-06,6.557900178449927e-06,6.1639188970730174e-06,8.472168701700866e-06,7.589269898744533e-06,6.102789939177455e-06,6.517062956845621e-06,5.353413598641055e-06,7.645366167707834e-06,6.183052391861565e-06,4.953681582264835e-06,8.116941899061203e-06,5.636471087200334e-06,1.1233118129894137e-05,8.198804607673083e-06,4.729607553599635e-06,7.8545463111368e-06,4.2940864659613e-06,3.6105336675973376e-06,6.789087365177693e-06,5.33589263795875e-06,6.889220458106138e-06,9.20730599318631e-06,7.484688012482366e-06,9.11876941245282e-06,1.011564745567739e-05,6.48266677671927e-06,9.153178325504996e-06,6.81729534335318e-06,6.3171219153446145e-06
1900,7.213878234324511e-06,4.158888714300701e-06,3.6125879887549672e-06,3.859157004626468e-06,4.662139417632716e-06,6.625053174502682e-06,4.7148182602541056e-06,5.136629624757916e-06,6.369363745761802e-06,6.0872448557347525e-06,7.145098152250284e-06,5.236541255726479e-06,2.577440000095521e-06,7.247422672662651e-06,5.260612851998303e-06,7.6221613198868e-06,6.120578291302081e-06,1.3038584256719332e-05,6.608631792914821e-06,6.479410330939572e-06,8.362255357496906e-06,6.084351753088413e-06,7.176708550105104e-06,7.3766327659541275e-06,8.576704203733243e-06,8.005516065168194e-06,1.0653564459062181e-05,7.245051619975129e-06,5.9049780247733e-06,7.3469454946462065e-06,6.486407983175013e-06,7.652100975974463e-06,9.074253284779843e-06,5.799401606054744e-06,4.847939635510556e-06,8.059299034357537e-06,7.05060847394634e-06,6.577953627129318e-06,8.429609806626104e-06,8.724327017262112e-06,6.586262770724716e-06,1.1153771083627362e-05,1.428868381481152e-05,8.558513400203083e-06,7.848525456211064e-06,5.484566827362869e-06,5.122513357491698e-06,4.477521088119829e-06,7.416959306283388e-06,6.967445187910926e-06
2000,4.638925020117313e-06,3.4070433230226627e-06,4.998680196877103e-06,5.0950716286024544e-06,6.71484076519846e-06,8.712104317964986e-06,9.684410542831756e-06,4.804179752682103e-06,5.582504854828585e-06,4.621219886757899e-06,4.985287887393497e-06,4.838464974454837e-06,3.7982383673806908e-06,5.762826731370296e-06,1.175941179099027e-05,5.351342679205118e-06,5.105328455101699e-06,3.4090905955963535e-06,6.117860266385833e-06,6.64803428662708e-06,1.0105461115017533e-05,7.75437456468353e-06,6.468575975304702e-06,8.941404303186573e-06,6.604760983464075e-06,6.657432550127851e-06,6.0909655985597055e-06,1.653144499869086e-05,7.094723059708485e-06,1.5288740542018786e-05,9.073986802832223e-06,8.284780960821081e-06,4.9962118282564916e-06,8.07376181910513e-06,4.842460839427076e-06,7.404589268844575e-06,6.236296940187458e-06,6.665991804766236e-06,4.138119948038366e-06,5.429610155260889e-06,5.514996246347437e-06,5.39032589585986e-06,7.535425538662821e-06,1.3693771506950725e-05,9.768233212525956e-06,1.7905666027218103e-05,4.203886874165619e-06,6.409150955732912e-06,7.315400580409914e-06,7.657322385057341e-06
2100,5.918503120483365e-06,4.8180354497162625e-06,3.6785222619073465e-06,4.967669610778103e-06,4.508712208917132e-06,5.817722012579907e-06,4.423780410434119e-06,6.66621963318903e-06,5.603083991445601e-06,5.858768417965621e-06,4.167802671872778e-06,3.3609398997214157e-06,3.5002888125745812e-06,6.680749720544554e-06,5.850069555890514e-06,5.087110821477836e-06,4.720379820355447e-06,4.479844847082859e-06,5.515868906513788e-06,7.057598850224167e-06,4.680915481003467e-06,1.01348896350828e-05,7.883171747380402e-06,7.91069305705605e-06,7.132215614547022e-06,6.7802729972754605e-06,5.766473350377055e-06,3.825070962193422e-06,6.522609055537032e-06,6.864491751912283e-06,5.6911426327133086e-06,1.296986283705337e-05,4.724383870780002e-06,8.013611477508675e-06,4.9058403419621754e-06,5.207980848354055e-06,7.608103715028847e-06,4.4727930799126625e-06,3.465875806796248e-06,1.107096341002034e-05,4.877225364907645e-06,8.4906532720197e-06,5.719610726373503e-06,8.6870777522563e-06,7.779510269756429e-06,5.144543592905393e-06,5.282397069095168e-06,6.197797574714059e-06,7.725750947429333e-06,5.8792484196601436e-06
2200,7.642105629201978e-06,4.168539362581214e-06,5.183129815122811e-06,7.09835740053677e-06,3.621584710344905e-06,6.972196842980338e-06,1.2448513189156074e-05,7.0816895458847284e-06,6.906749604240758e-06,6.3370844145538285e-06,5.04883337271167e-06,1.383133258059388e-05,4.143498699704651e-06,5.650433195114601e-06,3.925768851331668e-06,3.755687430384569e-06,6.042670520400861e-06,7.1205890890269075e-06,5.366500772652216e-06,6.899845175212249e-06,4.897163307759911e-06,7.311167792067863e-06,5.318335297488375e-06,9.536260222375859e-06,1.1670105777739082e-05,7.502770131395664e-06,6.652977845078567e-06,6.4094729168573394e-06,4.96708844366367e-06,6.748089617758524e-06,6.162583758850815e-06,7.597406693093944e-06,4.3427762648207135e-06,7.824232852726709e-06,4.413795977598056e-06,6.26108567303163e-06,7.650054612895474e-06,5.302109457261395e-06,5.69457006349694e-06,7.929836101538967e-06,5.372354735300178e-06,6.460252734541427e-06,1.246368537977105e-05,6.663651674898574e-06,7.212256150523899e-06,4.921743766317377e-06,8.306997187901288e-06,6.493707132904092e-06,5.405310730566271e-06,4.735677066491917e-06
2300,5.288762167765526e-06,2.8638498861255357e-06,6.0179127103765495e-06,4.629928753274726e-06,3.9248056964424904e-06,8.92359184945235e-06,8.083843567874283e-06,4.509305199462688e-06,4.967596851201961e-06,6.611727712879656e-06,6.601012501050718e-06,6.953343472559936e-06,3.90092054658453e-06,6.147509338916279e-06,7.205672318377765e-06,4.398714281705907e-06,6.2542308114643674e-06,6.2330786931852344e-06,6.874038263049442e-06,9.286872227676213e-06,5.8103573792323004e-06,7.801096217008308e-06,6.442683570639929e-06,5.429875272966456e-06,6.943536391190719e-06,7.633160748810042e-06,8.16105239209719e-06,7.710013051109854e-06,4.376790002424968e-06,1.0244965778838377e-05,6.616053724428639e-06,8.087165952019859e-06,1.0538818060013e-05,9.89461022982141e-06,1.0400750397820957e-05,8.27788062451873e-06,7.315237780858297e-06,8.672094736539293e-06,1.555868766445201e-05,4.417953732627211e-06,9.651733307691757e-06,6.846270935056964e-06,9.361261618323624e-06,8.229096238210332e-06,1.1942227502004243e-05,8.334931408171542e-06,5.685424184775911e-06,7.578246822959045e-06,1.0796715287142433e-05,5.5098303164413664e-06
2400,4.57447686130763e-06,4.103389528609114e-06,5.742238045058912e-06,3.816350272245472e-06,3.970658781327074e-06,6.084344022383448e-06,4.948286914441269e-06,5.046685600973433e-06,4.794330834556604e-06,5.426065399660729e-06,7.10682161297882e-06,4.163959602010436e-06,4.6490758904838e-06,5.878963747818489e-06,6.417610620701453e-06,1.0280916285410058e-05,3.866082352033118e-06,8.543197509425227e-06,5.094243078929139e-06,9.007399967231322e-06,4.339710358181037e-06,9.8553100542631e-06,1.1286854714853689e-05,5.1632696340675466e-06,9.745400348037947e-06,8.02098020358244e-06,1.0416011718916707e-05,4.433914455148624e-06,8.331990102306008e-06,1.2898868590127677e-05,6.5381796048313845e-06,6.049735475244233e-06,5.411680831457488e-06,8.334563062817324e-06,5.5170394261949696e-06,7.834991265553981e-06,8.375227480428293e-06,6.2868057284504175e-06,6.821341685281368e-06,8.162895937857684e-06,5.794807293568738e-06,9.733061233418994e-06,7.441325578838587e-06,1.0128228495887015e-05,8.285250260087196e-06,5.071470241091447e-06,5.272142971080029e-06,8.279690518975258e-06,6.9203988459776156e-06,6.295510956988437e-06
2500,6.046510407031747e-06,3.4340814636379946e-06,4.721921413874952e-06,6.668114110652823e-06,4.035172878502635e-06,7.383560387097532e-06,6.327978098852327e-06,4.8813235480338335e-06,5.423827133199666e-06,1.3327441592991818e-05,7.455968898284482e-06,5.044462341174949e-06,4.185888883512234e-06,3.939788712159498e-06,4.2053738980030175e-06,7.731326149951201e-06,1.5442894437001087e-05,4.950251422997098e-06,7.032397661532741e-06,7.280300451384392e-06,1.0264672710036393e-05,9.916680937749334e-06,7.321039447560906e-06,7.845136678952258e-06,7.259644917212427e-06,8.753778274694923e-06,1.0486219252925366e-05,6.07604488322977e-06,6.78216065352899e-06,1.1159281712025404e-05,6.577166459464934e-06,6.6721013354253955e-06,8.67123162606731e-06,1.054500444297446e-05,6.960283371881815e-06,9.922679055307526e-06,7.294184342754306e-06,4.309418272896437e-06,5.539944140764419e-06,7.179525709943846e-06,8.29093096399447e-06,8.599086868343875e-06,7.220377938210731e-06,8.8210708781844e-06,8.06705702416366e-06,9.025788131111767e-06,6.310706339718308e-06,7.612888566654874e-06,8.689874448464252e-06,6.50662332191132e-06
2600,7.400122740364168e-06,4.882889243162936e-06,5.984262770653004e-06,8.392773452214897e-06,4.396783424454043e-06,5.604581019724719e-06,5.824545496579958e-06,5.011574103264138e-06,5.369935934140813e-06,4.000034550699638e-06,6.09761127634556e-06,5.7476017900626175e-06,4.578023890644545e-06,4.871656528848689e-06,5.133350896358024e-06,7.629321771673858e-06,4.953019924869295e-06,9.511065400147345e-06,6.514794222312048e-06,8.42081044538645e-06,6.404569830920082e-06,9.462447451369371e-06,7.89906789577799e-06,5.840244284627261e-06,1.1209766853426117e-05,6.2548474488721695e-06,1.308063838223461e-05,5.91910065850243e-06,4.697151325672166e-06,7.464604095730465e-06,4.958350928063737e-06,1.0925924470939208e-05,5.697604592569405e-06,8.250084647443146e-06,5.879686341359047e-06,6.0186816881468985e-06,6.978006240387913e-06,5.8412019825482275e-06,3.885311343765352e-06,5.786075234937016e-06,8.892587175068911e-06,7.110410933819367e-06,6.600701908610063e-06,8.85444569576066e-06,5.0173521231045015e-06,4.3477871258801315e-06,5.583315214607865e-06,5.503294687514426e-06,7.0550177042605355e-06,6.062511147320038e-06
2700,4.685156454797834e-06,5.2525242608680855e-06,4.304014055378502e-06,4.291791810828727e-06,3.725949909494375e-06,7.0436985879496206e-06,7.806251232977957e-06,4.7690346036688425e-06,5.61676506549702e-06,5.0290436774957925e-06,5.088929810881382e-06,3.955878128181212e-06,5.161278295418015e-06,6.143560767668532e-06,3.859856406052131e-06,4.174124114797451e-06,6.263752766244579e-06,4.413223905430641e-06,7.265952717716573e-06,1.5868547052377835e-05,4.4597400119528174e-06,6.8601789280364756e-06,5.332966793503147e-06,4.674800493376097e-06,8.224676093959715e-06,5.124445124238264e-06,5.947336831013672e-06,3.6531434943753993e-06,6.112552455306286e-06,7.598256615892751e-06,6.563263468706282e-06,8.094821168924682e-06,9.043368663697038e-06,1.2867435543739703e-05,6.101598501118133e-06,5.287733984005172e-06,1.4243433724914212e-05,5.358265298127662e-06,5.053281711298041e-06,5.982117727398872e-06,6.82728841638891e-06,7.672118044865783e-06,9.527729162073229e-06,1.1536084457475226e-05,5.8804980653803796e-06,6.312325695034815e-06,8.220999916375149e-06,8.885298484528903e-06,6.7177702476328705e-06,7.402097253361717e-06
2800,4.110638201382244e-06,6.475181635323679e-06,4.583086592901964e-06,4.5015672185400035e-06,4.505117885855725e-06,8.25187180453213e-06,5.90589661442209e-06,5.821056674903957e-06,6.2840022110322025e-06,4.692366019298788e-06,5.223484095040476e-06,6.163112630019896e-06,3.4543838864919962e-06,4.551311121758772e-06,3.921740699297516e-06,6.447666237363592e-06,4.623448603524594e-06,5.229643647908233e-06,7.675826964259613e-06,5.972594863123959e-06,5.627248810924357e-06,7.5184170782449655e-06,5.352686457626987e-06,6.0015672715962864e-06,1.0398649465059862e-05,7.029010248515988e-06,6.532948191306787e-06,3.870063210342778e-06,4.400249508762499e-06,6.887797098897863e-06,4.6123063839331735e-06,5.082144980406156e-06,4.619049832399469e-06,7.260865913849557e-06,5.3772901082993485e-06,4.476220510696294e-06,4.492570042202715e-06,3.845612809527665e-06,7.562213795608841e-06,6.292746093095047e-06,4.780183644470526e-06,1.0118721547769383e-05,6.121452315710485e-06,9.07617049961118e-06,7.062501026666723e-06,6.340887466649292e-06,1.5830795746296644e-05,8.217300091928337e-06,5.6794951888150536e-06,5.822442290082108e-06
2900,7.580662440886954e-06,4.118507149541983e-06,8.809754945104942e-06,4.463319783098996e-06,6.2495964812114835e-06,5.477942522702506e-06,6.690542704745894e-06,7.034395821392536e-06,4.10495204050676e-06,7.421819645969663e-06,5.195282938075252e-06,4.0325203372049145e-06,3.279762950114673e-06,1.4231110071705189e-05,9.528277587378398e-06,4.228060788591392e-06,5.266886091703782e-06,4.9663885874906555e-06,4.218104550091084e-06,9.502382454229519e-06,6.1244354583323e-06,8.473881280224305e-06,6.2371277635975275e-06,5.318116109265247e-06,7.4818203756876756e-06,4.937021003570408e-06,6.175663202157011e-06,4.9296277211396955e-06,9.508755283604842e-06,1.1004827683791518e-05,9.599090844858438e-06,1.0512402695894707e-05,5.387006240198389e-06,8.006389180081896e-06,7.495013051084243e-06,9.666572623245884e-06,6.111401944508543e-06,4.148992047703359e-06,3.0890498692315305e-06,6.189201485540252e-06,8.455135684926063e-06,7.0815849539940245e-06,5.043563305662246e-06,1.1476770851004403e-05,6.785460300307022e-06,1.3027301974943839e-05,6.759706138836918e-06,1.4977218597778119e-05,9.1435358626768e-06,9.948029401130043e-06
3000,4.9904606385098305e-06,8.514741239196155e-06,5.168571533431532e-06,3.706597908603726e-06,5.078679805592401e-06,5.157424766366603e-06,3.743823071999941e-06,4.703837930719601e-06,3.873523837683024e-06,4.765276571561117e-06,6.629078143305378e-06,4.0368545342062134e-06,3.914086391887395e-06,3.5379423479753314e-06,4.210628503642511e-06,4.815597094420809e-06,4.854827693634434e-06,4.522386007010937e-06,9.438113011128735e-06,5.868508651474258e-06,5.996864274493419e-06,6.414456947823055e-06,7.996737622306682e-06,1.0090539035445545e-05,8.161248842952773e-06,6.051029686204856e-06,9.633199624659028e-06,4.365114818938309e-06,6.030687018210301e-06,5.202706688578473e-06,4.667386292567244e-06,9.502819921181072e-06,4.71977091365261e-06,6.933126769581577e-06,6.819754162279423e-06,5.6900494200817775e-06,6.49603498459328e-06,5.154098744242219e-06,4.103492301510414e-06,9.219283128913958e-06,5.5541049732710235e-06,7.923082193883602e-06,1.5410614651045762e-05,6.924233730387641e-06,9.657131158746779e-06,5.838532615598524e-06,8.035065548028797e-06,6.981517799431458e-06,6.056281563360244e-06,5.551495178224286e-06
3100,5.343928478396265e-06,3.595570888137445e-06,7.602995538036339e-06,5.735515514970757e-06,5.316994702297961e-06,1.2732329196296632e-05,5.249435616860865e-06,5.285557108436478e-06,5.46675619261805e-06,6.024396043358138e-06,4.520474703895161e-06,5.582144694926683e-06,4.471417469176231e-06,3.9351871237158775e-06,1.0787503015308175e-05,5.824990239489125e-06,4.588497176882811e-06,1.2758052434946876e-05,7.5385837590147275e-06,8.084234650596045e-06,1.1394461580493953e-05,9.060683623829391e-06,9.444233910471667e-06,8.777056791586801e-06,9.098561349674128e-06,5.9721678553614765e-06,1.0505679711059202e-05,7.194562385848258e-06,4.705046194430906e-06,1.0151237802347168e-05,7.052457931422396e-06,1.3086223589198198e-05,6.728534117428353e-06,1.1377791452105157e-05,5.320862328517251e-06,5.363925993151497e-06,5.426883035397623e-06,5.8482632994127925e-06,5.074196906207362e-06,1.468468144594226e-05,1.5974474081303924e-05,8.914471436582971e-06,7.555349839094561e-06,1.22699029816431e-05,6.598908839805517e-06,5.498848622664809e-06,6.236050921870628e-06,5.8329751482233405e-06,1.2465356121538207e-05,5.502729891304625e-06
3200,4.79736581837642e-06,6.284418304858264e-06,9.11618371901568e-06,4.093265488336328e-06,4.432954028743552e-06,9.863571904134005e-06,8.053443707467522e-06,5.198820417717798e-06,5.59681984668714e-06,4.645941771741491e-06,6.200271855050232e-06,4.201075626042439e-06,9.518726074020378e-06,7.005843144725077e-06,4.2609194679243956e-06,5.600788881565677e-06,6.237763955141418e-06,9.83370318863308e-06,7.79898437031079e-06,1.048716512741521e-05,1.1199499567737803e-05,6.896048944327049e-06,1.1631824236246757e-05,4.280067059880821e-06,8.941286978370044e-06,7.722744157945272e-06,9.37013464863412e-06,4.090720267413417e-06,5.487743237608811e-06,1.3076006325718481e-05,7.086893219820922e-06,1.2658567356993444e-05,5.312181201588828e-06,6.111866241553798e-06,6.756164566468215e-06,6.909538569743745e-06,7.696629836573265e-06,5.793456239189254e-06,5.092447281640489e-06,5.7714469221537e-06,7.095238743204391e-06,5.425119525170885e-06,6.78080641591805e-06,6.935940746188862e-06,7.351999101956608e-06,1.8203976651420817e-05,7.090703547874e-06,8.148625056492165e-06,7.607303814438637e-06,6.480837328126654e-06
3300,6.2877152231521904e-06,6.668431524303742e-06,8.649302799312863e-06,3.94607423004345e-06,4.663827439799206e-06,5.691816568287322e-06,7.15017449692823e-06,4.136275947530521e-06,6.085974746383727e-06,1.3568930626206566e-05,8.719895959075075e-06,6.140480763860978e-06,2.853119895007694e-06,4.984482529835077e-06,5.682387836714042e-06,5.320027412381023e-06,8.067914677667432e-06,4.873691977991257e-06,6.5269164224446286e-06,8.193066605599597e-06,4.260858986526728e-06,1.0148860383196734e-05,6.980862508498831e-06,4.906768481305335e-06,9.36669221118791e-06,7.12968585503404e-06,8.741814781387802e-06,4.1562648220860865e-06,5.7445149650448e-06,8.133753908623476e-06,9.486418093729299e-06,1.1178658496646676e-05,6.406602096831193e-06,1.0600911082292441e-05,5.252494702290278e-06,5.467873961606529e-06,7.452995305357035e-06,4.9952750487136655e-06,4.905456535198027e-06,6.954003310966073e-06,1.6386595234507695e-05,1.0421750630484894e-05,1.2930823686474469e-05,6.784912784496555e-06,8.439127668680158e-06,4.2752308218041435e-06,7.253001967910677e-06,5.95969868300017e-06,6.8072490648773964e-06,7.3566420724091586e-06
3400,7.372540039796149e-06,6.47258639219217e-06,6.31115881333244e-06,3.6635151445807423e-06,5.502105068444507e-06,6.735875558661064e-06,4.881645509158261e-06,7.528055903094355e-06,7.3444903136987705e-06,6.809670594520867e-06,8.163999154930934e-06,5.8478749451751355e-06,4.246433945809258e-06,5.371624865802005e-06,7.2197567533294205e-06,8.251402505266014e-06,5.00977967021754e-06,6.899565960338805e-06,7.817568075552117e-06,5.567161679209676e-06,7.4763374868780375e-06,7.062330496410141e-06,5.172763394512003e-06,6.9947936935932375e-06,8.395715667575132e-06,7.196482783911051e-06,6.906824182806304e-06,3.638246198534034e-06,5.571663677983452e-06,5.928917289566016e-06,5.289853561407654e-06,7.2392185757053085e-06,6.38293613519636e-06,1.2809564395865891e-05,7.570467914774781e-06,5.718837201129645e-06,6.374700660671806e-06,5.581606274063233e-06,9.034471077029593e-06,7.842083505238406e-06,6.718219083268195e-06,1.3188620869186707e-05,8.336981409229338e-06,1.1571341019589454e-05,8.565561984141823e-06,1.421614160790341e-05,8.182941201084759e-06,6.819087957410375e-06,6.7240184762340505e-06,6.368785307131475e-06
3500,4.162215645919787e-06,7.56744566388079e-06,1.0209243555436842e-05,4.050213647133205e-06,5.266475454845931e-06,9.83857080427697e-06,5.435435014078394e-06,5.082233201392228e-06,4.959978014085209e-06,7.680436283408199e-06,9.16207591217244e-06,4.2730839595606085e-06,6.859503173473058e-06,3.94778226109338e-06,4.997175892640371e-06,4.244415777066024e-06,3.849925178656122e-06,4.214799901092192e-06,5.172375495021697e-06,6.478472641902044e-06,5.946110832155682e-06,9.300668352807406e-06,6.970234608161263e-06,7.966718840179965e-06,6.414745257643517e-06,6.4524538174737245e-06,8.034136044443585e-06,5.087494173494633e-06,5.0064245442627e-06,8.394290489377454e-06,7.505588655476458e-06,7.795438250468578e-06,7.362196356552886e-06,5.293316007737303e-06,5.714793587685563e-06,5.140891516930424e-06,4.533060291578295e-06,5.772572876594495e-06,3.150713610011735e-06,5.746549959440017e-06,7.798898877808824e-06,6.307760941126617e-06,7.428484877891606e-06,1.330560462520225e-05,6.6013835748890415e-06,7.939566785353236e-06,5.367540779843694e-06,8.577242624596693e-06,5.048741513746791e-06,5.4967044889053795e-06
3600,5.774224064225564e-06,9.499221960140858e-06,5.340380539564649e-06,1.2129366950830445e-05,5.329433406586759e-06,6.233366093510995e-06,8.85239933268167e-06,4.800970600626897e-06,1.1474100574559998e-05,6.380100785463583e-06,1.1316529707983136e-05,6.433590897358954e-06,7.891597306297626e-06,4.8880565373110585e-06,1.3751133337791543e-05,7.238602847792208e-06,5.742655957874376e-06,1.2702030289801769e-05,1.0716701581259258e-05,8.593920938437805e-06,6.875792223581811e-06,1.3018604477110785e-05,1.602698648639489e-05,5.637782578560291e-06,6.954753189347684e-06,5.894743480894249e-06,8.546768185624387e-06,4.765527137351455e-06,2.9613563583552605e-06,1.2261509255040437e-05,4.694884410127997e-06,1.1516918675624765e-05,1.0387981092208065e-05,1.038308982970193e-05,8.148589586198796e-06,6.724966624460649e-06,5.7181587180821225e-06,1.7670805391389877e-05,4.500368049775716e-06,9.037267773237545e-06,6.110775757406373e-06,8.459045602648985e-06,6.919808583916165e-06,1.498645269748522e-05,8.832515959511511e-06,5.0189742069051135e-06,5.601926204690244e-06,7.117374934750842e-06,6.622230102948379e-06,7.655002264073119e-06
3700,5.835268893861212e-06,4.717596311820671e-06,4.8881888687901665e-06,4.0287168303621e-06,4.025208454550011e-06,8.489367246511392e-06,6.813501840952085e-06,3.9905808080220595e-06,6.015141480020247e-06,6.35832293482963e-06,1.0171052053919993e-05,4.861603429162642e-06,5.125663392391289e-06,5.549631623580353e-06,5.130259523866698e-06,4.393512426759116e-06,6.123832008597674e-06,8.84379096532939e-06,8.69360792421503e-06,8.728249667910859e-06,5.283121936372481e-06,9.322916412202176e-06,6.482337994384579e-06,5.453816356748575e-06,8.603003152529709e-06,7.849958819861058e-06,7.13292274667765e-06,4.4975299715588335e-06,4.161066044616746e-06,1.3061629033472855e-05,5.095923825138016e-06,1.1203016583749559e-05,4.8345336836064234e-06,8.899635759007651e-06,5.0939256652782205e-06,5.903203600610141e-06,7.533330062869936e-06,5.190433512325399e-06,6.186017344589345e-06,7.762183486192953e-06,7.602952337038005e-06,1.286714177695103e-05,1.026644076773664e-05,8.833881111058872e-06,8.841833732731175e-06,6.478233899542829e-06,5.5113441703724675e-06,8.239340786531102e-06,6.536595265060896e-06,9.954846973414533e-06
3800,5.854337814525934e-06,6.532766292366432e-06,5.123702521814266e-06,4.797009751200676e-06,5.312545454216888e-06,4.720118795376038e-06,5.214302291278727e-06,6.221658622962423e-06,4.572142188408179e-06,4.834630999539513e-06,5.544657597056357e-06,6.705841315124417e-06,4.0909303606895264e-06,4.069209808221785e-06,5.662950570695102e-06,5.692939339496661e-06,5.649835657095537e-06,4.273783815733623e-06,5.152091489435406e-06,9.989352292905096e-06,6.3691672949062195e-06,9.1342508312664e-06,9.467487871006597e-06,7.579337307106471e-06,7.464004283974646e-06,6.695032880088547e-06,4.683059160015546e-06,4.191092557448428e-06,6.571877747774124e-06,8.296658961626235e-06,1.2984983186470345e-05,7.806126632203814e-06,5.819769285153598e-06,9.60054876486538e-06,5.168483767192811e-06,9.019699064083397e-06,1.0402638508821838e-05,4.723139227280626e-06,3.933442258130526e-06,6.317685347312363e-06,5.463084562506992e-06,5.819020316266688e-06,5.397508630267112e-06,1.7864369510789402e-05,6.0655797824438196e-06,5.4992437981127296e-06,4.636120593204396e-06,7.84522489993833e-06,1.1025165804312564e-05,6.498833954537986e-06
3900,9.184193913824856e-06,4.8468259592482354e-06,3.424425131015596e-06,5.130240424477961e-06,8.504376637574751e-06,5.572218469751533e-06,5.7238826229877304e-06,6.423017111956142e-06,5.149227945366874e-06,5.971165592200123e-06,5.690812031389214e-06,3.5576274513005046e-06,3.218943447791389e-06,4.530819296633126e-06,5.633367891277885e-06,5.563019385590451e-06,6.665791715931846e-06,8.120678103296086e-06,5.774861620011507e-06,1.552211142552551e-05,5.970120582787786e-06,6.496453806903446e-06,9.34120180318132e-06,4.407207597978413e-06,5.177942512091249e-06,6.470450898632407e-06,1.6483945728396066e-05,6.487574864877388e-06,6.706134172418388e-06,6.6118254835600965e-06,8.020229870453477e-06,1.7002881577354856e-05,5.5656641961832065e-06,1.549446642457042e-05,6.261804173846031e-06,4.592770437739091e-06,7.792249562044162e-06,7.158297194109764e-06,4.466927293833578e-06,5.934808996244101e-06,1.1416714187362231e-05,9.107371624850202e-06,9.504241461399943e-06,1.0185956853092648e-05,4.7391986299771816e-06,5.100377620692598e-06,6.954207492526621e-06,7.263372026500292e-06,7.0097980824357364e-06,7.030692358966917e-06
4000,4.2406049942655955e-06,8.585831892560236e-06,3.963446033594664e-06,3.1761207992531126e-06,4.904815341433277e-06,8.146325853886083e-06,7.4797017077798955e-06,4.966987489751773e-06,4.981691290595336e-06,5.931665782554774e-06,5.130920271767536e-06,3.3015821827575564e-06,6.729564574925462e-06,7.62857371228165e-06,4.834666469832882e-06,3.3092776448029326e-06,5.3947615015204065e-06,9.116351066040806e-06,6.315977316262433e-06,6.571528501808643e-06,8.527754289389122e-06,6.331223175948253e-06,6.48176910544862e-06,5.817989404022228e-06,6.287576979957521e-06,6.13642896496458e-06,9.26426855585305e-06,5.311590484780027e-06,5.051430889579933e-06,1.0191976798523683e-05,5.2362306632858235e-06,6.415040843421593e-06,5.581770892604254e-06,1.0559577276580967e-05,5.015044280298753e-06,6.158858468552353e-06,7.449184067809256e-06,5.676554337696871e-06,3.583777925086906e-06,5.002313173463335e-06,5.172683813725598e-06,5.655421773553826e-06,8.256349246948957e-06,9.988093552237842e-06,7.339868716371711e-06,1.20865097414935e-05,8.059991159825586e-06,7.736602128716186e-06,5.959773261565715e-06,7.922027180029545e-06
4100,5.7757874856179114e-06,4.655830252886517e-06,5.389808848121902e-06,4.545386673271423e-06,4.329980129114119e-06,4.521588380157482e-06,5.8632872423913796e-06,5.8473906392464414e-06,5.881481683900347e-06,5.387800683820387e-06,5.3569592637359165e-06,5.476238129631383e-06,4.600323791237315e-06,8.23258415039163e-06,5.889471594855422e-06,5.831558155477978e-06,5.968652203591773e-06,3.961050879297545e-06,5.592050001723692e-06,1.0108627975569107e-05,5.36411198481801e-06,8.45943304739194e-06,7.768702744215261e-06,8.339164196513593e-06,6.800265964557184e-06,5.134545517648803e-06,1.2460178368201014e-05,3.653098701761337e-06,4.429004093253752e-06,1.2911003977933433e-05,6.6930051616509445e-06,7.326566901610931e-06,1.2557137779367622e-05,5.692406830348773e-06,5.05417392560048e-06,7.892212124716025e-06,7.757994353596587e-06,6.237119123397861e-06,4.316077593102818e-06,6.098890935390955e-06,4.6503646444762126e-06,7.388731319224462e-06,5.623950073641026e-06,1.0817492693604436e-05,6.260609552555252e-06,7.277810254890937e-06,5.904602858208818e-06,1.2564923054014798e-05,6.472174845839618e-06,6.5242370510532055e-06
4200,5.892489753023256e-06,7.3574551606725436e-06,6.886442406539572e-06,3.823918177658925e-06,4.215341050439747e-06,5.944835265836446e-06,5.241111466602888e-06,4.873259968007915e-06,3.945333446608856e-06,6.283967650233535e-06,5.232336661720183e-06,4.970696409145603e-06,4.697095846495358e-06,6.6947031882591546e-06,4.287546744308202e-06,4.811978215002455e-06,7.4134177339146845e-06,5.612382665276527e-06,4.387068656797055e-06,7.079943316057324e-06,1.481699200667208e-05,5.470096311910311e-06,7.6075193646829575e-06,5.697261713066837e-06,1.0589428711682558e-05,5.695018444384914e-06,7.285082119778963e-06,4.023359451821307e-06,6.980950729484903e-06,7.760897460684646e-06,6.22083143753116e-06,4.111976977583254e-06,6.552383638336323e-06,3.8105706607893808e-06,5.370943199523026e-06,6.108055913500721e-06,5.759834493801463e-06,3.5278278573969146e-06,4.403037110023433e-06,6.908927389304154e-06,6.863621365482686e-06,7.482282853743527e-06,4.033247478218982e-06,8.970464477897622e-06,7.452485078829341e-06,6.977445082156919e-06,7.977843779372051e-06,1.0745406143541913e-05,6.353501248668181e-06,5.243646228336729e-06
4300,6.029847554600565e-06,3.1243446301232325e-06,6.0793663578806445e-06,5.3745948207506444e-06,5.794081062049372e-06,4.69510132461437e-06,5.364814569475129e-06,4.589534000842832e-06,7.4989870881836396e-06,4.883660039922688e-06,6.100203790992964e-06,5.669201073033037e-06,3.658000878203893e-06,4.106134838366415e-06,4.414933755469974e-06,1.0813586413860321e-05,4.536077994998777e-06,3.7294005323929014e-06,7.593431291752495e-06,7.283846116479253e-06,3.6752653613802977e-06,9.78935531747993e-06,6.128258519311203e-06,7.529344657086767e-06,1.2541985597636085e-05,6.333036253636237e-06,1.1082142009399831e-05,3.5795849271380575e-06,4.9059440243581776e-06,6.125079380581155e-06,4.611720214597881e-06,5.654556389345089e-06,6.416773885575822e-06,6.686003416689346e-06,4.027893737656996e-06,8.220124982472043e-06,5.433891601569485e-06,4.460708623810206e-06,3.810318958130665e-06,6.863911039545201e-06,5.457278803078225e-06,8.007126780285034e-06,5.042666543886298e-06,5.643518761644373e-06,4.50198103862931e-06,4.554738552542403e-06,3.937413111998467e-06,5.48254638488288e-06,5.637951744574821e-06,1.0248525541101117e-05
4400,4.296328825148521e-06,5.648753813147778e-06,5.605826572718797e-06,1.0150070920644794e-05,6.451069566537626e-06,5.932008207309991e-06,7.593307600473054e-06,7.485934929718496e-06,6.607557679672027e-06,6.262376700760797e-06,5.96678819420049e-06,5.377195520850364e-06,6.545363703480689e-06,5.297441930451896e-06,6.1844257288612425e-06,1.5088566215126775e-05,4.9395848691347055e-06,4.7643325160606764e-06,6.269972345762653e-06,7.453233138221549e-06,5.6202970881713554e-06,9.258990758098662e-06,5.583677648246521e-06,7.131952770578209e-06,8.18913849798264e-06,6.1057212406012695e-06,6.512696018035058e-06,3.3848004932224285e-06,8.41571636556182e-06,6.743605808878783e-06,7.5770312832901254e-06,6.507667876576306e-06,9.0106714196736e-06,6.175446742417989e-06,7.455480954376981e-06,5.325911388354143e-06,8.95608445716789e-06,4.491969775699545e-06,1.1733266546798404e-05,1.5173113752098288e-05,1.7779739209800027e-05,5.987895292491885e-06,9.064707228390034e-06,7.386953257082496e-06,5.962637715128949e-06,4.709661425295053e-06,6.105474312789738e-06,1.2837287613365334e-05,4.908169103146065e-06,1.0021716661867686e-05
4500,5.025581231166143e-06,5.651020273944596e-06,3.3988440009125043e-06,4.934927801514277e-06,8.010042620298918e-06,6.313375251920661e-06,6.000242137815803e-06,4.548628112388542e-06,5.638831680698786e-06,5.695615982403979e-06,4.239116606186144e-06,3.7406541650852887e-06,4.929879196424736e-06,4.989249191567069e-06,6.006716375850374e-06,5.4724250730942e-06,6.066496098355856e-06,7.1183617365022656e-06,8.547807738068514e-06,6.501860752905486e-06,6.673496045550564e-06,7.952176929393318e-06,8.400166734645609e-06,6.801398740208242e-06,8.081157830019947e-06,6.26523069513496e-06,5.045523266744567e-06,6.062616648705443e-06,4.2158076212217566e-06,1.0414058124297298e-05,4.208256996207638e-06,7.4847202995442785e-06,8.292287020594813e-06,7.592761448904639e-06,4.82084533359739e-06,6.946049779799068e-06,8.650991730974056e-06,1.3017743185628206e-05,3.2861387353477767e-06,5.351460458768997e-06,8.544416232325602e-06,5.576747298619011e-06,1.0941713298961986e-05,1.2027131560898852e-05,5.21542187925661e-06,5.837307526235236e-06,4.409421308082528e-06,8.27177609608043e-06,7.590744189656107e-06,5.409722689364571e-06
4600,3.996615305368323e-06,4.471317879506387e-06,4.270253612048691e-06,3.432534413150279e-06,5.202088232181268e-06,6.736977411492262e-06,5.416035037342226e-06,4.602710760082118e-06,4.826820713788038e-06,6.879349712107796e-06,9.490293450653553e-06,4.023064320790581e-06,7.133759936550632e-06,4.629398063116241e-06,8.981490282167215e-06,9.180969755107071e-06,6.54257883070386e-06,7.56780991650885e-06,4.3797576836368535e-06,6.195964033395285e-06,6.814727839810075e-06,7.620605629199417e-06,6.217516329343198e-06,7.321690191020025e-06,8.643623004900292e-06,8.486013939545956e-06,4.0058694139588624e-06,3.958197339670733e-06,5.2291611609689426e-06,8.79685194377089e-06,1.1758595064748079e-05,7.974335858307313e-06,7.035401267785346e-06,5.619890998787014e-06,4.6568457037210464e-06,7.367847956629703e-06,9.008256711240392e-06,6.268818651733454e-06,7.66839730204083e-06,5.347289516066667e-06,6.785649929952342e-06,9.738123480929062e-06,5.994226285110926e-06,9.144252544501796e-06,1.1101297786808573e-05,8.072995115071535e-06,7.0234841587080155e-06,7.1971744546317495e-06,6.900644166307757e-06,7.431674930558074e-06
4700,6.09376866123057e-06,3.0604908261011587e-06,4.552834980131593e-06,5.551654339797096e-06,7.9112314779195e-06,5.621218406304251e-06,5.364663593354635e-06,7.4599838626454584e-06,6.604402642551577e-06,5.145447175891604e-06,8.676305697008502e-06,5.90171566727804e-06,5.028984560340177e-06,5.173953468329273e-06,5.10518020746531e-06,3.3544226880621864e-06,4.967817403667141e-06,4.214495220367098e-06,4.783047188539058e-06,8.277785127575044e-06,4.060891114932019e-06,6.892164947203128e-06,7.93081198935397e-06,6.15572253082064e-06,7.694533451285679e-06,5.05547177453991e-06,5.901208623981802e-06,3.575231858121697e-06,6.662268788204528e-06,6.856528216303559e-06,5.109412995807361e-06,1.1418333997426089e-05,6.253359515540069e-06,7.511675903515425e-06,4.6212621782615315e-06,6.899141226313077e-06,9.206272807205096e-06,3.1179727102426114e-06,2.9258414997457294e-06,6.418346401915187e-06,7.458742857124889e-06,7.077774625940947e-06,6.199056770128664e-06,8.336435712408274e-06,5.1399106268945616e-06,4.91378386868746e-06,6.102353836467955e-06,7.916190043033566e-06,8.298771717818454e-06,5.6662297538423445e-06
4800,6.01228020968847e-06,5.43943451702944e-06,4.284297574486118e-06,5.0315593398408964e-06,3.914822173101129e-06,8.145059837261215e-06,6.820598173362669e-06,5.068638984084828e-06,5.18209299116279e-06,5.837404387420975e-06,5.909089395572664e-06,4.228397756378399e-06,1.0213453606411349e-05,5.755586698796833e-06,5.112977305543609e-06,5.401186626841081e-06,6.104867679823656e-06,3.614016122810426e-06,6.389873306034133e-06,1.0597223081276752e-05,3.890108018822502e-06,7.285889296326786e-06,6.170393589854939e-06,6.3170382418320514e-06,6.373423730110517e-06,5.584373866440728e-06,5.281132416712353e-06,3.6333415209810482e-06,6.936002137081232e-06,7.721736437815707e-06,6.805989414715441e-06,5.485140718519688e-06,6.433243925130228e-06,4.3443224058137275e-06,8.830551450955682e-06,5.029661224398296e-06,5.717334261134965e-06,4.965217158314772e-06,4.135186372877797e-06,6.637165824940894e-06,5.889227395527996e-06,7.180988632171648e-06,4.965433618053794e-06,7.588417702208972e-06,6.635561931034317e-06,6.667762590950588e-06,5.514693839359097e-06,5.7115553317999e-06,6.3831416809989605e-06,5.628652615996543e-06
4900,5.195478024688782e-06,5.537163815461099e-06,6.48071227260516e-06,4.204741799185285e-06,4.317744242143817e-06,8.514929504599422e-06,5.675134161720052e-06,5.598113602900412e-06,8.301821253553499e-06,4.158806405030191e-06,6.1828354773751926e-06,4.009226813650457e-06,5.020754542783834e-06,4.026438091386808e-06,9.056888302438892e-06,7.558679499197751e-06,5.545170097320806e-06,5.6886437960201874e-06,6.195772584760562e-06,5.714442977478029e-06,3.849552740575746e-06,6.628787105000811e-06,8.111511306196917e-06,6.917932296346407e-06,6.80292623655987e-06,6.90662727720337e-06,7.853189345041756e-06,3.4762267659971258e-06,6.372265033860458e-06,8.533041182090528e-06,7.461406312359031e-06,6.910906904522562e-06,7.7267604865483e-06,5.566292657022132e-06,5.458283339976333e-06,5.869252163392957e-06,6.414669314835919e-06,5.24656570632942e-06,3.801449793172651e-06,5.356397196010221e-06,6.123038474470377e-06,1.0869930520129856e-05,1.2644505659409333e-05,1.0296715117874555e-05,8.83805569174001e-06,6.474307156167924e-06,7.281245871126885e-06,7.976331289683003e-06,6.894473244756227e-06,5.474340923683485e-06
5000,6.08751543040853e-06,6.0348070292093325e-06,5.052160759078106e-06,4.8316414904547855e-06,5.129320470587118e-06,9.383081305713858e-06,1.0036572348326445e-05,6.802191364840837e-06,7.1428303272114135e-06,4.729961801785976e-06,1.235156105394708e-05,7.509943770855898e-06,6.028036750649335e-06,6.1702548919129185e-06,6.996794581937138e-06,5.881799097551266e-06,3.844781986117596e-06,1.0084904715768062e-05,6.154683887871215e-06,4.189106675767107e-06,5.151845471118577e-06,8.246118341048714e-06,8.33386820886517e-06,6.283190941758221e-06,9.475937076786067e-06,1.2319623237999622e-05,1.0376101272413507e-05,8.667254405736458e-06,5.9357075770094525e-06,9.21721675695153e-06,8.829892976791598e-06,1.1523888133524451e-05,5.723079539166065e-06,4.899966825178126e-06,9.418332410859875e-06,4.86451108372421e-06,9.605138075130526e-06,1.1571614777494688e-05,6.530015070893569e-06,6.864198439870961e-06,8.738175893086009e-06,8.359255843970459e-06,5.108568529976765e-06,9.871010661299806e-06,1.0961633961414918e-05,7.468402145605069e-06,1.0974602446367498e-05,5.273690021567745e-06,5.451327069749823e-06,7.451330020558089e-06
5100,8.16846022644313e-06,3.827257842203835e-06,5.29219096279121e-06,5.01005661135423e-06,6.408441549865529e-06,8.097927093331236e-06,5.170867552806158e-06,4.676897788158385e-06,4.069302576681366e-06,1.2269971193745732e-05,7.746147275611293e-06,3.2187967917707283e-06,3.694057795655681e-06,7.340582214965252e-06,4.895211986877257e-06,3.8713506000931375e-06,4.776571586262435e-06,4.555333816824714e-06,4.467144663067302e-06,7.414884294121293e-06,4.9614782255957834e-06,6.511585979751544e-06,5.870499535376439e-06,5.358298039936926e-06,9.737241271068342e-06,7.0509527176909614e-06,6.939182185305981e-06,1.4345354429678991e-05,6.535122338391375e-06,1.2322255315666553e-05,8.527465070073958e-06,8.208512554119807e-06,6.210701485542813e-06,7.323165391426301e-06,6.420949830499012e-06,5.654432698065648e-06,9.390598279424012e-06,4.296826773497742e-06,7.961722076288424e-06,6.172047960717464e-06,7.508146609325195e-06,8.118454388750251e-06,7.622369594173506e-06,8.216066817112733e-06,7.846798325772397e-06,7.5447678682394326e-06,5.347851583792362e-06,8.673544471093919e-06,8.847544449963607e-06,7.302535777853336e-06
5200,5.818706085847225e-06,4.596510279952781e-06,5.570253961195704e-06,3.2608877518214285e-06,4.823617018701043e-06,5.776315447292291e-06,4.848309345106827e-06,4.753635948873125e-06,6.80277253195527e-06,4.344008175394265e-06,7.162968813645421e-06,4.080639428138966e-06,4.495572738960618e-06,5.025876816944219e-06,8.079303370323032e-06,4.246916432748549e-06,6.2281201280711684e-06,6.734851922374219e-06,6.607960585824912e-06,5.306547336658696e-06,4.85713417219813e-06,6.582210971828317e-06,6.512293566629523e-06,1.0781896889966447e-05,7.716123946011066e-06,6.1995096984901465e-06,8.95931134436978e-06,4.385635293147061e-06,5.49831565876957e-06,6.7145419961889274e-06,5.0182852646685205e-06,1.4262222975958139e-05,6.58596218272578e-06,6.673996267636539e-06,4.163180165051017e-06,5.243719442660222e-06,7.4972649599658325e-06,4.20196874983958e-06,4.457940121938009e-06,5.204234639677452e-06,4.757613169203978e-06,6.004706847306807e-06,6.460663826146629e-06,9.299666999140754e-06,8.965519555204082e-06,6.389052941813134e-06,6.3527095335302874e-06,5.004965714761056e-06,6.3471020439465065e-06,6.361065061355475e-06
