step,channel_62,channel_570,channel_208,channel_262,channel_53,channel_494,channel_386,channel_844,channel_56,channel_483,channel_591,channel_173,channel_709,channel_285,channel_559,channel_757,channel_648,channel_646,channel_624,channel_459,channel_144,channel_450,channel_363,channel_146,channel_694,channel_801,channel_70,channel_106,channel_337,channel_42,channel_617,channel_712,channel_880,channel_123,channel_777,channel_442,channel_280,channel_643,channel_100,channel_263,channel_206,channel_532,channel_31,channel_728,channel_71,channel_740,channel_338,channel_584,channel_486,channel_153
0,0.0026417565532028675,0.00044917489867657423,0.0007091357838362455,0.00019656975928228348,0.0005300563643686473,0.00016822725592646748,0.0003174668818246573,0.000474280008347705,0.0005214692791923881,0.000693666108418256,0.0004603952984325588,0.00022821528546046466,0.0001330640952801332,9.73936912487261e-05,0.00012455829710233957,0.00015445258759427816,0.00042865649447776377,0.000518648186698556,0.00029978802194818854,0.0002529738412704319,0.0003238999634049833,0.00012500678712967783,3.7691013858420774e-05,9.084825433092192e-05,0.00021437233954202384,0.00015219666238408536,0.0001326178462477401,4.745139813167043e-05,4.0051025280263275e-05,0.00010480549826752394,0.00010398453014204279,7.800854655215517e-05,3.3855412766570225e-05,3.512897819746286e-05,6.672944437013939e-05,3.187085530953482e-05,0.0001872756110969931,3.6878376704407856e-05,0.00012263527605682611,0.00016656151274219155,4.265363168087788e-05,8.70095900609158e-05,6.737699004588649e-05,3.1471521651837975e-05,3.413751983316615e-05,7.929674029583111e-05,0.00018201129569206387,7.371349784079939e-05,0.00016413994308095425,5.256832082523033e-05
100,0.004294728394597769,0.001066852710209787,0.001375693129375577,0.0006097709992900491,0.0005217743455432355,0.0009929263032972813,0.00024830372422002256,0.0006920728483237326,0.0006831396603956819,0.0002275389852002263,0.0003679863584693521,0.0006510132225230336,0.00025971027207560837,0.0005995684186927974,0.00014847419515717775,0.00047792805708013475,0.0005312192952260375,0.0003552016569301486,0.0004657733079511672,0.00039117541746236384,0.00027594968560151756,0.00017931946786120534,0.0002921062405221164,0.00010197493247687817,0.000282713066553697,0.00018502633611205965,0.00026754304417409003,0.00016457242600154132,0.0001719583524391055,0.000313226948492229,0.0003067644720431417,0.0002657447475939989,0.00016675516963005066,0.00023314730788115412,0.00014881556853652,0.00020462711108848453,0.00016478393808938563,0.0002548476040828973,0.00017468647274654359,0.00013100211799610406,0.0002728590043261647,0.0002456823131069541,0.00014350173296406865,0.0002118854463333264,0.00025554478634148836,0.0002517880639061332,8.25619135866873e-05,8.182339661289006e-05,0.00024752752506174147,0.00014494253264274448
200,0.007443466689437628,0.002369040623307228,0.0007219357648864388,0.0012412224896252155,0.0011419656220823526,0.0004585728165693581,0.0008605571929365396,0.0005434990744106472,0.0006864720489829779,0.00020264841441530734,0.0005247237859293818,0.0003357613750267774,0.0006150859408080578,0.0003210737486369908,0.0005488625611178577,0.0005368944839574397,0.00019010687537956983,0.0005280508776195347,0.00013902671344112605,0.000248083466431126,0.0002410959714325145,0.00041736813727766275,0.0003738082305062562,0.0003587936516851187,0.00010081587970489636,0.00033484946470707655,0.00032471344457007945,0.0001294785615755245,0.000324703985825181,0.0001486361725255847,5.1032358896918595e-05,0.0003025980549864471,9.46075379033573e-05,0.0002703857026062906,0.0002903165004681796,0.00013554439647123218,0.0002843466936610639,0.00018425039888825268,0.0002818373905029148,0.00015311095921788365,0.00012020183930872008,0.0001261274010175839,0.00018670593271963298,0.00022726265888195485,8.009702287381515e-05,9.121547191170976e-05,0.00016579269140493125,8.381384395761415e-05,7.430229015881196e-05,0.00016008001693990082
300,0.0051870811730623245,0.0017808056436479092,0.0007093142485246062,0.0009047036292031407,0.0007318408461287618,0.0006249101716093719,0.0004127246793359518,0.0008070122567005455,0.0007456947932951152,0.00047611616901122034,0.00046039928565733135,0.00034883999614976346,0.00030393520137295127,0.0005672784755006433,0.00029565091244876385,0.00023512834741268307,0.0003465772024355829,0.0003902683383785188,0.0001199406324303709,0.00045704824151471257,0.0004570131131913513,0.00025040903710760176,0.0003134490689262748,0.00010768359788926318,0.0003521682810969651,0.00020158923871349543,0.00020013967878185213,0.0003264332190155983,0.00023861142108216882,0.00018008532060775906,8.441550744464621e-05,0.00010158115037484095,0.0002974241797346622,0.0002961449499707669,9.949742525350302e-05,0.000286531780147925,0.00018288455612491816,0.0002820691152010113,0.00010919162014033645,0.0002749414124991745,0.00014867840218357742,0.00027158285956829786,0.00021766388090327382,0.0002561289875302464,0.000240291454247199,7.144801929825917e-05,0.00024887622566893697,0.0002476026420481503,0.00011788043775595725,0.00024650932755321264
400,0.0030001229606568813,0.0007545321714133024,0.0004922303487546742,0.0003799419500865042,0.00041526948916725814,0.0003552939451765269,0.00020386200048960745,0.00038779323222115636,0.00027216141461394727,0.00023256431450136006,0.00032528548035770655,0.0001433487777831033,9.238903294317424e-05,0.00038315868005156517,9.770560427568853e-05,0.00047406236990354955,0.00012252303713466972,0.0002320788480574265,5.825959669891745e-05,0.00020146662427578121,0.00014375269529409707,0.0001966105483006686,9.242181840818375e-05,6.19038037257269e-05,7.571810419904068e-05,9.846433385973796e-05,0.00014858525537420064,4.5206663344288245e-05,0.00011481012916192412,6.272295286180452e-05,6.711322930641472e-05,0.00010597789514577016,0.00010327696509193629,7.808941882103682e-05,0.00011964502482442185,9.508984658168629e-05,0.00012688028800766915,0.0001289129868382588,0.00013345580373425037,0.0001560771488584578,8.256741421064362e-05,8.115219679893926e-05,0.00010599962115520611,0.00019742485892493278,0.00012332465848885477,6.596541788894683e-05,6.396091339411214e-05,0.00014823082892689854,7.062584336381406e-05,0.0001825935614760965
500,0.001659351633861661,0.0004884949303232133,0.0003713986952789128,0.000215253428905271,0.0002492643252480775,0.00021899673447478563,0.00026269484078511596,0.00018391897901892662,0.0002511525817681104,0.0001339186419500038,0.0001836769952205941,0.00017116971139330417,0.00024019692500587553,0.00011447450378909707,0.00021139562886673957,0.00018362414266448468,0.00023826518736314029,0.00010487612598808482,7.614371133968234e-05,0.00010337928688386455,0.00017486352589912713,8.514575893059373e-05,6.739980744896457e-05,5.924378274357878e-05,8.560338756069541e-05,8.692186383996159e-05,0.00015665209502913058,0.00010983230458805338,6.251765444176272e-05,6.701606616843492e-05,3.467719579930417e-05,5.99162231083028e-05,5.376034459914081e-05,8.55735779623501e-05,9.356650116387755e-05,8.80412626429461e-05,6.0622078308369964e-05,0.0001132292381953448,6.630543066421524e-05,0.00015679890930186957,6.506742647616193e-05,6.753180787200108e-05,8.434432675130665e-05,7.458880281774327e-05,6.340198160614818e-05,8.027352305362001e-05,6.300948007265106e-05,5.918498573009856e-05,8.699984027771279e-05,5.198451253818348e-05
600,0.001954425359144807,0.000484390533529222,0.0006380068953149021,0.000283389090327546,0.0003829940687865019,0.00020860832592006773,0.0002561058499850333,0.00021417139214463532,0.00016675527149345726,0.00011125991295557469,0.00019901397172361612,0.00023235499975271523,0.0002304902154719457,0.00011618427379289642,0.00013586791465058923,0.0003804652951657772,0.00020742343622259796,0.00020612443040590733,8.271220576716587e-05,0.00016775056428741664,0.00019201931718271226,0.0001866185775725171,0.00010562197712715715,0.00013952403969597071,0.00015496024570893496,6.131955160526559e-05,0.0002571283548604697,7.272370567079633e-05,6.59362631267868e-05,0.00013061787467449903,6.479175499407575e-05,0.00010855949221877381,0.00010312772064935416,0.00015070231165736914,0.0001087263080989942,3.616782487370074e-05,8.647196955280378e-05,0.00016077868349384516,7.939578063087538e-05,6.776105146855116e-05,7.985439151525497e-05,5.116412285133265e-05,0.0001290699146920815,6.776214286219329e-05,5.8022167650051415e-05,6.47945053060539e-05,5.781662184745073e-05,4.826327131013386e-05,8.887972217053175e-05,6.413704977603629e-05
700,0.0012876649852842093,0.0002943089057225734,0.0010958912316709757,0.00014425201516132802,0.0002192594693042338,0.00031583645613864064,0.00013854590361006558,0.00011448538862168789,0.00030758685898035765,0.00011346928658895195,0.00016812860849313438,0.00014253663539420813,0.00022579918731935322,0.0002661210601218045,0.000153217333718203,0.00026308256201446056,0.00014331680722534657,8.163374877767637e-05,0.00010106878471560776,0.00021926348563283682,0.00015570258256047964,8.853542385622859e-05,0.0001112724348786287,5.5259566579479724e-05,9.501379827270284e-05,4.4427903048926964e-05,0.00011899665696546435,0.00016999915533233434,6.631153519265354e-05,8.396324119530618e-05,4.262612492311746e-05,6.996464799158275e-05,7.671545608900487e-05,6.269963341765106e-05,0.00011129162885481492,0.00012913034879602492,0.00013443146599456668,7.344812183873728e-05,0.00011491826444398612,0.00010292814113199711,8.35719911265187e-05,7.260958955157548e-05,8.378913480555639e-05,6.589575787074864e-05,3.4088894608430564e-05,3.2234707759926096e-05,2.8566561013576575e-05,6.122561899246648e-05,8.157772390404716e-05,0.00012297606735955924
800,0.0029345343355089426,0.000906588276848197,0.0004912809818051755,0.00040724073187448084,0.00044796214206144214,0.00029691436793655157,0.0003117210872005671,0.00022762482694815844,0.0002261441113660112,7.001310586929321e-05,0.0002589871292002499,0.0001343814074061811,0.00019292131764814258,0.00017986210878007114,0.00011124049342470244,0.00021541157911997288,0.00015206154785118997,0.00019684183644130826,6.170762208057567e-05,0.00016985203546937555,0.00013199822569731623,0.0001889917184598744,0.0001434909354429692,9.788880561245605e-05,0.00014681460743304342,0.00010787905193865299,0.00011348533007549122,6.315411883406341e-05,0.00011003420513588935,0.00012138573219999671,2.6620195058058016e-05,6.45072286715731e-05,5.8190300478599966e-05,6.054250479792245e-05,9.851250797510147e-05,6.786682206438854e-05,8.042271656449884e-05,5.304528895067051e-05,6.988267705310136e-05,0.00012130042159697041,7.441317575285211e-05,0.00012347045412752777,8.570984937250614e-05,7.449906843248755e-05,6.889422365929931e-05,8.52709126775153e-05,5.61330234631896e-05,3.721177199622616e-05,3.9534515963168815e-05,0.0001808042434277013
900,0.002547875978052616,0.0009023536695167422,0.0012309240410104394,0.00040560081833973527,0.00041240992140956223,0.0005021327524445951,0.00015217994223348796,0.00015482294838875532,0.0005076606757938862,0.00014526965969707817,0.0002779733622446656,0.00023639459686819464,0.00028133130399510264,0.00015089444059412926,0.00019067598623223603,0.0001931848528329283,0.00012857504771091044,0.00021681265207007527,0.00015354844799730927,0.0002445083227939904,0.0001274572714464739,0.0002362758677918464,7.573313632747158e-05,7.996983913471922e-05,0.00011933007772313431,8.967925532488152e-05,0.0001362340699415654,8.111877832561731e-05,8.476221410091966e-05,6.904300971655175e-05,5.15060564794112e-05,5.1356517360545695e-05,0.00010033622675109655,5.909379251534119e-05,0.00022124077077023685,8.444557170150802e-05,7.530503353336826e-05,4.51992018497549e-05,8.903730486053973e-05,0.00020953244529664516,0.00011004771658917889,5.489066825248301e-05,0.00013785556075163186,0.00011579156125662848,5.7370449212612584e-05,3.437601844780147e-05,5.128035627421923e-05,6.818435940658674e-05,0.0001024487501126714,0.00014015416672918946
1000,0.002081260085105896,0.0005638140719383955,0.00043702565017156303,0.0002467770827934146,0.0003242854436393827,0.0003943330084439367,0.00015684265235904604,0.00023633422097191215,0.00024814705830067396,9.659273928264156e-05,0.0001625261065782979,0.0001855525333667174,0.00014102911518421024,0.00027049865457229316,0.0001852422719821334,0.00020715173741336912,0.00010612874757498503,0.00021024272427894175,7.380473834928125e-05,0.00015385457663796842,8.94195181899704e-05,0.0001515720214229077,7.41885814932175e-05,4.760738738696091e-05,9.655499161453918e-05,6.139626930234954e-05,6.531568214995787e-05,8.087989408522844e-05,0.00011908478336408734,5.797624180559069e-05,3.148968244204298e-05,4.876684761256911e-05,7.098427886376157e-05,8.219811570597813e-05,0.00010194582864642143,5.323154618963599e-05,9.283496183343232e-05,5.455064820125699e-05,0.0001336236746283248,0.0002028765738941729,4.5409648009808734e-05,7.788492803229019e-05,4.05775717808865e-05,5.17082262376789e-05,6.957861478440464e-05,6.780798139516264e-05,5.283260179567151e-05,4.474637171369977e-05,9.786418377188966e-05,0.00010494496382307261
1100,0.001378053450025618,0.0004177308874204755,0.0006909212097525597,0.00017950657638721168,0.00018193175492342561,0.0002749540435615927,0.00012387959577608854,0.000231197162065655,0.00019370279915165156,8.898174564819783e-05,0.000169456034200266,0.00018338167865294963,9.671544103184715e-05,0.00011671200627461076,0.0001468958507757634,0.00014777929754927754,0.0001019716655719094,0.00014583101437892765,9.705558477435261e-05,0.00012779403186868876,0.00012016164691885933,0.00013933121226727962,6.205274985404685e-05,4.6581764763686806e-05,0.00011991783685516566,5.5684035032754764e-05,0.00013727623445447534,9.893454989651218e-05,0.0001237698015756905,0.00014848327555228025,5.5897973652463406e-05,0.00013968015264254063,4.355133933131583e-05,7.82682909630239e-05,7.655702211195603e-05,0.00013151900202501565,4.9168414989253506e-05,7.25688150851056e-05,6.247220153454691e-05,7.502970402128994e-05,3.8218357076402754e-05,0.00010701599239837378,9.09036461962387e-05,5.798918573418632e-05,8.53738165460527e-05,6.232967280084267e-05,6.77333737257868e-05,5.476831938722171e-05,4.4870044803246856e-05,0.00013689766637980938
1200,0.001864191028289497,0.0005294098518788815,0.000652885704766959,0.0002716745366342366,0.00021332855976652354,0.00016253361536655575,0.00032127765007317066,0.00029297490254975855,0.00018961942987516522,0.00024023905280046165,0.0003565918013919145,0.00015267544949892908,0.00022373473620973527,0.00011767805699491873,8.883846021490172e-05,0.0002178782015107572,0.00014558299153577536,0.0002671086695045233,6.026507981005125e-05,0.00010876762826228514,9.103431511903182e-05,0.00011952563363593072,6.291961472015828e-05,0.00016138512000907212,5.763606168329716e-05,6.911277159815654e-05,0.00026100536342710257,6.542872870340943e-05,0.00010336468403693289,9.38443627092056e-05,3.424971873755567e-05,4.344183253124356e-05,4.646108936867677e-05,4.512857412919402e-05,7.701320282649249e-05,8.559765410609543e-05,0.00012895757390651852,7.133043254725635e-05,8.012043690541759e-05,9.511468670098111e-05,6.16107790847309e-05,7.76855304138735e-05,9.708716243039817e-05,0.00013198801025282592,7.714276580372825e-05,8.628392242826521e-05,8.405960397794843e-05,9.426551696378738e-05,6.071237294236198e-05,9.357358067063615e-05
1300,0.002663486637175083,0.0009359171381220222,0.000326320412568748,0.0004035580495838076,0.0003643245727289468,0.0003866861807182431,0.0003978197346441448,0.00025551565340720117,0.0003958360175602138,0.00020358221081551164,0.00022401697060558945,0.0003201038052793592,0.0002622529864311218,0.00011396239278838038,0.00010060735803563148,0.00016898583271540701,0.00014340219786390662,0.00014366077084559947,8.452145993942395e-05,0.00011445233394624665,8.743071521166712e-05,0.00016188275185413659,0.00011148571502417326,6.743386620655656e-05,0.00011068817548220977,8.094299118965864e-05,0.00013093120651319623,5.907175727770664e-05,0.00010011345875682309,6.471778033301234e-05,6.109746755100787e-05,3.840127828880213e-05,4.049856579513289e-05,9.586306259734556e-05,0.00010402281623100862,0.00010305678733857349,7.940873183542863e-05,0.00010242608550470322,0.0002089636109303683,8.511744817951694e-05,6.905804184498265e-05,6.476612907135859e-05,0.00010120030492544174,6.018305793986656e-05,4.321173037169501e-05,3.456087506492622e-05,7.236143574118614e-05,7.638528040843084e-05,8.109233749564737e-05,0.00012202718062326312
1400,0.0022601885721087456,0.0006290210876613855,0.0005067178863100708,0.0003726862196344882,0.0003113236161880195,0.00014083062706049532,0.00022943265503272414,0.00013212258636485785,0.00017503212438896298,0.00019796023843809962,0.0002549732744228095,0.00017881562234833837,0.00025403176550753415,0.00010206608567386866,0.0001785340573405847,0.0002671168767847121,0.00017004860274028033,0.00025063063367269933,6.960654718568549e-05,0.00011791034921770915,0.00018823251593858004,0.00010088546696351841,8.768986299401149e-05,5.9043290093541145e-05,6.706709245918319e-05,7.968061981955543e-05,0.00016032721032388508,0.00010713800293160602,6.2322556914296e-05,9.952783875633031e-05,4.310639269533567e-05,7.130800076993182e-05,7.495121826650575e-05,9.218803461408243e-05,8.101743878796697e-05,8.846865239320323e-05,0.00013477206812240183,8.62299493746832e-05,0.00012284188414923847,9.888470958685502e-05,9.187548130284995e-05,4.373857154860161e-05,9.243263048119843e-05,0.00012244173558428884,5.2528048399835825e-05,4.422599886311218e-05,7.943751552375033e-05,0.00010968850983772427,9.357855014968663e-05,6.758273957530037e-05
1500,0.0015210771234706044,0.0005153939127922058,0.0005280339391902089,0.0002431188040645793,0.0002361666556680575,0.00022915301087778062,0.00018891156651079655,0.0001826605584938079,0.00021616359299514443,0.0002429703890811652,0.00044009950943291187,0.00016736233374103904,0.0001148455121438019,7.98228065832518e-05,0.00013868341920897365,0.00017374583694618195,0.00011228532093809918,0.0001498455967521295,7.883496436988935e-05,8.371743751922622e-05,0.00015078866272233427,8.762555080465972e-05,8.75147816259414e-05,8.11970021459274e-05,6.723823753418401e-05,7.730900688329712e-05,0.00010337536514271051,0.00012164179497631267,8.360514038940892e-05,0.00010495196329429746,8.678404992679134e-05,7.346078200498596e-05,0.00011888094013556838,0.00010023279173765332,0.00010673340875655413,0.00010847210796782747,0.00011783482477767393,4.87221113871783e-05,0.00010176261275773868,0.00020808243425562978,9.760392276803032e-05,6.161721103126183e-05,0.0001089086290448904,8.771820284891874e-05,4.149217056692578e-05,2.8540896892081946e-05,4.356113640824333e-05,9.501314343651757e-05,5.679398600477725e-05,0.00010271209612255916
1600,0.0026356347370892763,0.0007781545864418149,0.0005942027200944722,0.0003464498440735042,0.0003935704880859703,0.0005924878059886396,0.0003157514438498765,0.00023355537268798798,0.0002704247599467635,0.00016122477245517075,0.0005433364422060549,0.0002359664795221761,0.00019703913130797446,7.035902672214434e-05,6.642002699663863e-05,9.915561531670392e-05,0.00020130185293965042,0.00022140114742796868,6.327548180706799e-05,0.00016265401791315526,0.00012069108197465539,0.00020657041750382632,0.00010145282431039959,0.00014132763317320496,0.00015201889618765563,0.00010483829100849107,0.00019596816855482757,0.0001152529803221114,7.340346928685904e-05,9.526870417175815e-05,3.7883062759647146e-05,4.660964623326436e-05,6.215853500179946e-05,0.0001950938894879073,6.976192526053637e-05,0.00011753479338949546,9.211443102685735e-05,7.136766362236813e-05,0.00011633946269284934,9.983050404116511e-05,4.2494208173593506e-05,4.588979572872631e-05,8.60978543641977e-05,6.926098285475746e-05,4.306694972910918e-05,6.213800952536985e-05,5.9330046497052535e-05,4.3393156374804676e-05,5.1917519158450887e-05,7.69418038544245e-05
1700,0.0035362504422664642,0.0011985690798610449,0.0007479956257157028,0.0005413966136984527,0.0005858045187778771,0.00044736932613886893,0.00021500182629097253,0.00024798803497105837,0.0005809993599541485,0.00018340272072236985,0.0005097481771372259,0.00020223860337864608,0.0001884692464955151,0.0001518366625532508,0.0001504357933299616,0.0001714999962132424,0.00015064446779433638,0.00013376596325542778,6.802421557949856e-05,0.00023640472500119358,0.00010408119123894721,0.00023802422219887376,0.00013129398575983942,0.00011039923992939293,0.0001067558114300482,0.0001586765138199553,0.0002757947368081659,8.373270247830078e-05,0.0001761165913194418,9.995090658776462e-05,4.665505912271328e-05,5.8831163187278435e-05,7.619284588145092e-05,3.949357778765261e-05,0.00011397864000173286,6.374767690431327e-05,9.210238204104826e-05,7.896400347817689e-05,9.841271094046533e-05,0.00020449237490538508,5.430435703601688e-05,7.576502684969455e-05,5.0605525757418945e-05,0.00011727768287528306,0.00011072002234868705,7.283499144250527e-05,7.080453360686079e-05,5.9690504713216797e-05,8.579676796216518e-05,0.00010895580635406077
1800,0.0026973162312060595,0.0007257367251440883,0.000811710546258837,0.0003962131740991026,0.00031592664890922606,0.0003342960262671113,0.00013906969979871064,0.0002230431855423376,0.000560450425837189,0.0001105822084355168,0.0001881882781162858,0.00014236844435799867,0.0001623935968382284,0.00028061988996341825,9.528584632789716e-05,0.0002420397795503959,0.0001845114165917039,0.00032971406471915543,6.0172893427079543e-05,0.0001611308689462021,7.592312613269314e-05,0.00019218609668314457,0.00011887904838658869,0.0001494712196290493,0.00011030566383851692,7.71652557887137e-05,0.000129048727103509,7.998240471351892e-05,9.235629840986803e-05,0.00012046209303662181,8.778866322245449e-05,4.624754001270048e-05,8.505312143824995e-05,8.075249206740409e-05,9.809616312850267e-05,7.111841114237905e-05,8.796282054390758e-05,6.888707866892219e-05,8.133996743708849e-05,9.183401562040672e-05,4.765763151226565e-05,9.761964611243457e-05,0.00014245262718759477,0.00015249632997438312,6.920174200786278e-05,4.151665780227631e-05,6.952152762096375e-05,5.9079990023747087e-05,4.168179657426663e-05,0.00012164969666628167
1900,0.0017914423951879144,0.0006514010019600391,0.000922325998544693,0.00031162568484432995,0.0002537265536375344,0.0006003773887641728,0.00018609757535159588,0.00015628317487426102,0.0006358366808854043,0.00012066052295267582,0.0002769591810647398,0.0005455356440506876,0.00021320277301128954,0.0002103636070387438,0.00012541768955998123,0.00023961765691637993,0.0002239846799056977,0.00010834782005986199,0.0001200785773107782,0.00033970162621699274,7.381424074992537e-05,0.00016462041821796447,8.258116577053443e-05,0.00011988488404313102,0.00012437754776328802,7.646706944797188e-05,0.00014698956510983407,8.530433115083724e-05,5.2537430747179314e-05,7.672172068851069e-05,4.060485662193969e-05,8.069840259850025e-05,0.00013669536565430462,0.0002173958346247673,9.453894017497078e-05,6.59169745631516e-05,0.00010219425894320011,5.0646918680286035e-05,8.29355776659213e-05,9.513408440398052e-05,0.00011520616681082174,0.00014752322749700397,4.889551564701833e-05,0.00013373354158829898,8.170208457158878e-05,6.878784188302234e-05,2.863667396013625e-05,8.063925633905455e-05,6.843296432634816e-05,5.585846520261839e-05
2000,0.003380266949534416,0.001198060461319983,0.0004768281360156834,0.0005422616959549487,0.000620011705905199,0.0004521624359767884,0.00017983964062295854,0.00030956417322158813,0.0003116180596407503,0.0002014222991419956,0.000254818209214136,0.00013879175821784884,0.00027300204965285957,0.00011555576202226803,6.658338679699227e-05,0.0002630855597089976,7.268846093211323e-05,0.00018372831982560456,0.0001615279179532081,0.00023530906764790416,0.0001611158950254321,0.00021240040950942785,6.924143235664815e-05,7.928723789518699e-05,0.00012651531142182648,6.959497113712132e-05,0.00032643668237142265,5.464139030664228e-05,0.00014207999629434198,0.00010745095642050728,3.2982508855639026e-05,5.135957326274365e-05,8.082171552814543e-05,7.097438356140628e-05,0.00011815918696811423,4.0469800296705216e-05,8.786176476860419e-05,0.00010730643407441676,9.065096674021333e-05,6.780256808269769e-05,0.00011386433470761403,0.00010691167699405923,7.552785245934501e-05,6.152553396532312e-05,6.589016265934333e-05,7.779282168485224e-05,9.874314127955586e-05,6.059615043341182e-05,4.95033928018529e-05,0.0001117233550758101
2100,0.0014167337212711573,0.00041164341382682323,0.0005268924287520349,0.00022702728165313601,0.0002677528536878526,0.00015045504551380873,0.00015731794701423496,0.0001882409123936668,0.0002989053027704358,0.00018278404604643583,0.0003440391446929425,0.0001473799638915807,0.00018203390936832875,8.344141679117456e-05,0.0002131253422703594,0.0001297135604545474,0.00020095905347261578,0.00016306804900523275,7.39873867132701e-05,0.00010332225792808458,0.00010134348121937364,9.622619836591184e-05,0.00015300116501748562,6.464222678914666e-05,0.00019583461107686162,6.397286779247224e-05,0.0001590999454492703,0.0001443975925212726,0.00010867792298085988,8.880855602910742e-05,3.779904727707617e-05,0.00011133565567433834,5.6679764384170994e-05,6.863786256872118e-05,9.108790254686028e-05,4.051454379805364e-05,5.911267362535e-05,6.739130185451359e-05,0.0001087299533537589,0.00014403960085473955,3.7848589272471145e-05,7.068479317240417e-05,6.928623770363629e-05,6.454940012190491e-05,0.00011530030315043405,4.278082269593142e-05,5.548824992729351e-05,6.833083170931786e-05,0.0001279091084143147,8.15906678326428e-05
2200,0.0015817586099728942,0.0005006286082789302,0.0009011960355564952,0.00024142161419149488,0.0002166322519769892,0.00031289400067180395,0.0001541083474876359,0.00022185897978488356,0.0003642124938778579,0.00014307493984233588,0.00021121000463608652,0.00016392335237469524,0.00020244800543878227,0.0001750196679495275,0.00016081510693766177,0.0004555752675514668,9.374983346788213e-05,0.00021125804050825536,0.00013840004976373166,0.00020245944324415177,8.662816981086507e-05,0.00011266383080510423,8.875845378497615e-05,8.170364890247583e-05,9.46953659877181e-05,4.6928078518249094e-05,0.00010374213161412627,6.256893539102748e-05,8.711140253581107e-05,8.670394163345918e-05,5.067410893389024e-05,8.295733277918771e-05,0.00013150257291272283,7.892198482295498e-05,0.00013359259173739702,7.17962539056316e-05,6.518731970572844e-05,8.325868839165196e-05,0.00010445182851981372,7.657447713427246e-05,6.516541907330975e-05,7.782832108205184e-05,0.00020680601301137358,9.271065209759399e-05,6.466526974691078e-05,5.891923137824051e-05,4.144159538554959e-05,0.00011746883683372289,4.224057192914188e-05,8.024589624255896e-05
2300,0.002299397950991988,0.0007625040598213673,0.0004850850091315806,0.0004548652213998139,0.0002509766782168299,0.000278892315691337,0.00014752871356904507,0.00035656586987897754,0.0006880701403133571,0.0002796574553940445,0.00020259033772163093,0.000231592683121562,0.00015003034786786884,0.000276965118246153,0.00029363424982875586,0.00029350450495257974,8.215822163037956e-05,0.0002144160825992003,0.00010155014751944691,0.00018146001093555242,0.0002103810984408483,0.0001035640889313072,0.00017745410150382668,0.00010441528138471767,0.00013927777763456106,8.786405669525266e-05,7.18037408660166e-05,0.00012550907558761537,0.00010202611156273633,0.0001047678233589977,8.904907008400187e-05,8.980167331174016e-05,5.997291373205371e-05,7.323805039050058e-05,0.00011928728054044768,6.60373261780478e-05,5.633523687720299e-05,4.342582542449236e-05,7.695407111896202e-05,0.0001886276004370302,0.00010755547555163503,8.243308548117056e-05,6.0359565395629033e-05,0.00025560465292073786,4.545791307464242e-05,4.608124800142832e-05,7.404851930914447e-05,0.00011742487549781799,7.078292401274666e-05,0.00010200135147897527
2400,0.0027959663420915604,0.0008578031556680799,0.0005050897016189992,0.00045511132339015603,0.00040514240390621126,0.00024913239758461714,0.00017530738841742277,0.00017880905943457037,0.0004353384138084948,0.000121773497085087,0.00022630143212154508,0.00023168631014414132,0.0004315301775932312,0.00013093301095068455,0.00015550527314189821,0.00013537805352825671,8.284865907626227e-05,0.0002287397946929559,0.00012306502321735024,0.00013071591092739254,0.00016853469423949718,0.00013741575821768492,0.00014867939171381295,7.630866457475349e-05,0.00011520679981913418,8.862321556080133e-05,0.00021447597828228027,0.00015776815416757017,0.00012979313032701612,7.00004311511293e-05,5.398576467996463e-05,5.898849121876992e-05,5.059281465946697e-05,0.00010067902621813118,0.00014914388884790242,5.345198587747291e-05,4.144518607063219e-05,0.00011670093954307958,8.888333104550838e-05,9.243901149602607e-05,5.8710062148747966e-05,0.00015376141527667642,0.00014843596727587283,0.00017499209207016975,5.11830767209176e-05,4.306037226342596e-05,6.22021034359932e-05,3.634522727224976e-05,5.043075361754745e-05,4.535107655101456e-05
2500,0.0018887947080656886,0.0004922537482343614,0.0005484440480358899,0.0002445639984216541,0.0002959448902402073,0.0005297271418385208,0.00016563519602641463,0.00019544846145436168,0.0005734709557145834,0.00010307276534149423,0.0002628120419103652,0.00020166543254163116,0.0002021289838012308,0.00019253139907959849,0.00018722591630648822,0.0003410537028685212,0.00021693724556826055,0.00021054001990705729,8.297495514852926e-05,0.00010753676178865135,0.00010611658944981173,0.0001379975292365998,0.00017480894166510552,8.375540346605703e-05,0.00020025060803163797,6.178165494929999e-05,0.00011823703971458599,6.863148882985115e-05,8.488805178785697e-05,0.00010295629181200638,8.747023093746975e-05,8.664693450555205e-05,8.243403135566041e-05,9.597277676220983e-05,9.376338130095974e-05,0.00011802797962445766,6.137711898190901e-05,0.00011946364247705787,7.60201655793935e-05,0.00018799725512508303,7.276696123881266e-05,9.104375931201503e-05,7.604930578963831e-05,0.00010178638331126422,0.00012907040945719928,5.4944564908510074e-05,4.9408125050831586e-05,6.107482477091253e-05,0.0001137287326855585,0.00012430475908331573
2600,0.002340306295081973,0.0006509179365821183,0.0006612450233660638,0.0003808615147136152,0.0003432552039157599,0.00021980731980875134,0.00022491962590720505,0.0002059480029856786,0.00041826118831522763,0.00014314721920527518,0.0002130328502971679,0.00018876828835345805,0.00016787202912382782,0.00020658632274717093,0.00017219322035089135,0.00017723330529406667,0.0001326329365838319,0.00017592449148651212,0.0001807118533179164,0.0001282138837268576,9.289870649809018e-05,0.00021036314137745649,0.00010229634790448472,0.00014662888133898377,9.169535769615322e-05,6.0542482970049605e-05,0.0001080756846931763,6.837084947619587e-05,0.00011110796185676008,7.288734195753932e-05,6.395336095010862e-05,9.523392509436235e-05,5.0052178266923875e-05,6.314138590823859e-05,0.00011896406067535281,9.011324436869472e-05,5.266087828204036e-05,5.1298677135491744e-05,6.00933053647168e-05,9.185869566863403e-05,8.499575051246211e-05,7.81457856646739e-05,7.136566273402423e-05,0.00017825549002736807,7.321845623664558e-05,5.386003977037035e-05,4.8614481784170493e-05,3.818397090071812e-05,6.797644164180383e-05,9.631622378947213e-05
2700,0.00240645045414567,0.0006204907549545169,0.00039674705476500094,0.000335858843754977,0.0003117845335509628,0.0004808611120097339,0.00011478634405648336,0.0003132242418359965,0.0005214387783780694,9.347099694423378e-05,0.0002288172981934622,0.00017996851238422096,0.00030472647631540895,0.00024239679623860866,0.00013604018022306263,0.00013395062705967575,7.365556666627526e-05,0.00036260674824006855,5.307905303197913e-05,0.00016782428428996354,8.534491644240916e-05,0.00018866726895794272,7.073674350976944e-05,0.00010503593512112275,0.00011452272156020626,6.561532791238278e-05,0.00013223550922702998,7.752134843030944e-05,0.00012272436288185418,0.00015910580987110734,3.371937418705784e-05,4.684920349973254e-05,8.158999116858467e-05,9.833673539105803e-05,0.00014617410488426685,0.00014538013783749193,0.00011876174539793283,8.369547867914662e-05,5.3878746257396415e-05,0.00012994538701605052,4.875979357166216e-05,5.6103886890923604e-05,9.860579302767292e-05,0.00015633572184015065,6.686710548819974e-05,3.8957776268944144e-05,6.50102156214416e-05,4.1683852032292634e-05,9.380026313010603e-05,0.0001279978168895468
2800,0.002084647538140416,0.0005696064326912165,0.0005221556057222188,0.00027079341816715896,0.0003460979205556214,0.0002799334470182657,0.0003903362958226353,0.0001422437489964068,0.000250031502218917,0.0001347480429103598,0.00020387073163874447,0.000274136196821928,0.0003187187830917537,0.00013173077604733407,0.00014810367429163307,0.0001336367568001151,0.0002459049574099481,0.00013496669998858124,7.773425022605807e-05,0.00018334730702918023,0.00010481372009962797,0.0001658554101595655,8.795097528491169e-05,0.00012804432481061667,5.4400083172367886e-05,6.546705117216334e-05,0.0001227823959197849,6.374080112436786e-05,6.167506944620982e-05,0.00016067386604845524,6.985306390561163e-05,6.405235035344958e-05,5.626909478451125e-05,7.186750008258969e-05,7.659888069611043e-05,0.00010828219819813967,7.963949610712007e-05,6.885246693855152e-05,8.791765139903873e-05,0.0001455656747566536,5.817184137413278e-05,7.096418994478881e-05,8.367114787688479e-05,8.186275226762518e-05,3.8766938814660534e-05,7.270147034432739e-05,4.3944568460574374e-05,5.449234231491573e-05,7.723351154709235e-05,9.940263407770544e-05
2900,0.00426302058622241,0.0012835615780204535,0.000695684808306396,0.0005670665414072573,0.000627974746748805,0.0005947903264313936,0.0003262720420025289,0.0004496310721151531,0.00040636988705955446,0.00018479283608030528,0.00047167635057121515,0.0004068025737069547,0.00028280686819925904,0.0002837343781720847,0.00010347897477913648,0.0001574591879034415,0.00014165850006975234,0.0002066291926894337,0.00015558105951640755,0.0002266416558995843,0.00010430660040583462,0.0003303642733953893,0.00016461210907436907,6.296794163063169e-05,7.795070268912241e-05,0.00015083077596500516,0.0001649734185775742,0.00011790632561314851,0.00016498292097821832,0.0001000892007141374,6.074444900150411e-05,5.956069435342215e-05,0.00012364446592982858,8.270291436929256e-05,7.503438973799348e-05,6.636817124672234e-05,8.386628178413957e-05,4.417855234351009e-05,9.725207200972363e-05,6.711779133183882e-05,5.00973328598775e-05,3.748021845240146e-05,0.00010533200111240149,0.000150578300235793,6.109955575084314e-05,5.051204061601311e-05,5.560044155572541e-05,0.0001003513389150612,7.012193236732855e-05,0.00010621936962706968
3000,0.0017946233274415135,0.0005819982034154236,0.0008308397955261171,0.00027913323719985783,0.00022098277986515313,0.00033902443828992546,0.00013236244558356702,0.0002238102169940248,0.00043268161243759096,0.00012130638060625643,0.00026394144515506923,0.0001750556839397177,0.0001859167095972225,0.00011933892528759316,0.0002817017084453255,0.0004983461112715304,0.00010648323222994804,0.00017676562129054219,0.00018998169980477542,0.00010897583706537262,0.00021183113858569413,0.00019843567861244082,0.00011084664583904669,0.00010350959200877696,0.00013975022011436522,6.994546856731176e-05,0.00017313552962150425,6.485039921244606e-05,0.0001310291700065136,8.495865040458739e-05,5.8270859881304204e-05,4.7475848987232894e-05,8.131631329888478e-05,0.00010436068987473845,0.00010437610762892291,6.221512012416497e-05,7.512026058975607e-05,5.3363775805337355e-05,0.00013306418259162456,0.00018862301658373326,4.199244358460419e-05,5.5624226661166176e-05,0.000269293348537758,8.906832954380661e-05,4.1626008169259876e-05,6.100954851717688e-05,9.735138883115724e-05,6.471267261076719e-05,8.719171455595642e-05,8.089799666777253e-05
3100,0.0017338123871013522,0.0003818078257609159,0.0006528635276481509,0.0001807076041586697,0.0002235715219285339,0.0003813512739725411,0.00018752501637209207,0.00020548819156829268,0.0003562337369658053,0.0001457620965084061,0.00017741016927175224,0.000309549126541242,0.00019833471742458642,0.0001877283793874085,0.00023826684628147632,0.0002930450136773288,0.00017920286336448044,0.00016212070477195084,0.00010973207099596038,0.00016886791854631156,0.00015164000797085464,9.654089080868289e-05,4.585262286127545e-05,7.771610398776829e-05,6.252507591852918e-05,7.455817103618756e-05,9.431058424524963e-05,6.281644164118916e-05,8.541456918464974e-05,8.680182509124279e-05,5.496036465046927e-05,4.644528235075995e-05,9.48893793975003e-05,8.67808994371444e-05,9.650024003349245e-05,7.533355528721586e-05,9.91423221421428e-05,4.573992919176817e-05,0.0001160855608759448,0.00011996921239187941,7.189730240497738e-05,8.04172086645849e-05,7.411928527290002e-05,0.0001073814055416733,5.3770982049172744e-05,4.8822592361830175e-05,0.00010289585043210536,4.289256321499124e-05,8.869080193107948e-05,0.0001468239352107048
3200,0.0014960776316002011,0.0004530302539933473,0.0003048826183658093,0.00022486216039396822,0.00020350591512396932,0.00039894116343930364,0.00012768528540618718,0.00020555882656481117,0.00031775477691553533,0.00010210865730186924,0.00016237361705861986,0.00015683856327086687,0.00010727141489041969,0.00014691836258862168,9.107717778533697e-05,0.00017800107889343053,8.029030141187832e-05,0.00014269309758674353,0.0001389703684253618,0.00022135618200991303,0.0001430265256203711,8.349416748387739e-05,8.808521670289338e-05,9.047588537214324e-05,6.122840568423271e-05,4.2608578951330855e-05,0.00011395582987461239,7.0820446126163e-05,0.00011528954928508028,0.00010262204159516841,4.234654988977127e-05,5.4605930927209556e-05,8.054389036260545e-05,0.00015313421317841858,9.009541099658236e-05,4.3117597670061514e-05,4.407273809192702e-05,3.861221921397373e-05,6.920713349245489e-05,8.619402797194198e-05,6.536914588650689e-05,6.359635153785348e-05,6.550691614393145e-05,9.093425614992157e-05,3.171928983647376e-05,3.419883069000207e-05,2.5902480047079735e-05,6.567589298356324e-05,5.5923643230926245e-05,6.771556218154728e-05
3300,0.001811610534787178,0.0005029625608585775,0.0006074533448554575,0.0003074996348004788,0.00028480656328611076,0.0003077483852393925,0.00013839572784490883,0.00016928047989495099,0.0004088565765414387,0.00015747579163871706,0.00024022745492402464,0.0002293719007866457,0.00010952880256809294,0.00010324089817004278,0.00016911768761929125,0.0001353808183921501,6.216329347807914e-05,0.00015299345250241458,8.728079410502687e-05,0.0001268011110369116,0.00010182531696045771,7.118736539268866e-05,0.00010346333147026598,8.16812171251513e-05,6.926702189957723e-05,5.816025077365339e-05,0.0001466184330638498,5.6401564506813884e-05,6.960921746212989e-05,9.4775234174449e-05,3.959563036914915e-05,4.2784882680280134e-05,0.00010235305671812966,6.389476038748398e-05,0.0001229614281328395,0.00017508807650301605,7.391750841634348e-05,8.570633508497849e-05,0.0001122272660722956,8.671219256939366e-05,6.772496999474242e-05,7.65270960982889e-05,5.7742068747757e-05,0.00015876471297815442,0.00011462936527095735,5.545224848901853e-05,9.267406858270988e-05,5.842759128427133e-05,4.769416409544647e-05,7.620504038641229e-05
3400,0.0014363473746925592,0.0003672962775453925,0.0008624476031400263,0.00017782524810172617,0.00022327197075355798,0.0003391547070350498,0.00015497794083785266,0.00014663231559097767,0.0005081872222945094,9.023752500070259e-05,0.00030407842132262886,0.0001720762811601162,0.000159474162501283,0.00012044204777339473,9.374529327033088e-05,0.00025981516228057444,0.0001891794236144051,0.00015616382006555796,9.805597073864192e-05,0.00020712394325528294,0.0002055661752820015,9.530964598525316e-05,0.0001061145230778493,7.364262273767963e-05,0.00015361317491624504,6.592403951799497e-05,0.00012035404506605119,5.317788236425258e-05,7.595802890136838e-05,0.00010431998816784471,8.716165029909462e-05,0.00012117260484956205,6.801344716222957e-05,7.084773824317381e-05,0.0001631333288969472,3.7236684875097126e-05,6.780147668905556e-05,5.231424802332185e-05,9.011886140797287e-05,0.00010013174323830754,3.7929035897832364e-05,8.17679610918276e-05,0.00012308763689361513,8.72918390086852e-05,4.715531031251885e-05,4.103071478311904e-05,4.8764850362204015e-05,0.00014411291340366006,0.00011995733802905306,0.00014396390179172158
3500,0.002294582314789295,0.0007275548996403813,0.0008272575214505196,0.00034522931673564017,0.00033247756073251367,0.0004224769654683769,0.00018497974087949842,0.0002015251957345754,0.0003865024191327393,0.00014354893937706947,0.0002605912450235337,0.00016916653839871287,0.00012327477452345192,0.00020169683557469398,0.00014903029659762979,0.00023333127319347113,0.00014117384853307158,0.00017691122775431722,0.00014607733464799821,0.00023689467343501747,0.00018435307720210403,0.0001557419600430876,8.73459066497162e-05,0.00011564481246750802,5.965712261968292e-05,8.380276995012537e-05,0.0001759235019562766,8.700654871063307e-05,0.00010454819130245596,7.77186724008061e-05,7.881886267568916e-05,8.367351983906701e-05,9.580176265444607e-05,0.00011278446618234739,0.0001758005382725969,5.15422216267325e-05,8.710614929441363e-05,0.0001258772099390626,0.00011279003956587985,8.326918032253161e-05,5.0375096179777756e-05,8.156906551448628e-05,0.0001830930559663102,0.00011141889990540221,7.341452146647498e-05,3.731768447323702e-05,7.336046837735921e-05,5.559702913160436e-05,6.978966121096164e-05,6.292566104093567e-05
3600,0.0013984271790832281,0.00045759452041238546,0.0006573635619133711,0.00019441425683908165,0.00026045963750220835,0.00022216107754502445,0.0001311049418291077,0.00029235854162834585,0.00030218559550121427,0.00013567689165938646,0.000244997936533764,0.00015818249084986746,0.00010657688835635781,0.0001447326794732362,7.685631135245785e-05,0.0002314525772817433,0.0001610679755685851,0.00016197713557630777,0.00015950204397086054,0.00011965066369157284,0.0001566675928188488,7.695352542214096e-05,6.995243893470615e-05,7.116475171642378e-05,0.00010185678547713906,6.0543945437530056e-05,0.00021055024990346283,0.00014576538524124771,7.294423267012462e-05,9.903553291223943e-05,6.019430293235928e-05,7.338218711083755e-05,8.435544441454113e-05,9.27219443838112e-05,7.208361785160378e-05,6.960613245610148e-05,8.214332046918571e-05,5.0531736633274704e-05,6.273668259382248e-05,7.7603712270502e-05,8.450447785435244e-05,8.22578658699058e-05,8.798491035122424e-05,0.00011380021896911785,9.516037971479818e-05,9.19052108656615e-05,0.00010826735524460673,0.0001423255744157359,0.0001260567078134045,0.0001299602590734139
3700,0.0016115644248202443,0.000586884212680161,0.0008124971063807607,0.0002939934784080833,0.0001995178172364831,0.00021306438429746777,0.00016803736798465252,0.00027746023260988295,0.0003811916976701468,9.050514927366748e-05,0.0001496066543040797,0.00018252582231070846,0.00029651145450770855,9.044913167599589e-05,0.00012889312347397208,0.00012564813368953764,0.00014266038488131016,0.0001259749406017363,7.722592272330076e-05,0.00010546520206844434,0.0001095607949537225,8.475112554151565e-05,8.051499753491953e-05,0.00013166756252758205,0.00013678720279131085,7.258375990204513e-05,0.00012191529822302982,9.492038225289434e-05,0.00010722770821303129,6.755575304850936e-05,4.503888339968398e-05,8.782884833635762e-05,4.996297138859518e-05,7.810234819771722e-05,7.483039371436462e-05,4.563726542983204e-05,0.00012956254067830741,7.845935760997236e-05,7.215660298243165e-05,0.0002153319219360128,8.262570190709084e-05,7.733677921351045e-05,5.054684152128175e-05,0.00013457160093821585,3.221951919840649e-05,9.108243830269203e-05,4.853949576499872e-05,5.648516889777966e-05,6.673153256997466e-05,0.00015767825243528932
3800,0.0012978317681699991,0.00046644898247905076,0.00040173070738092065,0.00024505265173502266,0.00020072325423825532,0.0003476484853308648,0.00013375193520914763,0.00023920672538224608,0.0003448185743764043,0.00011955464287893847,0.0003163461806252599,0.00025813718093559146,0.00018389252363704145,0.0001661401183810085,0.00012859601702075452,0.00025540002388879657,0.0001686256582615897,0.0003990034747403115,0.00015799498942214996,0.00015786141739226878,0.0001481017970945686,7.343954348471016e-05,8.39464773889631e-05,0.00011151355283800513,0.00022961029026191682,5.9535970649449155e-05,7.811093382770196e-05,0.00018425662710797042,0.00010850037506315857,8.792267908575013e-05,9.327995940111578e-05,7.499272760469466e-05,6.945959466975182e-05,5.289244290906936e-05,7.562170503661036e-05,9.304271952714771e-05,0.00013339053839445114,7.522972009610385e-05,0.00023202110605780035,0.00012167738896096125,7.867711974540725e-05,0.00010787042265292257,0.00012679651263169944,0.00012620499182958156,4.805903517990373e-05,4.33432542195078e-05,6.111222319304943e-05,7.800039747962728e-05,4.8159901780309156e-05,8.093225915217772e-05
3900,0.0020170947536826134,0.0006452357629314065,0.0003699511580634862,0.0002861139364540577,0.000289865187369287,0.00028735984233208,0.0001432556309737265,0.0001597388181835413,0.00042411329923197627,0.00014991883654147387,0.00023488739680033177,0.00021777686197310686,0.0001584611600264907,9.362458513351157e-05,0.00020214221149217337,0.00031256809597834945,0.00020065558783244342,9.276160562876612e-05,0.00010366257629357278,0.00019201240502297878,0.00010887547978200018,0.00014572650252375752,9.193782898364589e-05,8.63590175868012e-05,0.00010943593952106312,5.2648909331765026e-05,0.0001532870955998078,0.0001334277621936053,0.00014849306899122894,7.297578122233972e-05,6.161356577649713e-05,6.490968371508643e-05,4.035169695271179e-05,4.9516955186845735e-05,8.326952956849709e-05,5.167966810404323e-05,0.00015518013969995081,8.473472553305328e-05,6.505635246867314e-05,0.00010266503522871062,4.3439828004920855e-05,6.35553733445704e-05,0.00014694347919430584,5.401860107667744e-05,5.102004070067778e-05,7.587068830616772e-05,3.2853655284270644e-05,0.0001093187602236867,8.776821050560102e-05,0.0001251178327947855
4000,0.0019742362201213837,0.00046356464736163616,0.0011425737757235765,0.0002136586990673095,0.00019475320004858077,0.0003593777946662158,0.00017090885376092046,0.00017263858171645552,0.0005475798388943076,0.0001696801045909524,0.00030390790197998285,0.00023261243768502027,0.00019660544057842344,0.0001614726788830012,0.00019043665088247508,0.0002619664301164448,7.410289254039526e-05,0.00016550824511796236,9.793598292162642e-05,0.000234687133342959,8.659138984512538e-05,0.00018230876594316214,5.031723776482977e-05,6.333205237751827e-05,6.745515565853566e-05,9.740268433233723e-05,0.00028943922370672226,8.724699000595137e-05,0.0001286213955609128,6.406219472410157e-05,6.644111999776214e-05,6.207178375916556e-05,0.00013180919631849974,0.0001225954620167613,7.260223355842754e-05,6.900834705447778e-05,6.010967626934871e-05,9.522721666144207e-05,5.4533444199478254e-05,6.404786108760163e-05,5.6704393500695005e-05,6.830505299149081e-05,0.00018006977916229516,0.00011301679478492588,3.6218552850186825e-05,4.487947444431484e-05,7.35226713004522e-05,0.0001234911469509825,6.722196121700108e-05,5.05895477544982e-05
4100,0.0028156486805528402,0.0009533340926282108,0.001032433588989079,0.0005233840201981366,0.00040581842768006027,0.000462684576632455,0.00014991083298809826,0.0003410261997487396,0.00034459211747162044,0.00030297297053039074,0.000673681206535548,0.00015954919217620045,0.00025571632431820035,0.00020915723871439695,0.00013602185936179012,0.00024169133394025266,0.00020403532835189253,0.0001738474384183064,8.560150308767334e-05,0.00012180674821138382,0.00012185848027002066,0.00016255521040875465,0.00015061124577187002,4.797232759301551e-05,9.393756772624329e-05,7.594344788230956e-05,0.00017590592324268073,5.353672167984769e-05,7.846289372537285e-05,5.9561651141848415e-05,5.3097646741662174e-05,6.119065074017271e-05,0.0001034083979902789,6.644467794103548e-05,0.00011014444316970184,6.942780601093546e-05,8.61882435856387e-05,8.706425433047116e-05,0.0001587383885635063,0.00010353794641559944,7.877275493228808e-05,6.13949669059366e-05,0.00018657557666301727,0.00019617423822637647,6.369398033712059e-05,5.0948900025105104e-05,8.403047831961885e-05,5.516077362699434e-05,5.5811389756854624e-05,0.0001337709545623511
4200,0.002567724324762821,0.0008387207635678351,0.0009676807094365358,0.00038401776691898704,0.000338961835950613,0.0004378997255116701,0.00015202973736450076,0.000262460729572922,0.0003716140054166317,0.00016011693514883518,0.0003928287187591195,0.00019067055836785585,0.00023955255164764822,0.00021731224842369556,0.00018349886522628367,0.00021380317048169672,0.000163748292834498,0.00018177827587351203,0.00017916572687681764,0.00017324884538538754,8.730495756026357e-05,0.00023807190882507712,0.00020424068497959524,0.00011631604138528928,0.0001444017980247736,6.906693306518719e-05,0.00014306516095530242,0.0001004461882985197,0.0001849814289016649,0.00012774279457516968,5.843606777489185e-05,4.67781865154393e-05,5.48221287317574e-05,6.784807919757441e-05,7.822651241440326e-05,4.240569251123816e-05,6.952953117433935e-05,7.680442649871111e-05,0.000149750238051638,0.00014543492579832673,6.548209057655185e-05,7.593046757392585e-05,0.00015586252266075462,0.00014271131658460945,6.11756113357842e-05,5.673395571648143e-05,0.00010907848627539352,3.945435310015455e-05,8.730374975129962e-05,0.00011706712393788621
4300,0.0021383208222687244,0.0007947584381327033,0.001096311490982771,0.000334812153596431,0.00037316983798518777,0.00040029521915130317,0.0002642026520334184,0.0001872772554634139,0.00036529041244648397,0.00026688011712394655,0.00026232091477140784,0.00030474853701889515,0.00021104954066686332,0.00014947685122024268,0.00011331809218972921,0.00021605890651699156,0.00010077081242343411,8.660573803354055e-05,0.00010660619591362774,0.0002963689621537924,7.755883416393772e-05,0.00016876059817150235,7.49258033465594e-05,0.00011808011186076328,0.00015188059478532523,5.159708598512225e-05,0.0001882087963167578,5.693413186236285e-05,9.256089106202126e-05,5.479213723447174e-05,4.9705653509590775e-05,9.362711716676131e-05,8.45199465402402e-05,9.728915756568313e-05,0.0001342261821264401,0.00010403090709587559,0.00012607555254362524,7.517051562899724e-05,0.00014107806782703847,0.00023019092623144388,9.150800906354561e-05,3.448247298365459e-05,9.064497135113925e-05,9.88653555396013e-05,5.8534162235446274e-05,9.170978592010215e-05,0.0001121777604566887,9.193765436066315e-05,5.564042294281535e-05,0.000107930252852384
4400,0.0026766215451061726,0.000888442387804389,0.0008637569262646139,0.00045498518738895655,0.00041156026418320835,0.0003306845319457352,0.00013748659694101661,0.0003729354066308588,0.0004809050587937236,0.00010059491614811122,0.00041628751205280423,0.00026686416822485626,0.0002016593934968114,8.368898852495477e-05,0.00012638812768273056,0.00012217284529469907,0.00012388083268888295,0.00026421897928230464,0.00012619406334124506,0.0002484191791154444,0.0001579588424647227,0.0001819514000089839,0.00015994056593626738,7.777427526889369e-05,0.00011247911606915295,7.415942673105747e-05,0.00011135523527627811,7.983700925251469e-05,8.79094295669347e-05,6.84733095113188e-05,4.5817516365787014e-05,6.790575571358204e-05,6.431805377360433e-05,6.496535206679255e-05,8.923501445678994e-05,0.0001160206738859415,8.17138425190933e-05,7.043970981612802e-05,7.941293006297201e-05,0.00019703088037203997,9.695741755422205e-05,6.528690573759377e-05,0.00013844938075635582,9.094506094697863e-05,3.695507621159777e-05,4.862374407821335e-05,7.920201460365206e-05,5.606635022559203e-05,4.898190309177153e-05,0.0001925506367115304
4500,0.0020219669677317142,0.000480976770631969,0.0003063316398765892,0.0002525633608456701,0.00027161353500559926,0.0003676188935060054,0.00023597436666022986,0.00014701441978104413,0.00035819693584926426,0.0001559196098241955,0.00019467598758637905,0.00024313924950547516,0.00017608146299608052,0.00010794119589263573,7.828597881598398e-05,0.0003858002892229706,0.00015330857422668487,0.00012426289322320372,0.00010117836791323498,0.00011441289825597778,0.00015132476983126253,9.949795639840886e-05,0.00010562984243733808,0.00014276722504291683,0.0001353433181066066,9.050931839738041e-05,9.627031977288425e-05,0.00016979915380943567,0.0001461330830352381,0.0001746296911733225,6.631851283600554e-05,5.021112156100571e-05,5.128820339450613e-05,7.199020183179528e-05,0.00010390336683485657,0.00011941551201744005,6.418876728275791e-05,7.777691644150764e-05,7.378633017651737e-05,8.829753642203286e-05,5.655374479829334e-05,7.300395373022184e-05,0.0001518281496828422,0.00010076870967168361,4.1277609852841124e-05,5.5048800277290866e-05,8.785049431025982e-05,0.0001146079957834445,5.690296529792249e-05,0.00011507142335176468
4600,0.0030796723440289497,0.0008664550259709358,0.0009908397914841771,0.0003692855534609407,0.0003903510805685073,0.00023049752053339034,0.00019495884771458805,0.00018002840806730092,0.00027001494891010225,0.0001877931208582595,0.00037938900641165674,0.0002757354232016951,0.0004519042850006372,0.00011525194713613018,0.00018090759112965316,0.0005430778837762773,8.982278814073652e-05,0.0001845483493525535,0.00012584406067617238,0.000257341715041548,0.0001437975442968309,0.0002029669558396563,7.187308801803738e-05,4.552936661639251e-05,7.420112524414435e-05,0.00012393009092193097,0.00017280451720580459,0.00010602842667140067,0.00017739353643264621,0.00015429196355398744,6.287642463576049e-05,0.00013878657773602754,7.243972504511476e-05,0.0001513174211140722,7.343193283304572e-05,5.9023539506597444e-05,5.372026134864427e-05,4.320305015426129e-05,7.007328531472012e-05,9.392866923008114e-05,5.087066165287979e-05,6.51748341624625e-05,0.00023499163216911256,0.00022382847964763641,0.00011985193123109639,8.347271796083078e-05,5.700471592717804e-05,0.00010013102291850373,7.950599683681503e-05,0.00010291775834048167
4700,0.0017631790833547711,0.0005430797464214265,0.0007126685814000666,0.00022775137040298432,0.0002079698460875079,0.0002909887698478997,0.0001483473024563864,0.00016122314264066517,0.0004921346553601325,0.00013950456923339516,0.0003037608112208545,0.00018425809685140848,0.0001871898421086371,0.00015949671796988696,0.00034562128712423146,0.00016263197176158428,8.105313463602215e-05,0.00018554780399426818,0.0001435794256394729,0.00012309472367633134,0.00012753238843288273,0.00010366936476202682,6.887543713673949e-05,0.00015722074022050947,0.00016484221850987524,5.9807265643030405e-05,0.0003342569398228079,9.440621215617284e-05,6.196640606503934e-05,9.040198347065598e-05,3.846181425615214e-05,9.498871804680675e-05,6.517429574159905e-05,0.00010285135795129463,7.220333645818755e-05,3.670981095638126e-05,6.883920286782086e-05,7.705267489654943e-05,0.00011760326015064493,9.062325989361852e-05,8.831646846374497e-05,6.990694237174466e-05,5.082735515316017e-05,0.00011803652887465432,8.380177314393222e-05,5.554816743824631e-05,4.0885413909563795e-05,7.781335443723947e-05,4.097355849808082e-05,0.00011834735778393224
4800,0.004701606929302216,0.0010824878700077534,0.0007872382993809879,0.0005825471016578376,0.0008146431064233184,0.000608183559961617,0.00042457974632270634,0.0003033262910321355,0.00029836935573257506,0.00020052719628438354,0.000582591921556741,0.00023736814910080284,0.0002886817674152553,0.00024326267885044217,7.906130485935137e-05,0.0001373893319396302,0.00031564655364491045,0.00035185806336812675,0.00010045863018603995,0.00022266186715569347,0.00010600952373351902,0.0003552591660991311,0.00029121676925569773,0.00014761144120711833,0.00016469391994178295,0.00012302676623221487,0.0001819138415157795,6.46209082333371e-05,0.00024908562772907317,0.00013719085836783051,4.882526263827458e-05,0.00012336514191702008,6.680077785858884e-05,6.304562703007832e-05,0.00013147154822945595,7.074254244798794e-05,0.00018109791562892497,8.503116259817034e-05,5.5982036428758875e-05,0.0002345636166865006,8.925436850404367e-05,5.407287972047925e-05,0.0001227181201102212,9.565253276377916e-05,7.245953747769818e-05,6.053695688024163e-05,5.012131805415265e-05,6.979487807257101e-05,7.943848322611302e-05,0.00017231586389243603
4900,0.0015528544317930937,0.0004317012499086559,0.0006793189095333219,0.00023335687001235783,0.00023280766617972404,0.000391681503970176,0.0003598615585360676,0.00014216697309166193,0.00022996180632617325,0.00012189217522973195,0.00034996779868379235,0.00017276771541219205,0.00026563802384771407,0.00019034757860936224,0.00018176781304646283,0.00015438225818797946,0.00020805159874726087,0.00020715985738206655,7.578865916002542e-05,9.674109605839476e-05,0.00020949587633367628,8.198586147045717e-05,0.00012635918392334133,8.363601955352351e-05,0.00015611303388141096,8.446307037957013e-05,0.0001807852677302435,0.00016914503066800535,0.00010631066106725484,0.00011211238597752526,7.514387834817171e-05,0.00010400003520771861,0.00010284149902872741,6.482472235802561e-05,9.156270243693143e-05,0.00010660623956937343,0.000116993862320669,8.7401618657168e-05,8.964901644503698e-05,0.00015082189929671586,7.204362918855622e-05,5.644163320539519e-05,7.609173189848661e-05,7.25646605133079e-05,4.388358138385229e-05,7.195176294771954e-05,5.554098606808111e-05,6.375819066306576e-05,6.089838643674739e-05,6.381332786986604e-05
5000,0.001389174023643136,0.0003984253271482885,0.0008326814859174192,0.00020171691721770912,0.0002916916855610907,0.0002722413919400424,0.00014969619223847985,0.00020671176025643945,0.0003818785189650953,0.00010636531078489497,0.00020705771748907864,0.00024477977422066033,0.00012525207421276718,0.0001529290748294443,0.0002444339916110039,0.00021790771279484034,0.00017723663768265396,0.00023673118266742676,0.00012070262164343148,0.0002121693396475166,0.00011539004481164739,9.884098108159378e-05,0.00017393573943991214,9.913017856888473e-05,0.00010093238233821467,9.751126344781369e-05,0.00013901019701734185,5.5596181482542306e-05,0.00011984139564447105,7.868676038924605e-05,6.277181091718376e-05,5.0510483561083674e-05,6.508651858894154e-05,0.0001308475184487179,0.00011323808575980365,7.967103738337755e-05,5.015339775127359e-05,7.074119639582932e-05,0.00018830802582670003,7.082048250595108e-05,8.016014180611819e-05,0.00012207379040773958,9.469724318478256e-05,7.036807801341638e-05,4.818547677132301e-05,5.5768345191609114e-05,5.1102259021718055e-05,4.1920371586456895e-05,0.00011163807357661426,0.0001083100214600563
5100,0.0025422372855246067,0.0006044909241609275,0.0009155593579635024,0.00035906850825995207,0.0005315789603628218,0.0005177129060029984,0.00027084798784926534,0.00018165131041314453,0.0003561236662790179,0.00019250383775215596,0.0004943250096403062,0.00013670780754182488,0.00018003143486566842,0.00016410356329288334,0.0001367872318951413,0.00041465050890110433,0.00010998982907040045,0.00027386104920879006,0.00013765810581389815,0.00010710927017498761,9.815971134230494e-05,0.00018225675739813596,0.00017867681162897497,0.00014332597493194044,7.792819815222174e-05,8.583883754909039e-05,0.00014153195661492646,0.00010942179505946115,0.000179019509232603,0.00020478005171753466,0.0001482374791521579,5.191977834329009e-05,0.00012717321806121618,0.00012683545355685055,7.711032230872661e-05,6.872531957924366e-05,8.579067070968449e-05,6.883806054247543e-05,7.736022962490097e-05,0.00014746877423021942,7.29770035832189e-05,0.00014682418259326369,7.764755719108507e-05,0.0001383483613608405,7.47727244743146e-05,5.7511551858624443e-05,9.487196075497195e-05,0.0001024262819555588,5.945250813965686e-05,8.901024557417259e-05
5200,0.00167550309561193,0.0004475520399864763,0.0003744688001461327,0.00023217876150738448,0.00025857158470898867,0.00028165418189018965,0.00019831719691865146,0.00018175106379203498,0.00035946437856182456,9.164031507680193e-05,0.00018985208589583635,0.0002584773756098002,0.0002671884431038052,0.00015672054723836482,0.00012532473192550242,0.00024387307348661125,0.00016010436229407787,0.00014941560220904648,0.0001775626587914303,0.00017062402912415564,0.00021987939544487745,0.00011193664249731228,0.00013270335330162197,7.323458703467622e-05,0.00013627693988382816,5.041368058300577e-05,0.00013194556231610477,0.00012190009147161618,0.00010969356662826613,0.00010844025382539257,0.00013023722567595541,7.278819975908846e-05,8.1111335020978e-05,4.7068078856682405e-05,8.991664071800187e-05,9.383909491589293e-05,0.00010893753642449155,0.00013910612324252725,0.00010056026076199487,7.931482105050236e-05,3.968559394706972e-05,7.07507788320072e-05,6.895226397318766e-05,0.00010577475040918216,6.340432446449995e-05,4.824009374715388e-05,3.877336348523386e-05,7.530477887485176e-05,8.236880239564925e-05,0.00018326278950553387
