step,channel_99,channel_90,channel_110,channel_43,channel_120,channel_22,channel_92,channel_24,channel_66,channel_71,channel_23,channel_80,channel_82,channel_65,channel_35,channel_121,channel_70,channel_100,channel_5,channel_12,channel_32,channel_73,channel_44,channel_29,channel_117,channel_4,channel_81,channel_30,channel_59,channel_109,channel_119,channel_88,channel_38,channel_26,channel_36,channel_126,channel_1,channel_40,channel_33,channel_21,channel_101,channel_19,channel_127,channel_96,channel_106,channel_18,channel_111,channel_28,channel_42,channel_94
0,0.0011073991190642118,0.0010492586297914386,0.0010273701045662165,0.0009012246737256646,0.0003377441316843033,0.0008735879673622549,0.0008349735871888697,0.000815975945442915,0.0007929389248602092,0.0007898437324911356,0.0007827622466720641,0.0007802428444847465,0.0007561138481833041,0.0007443476933985949,0.0007421107147820294,0.0007093488238751888,0.0006987290107645094,0.0006511852843686938,0.0006494933040812612,0.0006450831424444914,0.0006446666084229946,0.0005744031514041126,0.0006314916536211967,0.0006179416086524725,0.0006145737133920193,0.0006132715498097241,0.0006128726527094841,0.0006047799251973629,0.0006046115886420012,0.0006012903177179396,0.0005959838745184243,0.0005926188896410167,0.0005779405473731458,0.0005741950590163469,0.0005711251869797707,0.0002073434297926724,0.0004346075002104044,0.0004555957857519388,0.0005279021570459008,0.0005269309040158987,0.0005225495551712811,0.0005135706160217524,0.0005064054275862873,0.0005029987660236657,0.0005014359485358,0.000491482438519597,0.00047903400263749063,0.00047247827751562,0.00027348834555596113,0.0004715287941507995
100,0.0003966645454056561,0.0003441984881646931,0.0002872791374102235,0.000465008313767612,0.0006019127904437482,0.00033379322849214077,0.00029294478008523583,0.00029628706397488713,0.0002511788043193519,0.00024339546507690102,0.00031189978471957147,0.0002889492898248136,0.0004332219250500202,0.00020801424398086965,0.0002499203837942332,0.0003055114939343184,0.0003058360889554024,0.0005275809089653194,0.000263231951976195,0.0003038359573110938,0.00036218497552908957,0.0003173114382661879,0.00023250926460605115,0.0003190190764144063,0.0004205440345685929,0.00023212091764435172,0.0002488086756784469,0.0003064850461669266,0.0003172276192344725,0.0002364168904023245,0.000401858618715778,0.00042454092181287706,0.00030060566496104,0.00026466825511306524,0.0004638029495254159,0.00038965148269198835,0.0005346963880583644,0.0005279926699586213,0.00030695495661348104,0.00029543135315179825,0.00044100359082221985,0.0003141677298117429,0.0003121031622868031,0.0002662427432369441,0.00022152269957587123,0.0003599463670980185,0.00040859307046048343,0.0004186054284218699,0.0004153307818342,0.0002519681875128299
200,0.000635288015473634,0.00024788285372778773,0.00030019143014214933,0.00034395811962895095,0.0004180128453299403,0.00027982963365502656,0.00028177484637126327,0.00025869160890579224,0.00028005210333503783,0.00028813243261538446,0.00025236603687517345,0.00031201387173496187,0.00028275660588406026,0.0003178688057232648,0.0002774836611934006,0.0004385300271678716,0.00023106075241230428,0.00038804823998361826,0.0002676552103366703,0.00026437349151819944,0.00035485500120557845,0.0006372243515215814,0.0003244782274123281,0.00026330468244850636,0.0003835662791971117,0.0004352009855210781,0.00039103004382923245,0.0002173667453462258,0.0002483265125192702,0.0002881969267036766,0.0002471621264703572,0.0002920973638538271,0.00028783982270397246,0.00031733259675092995,0.00031778839183971286,0.0005396500346250832,0.00027049341588281095,0.00023489065642934293,0.0002811875892803073,0.00028456930886022747,0.00022827360953669995,0.0002475150104146451,0.0002903104468714446,0.00030897563556209207,0.00030462915310636163,0.00024241676146630198,0.0002339338680030778,0.00029966820147819817,0.0003173027071170509,0.0002515767118893564
300,0.00026998764951713383,0.0003386914904695004,0.00028243788983672857,0.0003301523975096643,0.0008888256852515042,0.0002602888853289187,0.00022253734641708434,0.00031269926694221795,0.0002123693993780762,0.0003682243695948273,0.0002580969303380698,0.0004424263024702668,0.00022098704357631505,0.00031819724244996905,0.00031844223849475384,0.0003890776715707034,0.00026592789799906313,0.0003046559577342123,0.00029586171149276197,0.0002647741057444364,0.0004372167168185115,0.00029774202266708016,0.0002785199030768126,0.00025605381233617663,0.00030572147807106376,0.000323418527841568,0.0005259751342236996,0.0002540972491260618,0.0002926357265096158,0.0002632297982927412,0.00039183313492685556,0.0005057578673586249,0.00023465367848984897,0.00032148545142263174,0.0002650212263688445,0.000320669321808964,0.00043383712181821465,0.0002936090459115803,0.00028680721879936755,0.00042931357165798545,0.0004027663089800626,0.0004317655984777957,0.00041871395660564303,0.00043634569738060236,0.00031051429687067866,0.0002925422741100192,0.00027194831636734307,0.00029635048122145236,0.00047184748109430075,0.00026269169757142663
400,0.00015308235015254468,0.00023006841365713626,0.00012649554992094636,0.0002543058362789452,0.00016317881818395108,0.00010941032087430358,0.0002307578397449106,0.00016001990297809243,0.0001767176145222038,9.137182496488094e-05,0.00011569770867936313,0.0001561618410050869,0.00011979341797996312,0.00010706543253036216,0.00014622176240663975,0.00019387989595998079,0.0002340773935429752,0.0001944018149515614,0.00014911686594132334,0.00013098806084599346,0.0001346662174910307,0.0001584551064297557,0.00013520318316295743,0.00017116268281824887,0.00013106285769026726,0.00010333217505831271,0.00015811460616532713,0.00012262383825145662,0.00014624116010963917,0.00011999769048998132,0.00022420173627324402,0.00016645817959215492,0.0001673129154369235,0.0001107850403059274,0.00013154433690942824,0.0001348060613963753,0.00019743313896469772,0.00016834981215652078,0.00016639621753711253,0.0001381084293825552,0.000122589772217907,0.00017983907309826463,0.00012768700253218412,0.00018076013657264411,0.00010354693949921057,0.00013923975348006934,0.00019217531371396035,0.00016140402294695377,0.00016616708307992667,0.00012754906492773443
500,0.0001045091194100678,0.00018991099204868078,0.00016483104263897985,0.00012485311890486628,0.00018396921223029494,0.00011687525693560019,0.00012126737419748679,0.00015164627984631807,0.0001883907534647733,0.00013304427557159215,0.00013372690591495484,9.783649875316769e-05,0.00010893798753386363,0.00012690977018792182,0.00013872675481252372,0.00018857870600186288,0.0002455580106470734,0.00020268262596800923,0.0001418260217178613,0.00017753250722307712,0.0001258378615602851,0.0001108876895159483,0.00014418606588151306,0.00016630461323074996,0.00011960085248574615,0.000136926508275792,0.00012366342707537115,0.00012661426444537938,9.912337554851547e-05,0.000197412256966345,0.00012892777158413082,0.0001682691217865795,0.00013387537910602987,0.00012696981139015406,0.00013549745199270546,9.349543688585982e-05,0.0001427398092346266,0.00011611260561039671,0.00013657231465913355,0.00011866924614878371,0.0001428372343070805,0.000136417307658121,0.00014519316027872264,0.00016864229110069573,0.0001375389110762626,0.00018599486793391407,0.00011307083332212642,0.00015192416321951896,0.00015251696459017694,8.991299546323717e-05
600,0.00014092196943238378,0.0001558296353323385,0.0001834981667343527,0.00015845918096601963,0.0002587635535746813,0.00010971236770274118,0.00013477611355483532,0.0001424169313395396,0.00016011537809390575,0.000142499731737189,0.00012246733240317553,0.00016443805361632258,0.00015105438069440424,0.00011401098890928552,0.00014652784739155322,0.00011309498222544789,0.00014918131637386978,0.00019294170488137752,0.00015306654677260667,0.0001334341213805601,0.00011052304034819826,0.00017025489069055766,0.000152107939356938,0.00013630649482365698,0.0001573107874719426,0.00011979635746683925,0.00012078294093953446,0.00019755774701479822,0.00011665368219837546,0.00013419019524008036,0.00013900153862778097,0.00014568705228157341,0.00015343030099757016,0.00015619835176039487,0.00017718570597935468,0.00013052804570179433,0.00016669700562488288,0.00021233609004411846,0.00019102351507171988,0.0001644705916987732,0.00011277895828243345,0.00013771883095614612,0.00012502707249950618,0.0001435000594938174,0.00011708462261594832,0.00014204977196641266,0.00017742965428624302,0.0002431447064736858,0.00016009654791560024,0.00014482036931440234
700,0.0003756983787752688,0.0001475685421610251,0.00021748532890342176,0.00017709370877128094,0.00029402703512459993,0.00010098591883433983,0.00011530754272826016,0.00013646026491187513,0.00022288334730546921,0.0001600609248271212,0.00019999442156404257,0.0001303968601860106,0.00019811229140032083,9.886218322208151e-05,0.00012056862760800868,0.00011140771675854921,0.00021933844254817814,0.0001679520937614143,0.0001527831918792799,0.00020245187624823302,0.000127730643725954,0.00014158504200167954,0.0001740855659591034,0.0001210225309478119,0.00012257228081580251,0.00018358581291977316,0.00017629047215450555,0.00015551784599665552,0.0001599966490175575,0.00011626601917669177,0.00019972652080468833,0.00016818154836073518,0.00017695111455395818,0.0001313917018705979,0.00021576463768724352,0.000163191492902115,0.0001601534750079736,0.0001562008255859837,0.00011669189552776515,0.0001273443194804713,0.00017283247143495828,0.00017290355754084885,0.00015349366003647447,0.00019399351731408387,0.0001541475794510916,0.00012697451165877283,0.00012667724513448775,0.00014849987928755581,0.0001456872560083866,0.00012119351595174521
800,0.00013492221478372812,0.00021031028882134706,0.0002177742135245353,0.00015245402755681425,0.00016942454385571182,0.00019856845028698444,9.719887748360634e-05,0.00010585162817733362,0.00011631978850346059,0.00016359325672965497,0.0001763856125762686,0.00021307986753527075,0.00011750057456083596,0.00010542864038143307,0.00013144999684300274,0.00010882906644837931,0.00012340235116425902,0.00017122297140304,0.00011218593863304704,0.0001221379789058119,0.00012886182230431587,0.00017503369599580765,0.00014910635945852846,0.000148767649079673,0.00011025986168533564,0.00013613596092909575,0.00013526172551792115,0.00011119544069515541,0.00014720633043907583,0.0001235750096384436,0.0001614270731806755,0.0002345233951928094,0.00013353208487387747,9.056101407622918e-05,0.0001705559407128021,0.0001453416480217129,0.00022241724946070462,0.00025494390865787864,0.00013398713781498373,0.00014642381574958563,0.0001075573090929538,0.0001914940949063748,0.00014306472439784557,0.00012855541717726737,0.00012724559928756207,0.00014834578905720264,0.00013312372902873904,0.00012241674994584173,0.0001981919922400266,0.00011300390178803355
900,0.00027160168974660337,0.00012181188503745943,0.00015890868962742388,0.00012306903954595327,0.0002014543570112437,9.343331475974992e-05,9.907757339533418e-05,0.00014747839304618537,0.00012192376743769273,0.000167307531228289,0.00010868463141378015,0.0001758925645845011,0.00010803439363371581,0.00010453196591697633,0.00011499326501507312,0.0001563581172376871,0.00014398795610759407,0.00019472163694445044,0.00012685495312325656,0.0001240354758920148,0.0001237561518792063,0.00013908390246797353,0.0001438957406207919,0.00014817056944593787,0.0001430175470886752,0.00012726445856969804,0.00013516358740162104,0.00013633989146910608,0.00012099844025215134,0.00016438380407635123,0.00011054997594328597,0.00015488873759750277,0.00012176452582934871,0.00013013448915444314,0.00012015309766866267,0.00012760155368596315,0.00011101568816229701,0.00010658931569196284,0.0001327277859672904,9.858934936346486e-05,0.00011324778461130336,0.00012578642053995281,0.00013673251669388264,0.00012608617544174194,9.53654816839844e-05,0.0001325548510067165,0.0001359171437798068,0.00015399328549392521,0.0001216692544403486,9.083798067877069e-05
1000,0.00013481661153491586,0.00029994279611855745,0.00017001137894112617,0.00015856570098549128,0.00017525852308608592,0.0001258730044355616,0.00014889622980263084,0.00012665794929489493,0.00010942536755464971,0.0002339619240956381,0.00017333631694782525,0.00013412642874754965,0.0001010254563880153,0.00011575279495446011,0.00019244354916736484,0.00021293135068845004,0.00010429252870380878,0.00013251228665467352,0.00016372416575904936,0.00012802722631022334,0.00013518753985408694,0.00014451392053160816,0.00016065884847193956,0.00016777386190369725,0.00011651855311356485,0.00014377808838617057,0.0002243822964373976,0.00012761277321260422,0.00014791767171118408,0.0001015210073092021,0.00013412372209131718,0.00014952581841498613,0.0001268800115212798,0.00012685694673564285,0.00018263308447785676,0.00015635440649930388,0.00017899097292684019,0.00015773464110679924,0.00013756034604739398,0.00011992186773568392,0.00018708682910073549,0.00011730732512660325,0.00015437557885888964,0.00012885613250546157,9.907688217936084e-05,0.00012619266635738313,0.0001579152885824442,0.00012211923603899777,0.0002518810797482729,0.00010493530135136098
1100,0.00020054812193848193,0.00016747950576245785,0.0001523882820038125,0.00015160170732997358,0.0002605818153824657,0.00015633062866982073,0.00013906558160670102,0.00011566528701223433,0.0001615417713765055,9.43149279919453e-05,0.00012255265028215945,0.0001348894729744643,0.0001238631084561348,0.00012849626364186406,0.00015569945389870554,0.00013436368317343295,0.00018010764324571937,0.00013680467964150012,0.00014051837206352502,0.00019843985501211137,0.0001487017289036885,0.00014563006698153913,0.00014856252528261393,0.0001371836697217077,0.00013551196025218815,0.00013899646000936627,0.0001327988284174353,0.0001515808398835361,0.00022125383839011192,0.00020282903278712183,0.00011810240539489314,0.0001205598673550412,0.00012300962407607585,0.0001233630464412272,0.00011250169336562976,0.000182777366717346,0.0002073387149721384,0.0001647055323701352,0.00015291084127966315,0.00017161323921754956,0.00014959447435103357,0.00011143486335640773,0.00010183202539337799,0.00010617737279972062,0.00010016088344855234,0.00013292874791659415,0.0002750635612756014,0.00016208633314818144,0.00011751673446269706,9.332153422292322e-05
1200,0.0001904780074255541,0.00015736730711068958,0.0003283053229097277,0.00017297609883826226,0.0002760660427156836,0.00016088399570435286,0.000122561861644499,0.0001258104166481644,0.00016503187362104654,0.00022910645930096507,0.00012139199679950252,0.00018837607058230788,0.00021457226830534637,0.0001111940509872511,0.0001819087628973648,0.00015078752767294645,0.00019992617308162153,0.00012311730824876577,0.00013244536239653826,0.00012634026643354446,0.0001072224258678034,0.00026265683118253946,0.000241523448494263,0.0003261198289692402,0.00013602330000139773,0.00014432311581913382,0.00013412284897640347,0.00018321626703254879,0.00022486865054816008,0.0002099621924571693,0.00027580486494116485,0.000281848682789132,0.00013187705189920962,0.00015136535512283444,0.00016365865303669125,0.0002231390681117773,0.00015183874347712845,0.00012245804828125983,0.00014376023318618536,0.0002218748995801434,0.00011651547538349405,0.00011664165504043922,0.0001781667524483055,0.00020344476797617972,0.0002178600843762979,0.00014297266898211092,0.00020418164785951376,0.0001948879798874259,0.0002172213717130944,0.00012562672782223672
1300,0.00010331330850021914,0.0001076939151971601,0.0001329852093476802,0.00016791773668956012,0.00034637979115359485,0.00011495361832203344,9.885454346658662e-05,0.00014474352065008134,0.0001189186004921794,0.00012852021609432995,0.00012614723527804017,0.00014383878442458808,0.00014037711662240326,0.00011207783973077312,0.00011699282185873017,0.00011574691598070785,0.00013999089424032718,0.00011429365258663893,0.00012449281348381191,0.00011153414379805326,0.00011350064596626908,0.00013418337039183825,0.00013935922470409423,0.00013006405788473785,0.00010866232332773507,0.00011373670713510364,0.0001560081000206992,0.0001429567055311054,0.000129617634229362,0.00015044299652799964,0.000114898502943106,0.0001642228162381798,0.00013499640044756234,0.00013408470840658993,0.000203963034437038,0.00011729179095709696,0.00012642827641684562,0.000113389287434984,0.00010183150880038738,0.00012862420408055186,0.00014942602138035,0.0001304681209148839,0.0001066022232407704,0.00010722274600993842,0.00018426403403282166,0.00020180751744192094,0.00014491759066004306,0.00010582913091639057,0.00011879092926392332,8.530499326298013e-05
1400,0.0002454614732414484,0.00016368522483389825,0.0001622755517018959,0.00022278832329902798,0.00021203818323556334,0.00029598912806250155,0.00012880732538178563,0.00011835221812361851,0.00016225613944698125,0.00012612304999493062,0.00013121847587171942,0.00011845910921692848,0.00012670649448409677,0.0001583234843565151,0.00018565017671789974,0.0001580017851665616,0.00011653985711745918,0.00017185894830618054,0.00013305729953572154,0.00015433784574270248,0.0002495459630154073,0.00011985290620941669,0.00011585952597670257,0.00025060371262952685,9.848613262875006e-05,0.00012564654753077775,0.00012665892427321523,0.0001121936074923724,0.00018378195818513632,0.0001379676250508055,0.00013410410610958934,0.0001603968848939985,0.00013904152729082853,0.00013625281280837953,0.00013944237434770912,0.00017447931168135256,0.00014823120727669448,0.000133351786644198,0.00015851089847274125,0.00013314842362888157,0.0001675294479355216,0.0001242760190507397,0.00015068963693920523,0.00013820285676047206,0.00032237451523542404,0.00018719104991760105,0.0001459911436541006,0.00023080348910298198,0.00012569321552291512,0.00012357006198726594
1500,0.00020383721857797354,0.00016420097381342202,0.00014532858040183783,0.00013648341700900346,0.00019575571059249341,0.0001330139784840867,0.00012240679643582553,0.0001708293129922822,0.0001590776810189709,0.00017285549256484956,0.00012644112575799227,0.0001240521523868665,0.00010893581929849461,0.00011471548350527883,0.0001653302024351433,0.00010838418529601768,0.000116876901302021,0.00011938098032260314,0.00018368726887274534,0.00018577965965960175,0.000210091209737584,0.0001517110940767452,0.0001508679415564984,0.0001653557555982843,0.00019574814359657466,0.000175370805663988,0.00014745052612852305,0.000131597465951927,0.0001439029729226604,0.00011513854406075552,0.00023804721422493458,0.00026620805147103965,0.00010129246220458299,0.0001105751289287582,0.00014657844440080225,0.00013154145563021302,0.00023251061793416739,0.00013289785420056432,0.00011327846004860476,0.00013062321522738785,0.00011505739530548453,0.00014070172619540244,0.00014997852849774063,0.0001781548635335639,0.00010365933121647686,0.00014259821909945458,0.00015251076547428966,0.00011281965998932719,0.0001467903784941882,0.00012753235932905227
1600,0.00012370677723083645,0.00018859848205465823,0.00012468597560655326,0.00018872760119847953,0.0003131056728307158,0.0001683255541138351,0.00022367454948835075,0.0001474208984291181,0.00012152449926361442,0.00013613607734441757,0.00015985764912329614,0.00019465548393782228,0.00010913724690908566,0.00013391769607551396,0.00013166730059310794,0.00015884153253864497,0.00015161410556174815,0.00017442797252442688,0.0001601258700247854,0.00017580314306542277,0.0001766694476827979,0.00013463590585161,0.00017059459059964865,0.00013106556434649974,0.0001549269654788077,0.00013889512047171593,0.0002843998372554779,0.00013927888358011842,0.00012471171794459224,0.00015875397366471589,0.0002185349731007591,0.00019932445138692856,0.0001350331149296835,0.000176434958120808,0.00021857069805264473,0.00014205680054146796,0.00011835794430226088,0.0001254814851563424,0.00013033200229983777,0.00012111893011024222,0.00012426635657902807,0.00018462873413227499,0.00013340638543013483,0.00012709404109045863,0.0001398516324115917,0.00012614965089596808,0.00012442984734661877,0.00017110060434788465,0.00015532570250798017,0.00012305927521083504
1700,0.0002550941426306963,0.00013159506488591433,0.00012506679922807962,0.00021150601969566196,0.0003048557846341282,0.00019519642228260636,0.00014356737665366381,0.00014322357310447842,0.00012389531184453517,0.00016303999291267246,0.00015907401393633336,0.00015027109475340694,0.00015858716506045312,8.383773092646152e-05,0.0001469665439799428,0.0001629474136279896,0.00014921811816748232,0.00022271258058026433,0.0001355624117422849,0.00013369294174481183,0.000132821049191989,0.00013886712258681655,0.00013609071902465075,0.00017122788995038718,0.00021102966275066137,0.00010385222412878647,0.00013216819206718355,0.0001518875069450587,0.00016434058488812298,0.00013672556087840348,0.00025010303943417966,0.00017603370361030102,0.0001708462368696928,0.00019368412904441357,0.00012715073535218835,0.0001256316463695839,0.00015525562048424035,0.00010831784311449155,0.0001365584321320057,0.00018479932623449713,0.0001262377918465063,0.00015443228767253458,0.00015454152890015393,0.00014961232955101877,0.0001133829282480292,0.0001132003526436165,0.00014904818090144545,0.0002155663532903418,0.0001462911895941943,0.0001170666073448956
1800,0.00020604196470230818,0.00019641722610685974,0.00014483397535514086,0.00018175480363424867,0.0003774271463043988,0.0001511878945166245,0.00016105307440739125,0.00018762184481602162,0.00015721522504463792,0.00013371024397201836,0.00017970858607441187,0.0002143131277989596,0.0001415785518474877,9.520164894638583e-05,0.00017422741802874953,0.00014859101793263108,0.00010495025344425812,0.00018457285477779806,0.00014070229372009635,0.00012660147331189364,0.0001815145369619131,0.00014844977704342455,0.00018049833306577057,0.00014027734869159758,0.0001257034600712359,0.0001936868648044765,0.00015159606118686497,0.00017541453416924924,0.00015549473755527288,0.00023161726130638272,9.763384878169745e-05,0.0001285824691876769,0.0001963526738109067,0.0001522261882200837,0.00015967081708367914,0.00019354511459823698,0.00017682870384305716,0.00013620112440548837,0.00012879121641162783,0.00013348345237318426,0.00014780757192056626,0.00014267186634242535,0.00012823400902561843,0.00013466598466038704,0.00017458212096244097,0.00020048230362590402,0.00011083389108534902,0.00016339328431058675,0.00020576847600750625,0.00013182206021156162
1900,0.0001396596635458991,0.00013350391236599535,0.00017630530055612326,0.0001843659847509116,0.00038985503488220274,0.00018981442553922534,0.00013670280168298632,0.0002168467763112858,0.00012296426575630903,0.0001595575304236263,0.00011577080294955522,0.00015416211681440473,0.000104358303360641,0.00010165435378439724,0.00017473728803452104,0.0001638352987356484,0.00010042882058769464,0.00017101046978496015,0.00010113434836966917,0.00019079809135291725,0.00014294678112491965,0.00013304606545716524,0.00016256552771665156,0.0001279925782000646,0.0001907023397507146,0.0001281524309888482,0.00014680513413622975,0.00012176715972600505,0.00019477993191685528,0.00013143943215254694,0.00015042754239402711,0.00015727202116977423,0.00010748820204753429,0.00015971355605870485,0.00015523111505899578,0.00015189647092483938,0.00013409581151790917,0.00017738179303705692,0.00013609416782855988,0.00011835579061880708,0.00011391109001124278,0.00018968312360811979,0.00016883440548554063,0.00016545888502150774,0.00015632255235686898,0.0002054369106190279,0.00018318521324545145,0.00012599542969837785,0.00012396092643029988,8.879240340320393e-05
2000,0.0001661200076341629,0.00013265297457110137,0.00015668044215999544,0.00018826613086275756,0.00028962496435269713,0.00020884016703348607,0.00025509705301374197,0.00020818326447624713,0.00014078478852752596,0.00021749542793259025,0.0001429178664693609,0.00014373035810422152,0.0002628326474223286,0.0001007420287351124,0.00021803172421641648,0.00023137828975450248,0.0001542175596114248,0.00011967307364102453,0.0001920915674418211,0.00013396775466389954,0.0003260448283981532,0.00016172509640455246,0.0001999902888201177,0.0002084154839394614,0.00013304654567036778,0.00019250962941441685,0.00015437636466231197,0.00021269723947625607,0.0001950776786543429,0.00020961626432836056,0.00018578520393930376,0.00016198900993913412,0.00024813011987134814,0.00017849339928943664,0.00016825618513394147,0.0001514909672550857,0.00018722853565122932,0.000252705009188503,0.00014565014862455428,0.00017741882766131312,0.00024524531909264624,0.00015994335990399122,0.00018340260430704802,0.000145076381159015,0.00014724992797710001,0.00014304788783192635,0.00017019163351505995,0.00014790725253988057,0.00015148252714425325,0.000106507221062202
2100,0.0003974095161538571,0.0001553516194690019,0.00027872342616319656,0.0001732805249048397,0.00033421488478779793,0.00013336811389308423,0.0002964056038763374,0.0002126438048435375,0.00019942664948757738,0.0001492770970799029,0.00015507478383369744,0.00015821719716768712,9.407370816916227e-05,0.00012031453661620617,0.00021745520643889904,0.00016487663378939033,0.00029743672348558903,0.00011531655763974413,0.0001754805853124708,0.00014432637544814497,0.0002071273629553616,0.0001419714099029079,0.00014942302368581295,0.00014869676670059562,0.000165598961757496,0.00019427237566560507,0.0001556404895382002,0.00014237419236451387,0.00022526290558744222,0.00021276998450048268,0.00013315376418177038,0.0002060618280665949,0.00016827674699015915,0.0001357930013909936,0.00025464739883318543,0.00015566214278806,0.00015580494073219597,0.00019989248539786786,0.00017503630078863353,0.00017421635857317597,0.0001170594769064337,0.00013173495244700462,0.00014163475134409964,0.00013915958697907627,0.00011239037121413276,0.00021085672779008746,0.00021439277043100446,0.00013439852045848966,0.00014751229900866747,9.804563160287216e-05
2200,0.00024329138977918774,0.0001050935679813847,0.0001589897001395002,0.0001567995932418853,0.00021561859466601163,0.0001501447259215638,0.00020658818539232016,0.00013533288438338786,0.00010077052138512954,0.00012193540169391781,0.0002234878920717165,0.00016540788055863231,0.00019518537737894803,0.00011031585745513439,0.00016154663171619177,0.00012396818783599883,0.00011604774772422388,0.0002534757659304887,0.00015763079863972962,0.00016952339501585811,0.0001852417190093547,0.00015627262473572046,0.00016423693159595132,0.00014845436089672148,0.00020643339667003602,0.0001339167356491089,0.00019831913232337683,0.00015838403487578034,0.0001505830732639879,0.00014550558989867568,0.0001787133514881134,0.00015436403919011354,0.0001155509235104546,0.00017440806550439447,0.00011826196714537218,0.00024103930627461523,0.00014141718565952033,0.00012685438559856266,0.00011047506268369034,0.0001312439562752843,0.00011580055434023961,0.00017452408792451024,0.00012869012425653636,0.00014761336205992848,0.00027846041484735906,0.00017598186968825758,0.0001478224730817601,0.0001932090672198683,0.00021864072186872363,0.00012254680041223764
2300,0.00020327407401055098,0.00024588953237980604,0.00021970897796563804,0.000210352533031255,0.00023255711130332202,0.00013707010657526553,0.00020577952091116458,0.00019783512107096612,0.00021402197307907045,0.0001879364572232589,0.00024855483206920326,0.0003348945174366236,0.00024784827837720513,0.0001258296106243506,0.00019261054694652557,0.00021515951084438711,0.00015811051707714796,0.0001433888974133879,0.00015190789417829365,0.0001901871437439695,0.0001760828454280272,0.00016954656166490167,0.00014437403297051787,0.000222785456571728,0.00016123458044603467,0.00016264068835880607,0.0001531664456706494,0.00016270633204840124,0.0001714597747195512,0.00016787409549579024,0.0001636118395254016,0.00023006992705632,0.00015805603470653296,0.00014105539594311267,0.0002319713239558041,0.00018604843353386968,0.00016906058590393513,0.00016788591165095568,0.0002134849491994828,0.00013767072232440114,0.00017240765737369657,0.00023100986436475068,0.0001881763309938833,0.00018117214494850487,0.00011096825619461015,0.0001411139382980764,0.0002951815549749881,0.00022423311020247638,0.00014572522195521742,0.00015001633437350392
2400,0.00042752246372401714,0.00017939314420800656,0.00033769046422094107,0.00018395956431049854,0.00047532515600323677,0.00012055024853907526,0.00012744480045512319,0.00023203020100481808,0.000177514084498398,0.00019367657660041004,0.00017551606288179755,0.00022193432960193604,0.00013425509678199887,0.00013660950935445726,0.0001693909289315343,0.00014400902728084475,0.0001512871531303972,0.00018125478527508676,0.00017209652287419885,0.00017488971934653819,0.0001698597625363618,0.00014715366705786437,0.00015480986621696502,0.00018920598085969687,0.00015019314014352858,0.0001628798636374995,0.00013357169518712908,0.00017398099589627236,0.00012572297418955714,0.00017505021241959184,0.0001551610475871712,0.00023909822630230337,0.000249281816650182,0.0001491412112955004,0.0001440354681108147,0.0002720393822528422,0.00016570741718169302,0.00027278962079435587,0.0001425237423973158,0.00020150543423369527,0.00013496482279151678,0.0001826309016905725,0.0002533992228563875,0.00015584442007821053,0.00011595346586545929,0.00011709959653671831,0.00014778545300941914,0.00020049903832841665,0.00028430126258172095,0.0001741438900353387
2500,0.0002094300143653527,0.00011291530245216563,0.0002183835895266384,0.00021608300448860973,0.00021853439102414995,0.00014702658518217504,0.00013375958951655775,0.00016477507597301155,0.00012920447625219822,0.00013262606807984412,0.00016465949011035264,0.00012097494618501514,0.00011273147538304329,0.00010953771561617032,0.00013564548862632364,0.00018903803720604628,0.00014339096378535032,0.00020665480406023562,0.00015060428995639086,0.00018230352725367993,0.00019192627223674208,0.0001438930194126442,0.00015216866449918598,0.00012695207260549068,0.00013550596486311406,0.0001393579295836389,0.00011088145402027294,0.0001134459744207561,0.0001277705596294254,0.00017097036470659077,0.0002112811926053837,0.00029071478638798,0.00011928546155104414,0.0001443322835257277,0.0001931571023305878,0.00013263430446386337,0.00015392506611533463,0.00015659391647204757,0.00013079846394248307,0.00016069809498731047,0.00011628277570707723,0.00012688797141890973,0.0001941830269061029,0.00015128450468182564,0.00013616940123029053,0.00017993897199630737,0.00020316349400673062,0.00014260598982218653,0.00013674033107236028,0.00012502209574449807
2600,0.00042605464113876224,0.0002582099987193942,0.0002379603829467669,0.00014278359594754875,0.00019640169921331108,0.00015475017426069826,0.00013588926231022924,0.00012466468615457416,0.0002630125090945512,0.00013869456597603858,0.00015097235154826194,0.00015504469047300518,0.00015034872922115028,9.942703763954341e-05,0.00021822915005031973,0.0002431815955787897,0.00013113240129314363,0.00020979181863367558,0.0001672767975833267,0.00016182029503397644,0.00034266847069375217,0.0003188139235135168,0.00014808386913500726,0.00016802486788947135,0.0001762640313245356,0.0001336600398644805,0.0001322523457929492,0.0001924272219184786,0.0001606619916856289,0.000174232991412282,0.00014501075202133507,0.00014721778279636055,0.00022981678193900734,0.00021361338440328836,0.00019673471979331225,0.00019691922352649271,0.00015406480815727264,0.00012283146497793496,0.00014794191520195454,0.00017008036957122386,0.00014672799443360418,0.0001587874285178259,0.00027565527125261724,0.00010909137927228585,0.00018109657685272396,0.00014432307216338813,0.00016448061796836555,0.0002463092969264835,0.00021808895689900964,0.00012537871953099966
2700,0.0001416253944626078,0.0001110428711399436,0.0001492653100285679,0.0001534802431706339,0.0004165027930866927,0.00018595867732074112,0.00013452707207761705,0.0001505215186625719,0.0001880825002444908,0.00020345718075986952,0.00011555613309610635,0.00014585565077140927,0.00023159824195317924,0.00011363826342858374,0.00015761921531520784,0.00018367754819337279,0.0001423388603143394,0.0001571721804793924,0.0001374996645608917,0.00020426986156962812,0.00016361447342205793,0.0001096605701604858,0.00018992292461916804,0.0001327538921032101,9.900736040435731e-05,0.0001323921314906329,0.00014748398098163307,0.0002127273619407788,0.0001948813151102513,0.00013870501425117254,0.0002380112127866596,0.00016233728092629462,0.0001611012703506276,0.00018201688362751156,0.0001752375392243266,0.00012825171870645136,0.00011853408796014264,0.00019077816978096962,0.00017309225222561508,0.00017689561354927719,0.00012609572149813175,0.00011418210488045588,0.00019734000670723617,0.00015075750707183033,0.00013419579772744328,0.0001538462092867121,0.00020694664272014052,0.00012916432751808316,0.00018492552044335753,0.00013909720291849226
2800,0.00037468766095116735,0.00013433238200377673,0.00017155830573756248,0.00014205947809386998,0.00021500462025869638,0.00011930379696423188,0.0001833152346080169,0.00014530362386722118,0.00013494562881533056,0.00012146030348958448,0.00011589407222345471,0.0002565140894148499,0.0001297459239140153,0.00010332335659768432,0.0001684050657786429,0.00023626435722690076,0.00017099452088586986,0.00018831357010640204,0.00017074638162739575,0.00013179767120163888,0.00017211372323799878,0.0001705226459307596,0.00024141361063811928,0.00013988178397994488,0.00018146402726415545,0.00017009805014822632,0.0001501703663961962,0.00013651448534801602,0.00018187456589657813,0.00011778878251789138,0.00013800858869217336,0.00018098032160196453,0.00013013235002290457,0.00011165490286657587,0.0001555824128445238,0.0002848479198291898,0.00014552399807143956,0.0001425833033863455,0.000123208636068739,0.00011241187894484028,0.000157876405864954,0.0001068163983291015,0.0001869175466708839,0.00014326974633149803,0.0002778679772745818,0.00015387244638986886,0.00014329887926578522,0.0002342171355849132,0.00012543823686428368,9.695027256384492e-05
2900,0.00020833616144955158,0.00012060037988703698,0.0001236727403011173,0.00016588682774454355,0.00025907508097589016,0.0001471463474445045,0.00010019337059929967,0.00016872234118636698,0.00013325171312317252,0.00018086007912643254,0.00019314677047077566,0.00020047328143846244,0.0001032867658068426,9.555578435538337e-05,0.00020167035108897835,0.00012838613474741578,0.00013962513185106218,0.00012592478014994413,0.0001517293567303568,0.0001566197315696627,0.00017820546054281294,0.00018104426271747798,0.00014192094386089593,0.0001487734989495948,0.00010713531082728878,0.0002123053855029866,0.00011135370732517913,0.00014117102546151727,0.0001787133951438591,0.00016610541206318885,0.00012363238784018904,0.00013026478700339794,0.00014913702034391463,0.00011720743350451812,0.00018800886755343527,0.0002413800684735179,0.00010772523091873154,0.00011470216122688726,0.00011310399713693187,0.0001277077099075541,0.0001317968562943861,0.00012876685650553554,0.00011624682520050555,0.00017452870088163763,0.00013087021943647414,0.0001737211860017851,0.0001627182209631428,0.00012859932030551136,0.0001289738283958286,0.00017868455324787647
3000,0.0002781661751214415,0.00022120306675788015,0.00014314017607830465,0.00013343773025553674,0.00023045264242682606,0.0001649794285185635,0.0001364970812574029,0.0002160081930924207,0.00015737202193122357,0.00014034022751729935,0.00018619450565893203,0.0001258178090211004,0.00018132495461031795,0.00011091512715211138,0.00014508854656014591,0.00021672763978131115,0.00014865047705825418,0.0001402754569426179,0.00015553903358522803,0.0001704242458799854,0.00012644092203117907,0.00013161405513528734,0.00016454300202894956,0.00016836076974868774,0.00012636030442081392,0.00014113007637206465,0.00014688464580103755,0.00017533580830786377,0.0001611046609468758,0.00018314711633138359,0.0001988960721064359,0.00015336791693698615,0.00020505001884885132,0.0001899867202155292,0.00023098265228327364,0.00016108021372929215,0.00011623389582382515,0.0001379262248519808,0.0001272473018616438,0.0002126830950146541,0.00013944940292276442,0.00019111786969006062,0.00016738254635129124,0.00014774923329241574,0.0001387283846270293,0.00019731183419935405,0.00015177986642811447,0.00017650029622018337,0.00019025108485948294,0.00015285050903912634
3100,0.0002036310761468485,0.0001544263504911214,0.00011493453348521143,0.00016884201613720506,0.00029112104675732553,0.0001188562746392563,0.00012211001012474298,0.00017736339941620827,0.0001396109873894602,0.00012280176451895386,0.00017537921667099,0.00012245234393049031,0.00014861238014418632,9.831795614445582e-05,0.0001315363188041374,0.00012867452460341156,0.00011004956468241289,0.0001276895054616034,0.00011633146641543135,0.00013834499986842275,0.0001564242847962305,0.00012916135892737657,0.00014575684326700866,0.0001265640021301806,0.00017126846069004387,0.00013064696395304054,0.00015046686166897416,0.0001233854709425941,0.00013976366608403623,0.00012449790665414184,0.00016181488172151148,0.00013225091970525682,0.00013534512254409492,0.00018721020023804158,0.00012492657697293907,0.00013627705629915,0.00015679073112551123,0.00011265303328400478,0.00022692345373798162,0.00010547101555857807,0.00010274103988194838,0.00026801993953995407,0.00013448625395540148,0.00015532616816926748,0.00010984236723743379,0.00014440613449551165,0.00019382330356165767,0.000125836071674712,0.0001682975416770205,0.00013852906704414636
3200,0.00012826207967009395,0.0003059075679630041,0.00024198174651246518,0.00015843947767280042,0.0002814614272210747,0.00012003308802377433,0.00015960358723532408,0.0001664681767579168,0.00013891063281334937,0.00015182970673777163,0.00015937277930788696,0.00017534955986775458,0.00012243787932675332,0.00010103578824782744,0.0001177876110887155,0.0002018111408688128,0.00011110102059319615,0.00011849075963255018,0.00012295541819185019,0.00015408499166369438,0.00019095285097137094,0.00012879927817266434,0.000155310015543364,0.00015176676970440894,0.00022393018298316747,0.0001253132795682177,0.00010042103531304747,0.00013902084901928902,0.0001511984009994194,0.00022002945479471236,0.00013968156417831779,0.00029618103872053325,0.00015547379734925926,0.00016185642743948847,0.00012991784024052322,0.00016681666602380574,0.0001575166534166783,0.00014817265036981553,0.00014821498189121485,0.00013543454406317323,0.00019845696806441993,0.0001567319850437343,0.00014745569205842912,0.0001624890574021265,0.00011405430268496275,0.00016577869246248156,0.0002284267684444785,0.00020761163614224643,0.0002123893500538543,0.00015211365825962275
3300,0.00015800072287674993,0.000200835129362531,0.00020069121092092246,0.00020481194951571524,0.0002907130110543221,0.00013797092833556235,0.0001389931421726942,0.0001263048470718786,0.0001345466880593449,0.0001471855357522145,0.0001757782301865518,0.0001621761330170557,0.00018916417320724577,0.00011439079389674589,0.00017288021626882255,0.0001846508966991678,0.00012634674203582108,0.00017625332111492753,0.00018431013450026512,0.00016250275075435638,0.00016531234723515809,0.00011207741044927388,0.0001668708137003705,0.00019848713418468833,0.00013770247460342944,0.0001453375443816185,0.00013447346282191575,0.000111412737169303,0.0001603486598469317,0.00015161986812017858,0.0001449165283702314,0.00023847164993640035,0.0001645009615458548,0.00016093750309664756,0.00024151666730176657,0.00016977038467302918,0.00015046038606669754,0.00018183646898251027,0.0001299481518799439,0.00013737380504608154,0.00017301250773016363,0.00014854225446470082,0.00017096310330089182,0.00012848005280829966,0.00015282613458111882,0.00021969106455799192,0.00021004182053729892,0.00012106369831599295,0.00017996765382122248,0.0002711659763008356
3400,0.00012081972818123177,0.00019915899611078203,0.00016703031724318862,0.0002515646046958864,0.00019726058235391974,0.0002567798364907503,0.0003041716117877513,0.00017686748469714075,0.00013558987120632082,0.00017693566041998565,0.00016435922589153051,0.00019478387548588216,0.00014971905329730362,9.898499411065131e-05,0.00019084471568930894,0.0001600076211616397,0.00016336613043677062,0.00019940987112931907,0.0001650690392125398,0.00013863931235391647,0.0002614186378195882,0.00014824417303316295,0.00017770909471437335,0.00018994144920725375,0.00014699490566272289,0.00019524834351614118,0.0001400162000209093,0.0002344856911804527,0.00017006795678753406,0.0002722875215113163,0.00012883974704891443,0.00023620558204129338,0.00011707415978889912,0.0001619047106942162,0.00016945610695984215,0.00015489134239032865,0.00017334504809696227,0.00016906819655559957,0.00017578990082256496,0.00023340336338151246,0.00011548494512680918,0.00014740270853508264,0.00016061897622421384,0.0001782843319233507,0.00014216467388905585,0.00014483345148619264,0.00013553723692893982,0.00012978022277820855,0.00016645828145556152,0.0001897848560474813
3500,0.00012609371333383024,0.00032405334059149027,0.0001660848211031407,0.00015405399608425796,0.0001504929969087243,0.00017355942691210657,0.00017392596055287868,0.0001561190001666546,0.00017589017807040364,0.0001336385466856882,0.00019324467575643212,0.00017741139163263142,0.00014331734564621001,0.00015924150648061186,0.00015707430429756641,0.0001531106827314943,0.0001402451453031972,0.00016174228221643716,0.0001368720841128379,0.00014307169476523995,0.00029722711769863963,0.00025352826924063265,0.000140943840960972,0.00012712545867543668,0.00026251422241330147,0.00016455116565339267,0.00014810940774623305,0.00014476996148005128,0.00013817778381053358,0.00016859997413121164,0.00019259371038060635,0.00018712067685555667,0.00016132993914652616,0.00017815678438637406,0.000170550643815659,0.0002008565643336624,0.0001458827464375645,0.00014525119331665337,0.00015094100672286004,0.00015403558791149408,0.0002178045833716169,0.00015228765551000834,0.00021522659517358989,0.00013598348596133292,0.00014693199773319066,0.00016751921793911606,0.00019069176050834358,0.0001974788901861757,0.0001588389277458191,0.00013163394760340452
3600,0.00018235518655274063,0.00013361303717829287,0.0001775887212716043,0.00025442810147069395,0.0003077296132687479,0.00016058218898251653,0.00017830458818934858,0.0001800057216314599,0.00018637784523889422,0.00016955799947027117,0.00020420750661287457,0.00018604843353386968,0.00021777527581434697,9.342354314867407e-05,0.00016813748516142368,0.00022285195882432163,0.00018209172412753105,0.00019449485989753157,0.0001733728713588789,0.0003282098041381687,0.0001845669758040458,0.0001324533368460834,0.00022109964629635215,0.0002345000539207831,0.00013496089377440512,0.00022330621141009033,0.0001410359691362828,0.00017823131929617375,0.0002233951963717118,0.00017509618191979825,0.00020637636771425605,0.00023456639610230923,0.00017577245307620615,0.0002439579548081383,0.00021773962362203747,0.00017808889970183372,0.0001574011257616803,0.00015482112939935178,0.0002402849349891767,0.0001629523903829977,0.00012045867333654314,0.00019593496108427644,0.00017925287829712033,0.00019785936456173658,0.00012893335951957852,0.0001637851382838562,0.00019725914171431214,0.0001577607326908037,0.00019749523198697716,0.00014760128397028893
3700,0.0002923969877883792,0.00019358999270480126,0.0001942626986419782,0.00017513157217763364,0.00025021506007760763,0.00015640055062249303,0.00018273232853971422,0.00014799347263760865,0.00037479191087186337,0.0001739695289870724,0.00014078333333600312,0.00022429916134569794,0.0001689603232080117,9.597130701877177e-05,0.00014675132115371525,0.0001541569217806682,0.00010495355672901496,0.00017212684906553477,0.0001891693245852366,0.0001700306893326342,0.00014140423445496708,0.0001775529672158882,0.00014175227261148393,0.0001391279511153698,0.00012035168037982658,0.00014070392353460193,0.0001395229483023286,0.00012682560191024095,0.00014897239452693611,0.00021652047871612012,0.00014808303967583925,0.00020646583288908005,0.0001365895732305944,0.00012605533993337303,0.0001422506757080555,0.00011845535482279956,0.00013823043263982981,0.000145990023156628,0.00014660497254226357,0.000177714551682584,0.0001236033858731389,0.00021364030544646084,0.00014822122466284782,0.0001525211991975084,0.00016658603271935135,0.00022816198179498315,0.0001564469566801563,0.00016442887135781348,0.00019765354227274656,0.00011276979057583958
3800,0.00018090529192704707,0.00017432520689908415,0.00011546426685526967,0.00014644332986790687,0.00019498716574162245,0.0001519167999504134,0.00011106632882729173,0.0001455843885196373,0.0002032001648331061,0.0001555372728034854,0.0001298496063100174,0.00020446880080271512,0.0001391929981764406,0.0001337402209173888,0.00015284787514247,0.00013335961557459086,0.00012473882816266268,0.0002632216492202133,0.0001950453588506207,0.00014554096560459584,0.00021507359633687884,0.00017088669119402766,0.00015203819202724844,0.00015267200069501996,0.00015887430345173925,0.0001313022949034348,0.00020474843040574342,0.00014496810035780072,0.00016970736032817513,0.0001551817258587107,0.0001845802180469036,0.0001470554998377338,0.0001528230932308361,0.00013418977323453873,0.00015578657621517777,0.00017414920148439705,0.00014049239689484239,0.00014135723176877946,0.00014609588833991438,0.0001627901365282014,0.0001348848600173369,0.00012141781189711764,0.0001993766927625984,0.00013484763621818274,9.399245027452707e-05,0.0001523935206932947,0.00012675015022978187,0.00020701160246971995,0.00011628883657976985,0.00012623383372556418
3900,0.00016390290693379939,0.00013135206245351583,0.0001366598007734865,0.0002269235992571339,0.0003219495702069253,0.00019832102407235652,0.0002623261825647205,0.00015915992844384164,0.0001287222112296149,0.0002683714556042105,0.00015218928456306458,0.00013845221837982535,0.0001296896080020815,9.259925718652084e-05,0.0002565456961747259,0.00021587796800304204,0.00021410471526905894,0.0001617421949049458,0.00014405226102098823,0.00016690617485437542,0.00017655071860644966,0.00010647416638676077,0.00015172679559327662,0.00016746410983614624,0.0001433532452210784,0.0001514135510660708,0.00016451938427053392,0.00014897430082783103,0.0001814089628169313,0.0001732216915115714,0.00014844884572084993,0.00026004391838796437,0.00026064287521876395,0.00015264963440131396,0.00017972321074921638,0.00018350910977460444,0.0001401733752572909,0.00014938706590328366,0.000138830320793204,0.00018425204325467348,0.00016480294289067388,0.00019814493134617805,0.00021698459750041366,0.00018529541557654738,0.00011520613770699129,0.00015275251644197851,0.0001552008034195751,0.00024692408624105155,0.0001556832285132259,0.00016194244381040335
4000,0.0001334292464889586,0.00015837943647056818,0.00014265150821302086,0.00015767986769787967,0.00025342911249026656,0.00012458159471862018,0.00010959016799461097,0.00015640108904335648,0.0001449584378860891,0.00013663190475199372,0.00010872614802792668,0.00017023533291649073,0.0001521218364359811,0.00010161154204979539,0.00011923509009648114,0.00011319454642944038,0.00019181719108019024,0.00020706212671939284,0.00017812021542340517,0.0001475840253988281,0.00019485433585941792,0.00016044339281506836,0.00015271698066499084,0.0001489677233621478,0.00012862900621257722,0.00014300236944109201,0.00016044835501816124,0.00012859507114626467,0.0001732350792735815,0.00017545137961860746,0.0001705563918221742,0.0001646419841563329,0.00014189694775268435,0.00013824290363118052,0.00015840577543713152,0.00014283982454799116,0.00011304311192361638,0.00017249300435651094,0.00015270063886418939,0.00019348651403561234,0.0001718096318654716,0.00010430537804495543,0.00011604862083913758,0.00017251393001060933,0.0002094914234476164,0.0001909498532768339,0.00019687683379743248,0.00019349365902598947,0.00015498606080655009,0.00011780245404224843
4100,0.00015953190450090915,0.00013724536984227598,0.00015680755313951522,0.00017664703773334622,0.0004688784829340875,0.0001211773487739265,0.00026536834775470197,0.00015208369586616755,0.00013678187679033726,0.00012599323235917836,0.0001890174171421677,0.00013767743075732142,0.0001462364016333595,0.00011717908637365326,0.00017363496590405703,0.0001593092456459999,0.00014398060739040375,0.00014066680159885436,0.0001314673718297854,0.00018971695681102574,0.0002083512517856434,0.00031923456117510796,0.00015529929078184068,0.0001446205424144864,0.00013382354518398643,0.0001803771883714944,0.00018432681099511683,0.00014271297550294548,0.00018794482457451522,0.00022296712268143892,0.0001316810230491683,0.0001815756841097027,0.000140664356877096,0.0001342574687441811,0.0001522513193776831,0.0001889432460302487,0.0001708420750219375,0.00017451628809794784,0.0001907476835185662,0.00020107057935092598,0.00010901862697210163,0.00014382244262378663,0.00020826862601097673,0.00014201816520653665,0.00010263956210110337,0.00011680863826768473,0.00015769175661262125,0.00020015885820612311,0.00017195155669469386,0.0001102951355278492
4200,0.00012308832083363086,0.00021359477250371128,0.00016087882977444679,0.0001337262656306848,0.00021790355094708502,0.0001399062166456133,9.515025885775685e-05,0.00015584012726321816,0.00017051587929017842,0.00027246022364124656,0.0001653897197684273,0.00017313112039119005,0.00012792156485375017,0.00011399140203138813,0.0001502317754784599,0.00013525332906283438,0.00014119075785856694,0.00010315478721167892,0.0001769972441252321,0.0001619289832888171,0.00016122974921017885,0.00015612994320690632,0.0001427145762136206,0.0001540979865239933,0.000148255581734702,0.0001311975938733667,0.0001644192379899323,0.00014054607891011983,0.0002004140696953982,0.00011642006575129926,0.00013751735968980938,0.00017997156828641891,0.0001221989223267883,0.0001547357242088765,0.00013170325837563723,0.00016006648365873843,0.00012794249050784856,0.00016201188554987311,0.0001248207117896527,0.00024850363843142986,0.00010140341328224167,0.00012133108248235658,0.0001772639516275376,0.00015017722034826875,0.00010205538274021819,0.00015993935812730342,0.0001829864049796015,0.00012613451690413058,0.00015805587463546544,0.00010293317609466612
4300,0.00024973301333375275,0.00016676301311235875,0.00017031859897542745,0.0001279260468436405,0.000431809457950294,0.00011556860408745706,0.00010940867650788277,0.00013201819092500955,0.000159044997417368,0.00016540172509849072,0.0001657079701544717,0.00014523789286613464,0.0001116348648793064,9.772094199433923e-05,0.00014474912313744426,0.00013894477160647511,0.0001289752690354362,0.00021246318647172302,0.00010504797683097422,0.00012882488954346627,0.00019636834622360766,0.00016281523858197033,0.00013704237062484026,0.00010071277210954577,0.000111077242763713,0.00015588704263791442,0.00013390765525400639,0.0001648384059080854,0.00012005880125798285,0.00017827133706305176,0.00014325247320812196,0.0001594382629264146,0.00010814388951985165,0.00013585065607912838,0.00011626348714344203,0.00018047240155283362,0.00014407905109692365,0.00023865817638579756,0.0001772519899532199,0.0001207225359394215,0.00014136724348645657,0.0001184058201033622,0.00014984382141847163,0.0001362812181469053,0.00017162041331175715,0.00010779494914459065,0.00020399087225086987,0.00011962225835304707,0.0001230918860528618,0.00023364867956843227
4400,0.00019158882787451148,0.00012310784950386733,0.00012351272744126618,0.00014422232925426215,0.0003584221703931689,0.00013018462050240487,9.526322537567466e-05,0.00014128342445474118,0.00016163587861228734,0.000146073114592582,0.00017573998775333166,0.00016086825053207576,0.00011209925287403166,0.00017966986342798918,0.00013838143786415458,0.00023649510694667697,0.00010112848394783214,0.00014880298112984747,0.00017616715922486037,0.00015580323815811425,0.0001522307429695502,0.00011860117228934541,0.00016284782032016665,0.0001773287949617952,0.0001007072496577166,0.00015981831529643387,0.00013811165990773588,0.00013391865650191903,0.00017763438518159091,0.0001158593877335079,0.00019815709674730897,0.00013682070130016655,0.00010436198499519378,0.00014628531062044203,0.00012757955119013786,0.00015223126683849841,0.00018517186981625855,0.00014332532009575516,0.00014293169078882784,0.0001162011394626461,0.00013356728595681489,0.00012214011803735048,0.00013952804147265851,0.00016323223826475441,0.00013305747415870428,0.00018820344121195376,0.0001202258063131012,0.0001452706492273137,0.00012027213961118832,8.602857269579545e-05
4500,0.0001241437130374834,0.00023790742852725089,0.00015241449000313878,0.000142018441692926,0.00031964833033271134,0.00014554611698258668,0.00019159980001859367,0.00020703757763840258,0.0001502481900388375,0.00021534321422223002,0.0001308242353843525,0.000199645190150477,0.0001633639622014016,0.00016014739230740815,0.00020297216542530805,0.00020129475160501897,0.00016954992315731943,0.0001662712311372161,0.00020571728236973286,0.0001400010078214109,0.0001763216860126704,0.000149606799823232,0.00014238855510484427,0.00017496194050181657,0.00015441951109096408,0.00023351064010057598,0.00024638560716994107,0.0001598318776814267,0.00015687871200498194,0.0004600584215950221,0.0001149408271885477,0.00014512370398733765,0.00014280760660767555,0.00013383798068389297,0.0001311905070906505,0.00017209621728397906,0.00018839669064618647,0.0001841437042457983,0.0001376104191876948,0.00021091167582198977,0.00028884087805636227,0.00016423386114183813,0.00016883452190086246,0.00021392281632870436,9.930414671543986e-05,0.0001394405699102208,0.00015297828940674663,0.00013816251885145903,0.0001423392241122201,0.0001629879989195615
4600,0.00019221588445361704,0.00013566466805059463,0.00016017298912629485,0.00016899826005101204,0.0002422980178380385,0.00016198887897189707,0.00012575418804772198,0.0001506331900600344,0.00025596580235287547,0.00015860507846809924,0.00016452340059913695,0.0002935301454272121,0.00020227159257046878,0.00011959436960751191,0.00017378712072968483,0.00014619150897487998,0.0001268955529667437,0.00014688765804748982,0.00013035112351644784,0.0001967960997717455,0.0001489824353484437,0.00015373418864328414,0.00013112809392623603,0.00018142390763387084,0.00013494222366716713,0.00018144663772545755,0.00011464901035651565,0.00013298323028720915,0.00018322064715903252,0.0001899900526041165,0.00020398205379024148,0.00019993458408862352,0.00017886732530314475,0.000132374741951935,0.00014925167488399893,0.0001559334632474929,0.00018130178796127439,0.00013428002421278507,0.00016296745161525905,0.00015084483311511576,0.00018531362002249807,0.00011207062198081985,0.00022347585763782263,0.00013764035247731954,0.00015615910524502397,0.00015995645662769675,0.00015853808145038784,0.00014678736624773592,0.00018185738008469343,0.0001387502416037023
4700,0.00012053777027176693,0.00019311567302793264,0.00020513076742645353,0.00014988475595600903,0.00021777387883048505,0.00012381840497255325,9.791187039809301e-05,0.00019211617473047227,0.0001301052834605798,0.000139364754431881,0.00015070771041791886,0.00014868933067191392,0.00012100282037863508,8.748906839173287e-05,0.00018028834892902523,0.00021289139112923294,0.0002160329167963937,0.00022142544912640005,0.00013480946654453874,0.0001520383229944855,0.00013174569176044315,0.0001248004409717396,0.00012454582611098886,0.00014992812066338956,0.00019351208175066859,0.0001234071096405387,0.00014672279939986765,0.00013960186333861202,0.00024192033743020147,0.0001776596618583426,0.00016073210281319916,0.00014659299631603062,0.00013557999045588076,0.00013959591160528362,0.0002660008904058486,0.00013312260853126645,0.0001346854114672169,0.00014650642697233707,0.00016853811393957585,0.00014364509843289852,0.00011916529183508828,0.00017136325186584145,0.00011907013686140999,0.00011731108679668978,0.000152818116475828,0.00014813309826422483,0.00021099200239405036,0.00016263822908513248,0.0001261361176148057,0.00014303353964351118
4800,0.00014683282643090934,0.0004172114422544837,0.00017131364438682795,0.00013060860510449857,0.0001535246556159109,0.0001649071928113699,0.00010012834536610171,0.0001472365838708356,0.0001382097543682903,0.0001463387452531606,0.0001378401939291507,0.00020473737095016986,0.000153314700582996,0.00013037124881520867,0.00015287502901628613,0.00012328647426329553,0.00012121848703827709,0.000146896782098338,0.0001721628796076402,0.00014793092850595713,0.00021306388953235,0.00018709474534261972,0.00017524485883768648,0.00015431342762894928,0.00011062518024118617,0.00014223239850252867,0.00012369199248496443,0.00011541046114871278,0.00019914285803679377,0.0001551030873088166,0.00017958389071282,0.00014867144636809826,0.0001242134894710034,0.000153967019286938,0.0002936185628641397,0.00023852658341638744,0.00016366731142625213,0.0001024932716973126,0.0001571470347698778,0.00024876423412933946,0.0002020379324676469,0.00017396923794876784,0.00012597959721460938,0.00017431339074391872,0.00012520352902356535,0.0002455596695654094,0.0001599395473022014,0.00018528650980442762,0.00013495204620994627,0.0001338901201961562
4900,0.00018382020061835647,0.00013126048725098372,0.00019529025303199887,0.00017719004245009273,0.00026647435151971877,0.00012157036690041423,0.00013667723396793008,0.00017017891514115036,0.0001588947925483808,0.00023350339324679226,0.0001330120285274461,0.00015103185432963073,0.00014857703354209661,0.00010077228944282979,0.00015599197649862617,0.000348324712831527,0.0002149459469364956,0.00025964860105887055,0.00015712849562987685,0.0001647162134759128,0.0001372486149193719,0.0001889225677587092,0.00018551645916886628,0.00014173515955917537,0.00012007202894892544,0.00014319767069537193,0.00011207178613403812,0.00016292331565637141,0.00019824305491056293,0.00012899607827421278,0.0001417363091604784,0.00023051290190778673,0.00023444452381227165,0.00016180805687326938,0.00017390654829796404,0.0003814607625827193,0.0001735861733322963,0.00012814922956749797,0.0001574863272253424,0.00019562004308681935,0.00015866647299844772,0.00018490274669602513,0.0001782996696420014,0.00013854559801984578,0.0001268055639229715,0.0001884986413642764,0.00022003996127750725,0.00015826660091988742,0.0001553007896291092,0.00013303806190378964
5000,0.0003977926098741591,0.0001805749343475327,0.0002673293638508767,0.00017611400107853115,0.0003897527640219778,0.0001728297647787258,0.00015218244516290724,0.00019434622663538903,0.00020099536050111055,0.00011734423605958,0.0001300153962802142,0.00015762182010803372,0.00011666364298434928,0.00011752753198379651,0.0001880614145193249,0.00012361655535642058,0.0001487155386712402,0.00021278357598930597,0.00014536181697621942,0.00016225771105382591,0.00019150221487507224,0.00021808444580528885,0.00021773007756564766,0.00014068155724089593,0.00017037881480064243,0.00018802977865561843,0.00012545316712930799,0.00017848126299213618,0.00015917571727186441,0.00015396432718262076,0.00012820056872442365,0.00014639418805018067,0.00013648899039253592,0.00014960137195885181,0.0001432550634490326,0.00028914446011185646,0.00020698532171081752,0.00014893048501107842,0.00016670703189447522,0.00014065596042200923,0.00013170686725061387,0.00014862178068142384,0.0001771497627487406,0.00014515778457280248,0.0001285182370338589,0.00014456038479693234,0.00011330930283293128,0.0002087404573103413,0.00018804865248966962,0.00014485268911812454
5100,0.0001553188922116533,0.00023222372692544013,0.00015920506848488003,0.00026726085343398154,0.0003720550157595426,0.00014617717533838004,0.00014116326929070055,0.00013263817527331412,0.00012747869186569005,0.00017131718050222844,0.00018851934873964638,0.00013730980572290719,0.00012812900240533054,0.00010688979091355577,0.00020713907724712044,0.0001784681371646002,0.0002014433848671615,0.0001271244982490316,0.00011589585483307019,0.00019392221292946488,0.0001427859824616462,0.00010947680129902437,0.00015619117766618729,0.0001348137593595311,0.00016238848911598325,0.0002147352061001584,0.00018307860591448843,0.00013590860180556774,0.0001619358517928049,0.00011735084262909368,0.00013442696945276111,0.00019464598153717816,0.00018315405759494752,0.0001594860223121941,0.00022468299721367657,0.00017398849013261497,0.00018502795137465,0.00019228611199650913,0.00011159665154991671,0.0001684716553427279,0.00014520798868034035,0.00020100163237657398,0.00018247637490276247,0.0001365659263683483,0.00013192606274969876,0.00015777743828948587,0.0002081541169900447,0.0001268130581593141,0.00013168535951990634,0.00010920840577455238
5200,0.0001588249288033694,0.00014568600454367697,0.00013664927973877639,0.00022349413484334946,0.00015552807599306107,0.0002502348506823182,0.00014705525245517492,0.0001669032353674993,0.0001564487029099837,0.0001238877302967012,0.00015515874838456511,0.00023832630540709943,0.00011484837887110189,0.00010864348587347195,0.000145246900501661,0.00010613929043756798,0.00014825684775132686,0.0001845305523602292,0.00018593751883599907,0.00011862123938044533,0.00012911648082081228,0.0002162064192816615,0.00019359990255907178,0.00019189502927474678,0.00013268529437482357,0.00019983416132163256,0.00011358172923792154,0.00015517353313043714,0.00014570815255865455,0.00011820700456155464,0.00014637256390415132,0.00015403080033138394,0.00016048327961470932,0.0001648006436880678,0.0001829811662901193,0.00015400424308609217,0.00014401075895875692,0.00021140192984603345,0.0001566274295328185,0.00015535776037722826,0.00018206321692559868,0.00015638642071280628,0.00014523639401886612,0.00014877734065521508,0.00012947140203323215,0.0001400155742885545,0.0001481509825680405,0.0001323346805293113,0.0001358192239422351,0.0001235530071426183
