step,channel_150,channel_878,channel_205,channel_837,channel_547,channel_864,channel_91,channel_478,channel_691,channel_590,channel_620,channel_674,channel_314,channel_47,channel_605,channel_541,channel_299,channel_322,channel_831,channel_463,channel_27,channel_416,channel_190,channel_817,channel_398,channel_527,channel_555,channel_377,channel_819,channel_784,channel_102,channel_95,channel_480,channel_802,channel_45,channel_839,channel_842,channel_0,channel_301,channel_218,channel_650,channel_477,channel_719,channel_791,channel_21,channel_206,channel_390,channel_302,channel_43,channel_397
0,1.0549494618317112e-05,1.3183981536712963e-05,2.3584256268804893e-05,2.2106723918113858e-05,2.98073427984491e-05,2.6768293537315913e-05,2.0924300770275295e-05,3.342353011248633e-05,2.404711631243117e-05,1.2788471394742373e-05,9.298240001953673e-06,1.5413585060741752e-05,2.793955718516372e-05,2.8046608349541202e-05,3.200242281309329e-05,2.1278725398587994e-05,3.100810499745421e-05,2.653848241607193e-05,1.6806774510769174e-05,5.442909605335444e-05,2.8067954190191813e-05,1.9411856555962004e-05,1.853404137364123e-05,2.777565532596782e-05,1.640637310629245e-05,1.954218532773666e-05,4.366030407254584e-05,1.4387223018275108e-05,5.144841634319164e-05,3.2891282899072394e-05,3.517249569995329e-05,1.9352992239873856e-05,2.333816883037798e-05,5.853355105500668e-05,4.5012198825133964e-05,2.2437370716943406e-05,2.4877524992916733e-05,2.6952400730806403e-05,1.9805716874543577e-05,1.775422424543649e-05,5.397980930865742e-05,2.742783362918999e-05,3.274285700172186e-05,1.6850019164849073e-05,2.592144846857991e-05,2.347481313336175e-05,2.6174657250521705e-05,6.505081546492875e-05,3.247455242672004e-05,4.531524973572232e-05
100,3.858993295580149e-05,3.983291026088409e-05,4.435744267539121e-05,3.9107333577703685e-05,4.3485524656716734e-05,4.688153785536997e-05,3.981888949056156e-05,4.398261444293894e-05,4.224081203574315e-05,3.4458134905435145e-05,4.871372220804915e-05,4.121047822991386e-05,4.998084841645323e-05,4.911494397674687e-05,5.1469374739099294e-05,5.2253577450755984e-05,5.227557630860247e-05,4.799341331818141e-05,4.2390136513859034e-05,5.57798302907031e-05,5.62230525247287e-05,5.641796815325506e-05,5.688809687853791e-05,5.366668483475223e-05,5.3226576710585505e-05,5.841041274834424e-05,6.0763377405237406e-05,4.4524334953166544e-05,5.937868991168216e-05,6.444199243560433e-05,5.484302528202534e-05,5.938767935731448e-05,5.5628504924243316e-05,5.771054566139355e-05,6.348556780721992e-05,6.290579040069133e-05,6.671391747659072e-05,6.579507316928357e-05,6.228756683412939e-05,5.17263360961806e-05,6.811608182033524e-05,6.950942770345137e-05,6.956703145988286e-05,6.958069570828229e-05,6.998663593549281e-05,5.814330870634876e-05,7.194856880232692e-05,6.0974394727963954e-05,6.399947596946731e-05,7.229618495330215e-05
200,3.933142579626292e-05,3.525798820191994e-05,4.082731902599335e-05,4.5784992835251614e-05,4.608673043549061e-05,4.605283174896613e-05,4.7390447434736416e-05,4.497617919696495e-05,4.1154984501190484e-05,4.47525417257566e-05,3.692485188366845e-05,4.148951848037541e-05,4.51134292234201e-05,5.035332651459612e-05,4.497978079598397e-05,3.887875936925411e-05,4.060400533489883e-05,4.984810948371887e-05,5.508018875843845e-05,5.278679236653261e-05,4.550557059701532e-05,5.3050174756208435e-05,4.437485404196195e-05,5.49308824702166e-05,4.871965211350471e-05,5.011120083509013e-05,5.3641575505025685e-05,6.258323992369696e-05,5.4935633670538664e-05,5.728475662181154e-05,6.545498035848141e-05,5.9734225942520425e-05,6.562841008417308e-05,6.600940832868218e-05,6.096035576774739e-05,5.845732084708288e-05,5.311555287335068e-05,6.457113340729848e-05,6.079490412957966e-05,6.784078141208738e-05,6.882184970891103e-05,6.014055907144211e-05,6.397396646207199e-05,6.777863018214703e-05,6.081961691961624e-05,6.999299512244761e-05,6.613431469304487e-05,7.111376180546358e-05,7.223062129924074e-05,6.208397098816931e-05
300,4.058086051372811e-05,4.4178334064781666e-05,4.489030106924474e-05,4.186638034298085e-05,4.169142266619019e-05,4.7354336857097223e-05,4.228957914165221e-05,4.778916263603605e-05,4.7852143325144425e-05,4.801979957846925e-05,4.317729690228589e-05,4.970447480445728e-05,4.717415868071839e-05,4.1181938286172226e-05,4.757658462040126e-05,4.300883301766589e-05,4.854557482758537e-05,5.3148320148466155e-05,5.0554837798699737e-05,5.063000935479067e-05,5.124901144881733e-05,4.553743201540783e-05,5.367486664908938e-05,5.708577737095766e-05,5.818035424454138e-05,5.800688450108282e-05,5.9910689742537215e-05,5.247457738732919e-05,6.410315108951181e-05,5.766769027104601e-05,5.270725887385197e-05,6.562053022207692e-05,6.539186870213598e-05,5.827798304380849e-05,6.617297913180664e-05,6.626950926147401e-05,6.535557622555643e-05,6.798654794692993e-05,6.865389877930284e-05,6.87450374243781e-05,6.849089550087228e-05,6.658338679699227e-05,6.106556247686967e-05,6.626360845984891e-05,6.102266343077645e-05,6.730698805768043e-05,6.869480421300977e-05,7.209330942714587e-05,7.085401011863723e-05,6.621320062549785e-05
400,2.176297493861057e-05,2.127604057022836e-05,1.7384565580869094e-05,2.0367881006677635e-05,2.695614966796711e-05,2.2321768483379856e-05,2.33586979447864e-05,2.3681772290728986e-05,2.449743442412e-05,1.9505032469169237e-05,2.4319382646353915e-05,2.2725864255335182e-05,2.5805653422139585e-05,1.982994217542e-05,2.9723571060458198e-05,2.3757458620821126e-05,2.1938041754765436e-05,2.576572478574235e-05,2.573576057329774e-05,2.4636196030769497e-05,2.36438700085273e-05,2.444890014885459e-05,2.854616650438402e-05,3.1884417694527656e-05,2.7075766411144286e-05,3.4649321605684236e-05,2.7206233426113613e-05,2.5092318537645042e-05,2.6321291443309747e-05,3.965141513617709e-05,2.832533027685713e-05,3.645849210442975e-05,3.620846473495476e-05,2.9134491342119873e-05,3.917137655662373e-05,3.5213179216952994e-05,3.907044811057858e-05,3.842083606286906e-05,3.2310788810718805e-05,3.0902385333320126e-05,3.6206580261932686e-05,3.403513619559817e-05,3.704824121086858e-05,3.598775583668612e-05,3.3561202144483104e-05,3.262031532358378e-05,4.0904313209466636e-05,3.8256981497397646e-05,4.038031693198718e-05,3.9569978980580345e-05
500,1.9343982785358094e-05,1.950907062564511e-05,2.1204199583735317e-05,1.7498203305876814e-05,2.0870576918241568e-05,2.5834580810624175e-05,2.9545257348218e-05,2.544928247516509e-05,1.917507870530244e-05,2.1938558347756043e-05,2.6955556677421555e-05,2.748141014308203e-05,2.6106179575435817e-05,2.4990285965031944e-05,2.3651531591895036e-05,2.6128687750315294e-05,2.5650282623246312e-05,3.615121386246756e-05,2.6318248274037614e-05,2.652241528267041e-05,2.5839244699454866e-05,3.013268724316731e-05,2.9911976525909267e-05,3.159281186526641e-05,2.7474317903397605e-05,2.9599174013128504e-05,2.6154926672461443e-05,2.463414057274349e-05,3.379854388185777e-05,3.0401444746530615e-05,3.498764635878615e-05,3.32762356265448e-05,3.327497324789874e-05,2.487733399902936e-05,3.482011743471958e-05,2.9582604838651605e-05,2.9216394977993332e-05,3.784562068176456e-05,3.717790968948975e-05,3.582724093575962e-05,4.5443997805705294e-05,3.339556133141741e-05,3.0881059501552954e-05,4.1174283978762105e-05,3.566023588064127e-05,3.885041951434687e-05,3.77015931007918e-05,3.734411075129174e-05,3.32078016072046e-05,3.9787759305909276e-05
600,2.0929266611346975e-05,1.92227143998025e-05,1.6062478607636876e-05,2.7421701815910637e-05,1.888653241621796e-05,2.2507014364236966e-05,2.166379454138223e-05,2.2796109988121316e-05,2.242234222649131e-05,2.1880587155465037e-05,2.679473254829645e-05,2.7422758648754098e-05,2.2533566152560525e-05,2.5291965357610025e-05,2.2194568373379298e-05,2.0034540284541436e-05,2.2452792109106667e-05,2.5733030270203017e-05,2.4638553441036493e-05,2.1369869500631467e-05,2.9187711334088817e-05,2.4336059141205624e-05,2.359030804655049e-05,2.54021433647722e-05,2.5488985556876287e-05,2.6796577003551647e-05,2.9921115128672682e-05,2.1155941794859245e-05,2.711316483328119e-05,2.866487375285942e-05,2.7586560463532805e-05,3.287142317276448e-05,3.8888687413418666e-05,2.874893107218668e-05,3.343814023537561e-05,2.532237886043731e-05,3.0386712751351297e-05,3.145580194541253e-05,3.7462785257957876e-05,2.9477821954060346e-05,3.704490518430248e-05,2.771176878013648e-05,3.299617310403846e-05,2.9660886866622604e-05,2.8906355510116555e-05,2.924581895058509e-05,3.9091821236070246e-05,3.069879312533885e-05,3.618173650465906e-05,2.913247953983955e-05
700,1.968962897080928e-05,2.2328817067318596e-05,1.905141834868118e-05,2.4125871277647093e-05,2.7454823793959804e-05,2.4326267521246336e-05,2.4718998247408308e-05,2.7402284104027785e-05,2.540989953558892e-05,2.172206950490363e-05,1.868094113888219e-05,2.9950728276162408e-05,2.609137118270155e-05,2.6525900466367602e-05,2.8052878406015225e-05,2.3818731278879568e-05,3.118309541605413e-05,3.4534063161117956e-05,2.2608108338317834e-05,2.4061564545263536e-05,2.6041514502139762e-05,2.6480143787921406e-05,2.5867633667076007e-05,2.7487911211210303e-05,3.0097908165771514e-05,3.165725138387643e-05,3.392868529772386e-05,2.7671983843902126e-05,2.7104897526442073e-05,3.062437826883979e-05,2.9500788514269516e-05,3.9170816307887435e-05,3.844981256406754e-05,2.762193798844237e-05,3.5614619264379144e-05,4.228366742609069e-05,3.906828351318836e-05,3.292440305813216e-05,3.722558540175669e-05,3.747453956748359e-05,3.532441405695863e-05,3.379447662155144e-05,3.292384644737467e-05,3.7452089600265026e-05,3.728342198883183e-05,4.355793134891428e-05,3.559048127499409e-05,4.4061387598048896e-05,3.372279752511531e-05,4.071680814377032e-05
800,2.313558252353687e-05,1.9885204892489128e-05,1.9555085600586608e-05,2.1549825760303065e-05,2.4502129235770553e-05,2.3380061975331046e-05,2.1590116375591606e-05,3.2573851058259606e-05,2.0459188817767426e-05,1.8460676074028015e-05,2.092239992634859e-05,1.895933019113727e-05,2.4265440515591763e-05,2.203645090048667e-05,2.3328335373662412e-05,1.88897338375682e-05,2.480619150446728e-05,2.4698509150766768e-05,2.668586967047304e-05,2.761166797426995e-05,2.255491381220054e-05,2.800560469040647e-05,3.0197152227628976e-05,3.11358344333712e-05,2.9261227609822527e-05,2.9072067263768986e-05,3.306201324448921e-05,2.7102089006803e-05,3.0097740818746388e-05,3.163257861160673e-05,2.9408933187369257e-05,3.817136894213036e-05,3.4081702324328944e-05,2.4026659957598895e-05,3.213350646547042e-05,2.5721321435412392e-05,3.2699579605832696e-05,3.4192795283161104e-05,3.846455001621507e-05,3.2854142773430794e-05,3.7316207453841344e-05,3.198060949216597e-05,2.900756044255104e-05,2.9537677619373426e-05,3.881027805618942e-05,3.319177994853817e-05,3.3434371289331466e-05,3.424871465540491e-05,3.147867028019391e-05,3.60337107849773e-05
900,1.7836373444879428e-05,2.0087969460291788e-05,1.8945462215924636e-05,1.831752888392657e-05,1.7645104890107177e-05,2.0385959942359477e-05,2.1049874703749083e-05,2.1604155335808173e-05,2.359587415412534e-05,1.9140907170367427e-05,2.0881134332739748e-05,2.391201451246161e-05,2.625142406031955e-05,2.2467827875516377e-05,2.7234829758526757e-05,2.2550020730705e-05,2.4193714125431143e-05,2.6562858693068847e-05,1.8299306248081848e-05,2.439603667880874e-05,2.7701700673787855e-05,2.1943213141639717e-05,2.5107598048634827e-05,2.592225791886449e-05,2.5772607841645367e-05,2.3482845790567808e-05,2.8919221222167835e-05,2.552817932155449e-05,3.236919656046666e-05,2.8595228286576457e-05,2.8872866096207872e-05,3.271526293247007e-05,3.4642554965103045e-05,2.477759335306473e-05,3.236606062273495e-05,2.6934869310935028e-05,3.139456021017395e-05,3.286904757260345e-05,2.8820066290791146e-05,3.300759271951392e-05,4.170249667367898e-05,2.605591907922644e-05,2.8129679776611738e-05,3.230501533835195e-05,2.967901855299715e-05,3.0648618121631444e-05,3.010009095305577e-05,3.0620569305028766e-05,3.076269058510661e-05,3.469732473604381e-05
1000,1.9769262507907115e-05,2.4779097657301463e-05,2.160576514143031e-05,2.6843017622013576e-05,2.1738082068623044e-05,2.6296729629393667e-05,1.874950794444885e-05,2.6554333089734428e-05,2.187368409067858e-05,2.184830555052031e-05,2.0129202312091365e-05,2.9884537070756778e-05,2.343912456126418e-05,2.2573671230929904e-05,2.6644142053555697e-05,2.287647657794878e-05,2.1883668523514643e-05,3.624446253525093e-05,2.7573858460527845e-05,2.8855867640231736e-05,2.3263966795639135e-05,2.67061641352484e-05,2.9319693567231297e-05,3.252582246204838e-05,3.319404640933499e-05,2.7287047487334348e-05,3.228472996852361e-05,2.5919604013324715e-05,3.207827467122115e-05,2.568450872786343e-05,2.712578498176299e-05,4.0635459299664944e-05,4.414793511386961e-05,2.7881174901267514e-05,3.780658153118566e-05,3.0407394660869613e-05,3.8220568967517465e-05,3.4348242479609326e-05,3.65284358849749e-05,2.7297986889607273e-05,3.821085920208134e-05,3.208314592484385e-05,3.678809298435226e-05,3.743187335203402e-05,3.469749935902655e-05,4.228215038892813e-05,3.346276207594201e-05,3.920402014045976e-05,3.795737575273961e-05,3.980365363531746e-05
1100,1.748750582919456e-05,1.9266162780695595e-05,2.0816767573705874e-05,1.9079299818258733e-05,2.0766770830960013e-05,2.6569443434709683e-05,2.1564754206337966e-05,2.206649696745444e-05,2.2161411834531464e-05,2.2317468392429873e-05,2.171356391045265e-05,2.7900421628146432e-05,2.3221584342536516e-05,1.760157465469092e-05,2.123378544638399e-05,2.0589128325809725e-05,2.3033222532831132e-05,2.497482819308061e-05,2.0206032786518335e-05,2.477755697327666e-05,3.1296345696318895e-05,2.1702158846892416e-05,2.6965677534462884e-05,2.4959261281765066e-05,2.329872404516209e-05,2.6055535272462294e-05,2.833797589119058e-05,2.6599855118547566e-05,2.61835812125355e-05,3.763759013963863e-05,3.0978168069850653e-05,2.9290691600181162e-05,3.5631506762001663e-05,2.799946923914831e-05,3.648675192380324e-05,2.912296804424841e-05,3.083185220020823e-05,3.283011756138876e-05,3.4860313462559134e-05,3.228414789191447e-05,3.9386995922541246e-05,3.455899786786176e-05,3.466983253019862e-05,3.711571480380371e-05,3.595708039938472e-05,4.1849521949188784e-05,4.816071304958314e-05,3.273397669545375e-05,3.23066306009423e-05,3.2430099963676184e-05
1200,1.8572343833511695e-05,2.1453743102028966e-05,1.6720838175388053e-05,1.873646215244662e-05,2.900423169194255e-05,2.6011135560111143e-05,2.0626463083317503e-05,2.134608985215891e-05,2.3783155484125018e-05,2.2535146854352206e-05,2.2257032469497062e-05,2.548681186453905e-05,2.9702337997150607e-05,2.661990038177464e-05,2.688670610950794e-05,2.971440517285373e-05,2.6569725378067233e-05,2.9051871024421416e-05,2.6364272343926132e-05,2.655820753716398e-05,2.9309889214346185e-05,2.2304562662611715e-05,2.1635885786963627e-05,2.6149165933020413e-05,2.6689272999647073e-05,3.5081146052107215e-05,2.9359664040384814e-05,2.5291461497545242e-05,2.9284299671417102e-05,2.9702070605708286e-05,3.2717154681449756e-05,3.9782444218872115e-05,4.434623770066537e-05,2.78858879028121e-05,6.147767999209464e-05,4.0919025195762515e-05,3.521137477946468e-05,4.060316496179439e-05,4.058266131323762e-05,3.657759225461632e-05,3.687594653456472e-05,2.6837466066353954e-05,4.444923979463056e-05,3.8615165976807475e-05,3.080246824538335e-05,3.718191874213517e-05,5.4800912039354444e-05,4.098320641787723e-05,3.799554178840481e-05,4.177798837190494e-05
1300,1.752836578816641e-05,1.9152623281115666e-05,2.0764307919307612e-05,2.0923202100675553e-05,2.1286152332322672e-05,2.341286563023459e-05,2.3151284040068276e-05,1.9793593310168944e-05,1.836681622080505e-05,2.0433430108823813e-05,1.9256132873124443e-05,2.2551603251486085e-05,2.0343240976217203e-05,2.2019756215740927e-05,2.6885969418799505e-05,2.112682705046609e-05,2.28949029406067e-05,2.7495350877870806e-05,2.385845800745301e-05,2.5183839170495048e-05,2.812823913700413e-05,2.055986988125369e-05,2.6324471036787145e-05,2.485752156644594e-05,2.4703336748643778e-05,2.9844379241694696e-05,2.7559899535845034e-05,2.4298093194374815e-05,2.737755494308658e-05,3.992674464825541e-05,3.341911360621452e-05,3.245700281695463e-05,3.7648605939466506e-05,2.9129239919711836e-05,3.71555179299321e-05,3.3731485018506646e-05,3.2851901778485626e-05,4.1380219045095146e-05,3.129123797407374e-05,2.585177389846649e-05,3.349658436491154e-05,3.1772349757375196e-05,2.9409708076855168e-05,2.951358510472346e-05,3.102264236076735e-05,4.053739030496217e-05,3.813552393694408e-05,3.085800926783122e-05,3.456826016190462e-05,3.322774136904627e-05
1400,1.770907692844048e-05,2.075951488222927e-05,2.014114215853624e-05,2.2025520593160763e-05,2.224054333055392e-05,2.5507846658001654e-05,2.3062468244461343e-05,2.416696042928379e-05,2.249201133963652e-05,2.147883606085088e-05,2.521679380151909e-05,2.2389996956917457e-05,2.467098420311231e-05,2.429730557196308e-05,2.4541552193113603e-05,1.8453541997587308e-05,2.2420250388677232e-05,2.4459674023091793e-05,2.6466137569514103e-05,3.077610017498955e-05,2.655145181051921e-05,2.3112414055503905e-05,2.778504313027952e-05,3.89278466172982e-05,2.776322617137339e-05,3.6377256037667394e-05,2.850349665095564e-05,2.4589367967564613e-05,3.0462928407359868e-05,3.616992398747243e-05,3.218599158572033e-05,3.2965559512376785e-05,3.796736928052269e-05,2.735240923357196e-05,4.076812547282316e-05,3.383820512681268e-05,3.7321096897358075e-05,3.730112803168595e-05,3.082537659793161e-05,2.9316317522898316e-05,5.1145150791853666e-05,4.052643271279521e-05,3.959685273002833e-05,3.0910741770640016e-05,3.515893331496045e-05,3.4576958569232374e-05,3.262864629505202e-05,3.821426798822358e-05,4.0745038859313354e-05,3.810257840086706e-05
1500,1.7144615412689745e-05,2.2771173462388106e-05,2.0872705135843717e-05,2.596157355583273e-05,2.2070675186114386e-05,2.419306110823527e-05,2.279203363286797e-05,2.4326209313585423e-05,2.359972677368205e-05,2.3381657229037955e-05,2.0431936718523502e-05,2.1761952666565776e-05,2.1270661818562075e-05,2.447154292894993e-05,3.380308407940902e-05,2.1907866539550014e-05,2.1671061404049397e-05,2.965989915537648e-05,2.2143725800560787e-05,2.941383354482241e-05,2.6224237444694154e-05,2.5070246920222417e-05,3.794599979300983e-05,2.5929191906470805e-05,2.917086021625437e-05,2.917235906352289e-05,3.0887964385328814e-05,2.5385144908796065e-05,2.9887998607591726e-05,3.5717868740903214e-05,3.359629772603512e-05,3.349488542880863e-05,3.517568620736711e-05,2.6000019715866074e-05,3.720672975759953e-05,3.054845365113579e-05,3.4762215364025906e-05,3.5960754757979885e-05,3.741277032531798e-05,3.065437704208307e-05,4.6028304495848715e-05,3.246023698011413e-05,3.566668965504505e-05,3.275374183431268e-05,3.371081766090356e-05,3.434744940022938e-05,3.8599104300374165e-05,3.570237458916381e-05,3.9747505070408806e-05,4.311320299166255e-05
1600,1.9053457435802557e-05,2.077243698295206e-05,1.8079395886161365e-05,1.8806835214491002e-05,2.082675382553134e-05,2.5404198822798207e-05,1.9214443454984576e-05,2.4438340915367007e-05,2.0803467123187147e-05,2.1293775716912933e-05,2.0391726138768718e-05,2.1627061869367026e-05,2.2997544874669984e-05,2.2803122192271985e-05,2.5107310648309067e-05,2.315526216989383e-05,2.2734700905857608e-05,2.122137084370479e-05,2.0409710487001576e-05,2.4477896658936515e-05,2.4611437765997835e-05,2.370319634792395e-05,2.709677573875524e-05,2.3527773009845987e-05,2.467551348672714e-05,2.640354068716988e-05,3.445315087446943e-05,2.4811015464365482e-05,2.4611033950350247e-05,2.7260246497462504e-05,2.4581022444181144e-05,2.8474942155298777e-05,3.394269879208878e-05,2.801337541313842e-05,3.7428297218866646e-05,3.704313712660223e-05,2.6682762836571783e-05,4.098921635886654e-05,3.644622483989224e-05,2.9098402592353523e-05,3.690297671710141e-05,3.2559306418988854e-05,3.3012493076967075e-05,3.057068897760473e-05,2.989651693496853e-05,3.0566417990485206e-05,3.8192323700059205e-05,3.034476139873732e-05,3.319714596727863e-05,4.219601032673381e-05
1700,1.8461332729202695e-05,2.085424966935534e-05,1.8613340216688812e-05,2.686617517611012e-05,2.1266969270072877e-05,2.403389044047799e-05,2.3763084755046293e-05,2.806500742735807e-05,2.2225309294299223e-05,1.7879305232781917e-05,2.2625954443356022e-05,2.2575311959371902e-05,2.678672353795264e-05,2.3469568986911327e-05,2.2710764824296348e-05,2.0822753867832944e-05,2.4029983251239173e-05,2.439316267555114e-05,2.2677500965073705e-05,2.5035094949998893e-05,2.535606654419098e-05,3.095024294452742e-05,2.7635074729914777e-05,2.7361538741388358e-05,3.1382231099996716e-05,2.467835474817548e-05,3.239807119825855e-05,3.100293179159053e-05,2.8518836188595742e-05,3.312113767606206e-05,3.205832399544306e-05,2.790236976579763e-05,3.977858432335779e-05,2.7091893571196124e-05,3.9612208638573065e-05,3.383861621841788e-05,2.8464428396546282e-05,3.144389120279811e-05,4.138015356147662e-05,3.422454392421059e-05,3.773338539758697e-05,3.23888125421945e-05,3.528946763253771e-05,3.8369915273506194e-05,3.9565387851325795e-05,3.763077620533295e-05,4.277774860383943e-05,3.794056101469323e-05,3.6536494008032605e-05,4.860413901042193e-05
1800,1.9598192011471838e-05,2.1728214051108807e-05,2.1200674382271245e-05,1.921700095408596e-05,2.3676226192037575e-05,3.273722904850729e-05,2.2549498680746183e-05,2.216977736679837e-05,2.1692520022043027e-05,2.0833223970839754e-05,2.169667095586192e-05,2.3204214812722057e-05,2.4373573978664353e-05,2.712414243433159e-05,2.759368362603709e-05,2.419590236968361e-05,2.58997952187201e-05,2.4330007363460027e-05,2.449273961246945e-05,2.937645695055835e-05,3.766965528484434e-05,2.6430279831402004e-05,2.7944761313847266e-05,2.491838858986739e-05,3.9242331695277244e-05,3.300351818324998e-05,3.4228505683131516e-05,2.5351440854137763e-05,3.1416519050253555e-05,3.473238757578656e-05,2.979084638354834e-05,3.41262057190761e-05,3.784591535804793e-05,2.945903906947933e-05,3.8900107028894126e-05,3.9630660467082635e-05,2.9029979486949742e-05,3.0030967536731623e-05,3.599395859055221e-05,2.7123131076223217e-05,4.136344068683684e-05,3.198900230927393e-05,3.407603071536869e-05,4.568633085000329e-05,3.490620292723179e-05,3.943802585126832e-05,5.197855716687627e-05,4.3179628846701235e-05,4.48531900474336e-05,3.9294416637858376e-05
1900,1.95192242244957e-05,1.8053347957902588e-05,2.0064904674654827e-05,2.93588364002062e-05,1.9618119040387683e-05,2.6103223717655055e-05,2.2037822418496944e-05,2.222496914328076e-05,1.9542983864084817e-05,1.6169415175681934e-05,2.0947451048414223e-05,2.731669337663334e-05,2.5558734705555253e-05,1.8404740330879577e-05,2.1655465388903394e-05,2.0769371985807084e-05,2.0953062630724162e-05,2.4591539840912446e-05,2.2651214749203064e-05,2.4021841454668902e-05,2.5809336875681765e-05,2.7311951271258295e-05,2.864698035409674e-05,2.5428800654481165e-05,2.0772356947418302e-05,2.5895873477566056e-05,2.4212589778471738e-05,2.2293763322522864e-05,3.4305048757232726e-05,3.0172739570843987e-05,2.8623549951589666e-05,2.9816206733812578e-05,3.295322312624194e-05,2.0780038539669476e-05,4.435543087311089e-05,3.085448042838834e-05,2.7374027922633104e-05,3.264548649895005e-05,3.5374658182263374e-05,2.8857897632406093e-05,3.247609129175544e-05,3.590222695493139e-05,4.081689257873222e-05,3.205857865395956e-05,2.861544089682866e-05,3.550577093847096e-05,3.4569315175758675e-05,3.5310575185576454e-05,3.617127731558867e-05,3.438023122726008e-05
2000,2.1352805561036803e-05,1.8307568097952753e-05,2.4500659492332488e-05,2.1862511857762e-05,2.1497773559531197e-05,2.4450328055536374e-05,2.266536102979444e-05,2.3170945496531203e-05,2.4198330720537342e-05,2.3726415747660212e-05,2.4260321879410185e-05,2.988008054671809e-05,2.1467327314894646e-05,2.8984524760744534e-05,3.03439301205799e-05,2.5826277123996988e-05,2.7842259441968054e-05,2.7090069124824367e-05,2.9346763767534867e-05,2.8074784495402128e-05,2.9834744054824114e-05,2.6580682970234193e-05,2.4639037292217836e-05,2.3888818759587593e-05,2.7377280275686644e-05,3.004879181389697e-05,3.299416130175814e-05,2.544786002545152e-05,3.503652988001704e-05,3.557512172847055e-05,3.397288310225122e-05,3.086704236920923e-05,4.348126094555482e-05,2.9903474569437094e-05,4.9524183850735426e-05,3.5119148378726095e-05,3.417100742808543e-05,3.284611739218235e-05,4.199759860057384e-05,3.523967825458385e-05,4.413273563841358e-05,2.9435941542033106e-05,4.991481910110451e-05,4.357350189820863e-05,3.3563490433152765e-05,3.887376806233078e-05,4.261935828253627e-05,3.510626993374899e-05,4.0985560190165415e-05,5.101861825096421e-05
2100,1.9565421098377556e-05,1.5857303878874518e-05,1.9477822206681594e-05,2.24102823267458e-05,1.9975776012870483e-05,2.1863294023205526e-05,2.2687736418447457e-05,2.2110205463832244e-05,1.9984388927696273e-05,2.0457155187614262e-05,1.994642661884427e-05,2.5546833057887852e-05,2.4965340344351716e-05,2.110494278895203e-05,3.07675072690472e-05,2.0105326257180423e-05,3.20927138091065e-05,2.6516032448853366e-05,2.0095261788810603e-05,2.46221406996483e-05,3.4380016586510465e-05,2.5060113330255263e-05,2.8134878448327072e-05,3.015573020093143e-05,2.419983320578467e-05,2.872831464628689e-05,3.147007373627275e-05,2.5440245735808276e-05,3.0079983844188973e-05,2.885588946810458e-05,2.8855221898993477e-05,3.162524808431044e-05,4.184248246019706e-05,2.5187780920532532e-05,4.1444691305514425e-05,3.030295374628622e-05,2.9910914236097597e-05,3.13397977151908e-05,3.054458284168504e-05,3.1285224395105615e-05,3.304033089079894e-05,3.518033554428257e-05,3.485889465082437e-05,2.9688133508898318e-05,3.112363629043102e-05,2.9695211196667515e-05,3.656033004517667e-05,3.986111914855428e-05,3.638716952991672e-05,3.990844197687693e-05
2200,2.031899566645734e-05,3.3962853194680065e-05,2.1272493540891446e-05,2.066461820504628e-05,2.581529588496778e-05,2.8584161555045284e-05,2.237667104054708e-05,2.7929212592425756e-05,2.844783193722833e-05,2.404115002718754e-05,2.12372779060388e-05,2.957918513857294e-05,2.5087332687689923e-05,2.9575247026514262e-05,2.968931403302122e-05,2.5119345082202926e-05,2.7714566385839134e-05,2.9258091672090814e-05,2.3216161935124546e-05,2.893240707635414e-05,3.126509545836598e-05,2.7959848011960275e-05,2.901276275224518e-05,2.4790193492663093e-05,2.8621703677345067e-05,2.9212837034719996e-05,3.041883246623911e-05,2.7489384592627175e-05,3.4739248803816736e-05,3.447531344136223e-05,4.061052095494233e-05,4.260985224391334e-05,3.846858089673333e-05,3.5287906939629465e-05,3.6281810025684536e-05,4.066910332767293e-05,3.098526212852448e-05,3.81109603040386e-05,4.104927575099282e-05,2.7242385840509087e-05,4.065777829964645e-05,3.313604975119233e-05,4.1037459595827386e-05,3.582429053494707e-05,3.823920269496739e-05,4.307565905037336e-05,3.888842184096575e-05,4.554068800644018e-05,4.879914195043966e-05,4.6240409574238583e-05
2300,2.1055629986221902e-05,1.927523044287227e-05,2.3299327949644066e-05,2.5215795176336542e-05,2.2153255486045964e-05,2.6516052457736805e-05,2.0068675439688377e-05,3.2665429898770526e-05,1.906163197418209e-05,2.0803323423024267e-05,2.580230648163706e-05,2.477269845257979e-05,2.2902473574504256e-05,2.5196324713760987e-05,2.5912026103469543e-05,2.3481530661229044e-05,3.1253002816811204e-05,2.8670976462308317e-05,2.517859138606582e-05,2.736761780397501e-05,2.9699123842874542e-05,2.4868601030902937e-05,2.6185327442362905e-05,2.7019479603040963e-05,2.7567206416279078e-05,3.2727464713389054e-05,3.283839032519609e-05,2.7200636395718902e-05,2.932827737822663e-05,3.101837864960544e-05,3.324676799820736e-05,3.419080894673243e-05,3.933795233024284e-05,2.501991912140511e-05,4.3163756345165893e-05,2.962178950838279e-05,3.316392030683346e-05,3.15784418489784e-05,4.058536433149129e-05,2.8306571039138362e-05,3.905732955900021e-05,3.363953874213621e-05,4.910535062663257e-05,3.630184073699638e-05,4.086998524144292e-05,3.520229802234098e-05,4.7819768951740116e-05,3.6386347346706316e-05,3.8993199268588796e-05,3.859170828945935e-05
2400,1.941689151863102e-05,2.788691926980391e-05,2.291120108566247e-05,2.450608189974446e-05,2.2016578441252932e-05,2.5209827072103508e-05,2.5533890948281623e-05,2.6098610760527663e-05,2.0450395822990686e-05,2.0292789486120455e-05,2.526136813685298e-05,3.0930281354812905e-05,2.7641171982395463e-05,2.2598438590648584e-05,2.662437873368617e-05,2.5966382963815704e-05,2.2036041627870873e-05,2.7507396225701086e-05,2.6973422791343182e-05,2.5680043108877726e-05,3.183907028869726e-05,3.014993853867054e-05,2.8603295504581183e-05,2.8968090191483498e-05,2.834269434970338e-05,3.154811929562129e-05,3.1867632060311735e-05,2.940809281426482e-05,2.901745574490633e-05,3.404738163226284e-05,3.4560143831185997e-05,4.756552880280651e-05,5.318736293702386e-05,2.7212945497012697e-05,4.8406818677904084e-05,3.2195704989135265e-05,3.3582804462639615e-05,4.058055856148712e-05,4.158745286986232e-05,3.4565480746096e-05,4.1829393012449145e-05,3.310837928438559e-05,3.934028063667938e-05,3.500909951981157e-05,3.830864807241596e-05,3.9528513298137113e-05,4.1403374780202284e-05,4.572659599944018e-05,3.5777396988123655e-05,4.00777644244954e-05
2500,1.7460928575019352e-05,2.377132113906555e-05,2.482837408024352e-05,2.51239998760866e-05,2.379282159381546e-05,2.592301825643517e-05,2.7430149202700704e-05,2.398787546553649e-05,2.022674925683532e-05,2.630301605677232e-05,2.6086434445460327e-05,2.2724874725099653e-05,2.054553260677494e-05,2.8273485440877266e-05,2.6740835892269388e-05,2.3028638679534197e-05,2.890529140131548e-05,2.7701078579411842e-05,2.730792766669765e-05,2.349521491851192e-05,3.0206138035282493e-05,2.691821828193497e-05,2.795059663185384e-05,2.789505924738478e-05,2.8624361220863648e-05,2.583525019872468e-05,3.532960545271635e-05,3.2540978281758726e-05,3.4862350730691105e-05,3.366036617080681e-05,3.883133103954606e-05,3.769905379158445e-05,3.689556979225017e-05,3.107616794295609e-05,3.9617614675080404e-05,2.9428916604956612e-05,2.8788374038413167e-05,3.3090185752371326e-05,4.180170071776956e-05,3.3470500056864694e-05,3.47431305272039e-05,3.615747846197337e-05,4.3434349208837375e-05,3.5293585824547336e-05,4.071195871802047e-05,3.859192656818777e-05,4.007502138847485e-05,3.467913847998716e-05,3.797397585003637e-05,4.3825417378684506e-05
2600,1.8442058717482723e-05,2.371877053519711e-05,1.987337054742966e-05,2.3068529117153957e-05,2.230671452707611e-05,2.6453561076777987e-05,2.3112610506359488e-05,3.0796549253864214e-05,2.5476376322330907e-05,2.0247760403435677e-05,2.5136077965726145e-05,2.5674718926893547e-05,2.2199050363269635e-05,2.1934563847025856e-05,3.218425263185054e-05,2.1348052541725338e-05,2.6802592401509173e-05,2.7316320483805612e-05,2.843051879608538e-05,2.9265491320984438e-05,3.820908386842348e-05,3.345850564073771e-05,2.4168928575818427e-05,3.156178354402073e-05,2.31298527069157e-05,2.911625779233873e-05,2.619260521896649e-05,2.905852670664899e-05,2.9448548957589082e-05,2.716999370022677e-05,3.6397792428033426e-05,4.254504892742261e-05,3.345017830724828e-05,3.7431113014463335e-05,4.269491910235956e-05,3.397940599825233e-05,3.562686833902262e-05,3.4042484912788495e-05,3.4581611544126645e-05,3.258182914578356e-05,4.244587034918368e-05,3.6600704333977774e-05,3.664974792627618e-05,3.473641845630482e-05,4.140734381508082e-05,3.792877760133706e-05,4.14130772696808e-05,3.6457113310461864e-05,4.4025047827744856e-05,4.5664979552384466e-05
2700,1.978853288164828e-05,1.9599863662733696e-05,2.158520328521263e-05,1.9049706679652445e-05,2.1537827706197277e-05,2.3248501747730188e-05,2.0486319044721313e-05,2.4360253519262187e-05,2.0559917174978182e-05,1.903345764731057e-05,2.1617490347125567e-05,2.2783864551456645e-05,2.3776192392688245e-05,1.9136539776809514e-05,2.357470293645747e-05,2.2981652364251204e-05,2.4967195713543333e-05,2.2946347598917782e-05,2.563552334322594e-05,2.409454646112863e-05,2.8023472623317502e-05,2.452880835335236e-05,2.4726115952944383e-05,2.300045707670506e-05,2.496275737939868e-05,2.8218461011420004e-05,2.7093270546174608e-05,2.171550295315683e-05,2.9354312573559582e-05,3.492141331662424e-05,3.302238474134356e-05,3.7309964682208374e-05,3.488587026367895e-05,2.8102891519665718e-05,4.1978888475568965e-05,3.519806341500953e-05,2.9941482353024185e-05,3.295291026006453e-05,3.521733378875069e-05,3.142718560411595e-05,3.112379999947734e-05,2.8394118999131024e-05,4.7043085942277685e-05,3.1920833862386644e-05,3.835692041320726e-05,3.47848363162484e-05,3.5386066883802414e-05,3.909846054739319e-05,4.4299034925643355e-05,3.705017297761515e-05
2800,1.9225339201511815e-05,1.9644701751531102e-05,2.048454189207405e-05,2.4117258362821303e-05,2.5407725843251683e-05,3.0234201403800398e-05,2.0670358935603872e-05,2.1227979232207872e-05,2.7421465347288176e-05,2.130045868398156e-05,2.0754694560309872e-05,2.382086131547112e-05,2.701490666368045e-05,2.961036079796031e-05,2.2382932002074085e-05,2.550677709223237e-05,2.943021900136955e-05,2.769111597444862e-05,2.5086550522246398e-05,2.6616664399625733e-05,2.88399969576858e-05,2.6070234525832348e-05,2.742550896073226e-05,2.510504418751225e-05,2.9948047085781582e-05,3.0939125281292945e-05,3.0217228413675912e-05,2.388019311183598e-05,3.1601775845047086e-05,3.661510345409624e-05,3.834495510091074e-05,4.001957131549716e-05,3.293155168648809e-05,3.2420230127172545e-05,4.3117208406329155e-05,3.482721876935102e-05,3.6161898606223986e-05,3.8261125155258924e-05,3.468374416115694e-05,2.9623264708789065e-05,3.993834616267122e-05,3.292223118478432e-05,3.536714575602673e-05,3.5429395211394876e-05,3.633171218098141e-05,3.580801421776414e-05,3.1631287129130214e-05,3.4122291253879666e-05,2.9291717510204762e-05,4.1216077079297975e-05
2900,2.4047652914305218e-05,2.0149429474258795e-05,2.342072912142612e-05,2.172909262299072e-05,2.598097489681095e-05,2.7883186703547835e-05,2.516843414923642e-05,2.100982419506181e-05,2.5864514100248925e-05,2.367158595006913e-05,2.4853923605405726e-05,2.6808547772816382e-05,2.4944338292698376e-05,2.7735390176530927e-05,2.4232769646914676e-05,2.4377155568799935e-05,2.490132101229392e-05,2.920913539128378e-05,2.3207439880934544e-05,2.3105800210032612e-05,3.0368106308742426e-05,2.5069508410524577e-05,2.7117088393424638e-05,2.829866571119055e-05,2.919523285527248e-05,2.733582368819043e-05,3.1352112273452803e-05,2.7073123419540934e-05,3.779327744268812e-05,3.1532952561974525e-05,3.699250009958632e-05,4.343028922448866e-05,3.382653449079953e-05,2.5162255042232573e-05,4.458018156583421e-05,3.377652683411725e-05,3.4720735129667446e-05,3.148218456772156e-05,3.8462872907985e-05,2.8608714274014346e-05,4.120273297303356e-05,3.6531877412926406e-05,3.711221506819129e-05,3.244278559577651e-05,3.447205381235108e-05,3.4688026062212884e-05,3.722156543517485e-05,3.781746272579767e-05,4.805628122994676e-05,4.149444794165902e-05
3000,2.1273745005601086e-05,2.6437648557475768e-05,2.2607935534324497e-05,2.2739004634786397e-05,2.748668339336291e-05,2.923456850112416e-05,2.905012297560461e-05,2.8243299311725423e-05,2.5308539989055134e-05,2.2750284188077785e-05,2.5386623747181147e-05,2.432548535580281e-05,2.9052014724584296e-05,2.291758391947951e-05,2.7445030355011113e-05,2.4006581952562556e-05,2.7084490284323692e-05,2.957125980174169e-05,2.5822295356192626e-05,2.5401621314813383e-05,3.4669763408601284e-05,3.1204166589304805e-05,3.296785143902525e-05,3.380704947630875e-05,3.1438186852028593e-05,3.161600761814043e-05,3.149548501824029e-05,2.8081889468012378e-05,3.09360766550526e-05,3.7634621548932046e-05,3.0231229175115004e-05,3.310246756882407e-05,3.6341803934192285e-05,2.9719167287112214e-05,4.876676030107774e-05,3.437586565269157e-05,3.02961707348004e-05,3.16746263706591e-05,4.1057635826291516e-05,3.261285382905044e-05,5.0526843551779166e-05,3.7412675737868994e-05,4.0772283682599664e-05,3.585351078072563e-05,3.6173958505969495e-05,3.899363218806684e-05,3.992437632405199e-05,4.692698712460697e-05,4.1455798054812476e-05,5.682721530320123e-05
3100,1.9311373762320727e-05,2.2756972612114623e-05,2.3278629669221118e-05,2.3308264644583687e-05,2.1363968699006364e-05,2.411477362329606e-05,2.2848407752462663e-05,2.6784093279275112e-05,2.3080609025782906e-05,1.9248649550718255e-05,1.9820119632640854e-05,2.423472687951289e-05,2.0444669644348323e-05,2.8076599846826866e-05,2.9734930649283342e-05,2.5202447432093322e-05,2.611478339531459e-05,3.002762605319731e-05,2.0361570932436734e-05,2.457281698298175e-05,3.792783900280483e-05,2.6442550733918324e-05,2.7911060897167772e-05,3.150973134324886e-05,2.8906693842145614e-05,3.09163260681089e-05,3.006984479725361e-05,2.5679153623059392e-05,3.138584361295216e-05,3.113175989710726e-05,4.0299579268321395e-05,3.722753535839729e-05,5.1033348427154124e-05,2.7526946723810397e-05,4.802210605703294e-05,3.269031731178984e-05,3.23620333801955e-05,3.6604404158424586e-05,3.6894925870001316e-05,3.666475458885543e-05,3.9837232179706916e-05,3.713976184371859e-05,2.856886749214027e-05,3.647225821623579e-05,3.322047632536851e-05,3.113762068096548e-05,3.266656131017953e-05,3.85888124583289e-05,4.4393425923772156e-05,3.912387910531834e-05
3200,1.9039754988625646e-05,2.3942535335663706e-05,1.807163243938703e-05,2.918475365731865e-05,2.22428934648633e-05,2.982790465466678e-05,2.4416918677161448e-05,2.8120752176619135e-05,2.4420036424999125e-05,2.416615461697802e-05,2.2946389435674064e-05,2.5291599740739912e-05,2.440508433210198e-05,2.4371780455112457e-05,2.7589210731093772e-05,2.2906895537744276e-05,2.6062834876938723e-05,2.9817005270160735e-05,2.7946740374318324e-05,2.8728132747346535e-05,3.0590137612307444e-05,2.743388176895678e-05,2.9810813430231065e-05,2.9721370083279908e-05,2.499676338629797e-05,3.5329561796970665e-05,3.314992136438377e-05,2.7848625904880464e-05,2.655521166161634e-05,4.054157398059033e-05,3.219702921342105e-05,3.808579276665114e-05,3.478948929114267e-05,2.582857086963486e-05,3.84838022000622e-05,3.256716445321217e-05,3.262692189309746e-05,4.451394488569349e-05,4.180856922175735e-05,3.5030170693062246e-05,3.657889101305045e-05,3.10182040266227e-05,3.33793977915775e-05,3.785435183090158e-05,3.673844548757188e-05,3.9388170989695936e-05,3.8301353924907744e-05,4.218026879243553e-05,3.668241697596386e-05,4.212742715026252e-05
3300,2.1600832042167895e-05,2.054355172731448e-05,1.961019734153524e-05,2.3786533347447403e-05,2.2121179426903836e-05,2.5841158276307397e-05,2.0135405065957457e-05,2.2213156626094133e-05,2.0067591322003864e-05,2.4736064005992375e-05,2.6340276235714555e-05,2.5084040316869505e-05,2.2859683667775244e-05,2.0298166418797337e-05,2.429315100016538e-05,2.255960862385109e-05,2.186965139117092e-05,2.777781628537923e-05,2.1954472686047666e-05,2.5997418561019003e-05,2.9978968086652458e-05,2.3698166842223145e-05,3.094708881690167e-05,2.614396726130508e-05,2.4671053324709646e-05,2.482874333509244e-05,2.9619472115882672e-05,2.4131479221978225e-05,3.55254887836054e-05,3.2089592423290014e-05,3.594805093598552e-05,3.494800694170408e-05,4.3756368540925905e-05,2.873174707929138e-05,5.0401518819853663e-05,3.799263504333794e-05,2.8882506740046665e-05,3.8770627725170925e-05,3.7482499465113506e-05,2.7783795303548686e-05,3.654800821095705e-05,3.11401418002788e-05,3.957597800763324e-05,4.26348160544876e-05,3.672572347568348e-05,4.367068686406128e-05,3.739180465345271e-05,3.981779082096182e-05,4.0398175769951195e-05,3.8346322980942205e-05
3400,2.0821589714614674e-05,2.2349140635924414e-05,2.4246844986919314e-05,2.437287366774399e-05,2.0556919480441138e-05,2.8425349228200503e-05,2.6989466277882457e-05,2.4289083739859052e-05,2.6760506443679333e-05,2.4214728910010308e-05,2.3921573301777244e-05,2.2541147700394504e-05,2.322093496331945e-05,2.4904882593546063e-05,2.770859282463789e-05,2.2971689759287983e-05,2.4201446649385616e-05,2.558135565777775e-05,2.52963636739878e-05,3.068489604629576e-05,3.651154474937357e-05,2.522342765587382e-05,3.081555769313127e-05,2.886866423068568e-05,2.4556091375416145e-05,2.8943059078301303e-05,3.4723674616543576e-05,3.315669164294377e-05,2.7994274205411784e-05,3.4597323974594474e-05,4.075594915775582e-05,4.079500649822876e-05,4.6437147830147296e-05,2.6294106646673754e-05,3.608841871027835e-05,3.467352507868782e-05,2.8129674319643527e-05,4.38360839325469e-05,3.60577178071253e-05,3.039866169274319e-05,3.950618702219799e-05,3.225465479772538e-05,3.7891095416853204e-05,3.326383375679143e-05,3.446220944169909e-05,3.891011874657124e-05,4.448109757504426e-05,3.684199691633694e-05,3.8967744330875576e-05,4.69019687443506e-05
3500,2.2164018446346745e-05,2.1189707695157267e-05,2.046578265435528e-05,2.0930143364239484e-05,2.4527127607143484e-05,2.7289914214634337e-05,2.3373839212581515e-05,2.922809471783694e-05,2.2554548195330426e-05,2.214601954619866e-05,2.236229738628026e-05,3.048401777050458e-05,3.037565875274595e-05,2.647102519404143e-05,2.5694134819786996e-05,2.554953971412033e-05,2.9760838515358046e-05,2.497725836292375e-05,2.7785323254647665e-05,2.6174515369348228e-05,2.998948002641555e-05,3.111188198090531e-05,3.6422989069251344e-05,2.5359078790643252e-05,4.051158612128347e-05,2.8377289709169418e-05,3.3666852687019855e-05,2.4179536922019906e-05,3.457070852164179e-05,3.8613488868577406e-05,3.1418821890838444e-05,4.04820020776242e-05,3.97870535380207e-05,2.6328918465878814e-05,4.3174350139452145e-05,3.7871253880439326e-05,3.3206233638338745e-05,3.65241794497706e-05,5.0647042371565476e-05,2.6304767743567936e-05,3.731466495082714e-05,3.619840936153196e-05,4.256330066709779e-05,3.8583970308536664e-05,3.6944376915926114e-05,3.753414785023779e-05,3.751468830159865e-05,3.832003494608216e-05,4.377420191303827e-05,3.8389014662243426e-05
3600,2.331129326194059e-05,2.1619751350954175e-05,2.0425926777534187e-05,2.366447552049067e-05,2.287890856678132e-05,3.276436837040819e-05,2.354928437853232e-05,2.5967479814426042e-05,2.2244605133892037e-05,2.4700973881408572e-05,2.5328648916911334e-05,3.406473479117267e-05,2.9188146072556265e-05,2.9503269615815952e-05,2.3574895749334246e-05,2.566282455518376e-05,2.8168287826702e-05,2.8987347832298838e-05,2.844331720552873e-05,3.130315963062458e-05,3.150781412841752e-05,2.8899790777359158e-05,3.9088157791411504e-05,4.33850109402556e-05,3.180185376550071e-05,4.070061186212115e-05,3.108955206698738e-05,3.0186425647116266e-05,3.200270657544024e-05,3.462087261141278e-05,3.5480807127896696e-05,3.918476068065502e-05,4.885631278739311e-05,2.6247593268635683e-05,4.492889274843037e-05,3.562009078450501e-05,3.3432006603106856e-05,3.8210724596865475e-05,3.9727907278575e-05,3.122277485090308e-05,4.476294998312369e-05,3.154552905471064e-05,3.252252281527035e-05,5.453211997519247e-05,4.231755519867875e-05,3.993288555648178e-05,4.3897482100874186e-05,5.436749052023515e-05,3.9981001464184374e-05,5.333962690201588e-05
3700,1.995273669308517e-05,1.8693419406190515e-05,2.2002759578754194e-05,2.7011106794816442e-05,2.0288996893214062e-05,2.477001180523075e-05,2.567375122453086e-05,2.6492176402825862e-05,2.516079621273093e-05,3.0291363145806827e-05,2.146985389117617e-05,3.0975250410847366e-05,2.7013858925784007e-05,1.9698578398674726e-05,3.0050199711695313e-05,2.5062858185265213e-05,2.7666665118886158e-05,2.63685651589185e-05,2.3661799787078053e-05,2.5280729460064322e-05,2.9592314604087733e-05,2.6413332307129167e-05,2.5372763047926128e-05,2.57407173194224e-05,3.063484109588899e-05,3.2794538128655404e-05,3.2368490792578086e-05,2.6237041311105713e-05,2.9976525183883496e-05,3.307016959297471e-05,3.59576843038667e-05,4.492828520596959e-05,4.4359752791933715e-05,2.4534710973966867e-05,3.939350426662713e-05,3.317961090942845e-05,2.9065142371109687e-05,4.1402949136681855e-05,3.765051224036142e-05,3.4799792047124356e-05,3.6204430216457695e-05,3.56407581421081e-05,3.274267874076031e-05,4.047518814331852e-05,3.5508917790139094e-05,3.631607978604734e-05,4.435150549397804e-05,4.02644436690025e-05,4.071134389960207e-05,4.0406994230579585e-05
3800,2.088076143991202e-05,2.2730360797140747e-05,2.3200058421934955e-05,2.1477602786035277e-05,2.5635263227741234e-05,2.32094698731089e-05,2.5846316930255853e-05,2.3474020053981803e-05,2.3348384274868295e-05,2.3882703317212872e-05,2.0953781131538562e-05,2.572476842033211e-05,2.1851894416613504e-05,2.4222777938121e-05,2.3679982405155897e-05,2.0594998204614967e-05,2.5471277695032768e-05,2.595233490865212e-05,2.5716348318383098e-05,3.258712240494788e-05,2.788484016491566e-05,2.649189809744712e-05,2.7406562367104925e-05,2.8570444555953145e-05,3.10700670524966e-05,2.787605808407534e-05,4.048061964567751e-05,2.4742676032474265e-05,3.563784048310481e-05,2.986673280247487e-05,3.3166455978062004e-05,4.0794984670355916e-05,4.1372128180228174e-05,2.931289782281965e-05,4.179127063252963e-05,3.43131396220997e-05,3.271361129009165e-05,3.5360808396944776e-05,3.731617835001089e-05,3.414009916014038e-05,3.992365600424819e-05,3.1378029234474525e-05,3.8507550925714895e-05,3.194808232365176e-05,3.445936454227194e-05,3.819394260062836e-05,4.4380394683685154e-05,3.850300709018484e-05,4.182569682598114e-05,4.034336961922236e-05
3900,2.433695044601336e-05,1.9255101506132632e-05,1.8495293261366896e-05,2.280983972013928e-05,2.6003990569734015e-05,2.5390345399500802e-05,2.3367687390418723e-05,2.6870704459724948e-05,2.5310500859632157e-05,2.4935176043072715e-05,1.7511894839117303e-05,2.3269803932635114e-05,2.286534981976729e-05,2.9259712391649373e-05,2.3550832338514738e-05,2.1739755538874306e-05,3.0577051802538335e-05,3.0514056561514735e-05,2.306473470525816e-05,2.4289653083542362e-05,2.653496812854428e-05,3.550467954482883e-05,3.0771643650950864e-05,3.831797221209854e-05,2.996653893205803e-05,3.2716507121222094e-05,3.197072146576829e-05,2.6345833248342387e-05,3.183866283507086e-05,4.012748831883073e-05,3.532465052558109e-05,4.127734791836701e-05,3.496803401503712e-05,3.094394560321234e-05,3.7922567571513355e-05,3.663716051960364e-05,4.094676478416659e-05,3.2391897548222914e-05,3.335134169901721e-05,3.0737930501345545e-05,4.270712815923616e-05,3.7443511246237904e-05,4.064357199240476e-05,4.1884784877765924e-05,4.9221293011214584e-05,2.837157626345288e-05,4.5114858949091285e-05,4.4202202843734995e-05,4.20208161813207e-05,4.596020880853757e-05
4000,2.1602001652354375e-05,2.064636100840289e-05,1.8949027435155585e-05,2.665866668394301e-05,2.168825812987052e-05,2.986806066473946e-05,2.3386135580949485e-05,2.4894143280107528e-05,2.3847185730119236e-05,2.2693506252835505e-05,2.0748893803101964e-05,2.7702886654878967e-05,2.592121199995745e-05,2.2210542738321237e-05,2.7859434339916334e-05,2.3969507310539484e-05,2.576430961198639e-05,3.438305793679319e-05,2.5959179765777662e-05,2.658416451595258e-05,2.9155988158890978e-05,3.91898829548154e-05,3.2786232623038813e-05,2.9312806873349473e-05,2.979976670758333e-05,3.06846595776733e-05,2.8192000172566622e-05,2.3735887225484475e-05,3.301020842627622e-05,3.627916885307059e-05,3.17376216116827e-05,3.909858060069382e-05,3.9228969399118796e-05,3.376409949851222e-05,4.635321965906769e-05,3.4323751606279984e-05,3.516552897053771e-05,3.979578832513653e-05,4.137672658544034e-05,3.15592551487498e-05,4.299639113014564e-05,3.061937604798004e-05,4.0828173951013014e-05,3.356467277626507e-05,3.9494047086918727e-05,3.938392183044925e-05,4.238541077938862e-05,4.0116858144756407e-05,4.3266489228699356e-05,4.295639882911928e-05
4100,1.984597292903345e-05,2.0208366549923085e-05,2.3274287741514854e-05,2.8508680770755745e-05,2.362945997447241e-05,3.0040069759706967e-05,2.367306842643302e-05,2.7565474738366902e-05,2.7223235520068556e-05,2.129048152710311e-05,2.3107628294383176e-05,2.5882431145873852e-05,2.594260331534315e-05,2.40581593971001e-05,2.7526924895937555e-05,2.4906488761189394e-05,2.4515775294275954e-05,3.003966048709117e-05,2.647947803779971e-05,2.7252686777501367e-05,3.780755287152715e-05,2.8097627364331856e-05,2.747411963355262e-05,2.9589838959509507e-05,2.9690716473851353e-05,2.9066866773064248e-05,3.555984949343838e-05,2.8572392693604343e-05,3.236112024751492e-05,3.327550439280458e-05,4.363351399661042e-05,5.999115819577128e-05,4.772790634888224e-05,3.493120675557293e-05,4.3713800550904125e-05,2.949878944491502e-05,3.608391489251517e-05,3.573629510356113e-05,4.140342207392678e-05,3.2269672374241054e-05,3.548262975527905e-05,3.6629149690270424e-05,5.677530498360284e-05,3.7022531614638865e-05,3.9131449739215896e-05,4.074763637618162e-05,4.7058798372745514e-05,3.96661926060915e-05,3.9549937355332077e-05,3.881880547851324e-05
4200,1.9412842448218726e-05,2.1168279999983497e-05,2.3114398572943173e-05,2.377475902903825e-05,3.191579526173882e-05,2.444633537379559e-05,2.3623239030712284e-05,2.4270288122352213e-05,2.1641531930072233e-05,2.3101034457795322e-05,2.305402267666068e-05,2.9742528568021953e-05,2.4804819986457005e-05,2.411413333902601e-05,2.542571019148454e-05,2.218970075773541e-05,2.194427725044079e-05,2.710672742978204e-05,2.1052870579296723e-05,2.043949643848464e-05,3.087305958615616e-05,3.05807261611335e-05,2.5692625058582053e-05,3.164848021697253e-05,2.731352833507117e-05,2.7042580768465996e-05,2.6980802431353368e-05,2.4874792870832607e-05,2.767631121969316e-05,3.746062793652527e-05,3.2301995815942064e-05,3.950819882447831e-05,3.6756100598722696e-05,2.9782531782984734e-05,4.050516145071015e-05,3.5983532143291086e-05,3.258145079598762e-05,3.52603783539962e-05,3.733217454282567e-05,3.2985135476337746e-05,4.359964077593759e-05,3.666745396913029e-05,3.942639523302205e-05,3.8390127883758396e-05,3.2342097256332636e-05,3.771301999222487e-05,3.6827943404205143e-05,3.581298005883582e-05,3.4548436815384775e-05,5.2067731303395703e-05
4300,2.0020663214381784e-05,1.946801603480708e-05,1.8717893908615224e-05,2.2855436327517964e-05,2.2047635866329074e-05,2.7145722924615256e-05,2.1788679077872075e-05,2.2368783902493306e-05,2.183961623813957e-05,2.3320841137319803e-05,2.6127236196771264e-05,3.0135581255308352e-05,2.279314685438294e-05,2.1176760128582828e-05,2.7052465156884864e-05,2.1425861632451415e-05,2.854100603144616e-05,3.0815623176749796e-05,2.5865323550533503e-05,2.7150816094945185e-05,3.200015635229647e-05,2.791843144223094e-05,2.7320096705807373e-05,2.6057863578898832e-05,2.9663739042007364e-05,2.7130949092679657e-05,2.7273857995169237e-05,2.896930163842626e-05,2.7574966225074604e-05,3.0789753509452567e-05,3.9505121094407514e-05,2.9763727070530877e-05,4.677857941715047e-05,3.0958752176957205e-05,3.6002711567562073e-05,3.0690007406519726e-05,3.5270233638584614e-05,4.6008852223167196e-05,4.087729757884517e-05,3.926226054318249e-05,4.445842932909727e-05,3.1585939723299816e-05,3.702944377437234e-05,3.222350642317906e-05,3.5292847314849496e-05,4.2651874537114054e-05,3.239817306166515e-05,3.898422801285051e-05,3.403220034670085e-05,4.901957800029777e-05
4400,2.680717625480611e-05,2.1187668608035892e-05,1.9376435375306755e-05,2.4834424038999714e-05,2.0922685507684946e-05,3.178629413014278e-05,2.0972014681319706e-05,2.5702387574710883e-05,2.3030141164781526e-05,2.316739301022608e-05,2.650334317877423e-05,2.487662641215138e-05,2.4778051738394424e-05,2.3990249246708117e-05,2.48795604420593e-05,2.257773667224683e-05,2.9720789825660177e-05,3.4087232052115723e-05,2.5022116460604593e-05,2.6936197173199616e-05,3.137568273814395e-05,2.4919021598179825e-05,2.806992233672645e-05,2.6634164896677248e-05,3.021447810169775e-05,3.184207889717072e-05,2.7377907827030867e-05,2.83627632597927e-05,3.27341585943941e-05,2.633413350849878e-05,3.273273614468053e-05,3.599938645493239e-05,3.666751581477001e-05,2.571960249042604e-05,4.846066440222785e-05,4.194446955807507e-05,3.4653738111956045e-05,4.152450492256321e-05,3.2513733458472416e-05,4.2451440094737336e-05,4.168264058534987e-05,3.23406929965131e-05,3.4693028283072636e-05,3.570651097106747e-05,3.913125692633912e-05,4.918243575957604e-05,4.15777976741083e-05,4.885647649643943e-05,4.399099634611048e-05,4.454711597645655e-05
4500,2.703181962715462e-05,2.245500945718959e-05,1.9609082301030867e-05,2.5990228095906787e-05,2.0469309674808756e-05,3.0334536859299988e-05,2.4159304302884266e-05,3.211367584299296e-05,2.386045889579691e-05,2.4085560653475113e-05,2.1633140931953676e-05,2.130337816197425e-05,2.407074862276204e-05,2.6811505449586548e-05,2.466079968144186e-05,2.2351665393216535e-05,2.79215910268249e-05,2.5848883524304256e-05,2.3835938918637112e-05,2.2558133423444815e-05,2.9540025934693404e-05,2.728311847022269e-05,2.7720876460080035e-05,2.815941843437031e-05,2.7593003324000165e-05,2.842763024091255e-05,3.0111539672361687e-05,2.054321339528542e-05,3.588671825127676e-05,3.9074497180990875e-05,3.166581882396713e-05,5.3622512496076524e-05,4.98196532134898e-05,2.6632676963345148e-05,4.0558454202255234e-05,3.51771705027204e-05,3.055862907785922e-05,4.240744965500198e-05,3.887625643983483e-05,3.474894765531644e-05,3.791092603933066e-05,2.8776728868251666e-05,3.8115729694254696e-05,4.013549187220633e-05,4.584942871588282e-05,4.0983421058626845e-05,4.02575169573538e-05,4.178770541329868e-05,4.219601032673381e-05,4.04043857997749e-05
4600,2.333675183763262e-05,2.1448337065521628e-05,2.347295594518073e-05,2.371144546486903e-05,2.3626462279935367e-05,2.4480770662194118e-05,2.1178493625484407e-05,2.376599695708137e-05,2.2772566808271222e-05,2.0055034838151187e-05,2.159741779905744e-05,2.6237325073452666e-05,2.4817307348712347e-05,2.414835944364313e-05,2.395258161413949e-05,2.4277271222672425e-05,2.478566784702707e-05,2.795584441628307e-05,2.4464712623739615e-05,2.505402335373219e-05,2.626503919600509e-05,3.141821434837766e-05,3.191771247657016e-05,2.8880356694571674e-05,2.9669950890820473e-05,3.4077649615937844e-05,3.6350746086100116e-05,2.5543869924149476e-05,2.972782385768369e-05,3.4356460673734546e-05,3.1868043151916936e-05,3.485392517177388e-05,3.877777999150567e-05,2.9708138754358515e-05,4.358684964245185e-05,5.3692110668634996e-05,2.9651217118953355e-05,4.092118615517393e-05,3.7815876567037776e-05,3.273727270425297e-05,4.3247739085927606e-05,3.321892654639669e-05,3.493608892313205e-05,3.733790072146803e-05,4.9752576160244644e-05,3.6691391869680956e-05,4.597264342010021e-05,4.312426608521491e-05,4.115934279980138e-05,3.7974878068780527e-05
4700,2.177423084503971e-05,2.051592309726402e-05,2.3324393623624928e-05,2.6564335712464526e-05,3.014064895978663e-05,2.7506514015840366e-05,2.5266670490964316e-05,2.4288019631057978e-05,2.80146487057209e-05,2.6872683520196006e-05,3.258938522776589e-05,2.4396018488914706e-05,2.283941284986213e-05,2.3004158720141277e-05,2.765157478279434e-05,2.064892578346189e-05,2.723927900660783e-05,2.903035783674568e-05,2.7286247131996788e-05,2.458585731801577e-05,3.470235242275521e-05,3.701835157698952e-05,2.818256507453043e-05,3.2794199796626344e-05,2.9930171876912937e-05,3.0783761758357286e-05,3.6374203773448244e-05,2.572639459685888e-05,3.025449041160755e-05,3.50649788742885e-05,3.027721140824724e-05,3.5855366149917245e-05,4.909817289444618e-05,2.9214483220130205e-05,4.0292787161888555e-05,3.6432495107874274e-05,3.4424672776367515e-05,3.678991924971342e-05,4.250188067089766e-05,3.6819044908043e-05,4.4424261432141066e-05,2.908754140662495e-05,3.902574098901823e-05,3.272472167736851e-05,4.0258950321003795e-05,3.79685552616138e-05,4.567493306240067e-05,4.168893792666495e-05,3.7222511309664696e-05,4.129640365135856e-05
4800,2.3303711714106612e-05,1.9849605450872332e-05,2.353685522393789e-05,2.2614496629103087e-05,2.639050035213586e-05,2.8352438675938174e-05,2.4379407477681525e-05,2.4003780708881095e-05,2.2336989786708727e-05,2.3197308109956793e-05,2.2638298105448484e-05,2.7855798180098645e-05,2.5396251658094116e-05,2.273930840601679e-05,2.1706764528062195e-05,2.223685623903293e-05,2.8335496608633548e-05,2.718000723689329e-05,2.4041004508035257e-05,2.590553594927769e-05,3.711702083819546e-05,2.8327302061370574e-05,2.9433351301122457e-05,3.178487531840801e-05,2.7900136046810076e-05,3.685243791551329e-05,2.6958106900565326e-05,2.598712126200553e-05,3.1223829864757136e-05,3.873935929732397e-05,3.7899924791418016e-05,3.879418727592565e-05,4.3694522901205346e-05,3.0779036023886874e-05,4.160677417530678e-05,3.4357875847490504e-05,2.8338887204881757e-05,3.471160744084045e-05,4.628107853932306e-05,3.267658394179307e-05,4.049310882692225e-05,3.99224300053902e-05,4.424451253726147e-05,4.139322118135169e-05,4.0499711758457124e-05,3.586567618185654e-05,4.55710687674582e-05,4.435264418134466e-05,3.43292995239608e-05,4.623067798092961e-05
4900,2.4119548470480368e-05,1.915928987727966e-05,2.1539015506277792e-05,2.491619852662552e-05,2.3236578272189945e-05,2.8626996936509386e-05,2.0908915757900104e-05,2.495299486326985e-05,2.2142136003822088e-05,2.6106174118467607e-05,2.5657440346549265e-05,3.0007946406840347e-05,2.4125143681885675e-05,3.10262585117016e-05,2.6735186111181974e-05,2.466779187670909e-05,2.8416687200660817e-05,2.7470479835756123e-05,2.7946998670813628e-05,3.14596836687997e-05,3.436871702433564e-05,2.9209204512881115e-05,3.160122287226841e-05,3.4271237382199615e-05,3.048730650334619e-05,2.8407011996023357e-05,3.340698094689287e-05,2.483515527273994e-05,3.0061197321629152e-05,3.331064363010228e-05,3.7037469155620784e-05,3.2709514925954863e-05,5.1816798077197745e-05,2.7677235266310163e-05,5.1587096095317975e-05,3.4701333788689226e-05,4.170360625721514e-05,4.10884567827452e-05,3.875615948345512e-05,3.101554830209352e-05,4.113893010071479e-05,3.3282074582530186e-05,3.794585427385755e-05,4.142039324506186e-05,3.795835073105991e-05,3.933690095436759e-05,4.169541716692038e-05,4.0978993638418615e-05,4.020938649773598e-05,3.954030034947209e-05
5000,2.208206569775939e-05,2.146290171367582e-05,2.1841116904397495e-05,2.8001519240206107e-05,1.9762306692427956e-05,2.2654960048384964e-05,2.8965010642423294e-05,2.6337338567827828e-05,2.2759200874133967e-05,2.6994799554813653e-05,2.55289542110404e-05,2.834660881489981e-05,2.4058532289927825e-05,2.541380854381714e-05,2.9464426916092634e-05,2.4371818653889932e-05,2.5121848011622205e-05,2.92407967208419e-05,2.5878052838379517e-05,3.080588430748321e-05,3.0152586987242103e-05,2.73484783974709e-05,2.679608587641269e-05,3.136938903480768e-05,2.643617153808009e-05,2.60723645624239e-05,2.5636691134423018e-05,2.5634790290496312e-05,2.9030556106590666e-05,2.8780001230188645e-05,3.647837365861051e-05,3.9819682569941506e-05,4.7040797653608024e-05,2.6919129595626146e-05,4.3559215555433184e-05,3.310131796752103e-05,3.5795448638964444e-05,3.3636391890468076e-05,4.639926191885024e-05,4.33175555372145e-05,3.684458715724759e-05,3.432394441915676e-05,4.1039860661840066e-05,3.5857869079336524e-05,3.7144043744774535e-05,4.218403410050087e-05,3.5561915865400806e-05,4.677796459873207e-05,4.475703099160455e-05,5.034772038925439e-05
5100,1.8653689039638266e-05,1.9733546650968492e-05,2.3861948648118414e-05,2.5087789254030213e-05,2.5731791538419202e-05,3.273733091191389e-05,2.7061785658588633e-05,2.824937655532267e-05,2.4820701582939364e-05,2.2830987290944904e-05,2.592389500932768e-05,2.6127594537683763e-05,2.832128848240245e-05,2.9850325518054888e-05,2.8918766474816948e-05,2.4659391783643514e-05,3.1145311368163675e-05,3.0757295462535694e-05,2.6836185497813858e-05,3.371133061591536e-05,3.056871355511248e-05,2.7030504497815855e-05,2.8472246413002722e-05,3.111166006419808e-05,2.9775064831483178e-05,3.385311720194295e-05,2.880390820791945e-05,2.7832062187371776e-05,3.462266977294348e-05,3.7514797440962866e-05,3.5170596675015986e-05,3.88119624403771e-05,4.3142925278516486e-05,3.938913141610101e-05,4.312975943321362e-05,4.0451977838529274e-05,3.683526665554382e-05,4.066435940330848e-05,4.3221032683504745e-05,3.0289967980934307e-05,5.038947711000219e-05,3.335018482175656e-05,4.356666613603011e-05,3.79643497581128e-05,4.4524596887640655e-05,3.696542262332514e-05,3.377594839548692e-05,4.184926001471467e-05,3.818775076069869e-05,4.052121585118584e-05
5200,2.5225326680811122e-05,1.822370359150227e-05,2.320559178770054e-05,2.6211424483335577e-05,2.3787815734976903e-05,2.9322247428353876e-05,2.2514999727718532e-05,3.068086880375631e-05,2.352292722207494e-05,2.5469911633990705e-05,2.0987748939660378e-05,2.448150553391315e-05,2.413113361399155e-05,2.723470788623672e-05,2.444331767037511e-05,2.3317608793149702e-05,2.1890116840950213e-05,3.70334746548906e-05,3.0108480132184923e-05,2.3560840418213047e-05,3.243245373596437e-05,2.862317705876194e-05,3.1969932024367154e-05,2.7482899895403534e-05,3.22620508086402e-05,2.8527592803584412e-05,3.2520325476070866e-05,2.4479100829921663e-05,3.7385667383205146e-05,4.1875162423821166e-05,2.8576183467521332e-05,3.464591281954199e-05,3.9230497350217775e-05,2.899220635299571e-05,4.2585637856973335e-05,3.1936931918608025e-05,3.7028112274128944e-05,3.9842150727054104e-05,3.824268060270697e-05,3.7982685171300545e-05,3.649728751042858e-05,3.8831745769130066e-05,3.628561898949556e-05,4.004969014204107e-05,4.653265204979107e-05,3.528490196913481e-05,3.790811388171278e-05,4.313022509450093e-05,3.709711745614186e-05,5.357796908356249e-05
